ISO-10303-21;
HEADER;
FILE_DESCRIPTION((''),'2;1');
FILE_NAME('C-5-103361-6','2009-08-07T',('workeradm'),(''),
'PRO/ENGINEER BY PARAMETRIC TECHNOLOGY CORPORATION, 2008380',
'PRO/ENGINEER BY PARAMETRIC TECHNOLOGY CORPORATION, 2008380','');
FILE_SCHEMA(('AUTOMOTIVE_DESIGN { 1 0 10303 214 1 1 1 1 }'));
ENDSEC;
DATA;
#13=DIRECTION('',(0.E0,0.E0,-1.E0));
#14=VECTOR('',#13,6.35E-1);
#15=CARTESIAN_POINT('',(9.2075E0,-2.7178E0,-1.18999E1));
#16=LINE('',#15,#14);
#17=DIRECTION('',(1.E0,0.E0,0.E0));
#18=VECTOR('',#17,6.35E-1);
#19=CARTESIAN_POINT('',(8.5725E0,-2.7178E0,-1.18999E1));
#20=LINE('',#19,#18);
#21=DIRECTION('',(0.E0,0.E0,-1.E0));
#22=VECTOR('',#21,6.35E-1);
#23=CARTESIAN_POINT('',(8.5725E0,-2.7178E0,-1.18999E1));
#24=LINE('',#23,#22);
#25=DIRECTION('',(1.E0,0.E0,0.E0));
#26=VECTOR('',#25,1.27E-2);
#27=CARTESIAN_POINT('',(8.5725E0,-2.7178E0,-1.25349E1));
#28=LINE('',#27,#26);
#29=DIRECTION('',(0.E0,0.E0,1.E0));
#30=VECTOR('',#29,3.937E-1);
#31=CARTESIAN_POINT('',(8.5852E0,-2.7178E0,-1.29286E1));
#32=LINE('',#31,#30);
#33=DIRECTION('',(5.E-1,0.E0,8.660254037844E-1));
#34=VECTOR('',#33,1.173175746993E0);
#35=CARTESIAN_POINT('',(7.998612126503E0,-2.7178E0,-1.39446E1));
#36=LINE('',#35,#34);
#37=DIRECTION('',(-1.E0,0.E0,0.E0));
#38=VECTOR('',#37,7.572242530067E-1);
#39=CARTESIAN_POINT('',(7.998612126503E0,-2.7178E0,-1.39446E1));
#40=LINE('',#39,#38);
#41=DIRECTION('',(5.E-1,0.E0,-8.660254037844E-1));
#42=VECTOR('',#41,1.173175746993E0);
#43=CARTESIAN_POINT('',(6.6548E0,-2.7178E0,-1.29286E1));
#44=LINE('',#43,#42);
#45=DIRECTION('',(0.E0,0.E0,-1.E0));
#46=VECTOR('',#45,3.937E-1);
#47=CARTESIAN_POINT('',(6.6548E0,-2.7178E0,-1.25349E1));
#48=LINE('',#47,#46);
#49=DIRECTION('',(1.E0,0.E0,0.E0));
#50=VECTOR('',#49,1.27E-2);
#51=CARTESIAN_POINT('',(6.6548E0,-2.7178E0,-1.25349E1));
#52=LINE('',#51,#50);
#53=DIRECTION('',(0.E0,0.E0,-1.E0));
#54=VECTOR('',#53,6.35E-1);
#55=CARTESIAN_POINT('',(6.6675E0,-2.7178E0,-1.18999E1));
#56=LINE('',#55,#54);
#57=DIRECTION('',(1.E0,0.E0,0.E0));
#58=VECTOR('',#57,6.35E-1);
#59=CARTESIAN_POINT('',(6.0325E0,-2.7178E0,-1.18999E1));
#60=LINE('',#59,#58);
#61=DIRECTION('',(0.E0,0.E0,-1.E0));
#62=VECTOR('',#61,6.35E-1);
#63=CARTESIAN_POINT('',(6.0325E0,-2.7178E0,-1.18999E1));
#64=LINE('',#63,#62);
#65=DIRECTION('',(1.E0,0.E0,0.E0));
#66=VECTOR('',#65,1.27E-2);
#67=CARTESIAN_POINT('',(6.0325E0,-2.7178E0,-1.25349E1));
#68=LINE('',#67,#66);
#69=DIRECTION('',(0.E0,0.E0,1.E0));
#70=VECTOR('',#69,3.937E-1);
#71=CARTESIAN_POINT('',(6.0452E0,-2.7178E0,-1.29286E1));
#72=LINE('',#71,#70);
#73=DIRECTION('',(5.E-1,0.E0,8.660254037844E-1));
#74=VECTOR('',#73,1.173175746993E0);
#75=CARTESIAN_POINT('',(5.458612126503E0,-2.7178E0,-1.39446E1));
#76=LINE('',#75,#74);
#77=DIRECTION('',(-1.E0,0.E0,0.E0));
#78=VECTOR('',#77,7.572242530067E-1);
#79=CARTESIAN_POINT('',(5.458612126503E0,-2.7178E0,-1.39446E1));
#80=LINE('',#79,#78);
#81=DIRECTION('',(5.E-1,0.E0,-8.660254037844E-1));
#82=VECTOR('',#81,1.173175746993E0);
#83=CARTESIAN_POINT('',(4.1148E0,-2.7178E0,-1.29286E1));
#84=LINE('',#83,#82);
#85=DIRECTION('',(0.E0,0.E0,-1.E0));
#86=VECTOR('',#85,3.937E-1);
#87=CARTESIAN_POINT('',(4.1148E0,-2.7178E0,-1.25349E1));
#88=LINE('',#87,#86);
#89=DIRECTION('',(1.E0,0.E0,0.E0));
#90=VECTOR('',#89,1.27E-2);
#91=CARTESIAN_POINT('',(4.1148E0,-2.7178E0,-1.25349E1));
#92=LINE('',#91,#90);
#93=DIRECTION('',(0.E0,0.E0,-1.E0));
#94=VECTOR('',#93,6.35E-1);
#95=CARTESIAN_POINT('',(4.1275E0,-2.7178E0,-1.18999E1));
#96=LINE('',#95,#94);
#97=DIRECTION('',(1.E0,0.E0,0.E0));
#98=VECTOR('',#97,6.35E-1);
#99=CARTESIAN_POINT('',(3.4925E0,-2.7178E0,-1.18999E1));
#100=LINE('',#99,#98);
#101=DIRECTION('',(0.E0,0.E0,-1.E0));
#102=VECTOR('',#101,6.35E-1);
#103=CARTESIAN_POINT('',(3.4925E0,-2.7178E0,-1.18999E1));
#104=LINE('',#103,#102);
#105=DIRECTION('',(1.E0,0.E0,0.E0));
#106=VECTOR('',#105,1.27E-2);
#107=CARTESIAN_POINT('',(3.4925E0,-2.7178E0,-1.25349E1));
#108=LINE('',#107,#106);
#109=DIRECTION('',(0.E0,0.E0,1.E0));
#110=VECTOR('',#109,3.937E-1);
#111=CARTESIAN_POINT('',(3.5052E0,-2.7178E0,-1.29286E1));
#112=LINE('',#111,#110);
#113=DIRECTION('',(5.E-1,0.E0,8.660254037844E-1));
#114=VECTOR('',#113,1.173175746993E0);
#115=CARTESIAN_POINT('',(2.918612126503E0,-2.7178E0,-1.39446E1));
#116=LINE('',#115,#114);
#117=DIRECTION('',(-1.E0,0.E0,0.E0));
#118=VECTOR('',#117,7.572242530067E-1);
#119=CARTESIAN_POINT('',(2.918612126503E0,-2.7178E0,-1.39446E1));
#120=LINE('',#119,#118);
#121=DIRECTION('',(5.E-1,0.E0,-8.660254037844E-1));
#122=VECTOR('',#121,1.173175746993E0);
#123=CARTESIAN_POINT('',(1.5748E0,-2.7178E0,-1.29286E1));
#124=LINE('',#123,#122);
#125=DIRECTION('',(0.E0,0.E0,-1.E0));
#126=VECTOR('',#125,3.937E-1);
#127=CARTESIAN_POINT('',(1.5748E0,-2.7178E0,-1.25349E1));
#128=LINE('',#127,#126);
#129=DIRECTION('',(1.E0,0.E0,0.E0));
#130=VECTOR('',#129,1.27E-2);
#131=CARTESIAN_POINT('',(1.5748E0,-2.7178E0,-1.25349E1));
#132=LINE('',#131,#130);
#133=DIRECTION('',(0.E0,0.E0,-1.E0));
#134=VECTOR('',#133,6.35E-1);
#135=CARTESIAN_POINT('',(1.5875E0,-2.7178E0,-1.18999E1));
#136=LINE('',#135,#134);
#137=DIRECTION('',(1.E0,0.E0,0.E0));
#138=VECTOR('',#137,6.35E-1);
#139=CARTESIAN_POINT('',(9.525E-1,-2.7178E0,-1.18999E1));
#140=LINE('',#139,#138);
#141=DIRECTION('',(0.E0,0.E0,-1.E0));
#142=VECTOR('',#141,6.35E-1);
#143=CARTESIAN_POINT('',(9.525E-1,-2.7178E0,-1.18999E1));
#144=LINE('',#143,#142);
#145=DIRECTION('',(1.E0,0.E0,0.E0));
#146=VECTOR('',#145,1.27E-2);
#147=CARTESIAN_POINT('',(9.525E-1,-2.7178E0,-1.25349E1));
#148=LINE('',#147,#146);
#149=DIRECTION('',(0.E0,0.E0,1.E0));
#150=VECTOR('',#149,3.937E-1);
#151=CARTESIAN_POINT('',(9.652E-1,-2.7178E0,-1.29286E1));
#152=LINE('',#151,#150);
#153=DIRECTION('',(5.E-1,0.E0,8.660254037844E-1));
#154=VECTOR('',#153,1.173175746993E0);
#155=CARTESIAN_POINT('',(3.786121265033E-1,-2.7178E0,-1.39446E1));
#156=LINE('',#155,#154);
#157=DIRECTION('',(-1.E0,0.E0,0.E0));
#158=VECTOR('',#157,7.572242530067E-1);
#159=CARTESIAN_POINT('',(3.786121265033E-1,-2.7178E0,-1.39446E1));
#160=LINE('',#159,#158);
#161=DIRECTION('',(5.E-1,0.E0,-8.660254037844E-1));
#162=VECTOR('',#161,1.173175746993E0);
#163=CARTESIAN_POINT('',(-9.652E-1,-2.7178E0,-1.29286E1));
#164=LINE('',#163,#162);
#165=DIRECTION('',(0.E0,0.E0,-1.E0));
#166=VECTOR('',#165,3.937E-1);
#167=CARTESIAN_POINT('',(-9.652E-1,-2.7178E0,-1.25349E1));
#168=LINE('',#167,#166);
#169=DIRECTION('',(1.E0,0.E0,0.E0));
#170=VECTOR('',#169,1.27E-2);
#171=CARTESIAN_POINT('',(-9.652E-1,-2.7178E0,-1.25349E1));
#172=LINE('',#171,#170);
#173=DIRECTION('',(0.E0,0.E0,-1.E0));
#174=VECTOR('',#173,6.35E-1);
#175=CARTESIAN_POINT('',(-9.525E-1,-2.7178E0,-1.18999E1));
#176=LINE('',#175,#174);
#177=DIRECTION('',(1.E0,0.E0,0.E0));
#178=VECTOR('',#177,6.35E-1);
#179=CARTESIAN_POINT('',(-1.5875E0,-2.7178E0,-1.18999E1));
#180=LINE('',#179,#178);
#181=DIRECTION('',(0.E0,0.E0,-1.E0));
#182=VECTOR('',#181,6.35E-1);
#183=CARTESIAN_POINT('',(-1.5875E0,-2.7178E0,-1.18999E1));
#184=LINE('',#183,#182);
#185=DIRECTION('',(1.E0,0.E0,0.E0));
#186=VECTOR('',#185,1.27E-2);
#187=CARTESIAN_POINT('',(-1.5875E0,-2.7178E0,-1.25349E1));
#188=LINE('',#187,#186);
#189=DIRECTION('',(0.E0,0.E0,1.E0));
#190=VECTOR('',#189,3.937E-1);
#191=CARTESIAN_POINT('',(-1.5748E0,-2.7178E0,-1.29286E1));
#192=LINE('',#191,#190);
#193=DIRECTION('',(5.E-1,0.E0,8.660254037844E-1));
#194=VECTOR('',#193,1.173175746993E0);
#195=CARTESIAN_POINT('',(-2.161387873497E0,-2.7178E0,-1.39446E1));
#196=LINE('',#195,#194);
#197=DIRECTION('',(-1.E0,0.E0,0.E0));
#198=VECTOR('',#197,7.572242530067E-1);
#199=CARTESIAN_POINT('',(-2.161387873497E0,-2.7178E0,-1.39446E1));
#200=LINE('',#199,#198);
#201=DIRECTION('',(5.E-1,0.E0,-8.660254037844E-1));
#202=VECTOR('',#201,1.173175746993E0);
#203=CARTESIAN_POINT('',(-3.5052E0,-2.7178E0,-1.29286E1));
#204=LINE('',#203,#202);
#205=DIRECTION('',(0.E0,0.E0,-1.E0));
#206=VECTOR('',#205,3.937E-1);
#207=CARTESIAN_POINT('',(-3.5052E0,-2.7178E0,-1.25349E1));
#208=LINE('',#207,#206);
#209=DIRECTION('',(1.E0,0.E0,0.E0));
#210=VECTOR('',#209,1.27E-2);
#211=CARTESIAN_POINT('',(-3.5052E0,-2.7178E0,-1.25349E1));
#212=LINE('',#211,#210);
#213=DIRECTION('',(0.E0,0.E0,-1.E0));
#214=VECTOR('',#213,6.35E-1);
#215=CARTESIAN_POINT('',(-3.4925E0,-2.7178E0,-1.18999E1));
#216=LINE('',#215,#214);
#217=DIRECTION('',(-1.E0,0.E0,0.E0));
#218=VECTOR('',#217,6.35E-1);
#219=CARTESIAN_POINT('',(-3.4925E0,-2.7178E0,-1.18999E1));
#220=LINE('',#219,#218);
#221=DIRECTION('',(0.E0,0.E0,-1.E0));
#222=VECTOR('',#221,6.35E-1);
#223=CARTESIAN_POINT('',(-4.1275E0,-2.7178E0,-1.18999E1));
#224=LINE('',#223,#222);
#225=DIRECTION('',(1.E0,0.E0,0.E0));
#226=VECTOR('',#225,1.27E-2);
#227=CARTESIAN_POINT('',(-4.1275E0,-2.7178E0,-1.25349E1));
#228=LINE('',#227,#226);
#229=DIRECTION('',(0.E0,0.E0,1.E0));
#230=VECTOR('',#229,3.937E-1);
#231=CARTESIAN_POINT('',(-4.1148E0,-2.7178E0,-1.29286E1));
#232=LINE('',#231,#230);
#233=DIRECTION('',(5.E-1,0.E0,8.660254037844E-1));
#234=VECTOR('',#233,1.173175746993E0);
#235=CARTESIAN_POINT('',(-4.701387873497E0,-2.7178E0,-1.39446E1));
#236=LINE('',#235,#234);
#237=DIRECTION('',(-1.E0,0.E0,0.E0));
#238=VECTOR('',#237,7.572242530067E-1);
#239=CARTESIAN_POINT('',(-4.701387873497E0,-2.7178E0,-1.39446E1));
#240=LINE('',#239,#238);
#241=DIRECTION('',(5.E-1,0.E0,-8.660254037844E-1));
#242=VECTOR('',#241,1.173175746993E0);
#243=CARTESIAN_POINT('',(-6.0452E0,-2.7178E0,-1.29286E1));
#244=LINE('',#243,#242);
#245=DIRECTION('',(0.E0,0.E0,-1.E0));
#246=VECTOR('',#245,3.937E-1);
#247=CARTESIAN_POINT('',(-6.0452E0,-2.7178E0,-1.25349E1));
#248=LINE('',#247,#246);
#249=DIRECTION('',(1.E0,0.E0,0.E0));
#250=VECTOR('',#249,1.27E-2);
#251=CARTESIAN_POINT('',(-6.0452E0,-2.7178E0,-1.25349E1));
#252=LINE('',#251,#250);
#253=DIRECTION('',(0.E0,0.E0,-1.E0));
#254=VECTOR('',#253,6.35E-1);
#255=CARTESIAN_POINT('',(-6.0325E0,-2.7178E0,-1.18999E1));
#256=LINE('',#255,#254);
#257=DIRECTION('',(-1.E0,0.E0,0.E0));
#258=VECTOR('',#257,6.35E-1);
#259=CARTESIAN_POINT('',(-6.0325E0,-2.7178E0,-1.18999E1));
#260=LINE('',#259,#258);
#261=DIRECTION('',(0.E0,0.E0,-1.E0));
#262=VECTOR('',#261,6.35E-1);
#263=CARTESIAN_POINT('',(-6.6675E0,-2.7178E0,-1.18999E1));
#264=LINE('',#263,#262);
#265=DIRECTION('',(1.E0,0.E0,0.E0));
#266=VECTOR('',#265,1.27E-2);
#267=CARTESIAN_POINT('',(-6.6675E0,-2.7178E0,-1.25349E1));
#268=LINE('',#267,#266);
#269=DIRECTION('',(0.E0,0.E0,1.E0));
#270=VECTOR('',#269,3.937E-1);
#271=CARTESIAN_POINT('',(-6.6548E0,-2.7178E0,-1.29286E1));
#272=LINE('',#271,#270);
#273=DIRECTION('',(5.E-1,0.E0,8.660254037844E-1));
#274=VECTOR('',#273,1.173175746993E0);
#275=CARTESIAN_POINT('',(-7.241387873497E0,-2.7178E0,-1.39446E1));
#276=LINE('',#275,#274);
#277=DIRECTION('',(-1.E0,0.E0,0.E0));
#278=VECTOR('',#277,7.572242530067E-1);
#279=CARTESIAN_POINT('',(-7.241387873497E0,-2.7178E0,-1.39446E1));
#280=LINE('',#279,#278);
#281=DIRECTION('',(5.E-1,0.E0,-8.660254037844E-1));
#282=VECTOR('',#281,1.173175746993E0);
#283=CARTESIAN_POINT('',(-8.5852E0,-2.7178E0,-1.29286E1));
#284=LINE('',#283,#282);
#285=DIRECTION('',(0.E0,0.E0,-1.E0));
#286=VECTOR('',#285,3.937E-1);
#287=CARTESIAN_POINT('',(-8.5852E0,-2.7178E0,-1.25349E1));
#288=LINE('',#287,#286);
#289=DIRECTION('',(1.E0,0.E0,0.E0));
#290=VECTOR('',#289,1.27E-2);
#291=CARTESIAN_POINT('',(-8.5852E0,-2.7178E0,-1.25349E1));
#292=LINE('',#291,#290);
#293=DIRECTION('',(0.E0,0.E0,-1.E0));
#294=VECTOR('',#293,6.35E-1);
#295=CARTESIAN_POINT('',(-8.5725E0,-2.7178E0,-1.18999E1));
#296=LINE('',#295,#294);
#297=DIRECTION('',(1.E0,0.E0,0.E0));
#298=VECTOR('',#297,6.35E-1);
#299=CARTESIAN_POINT('',(-9.2075E0,-2.7178E0,-1.18999E1));
#300=LINE('',#299,#298);
#301=DIRECTION('',(0.E0,0.E0,-1.E0));
#302=VECTOR('',#301,6.35E-1);
#303=CARTESIAN_POINT('',(-9.2075E0,-2.7178E0,-1.18999E1));
#304=LINE('',#303,#302);
#305=DIRECTION('',(1.E0,0.E0,0.E0));
#306=VECTOR('',#305,1.27E-2);
#307=CARTESIAN_POINT('',(-9.2075E0,-2.7178E0,-1.25349E1));
#308=LINE('',#307,#306);
#309=DIRECTION('',(0.E0,0.E0,1.E0));
#310=VECTOR('',#309,3.937E-1);
#311=CARTESIAN_POINT('',(-9.1948E0,-2.7178E0,-1.29286E1));
#312=LINE('',#311,#310);
#313=DIRECTION('',(5.E-1,0.E0,8.660254037844E-1));
#314=VECTOR('',#313,1.173175746993E0);
#315=CARTESIAN_POINT('',(-9.781387873497E0,-2.7178E0,-1.39446E1));
#316=LINE('',#315,#314);
#317=DIRECTION('',(-1.E0,0.E0,0.E0));
#318=VECTOR('',#317,1.293012126503E0);
#319=CARTESIAN_POINT('',(-9.781387873497E0,-2.7178E0,-1.39446E1));
#320=LINE('',#319,#318);
#321=DIRECTION('',(0.E0,0.E0,1.E0));
#322=VECTOR('',#321,2.032E0);
#323=CARTESIAN_POINT('',(-1.10744E1,-2.7178E0,-1.39446E1));
#324=LINE('',#323,#322);
#325=DIRECTION('',(-1.E0,0.E0,0.E0));
#326=VECTOR('',#325,6.096E-1);
#327=CARTESIAN_POINT('',(-1.10744E1,-2.7178E0,-1.19126E1));
#328=LINE('',#327,#326);
#329=DIRECTION('',(0.E0,0.E0,1.E0));
#330=VECTOR('',#329,1.19126E1);
#331=CARTESIAN_POINT('',(-1.1684E1,-2.7178E0,-1.19126E1));
#332=LINE('',#331,#330);
#333=DIRECTION('',(1.E0,0.E0,0.E0));
#334=VECTOR('',#333,1.778E0);
#335=CARTESIAN_POINT('',(-1.1684E1,-2.7178E0,0.E0));
#336=LINE('',#335,#334);
#337=DIRECTION('',(0.E0,0.E0,-1.E0));
#338=VECTOR('',#337,1.17856E1);
#339=CARTESIAN_POINT('',(-9.906E0,-2.7178E0,0.E0));
#340=LINE('',#339,#338);
#341=DIRECTION('',(1.E0,0.E0,0.E0));
#342=VECTOR('',#341,7.62E-1);
#343=CARTESIAN_POINT('',(-9.906E0,-2.7178E0,-1.17856E1));
#344=LINE('',#343,#342);
#345=DIRECTION('',(0.E0,0.E0,-1.E0));
#346=VECTOR('',#345,3.4036E0);
#347=CARTESIAN_POINT('',(-9.144E0,-2.7178E0,-8.382E0));
#348=LINE('',#347,#346);
#349=DIRECTION('',(1.E0,0.E0,0.E0));
#350=VECTOR('',#349,1.778E0);
#351=CARTESIAN_POINT('',(-9.144E0,-2.7178E0,-8.382E0));
#352=LINE('',#351,#350);
#353=DIRECTION('',(0.E0,0.E0,-1.E0));
#354=VECTOR('',#353,8.382E0);
#355=CARTESIAN_POINT('',(-7.366E0,-2.7178E0,0.E0));
#356=LINE('',#355,#354);
#357=DIRECTION('',(1.E0,0.E0,0.E0));
#358=VECTOR('',#357,1.4732E1);
#359=CARTESIAN_POINT('',(-7.366E0,-2.7178E0,0.E0));
#360=LINE('',#359,#358);
#361=DIRECTION('',(0.E0,0.E0,-1.E0));
#362=VECTOR('',#361,8.382E0);
#363=CARTESIAN_POINT('',(7.366E0,-2.7178E0,0.E0));
#364=LINE('',#363,#362);
#365=DIRECTION('',(1.E0,0.E0,0.E0));
#366=VECTOR('',#365,1.778E0);
#367=CARTESIAN_POINT('',(7.366E0,-2.7178E0,-8.382E0));
#368=LINE('',#367,#366);
#369=DIRECTION('',(0.E0,0.E0,-1.E0));
#370=VECTOR('',#369,3.4036E0);
#371=CARTESIAN_POINT('',(9.144E0,-2.7178E0,-8.382E0));
#372=LINE('',#371,#370);
#373=DIRECTION('',(1.E0,0.E0,0.E0));
#374=VECTOR('',#373,7.62E-1);
#375=CARTESIAN_POINT('',(9.144E0,-2.7178E0,-1.17856E1));
#376=LINE('',#375,#374);
#377=DIRECTION('',(0.E0,0.E0,-1.E0));
#378=VECTOR('',#377,1.17856E1);
#379=CARTESIAN_POINT('',(9.906E0,-2.7178E0,0.E0));
#380=LINE('',#379,#378);
#381=DIRECTION('',(1.E0,0.E0,0.E0));
#382=VECTOR('',#381,1.778E0);
#383=CARTESIAN_POINT('',(9.906E0,-2.7178E0,0.E0));
#384=LINE('',#383,#382);
#385=DIRECTION('',(0.E0,0.E0,-1.E0));
#386=VECTOR('',#385,1.19126E1);
#387=CARTESIAN_POINT('',(1.1684E1,-2.7178E0,0.E0));
#388=LINE('',#387,#386);
#389=DIRECTION('',(-1.E0,0.E0,0.E0));
#390=VECTOR('',#389,6.096E-1);
#391=CARTESIAN_POINT('',(1.1684E1,-2.7178E0,-1.19126E1));
#392=LINE('',#391,#390);
#393=DIRECTION('',(0.E0,0.E0,-1.E0));
#394=VECTOR('',#393,2.032E0);
#395=CARTESIAN_POINT('',(1.10744E1,-2.7178E0,-1.19126E1));
#396=LINE('',#395,#394);
#397=DIRECTION('',(-1.E0,0.E0,0.E0));
#398=VECTOR('',#397,1.293012126503E0);
#399=CARTESIAN_POINT('',(1.10744E1,-2.7178E0,-1.39446E1));
#400=LINE('',#399,#398);
#401=DIRECTION('',(5.E-1,0.E0,-8.660254037844E-1));
#402=VECTOR('',#401,1.173175746993E0);
#403=CARTESIAN_POINT('',(9.1948E0,-2.7178E0,-1.29286E1));
#404=LINE('',#403,#402);
#405=DIRECTION('',(0.E0,0.E0,-1.E0));
#406=VECTOR('',#405,3.937E-1);
#407=CARTESIAN_POINT('',(9.1948E0,-2.7178E0,-1.25349E1));
#408=LINE('',#407,#406);
#409=DIRECTION('',(1.E0,0.E0,0.E0));
#410=VECTOR('',#409,1.27E-2);
#411=CARTESIAN_POINT('',(9.1948E0,-2.7178E0,-1.25349E1));
#412=LINE('',#411,#410);
#413=DIRECTION('',(0.E0,-1.E0,0.E0));
#414=VECTOR('',#413,3.1115E0);
#415=CARTESIAN_POINT('',(9.2075E0,-2.7178E0,-1.18999E1));
#416=LINE('',#415,#414);
#417=DIRECTION('',(0.E0,1.E0,0.E0));
#418=VECTOR('',#417,3.1115E0);
#419=CARTESIAN_POINT('',(9.2075E0,-5.8293E0,-1.25349E1));
#420=LINE('',#419,#418);
#421=DIRECTION('',(0.E0,0.E0,-1.E0));
#422=VECTOR('',#421,6.35E-1);
#423=CARTESIAN_POINT('',(9.2075E0,-5.8293E0,-1.18999E1));
#424=LINE('',#423,#422);
#425=DIRECTION('',(0.E0,0.E0,-1.E0));
#426=VECTOR('',#425,6.35E-2);
#427=CARTESIAN_POINT('',(9.2075E0,-7.874E-1,-8.3185E0));
#428=LINE('',#427,#426);
#429=DIRECTION('',(0.E0,-1.E0,0.E0));
#430=VECTOR('',#429,3.175E-1);
#431=CARTESIAN_POINT('',(9.2075E0,-4.699E-1,-8.3185E0));
#432=LINE('',#431,#430);
#433=DIRECTION('',(0.E0,0.E0,-1.E0));
#434=VECTOR('',#433,6.096E0);
#435=CARTESIAN_POINT('',(9.2075E0,-4.699E-1,-2.2225E0));
#436=LINE('',#435,#434);
#437=DIRECTION('',(0.E0,-1.E0,0.E0));
#438=VECTOR('',#437,6.35E-1);
#439=CARTESIAN_POINT('',(9.2075E0,1.651E-1,-2.2225E0));
#440=LINE('',#439,#438);
#441=DIRECTION('',(0.E0,0.E0,1.E0));
#442=VECTOR('',#441,6.096E0);
#443=CARTESIAN_POINT('',(9.2075E0,1.651E-1,-8.3185E0));
#444=LINE('',#443,#442);
#445=DIRECTION('',(0.E0,-1.E0,0.E0));
#446=VECTOR('',#445,3.175E-1);
#447=CARTESIAN_POINT('',(9.2075E0,4.826E-1,-8.3185E0));
#448=LINE('',#447,#446);
#449=DIRECTION('',(0.E0,0.E0,1.E0));
#450=VECTOR('',#449,6.35E-2);
#451=CARTESIAN_POINT('',(9.2075E0,4.826E-1,-8.382E0));
#452=LINE('',#451,#450);
#453=DIRECTION('',(-1.E0,0.E0,0.E0));
#454=VECTOR('',#453,6.35E-1);
#455=CARTESIAN_POINT('',(9.2075E0,-5.8293E0,-1.18999E1));
#456=LINE('',#455,#454);
#457=DIRECTION('',(-1.E0,0.E0,0.E0));
#458=VECTOR('',#457,6.35E-1);
#459=CARTESIAN_POINT('',(9.2075E0,-5.8293E0,-1.25349E1));
#460=LINE('',#459,#458);
#461=CARTESIAN_POINT('',(9.1948E0,-4.699E-1,-1.18999E1));
#462=DIRECTION('',(1.E0,0.E0,0.E0));
#463=DIRECTION('',(0.E0,0.E0,-1.E0));
#464=AXIS2_PLACEMENT_3D('',#461,#462,#463);
#466=DIRECTION('',(0.E0,1.E0,0.E0));
#467=VECTOR('',#466,2.2479E0);
#468=CARTESIAN_POINT('',(9.1948E0,-2.7178E0,-1.25349E1));
#469=LINE('',#468,#467);
#470=DIRECTION('',(0.E0,-1.E0,0.E0));
#471=VECTOR('',#470,2.552827012703E0);
#472=CARTESIAN_POINT('',(9.1948E0,2.7178E0,-1.19126E1));
#473=LINE('',#472,#471);
#474=DIRECTION('',(-1.E0,0.E0,0.E0));
#475=VECTOR('',#474,6.096E-1);
#476=CARTESIAN_POINT('',(9.1948E0,-4.699E-1,-1.25349E1));
#477=LINE('',#476,#475);
#478=DIRECTION('',(1.E0,0.E0,0.E0));
#479=VECTOR('',#478,6.096E-1);
#480=CARTESIAN_POINT('',(8.5852E0,1.649729872975E-1,-1.19126E1));
#481=LINE('',#480,#479);
#482=DIRECTION('',(0.E0,-1.E0,0.E0));
#483=VECTOR('',#482,2.552827012703E0);
#484=CARTESIAN_POINT('',(8.5852E0,2.7178E0,-1.19126E1));
#485=LINE('',#484,#483);
#486=CARTESIAN_POINT('',(-1.778E0,2.7178E0,-3.1623E0));
#487=DIRECTION('',(0.E0,1.E0,0.E0));
#488=DIRECTION('',(0.E0,0.E0,-1.E0));
#489=AXIS2_PLACEMENT_3D('',#486,#487,#488);
#491=DIRECTION('',(0.E0,0.E0,1.E0));
#492=VECTOR('',#491,9.525E-1);
#493=CARTESIAN_POINT('',(-2.286E0,2.7178E0,-3.1623E0));
#494=LINE('',#493,#492);
#495=CARTESIAN_POINT('',(-1.778E0,2.7178E0,-2.2098E0));
#496=DIRECTION('',(0.E0,1.E0,0.E0));
#497=DIRECTION('',(-1.E0,0.E0,0.E0));
#498=AXIS2_PLACEMENT_3D('',#495,#496,#497);
#500=DIRECTION('',(1.E0,0.E0,0.E0));
#501=VECTOR('',#500,3.556E0);
#502=CARTESIAN_POINT('',(-1.778E0,2.7178E0,-1.7018E0));
#503=LINE('',#502,#501);
#504=CARTESIAN_POINT('',(1.778E0,2.7178E0,-2.2098E0));
#505=DIRECTION('',(0.E0,1.E0,0.E0));
#506=DIRECTION('',(0.E0,0.E0,1.E0));
#507=AXIS2_PLACEMENT_3D('',#504,#505,#506);
#509=DIRECTION('',(0.E0,0.E0,-1.E0));
#510=VECTOR('',#509,9.525E-1);
#511=CARTESIAN_POINT('',(2.286E0,2.7178E0,-2.2098E0));
#512=LINE('',#511,#510);
#513=CARTESIAN_POINT('',(1.778E0,2.7178E0,-3.1623E0));
#514=DIRECTION('',(0.E0,1.E0,0.E0));
#515=DIRECTION('',(1.E0,0.E0,0.E0));
#516=AXIS2_PLACEMENT_3D('',#513,#514,#515);
#518=DIRECTION('',(-1.E0,0.E0,0.E0));
#519=VECTOR('',#518,3.556E0);
#520=CARTESIAN_POINT('',(1.778E0,2.7178E0,-3.6703E0));
#521=LINE('',#520,#519);
#522=DIRECTION('',(5.E-1,0.E0,8.660254037844E-1));
#523=VECTOR('',#522,1.173175746993E0);
#524=CARTESIAN_POINT('',(7.998612126503E0,2.7178E0,-1.39446E1));
#525=LINE('',#524,#523);
#526=DIRECTION('',(0.E0,0.E0,1.E0));
#527=VECTOR('',#526,1.016E0);
#528=CARTESIAN_POINT('',(8.5852E0,2.7178E0,-1.29286E1));
#529=LINE('',#528,#527);
#530=DIRECTION('',(1.E0,0.E0,0.E0));
#531=VECTOR('',#530,6.096E-1);
#532=CARTESIAN_POINT('',(8.5852E0,2.7178E0,-1.19126E1));
#533=LINE('',#532,#531);
#534=DIRECTION('',(0.E0,0.E0,-1.E0));
#535=VECTOR('',#534,1.016E0);
#536=CARTESIAN_POINT('',(9.1948E0,2.7178E0,-1.19126E1));
#537=LINE('',#536,#535);
#538=DIRECTION('',(5.E-1,0.E0,-8.660254037844E-1));
#539=VECTOR('',#538,1.173175746993E0);
#540=CARTESIAN_POINT('',(9.1948E0,2.7178E0,-1.29286E1));
#541=LINE('',#540,#539);
#542=DIRECTION('',(-1.E0,0.E0,0.E0));
#543=VECTOR('',#542,1.293012126503E0);
#544=CARTESIAN_POINT('',(1.10744E1,2.7178E0,-1.39446E1));
#545=LINE('',#544,#543);
#546=DIRECTION('',(0.E0,0.E0,-1.E0));
#547=VECTOR('',#546,2.032E0);
#548=CARTESIAN_POINT('',(1.10744E1,2.7178E0,-1.19126E1));
#549=LINE('',#548,#547);
#550=DIRECTION('',(-1.E0,0.E0,0.E0));
#551=VECTOR('',#550,6.096E-1);
#552=CARTESIAN_POINT('',(1.1684E1,2.7178E0,-1.19126E1));
#553=LINE('',#552,#551);
#554=DIRECTION('',(0.E0,0.E0,-1.E0));
#555=VECTOR('',#554,1.19126E1);
#556=CARTESIAN_POINT('',(1.1684E1,2.7178E0,0.E0));
#557=LINE('',#556,#555);
#558=DIRECTION('',(1.E0,0.E0,0.E0));
#559=VECTOR('',#558,2.3368E1);
#560=CARTESIAN_POINT('',(-1.1684E1,2.7178E0,0.E0));
#561=LINE('',#560,#559);
#562=DIRECTION('',(0.E0,0.E0,1.E0));
#563=VECTOR('',#562,1.19126E1);
#564=CARTESIAN_POINT('',(-1.1684E1,2.7178E0,-1.19126E1));
#565=LINE('',#564,#563);
#566=DIRECTION('',(-1.E0,0.E0,0.E0));
#567=VECTOR('',#566,6.096E-1);
#568=CARTESIAN_POINT('',(-1.10744E1,2.7178E0,-1.19126E1));
#569=LINE('',#568,#567);
#570=DIRECTION('',(0.E0,0.E0,1.E0));
#571=VECTOR('',#570,2.032E0);
#572=CARTESIAN_POINT('',(-1.10744E1,2.7178E0,-1.39446E1));
#573=LINE('',#572,#571);
#574=DIRECTION('',(-1.E0,0.E0,0.E0));
#575=VECTOR('',#574,1.293012126503E0);
#576=CARTESIAN_POINT('',(-9.781387873497E0,2.7178E0,-1.39446E1));
#577=LINE('',#576,#575);
#578=DIRECTION('',(5.E-1,0.E0,8.660254037844E-1));
#579=VECTOR('',#578,1.173175746993E0);
#580=CARTESIAN_POINT('',(-9.781387873497E0,2.7178E0,-1.39446E1));
#581=LINE('',#580,#579);
#582=DIRECTION('',(0.E0,0.E0,1.E0));
#583=VECTOR('',#582,1.016E0);
#584=CARTESIAN_POINT('',(-9.1948E0,2.7178E0,-1.29286E1));
#585=LINE('',#584,#583);
#586=DIRECTION('',(1.E0,0.E0,0.E0));
#587=VECTOR('',#586,6.096E-1);
#588=CARTESIAN_POINT('',(-9.1948E0,2.7178E0,-1.19126E1));
#589=LINE('',#588,#587);
#590=DIRECTION('',(0.E0,0.E0,-1.E0));
#591=VECTOR('',#590,1.016E0);
#592=CARTESIAN_POINT('',(-8.5852E0,2.7178E0,-1.19126E1));
#593=LINE('',#592,#591);
#594=DIRECTION('',(5.E-1,0.E0,-8.660254037844E-1));
#595=VECTOR('',#594,1.173175746993E0);
#596=CARTESIAN_POINT('',(-8.5852E0,2.7178E0,-1.29286E1));
#597=LINE('',#596,#595);
#598=DIRECTION('',(-1.E0,0.E0,0.E0));
#599=VECTOR('',#598,7.572242530067E-1);
#600=CARTESIAN_POINT('',(-7.241387873497E0,2.7178E0,-1.39446E1));
#601=LINE('',#600,#599);
#602=DIRECTION('',(5.E-1,0.E0,8.660254037844E-1));
#603=VECTOR('',#602,1.173175746993E0);
#604=CARTESIAN_POINT('',(-7.241387873497E0,2.7178E0,-1.39446E1));
#605=LINE('',#604,#603);
#606=DIRECTION('',(0.E0,0.E0,1.E0));
#607=VECTOR('',#606,1.016E0);
#608=CARTESIAN_POINT('',(-6.6548E0,2.7178E0,-1.29286E1));
#609=LINE('',#608,#607);
#610=DIRECTION('',(1.E0,0.E0,0.E0));
#611=VECTOR('',#610,6.096E-1);
#612=CARTESIAN_POINT('',(-6.6548E0,2.7178E0,-1.19126E1));
#613=LINE('',#612,#611);
#614=DIRECTION('',(0.E0,0.E0,-1.E0));
#615=VECTOR('',#614,1.016E0);
#616=CARTESIAN_POINT('',(-6.0452E0,2.7178E0,-1.19126E1));
#617=LINE('',#616,#615);
#618=DIRECTION('',(5.E-1,0.E0,-8.660254037844E-1));
#619=VECTOR('',#618,1.173175746993E0);
#620=CARTESIAN_POINT('',(-6.0452E0,2.7178E0,-1.29286E1));
#621=LINE('',#620,#619);
#622=DIRECTION('',(-1.E0,0.E0,0.E0));
#623=VECTOR('',#622,7.572242530067E-1);
#624=CARTESIAN_POINT('',(-4.701387873497E0,2.7178E0,-1.39446E1));
#625=LINE('',#624,#623);
#626=DIRECTION('',(5.E-1,0.E0,8.660254037844E-1));
#627=VECTOR('',#626,1.173175746993E0);
#628=CARTESIAN_POINT('',(-4.701387873497E0,2.7178E0,-1.39446E1));
#629=LINE('',#628,#627);
#630=DIRECTION('',(0.E0,0.E0,1.E0));
#631=VECTOR('',#630,1.016E0);
#632=CARTESIAN_POINT('',(-4.1148E0,2.7178E0,-1.29286E1));
#633=LINE('',#632,#631);
#634=DIRECTION('',(1.E0,0.E0,0.E0));
#635=VECTOR('',#634,6.096E-1);
#636=CARTESIAN_POINT('',(-4.1148E0,2.7178E0,-1.19126E1));
#637=LINE('',#636,#635);
#638=DIRECTION('',(0.E0,0.E0,-1.E0));
#639=VECTOR('',#638,1.016E0);
#640=CARTESIAN_POINT('',(-3.5052E0,2.7178E0,-1.19126E1));
#641=LINE('',#640,#639);
#642=DIRECTION('',(5.E-1,0.E0,-8.660254037844E-1));
#643=VECTOR('',#642,1.173175746993E0);
#644=CARTESIAN_POINT('',(-3.5052E0,2.7178E0,-1.29286E1));
#645=LINE('',#644,#643);
#646=DIRECTION('',(-1.E0,0.E0,0.E0));
#647=VECTOR('',#646,7.572242530067E-1);
#648=CARTESIAN_POINT('',(-2.161387873497E0,2.7178E0,-1.39446E1));
#649=LINE('',#648,#647);
#650=DIRECTION('',(5.E-1,0.E0,8.660254037844E-1));
#651=VECTOR('',#650,1.173175746993E0);
#652=CARTESIAN_POINT('',(-2.161387873497E0,2.7178E0,-1.39446E1));
#653=LINE('',#652,#651);
#654=DIRECTION('',(0.E0,0.E0,1.E0));
#655=VECTOR('',#654,1.016E0);
#656=CARTESIAN_POINT('',(-1.5748E0,2.7178E0,-1.29286E1));
#657=LINE('',#656,#655);
#658=DIRECTION('',(1.E0,0.E0,0.E0));
#659=VECTOR('',#658,6.096E-1);
#660=CARTESIAN_POINT('',(-1.5748E0,2.7178E0,-1.19126E1));
#661=LINE('',#660,#659);
#662=DIRECTION('',(0.E0,0.E0,-1.E0));
#663=VECTOR('',#662,1.016E0);
#664=CARTESIAN_POINT('',(-9.652E-1,2.7178E0,-1.19126E1));
#665=LINE('',#664,#663);
#666=DIRECTION('',(5.E-1,0.E0,-8.660254037844E-1));
#667=VECTOR('',#666,1.173175746993E0);
#668=CARTESIAN_POINT('',(-9.652E-1,2.7178E0,-1.29286E1));
#669=LINE('',#668,#667);
#670=DIRECTION('',(-1.E0,0.E0,0.E0));
#671=VECTOR('',#670,7.572242530067E-1);
#672=CARTESIAN_POINT('',(3.786121265033E-1,2.7178E0,-1.39446E1));
#673=LINE('',#672,#671);
#674=DIRECTION('',(5.E-1,0.E0,8.660254037844E-1));
#675=VECTOR('',#674,1.173175746993E0);
#676=CARTESIAN_POINT('',(3.786121265033E-1,2.7178E0,-1.39446E1));
#677=LINE('',#676,#675);
#678=DIRECTION('',(0.E0,0.E0,1.E0));
#679=VECTOR('',#678,1.016E0);
#680=CARTESIAN_POINT('',(9.652E-1,2.7178E0,-1.29286E1));
#681=LINE('',#680,#679);
#682=DIRECTION('',(1.E0,0.E0,0.E0));
#683=VECTOR('',#682,6.096E-1);
#684=CARTESIAN_POINT('',(9.652E-1,2.7178E0,-1.19126E1));
#685=LINE('',#684,#683);
#686=DIRECTION('',(0.E0,0.E0,-1.E0));
#687=VECTOR('',#686,1.016E0);
#688=CARTESIAN_POINT('',(1.5748E0,2.7178E0,-1.19126E1));
#689=LINE('',#688,#687);
#690=DIRECTION('',(5.E-1,0.E0,-8.660254037844E-1));
#691=VECTOR('',#690,1.173175746993E0);
#692=CARTESIAN_POINT('',(1.5748E0,2.7178E0,-1.29286E1));
#693=LINE('',#692,#691);
#694=DIRECTION('',(-1.E0,0.E0,0.E0));
#695=VECTOR('',#694,7.572242530067E-1);
#696=CARTESIAN_POINT('',(2.918612126503E0,2.7178E0,-1.39446E1));
#697=LINE('',#696,#695);
#698=DIRECTION('',(5.E-1,0.E0,8.660254037844E-1));
#699=VECTOR('',#698,1.173175746993E0);
#700=CARTESIAN_POINT('',(2.918612126503E0,2.7178E0,-1.39446E1));
#701=LINE('',#700,#699);
#702=DIRECTION('',(0.E0,0.E0,1.E0));
#703=VECTOR('',#702,1.016E0);
#704=CARTESIAN_POINT('',(3.5052E0,2.7178E0,-1.29286E1));
#705=LINE('',#704,#703);
#706=DIRECTION('',(1.E0,0.E0,0.E0));
#707=VECTOR('',#706,6.096E-1);
#708=CARTESIAN_POINT('',(3.5052E0,2.7178E0,-1.19126E1));
#709=LINE('',#708,#707);
#710=DIRECTION('',(0.E0,0.E0,-1.E0));
#711=VECTOR('',#710,1.016E0);
#712=CARTESIAN_POINT('',(4.1148E0,2.7178E0,-1.19126E1));
#713=LINE('',#712,#711);
#714=DIRECTION('',(5.E-1,0.E0,-8.660254037844E-1));
#715=VECTOR('',#714,1.173175746993E0);
#716=CARTESIAN_POINT('',(4.1148E0,2.7178E0,-1.29286E1));
#717=LINE('',#716,#715);
#718=DIRECTION('',(-1.E0,0.E0,0.E0));
#719=VECTOR('',#718,7.572242530067E-1);
#720=CARTESIAN_POINT('',(5.458612126503E0,2.7178E0,-1.39446E1));
#721=LINE('',#720,#719);
#722=DIRECTION('',(5.E-1,0.E0,8.660254037844E-1));
#723=VECTOR('',#722,1.173175746993E0);
#724=CARTESIAN_POINT('',(5.458612126503E0,2.7178E0,-1.39446E1));
#725=LINE('',#724,#723);
#726=DIRECTION('',(0.E0,0.E0,1.E0));
#727=VECTOR('',#726,1.016E0);
#728=CARTESIAN_POINT('',(6.0452E0,2.7178E0,-1.29286E1));
#729=LINE('',#728,#727);
#730=DIRECTION('',(1.E0,0.E0,0.E0));
#731=VECTOR('',#730,6.096E-1);
#732=CARTESIAN_POINT('',(6.0452E0,2.7178E0,-1.19126E1));
#733=LINE('',#732,#731);
#734=DIRECTION('',(0.E0,0.E0,-1.E0));
#735=VECTOR('',#734,1.016E0);
#736=CARTESIAN_POINT('',(6.6548E0,2.7178E0,-1.19126E1));
#737=LINE('',#736,#735);
#738=DIRECTION('',(5.E-1,0.E0,-8.660254037844E-1));
#739=VECTOR('',#738,1.173175746993E0);
#740=CARTESIAN_POINT('',(6.6548E0,2.7178E0,-1.29286E1));
#741=LINE('',#740,#739);
#742=DIRECTION('',(-1.E0,0.E0,0.E0));
#743=VECTOR('',#742,7.572242530067E-1);
#744=CARTESIAN_POINT('',(7.998612126503E0,2.7178E0,-1.39446E1));
#745=LINE('',#744,#743);
#746=DIRECTION('',(0.E0,-1.E0,0.E0));
#747=VECTOR('',#746,8.89E-1);
#748=CARTESIAN_POINT('',(-1.778E0,2.7178E0,-3.6703E0));
#749=LINE('',#748,#747);
#750=DIRECTION('',(0.E0,-1.E0,0.E0));
#751=VECTOR('',#750,8.89E-1);
#752=CARTESIAN_POINT('',(1.778E0,2.7178E0,-3.6703E0));
#753=LINE('',#752,#751);
#754=DIRECTION('',(0.E0,-1.E0,0.E0));
#755=VECTOR('',#754,8.89E-1);
#756=CARTESIAN_POINT('',(2.286E0,2.7178E0,-3.1623E0));
#757=LINE('',#756,#755);
#758=DIRECTION('',(0.E0,-1.E0,0.E0));
#759=VECTOR('',#758,8.89E-1);
#760=CARTESIAN_POINT('',(2.286E0,2.7178E0,-2.2098E0));
#761=LINE('',#760,#759);
#762=DIRECTION('',(0.E0,-1.E0,0.E0));
#763=VECTOR('',#762,8.89E-1);
#764=CARTESIAN_POINT('',(1.778E0,2.7178E0,-1.7018E0));
#765=LINE('',#764,#763);
#766=DIRECTION('',(0.E0,-1.E0,0.E0));
#767=VECTOR('',#766,8.89E-1);
#768=CARTESIAN_POINT('',(-1.778E0,2.7178E0,-1.7018E0));
#769=LINE('',#768,#767);
#770=DIRECTION('',(0.E0,-1.E0,0.E0));
#771=VECTOR('',#770,8.89E-1);
#772=CARTESIAN_POINT('',(-2.286E0,2.7178E0,-2.2098E0));
#773=LINE('',#772,#771);
#774=DIRECTION('',(0.E0,-1.E0,0.E0));
#775=VECTOR('',#774,8.89E-1);
#776=CARTESIAN_POINT('',(-2.286E0,2.7178E0,-3.1623E0));
#777=LINE('',#776,#775);
#778=DIRECTION('',(1.E0,0.E0,0.E0));
#779=VECTOR('',#778,2.1336E1);
#780=CARTESIAN_POINT('',(-1.0668E1,1.8288E0,-3.81E-1));
#781=LINE('',#780,#779);
#782=DIRECTION('',(0.E0,0.E0,-1.E0));
#783=VECTOR('',#782,8.001E0);
#784=CARTESIAN_POINT('',(1.0668E1,1.8288E0,-3.81E-1));
#785=LINE('',#784,#783);
#786=CARTESIAN_POINT('',(-1.778E0,1.8288E0,-3.1623E0));
#787=DIRECTION('',(0.E0,1.E0,0.E0));
#788=DIRECTION('',(0.E0,0.E0,-1.E0));
#789=AXIS2_PLACEMENT_3D('',#786,#787,#788);
#791=DIRECTION('',(-1.E0,0.E0,0.E0));
#792=VECTOR('',#791,3.556E0);
#793=CARTESIAN_POINT('',(1.778E0,1.8288E0,-3.6703E0));
#794=LINE('',#793,#792);
#795=CARTESIAN_POINT('',(1.778E0,1.8288E0,-3.1623E0));
#796=DIRECTION('',(0.E0,1.E0,0.E0));
#797=DIRECTION('',(1.E0,0.E0,0.E0));
#798=AXIS2_PLACEMENT_3D('',#795,#796,#797);
#800=DIRECTION('',(0.E0,0.E0,-1.E0));
#801=VECTOR('',#800,9.525E-1);
#802=CARTESIAN_POINT('',(2.286E0,1.8288E0,-2.2098E0));
#803=LINE('',#802,#801);
#804=CARTESIAN_POINT('',(1.778E0,1.8288E0,-2.2098E0));
#805=DIRECTION('',(0.E0,1.E0,0.E0));
#806=DIRECTION('',(0.E0,0.E0,1.E0));
#807=AXIS2_PLACEMENT_3D('',#804,#805,#806);
#809=DIRECTION('',(1.E0,0.E0,0.E0));
#810=VECTOR('',#809,3.556E0);
#811=CARTESIAN_POINT('',(-1.778E0,1.8288E0,-1.7018E0));
#812=LINE('',#811,#810);
#813=CARTESIAN_POINT('',(-1.778E0,1.8288E0,-2.2098E0));
#814=DIRECTION('',(0.E0,1.E0,0.E0));
#815=DIRECTION('',(-1.E0,0.E0,0.E0));
#816=AXIS2_PLACEMENT_3D('',#813,#814,#815);
#818=DIRECTION('',(0.E0,0.E0,1.E0));
#819=VECTOR('',#818,9.525E-1);
#820=CARTESIAN_POINT('',(-2.286E0,1.8288E0,-3.1623E0));
#821=LINE('',#820,#819);
#822=DIRECTION('',(5.773502691896E-1,5.773502691896E-1,5.773502691896E-1));
#823=VECTOR('',#822,6.599113576837E-1);
#824=CARTESIAN_POINT('',(1.0668E1,1.8288E0,-3.81E-1));
#825=LINE('',#824,#823);
#826=DIRECTION('',(7.071067811865E-1,0.E0,-7.071067811865E-1));
#827=VECTOR('',#826,5.388153672641E-1);
#828=CARTESIAN_POINT('',(-1.1049E1,-8.305477371938E-1,0.E0));
#829=LINE('',#828,#827);
#830=DIRECTION('',(7.071067811865E-1,0.E0,-7.071067811865E-1));
#831=VECTOR('',#830,5.388153672641E-1);
#832=CARTESIAN_POINT('',(-1.1049E1,1.287747737194E0,0.E0));
#833=LINE('',#832,#831);
#834=DIRECTION('',(-5.773502691896E-1,5.773502691896E-1,5.773502691896E-1));
#835=VECTOR('',#834,6.599113576837E-1);
#836=CARTESIAN_POINT('',(-1.0668E1,1.8288E0,-3.81E-1));
#837=LINE('',#836,#835);
#838=DIRECTION('',(0.E0,0.E0,-1.E0));
#839=VECTOR('',#838,5.08E-1);
#840=CARTESIAN_POINT('',(-1.1684E1,-8.305477371938E-1,0.E0));
#841=LINE('',#840,#839);
#842=DIRECTION('',(0.E0,1.E0,0.E0));
#843=VECTOR('',#842,5.4356E0);
#844=CARTESIAN_POINT('',(-1.1684E1,-2.7178E0,-1.19126E1));
#845=LINE('',#844,#843);
#846=DIRECTION('',(0.E0,0.E0,-1.E0));
#847=VECTOR('',#846,5.08E-1);
#848=CARTESIAN_POINT('',(-1.1684E1,1.287747737194E0,0.E0));
#849=LINE('',#848,#847);
#850=DIRECTION('',(0.E0,2.588190451025E-1,9.659258262891E-1));
#851=VECTOR('',#850,6.574003745604E-1);
#852=CARTESIAN_POINT('',(-1.1684E1,1.1176E0,-1.143E0));
#853=LINE('',#852,#851);
#854=DIRECTION('',(0.E0,1.E0,0.E0));
#855=VECTOR('',#854,1.778E0);
#856=CARTESIAN_POINT('',(-1.1684E1,-6.604E-1,-1.143E0));
#857=LINE('',#856,#855);
#858=DIRECTION('',(0.E0,2.588190451025E-1,-9.659258262891E-1));
#859=VECTOR('',#858,6.574003745604E-1);
#860=CARTESIAN_POINT('',(-1.1684E1,-8.305477371938E-1,-5.08E-1));
#861=LINE('',#860,#859);
#862=DIRECTION('',(1.E0,0.E0,0.E0));
#863=VECTOR('',#862,6.35E-1);
#864=CARTESIAN_POINT('',(-1.1684E1,1.287747737194E0,0.E0));
#865=LINE('',#864,#863);
#866=DIRECTION('',(0.E0,1.E0,0.E0));
#867=VECTOR('',#866,1.430052262806E0);
#868=CARTESIAN_POINT('',(-1.1684E1,1.287747737194E0,0.E0));
#869=LINE('',#868,#867);
#870=DIRECTION('',(1.E0,0.E0,0.E0));
#871=VECTOR('',#870,6.35E-1);
#872=CARTESIAN_POINT('',(1.1049E1,1.287747737194E0,0.E0));
#873=LINE('',#872,#871);
#874=DIRECTION('',(0.E0,-1.E0,0.E0));
#875=VECTOR('',#874,9.220522628062E-1);
#876=CARTESIAN_POINT('',(1.1049E1,2.2098E0,0.E0));
#877=LINE('',#876,#875);
#878=DIRECTION('',(1.E0,0.E0,0.E0));
#879=VECTOR('',#878,2.2098E1);
#880=CARTESIAN_POINT('',(-1.1049E1,2.2098E0,0.E0));
#881=LINE('',#880,#879);
#882=DIRECTION('',(0.E0,1.E0,0.E0));
#883=VECTOR('',#882,9.220522628062E-1);
#884=CARTESIAN_POINT('',(-1.1049E1,1.287747737194E0,0.E0));
#885=LINE('',#884,#883);
#886=DIRECTION('',(0.E0,1.E0,0.E0));
#887=VECTOR('',#886,6.35E-1);
#888=CARTESIAN_POINT('',(-9.144E0,-2.7178E0,0.E0));
#889=LINE('',#888,#887);
#890=DIRECTION('',(7.682212795974E-1,6.401843996645E-1,0.E0));
#891=VECTOR('',#890,4.959508544201E-1);
#892=CARTESIAN_POINT('',(-9.525E0,-3.0353E0,0.E0));
#893=LINE('',#892,#891);
#894=DIRECTION('',(7.682212795974E-1,-6.401843996645E-1,0.E0));
#895=VECTOR('',#894,4.959508544201E-1);
#896=CARTESIAN_POINT('',(-9.906E0,-2.7178E0,0.E0));
#897=LINE('',#896,#895);
#898=DIRECTION('',(0.E0,1.E0,0.E0));
#899=VECTOR('',#898,1.887252262806E0);
#900=CARTESIAN_POINT('',(-1.1684E1,-2.7178E0,0.E0));
#901=LINE('',#900,#899);
#902=DIRECTION('',(1.E0,0.E0,0.E0));
#903=VECTOR('',#902,6.35E-1);
#904=CARTESIAN_POINT('',(-1.1684E1,-8.305477371938E-1,0.E0));
#905=LINE('',#904,#903);
#906=DIRECTION('',(0.E0,1.E0,0.E0));
#907=VECTOR('',#906,1.252252262806E0);
#908=CARTESIAN_POINT('',(-1.1049E1,-2.0828E0,0.E0));
#909=LINE('',#908,#907);
#910=DIRECTION('',(-1.E0,0.E0,0.E0));
#911=VECTOR('',#910,1.905E0);
#912=CARTESIAN_POINT('',(-9.144E0,-2.0828E0,0.E0));
#913=LINE('',#912,#911);
#914=DIRECTION('',(0.E0,1.E0,0.E0));
#915=VECTOR('',#914,6.35E-1);
#916=CARTESIAN_POINT('',(-7.366E0,-2.7178E0,0.E0));
#917=LINE('',#916,#915);
#918=DIRECTION('',(-1.E0,0.E0,0.E0));
#919=VECTOR('',#918,1.4732E1);
#920=CARTESIAN_POINT('',(7.366E0,-2.0828E0,0.E0));
#921=LINE('',#920,#919);
#922=DIRECTION('',(0.E0,1.E0,0.E0));
#923=VECTOR('',#922,6.35E-1);
#924=CARTESIAN_POINT('',(7.366E0,-2.7178E0,0.E0));
#925=LINE('',#924,#923);
#926=DIRECTION('',(0.E0,1.E0,0.E0));
#927=VECTOR('',#926,6.35E-1);
#928=CARTESIAN_POINT('',(9.144E0,-2.7178E0,0.E0));
#929=LINE('',#928,#927);
#930=DIRECTION('',(-1.E0,0.E0,0.E0));
#931=VECTOR('',#930,1.905E0);
#932=CARTESIAN_POINT('',(1.1049E1,-2.0828E0,0.E0));
#933=LINE('',#932,#931);
#934=DIRECTION('',(0.E0,-1.E0,0.E0));
#935=VECTOR('',#934,1.252252262806E0);
#936=CARTESIAN_POINT('',(1.1049E1,-8.305477371938E-1,0.E0));
#937=LINE('',#936,#935);
#938=DIRECTION('',(1.E0,0.E0,0.E0));
#939=VECTOR('',#938,6.35E-1);
#940=CARTESIAN_POINT('',(1.1049E1,-8.305477371938E-1,0.E0));
#941=LINE('',#940,#939);
#942=DIRECTION('',(7.682212795974E-1,6.401843996645E-1,0.E0));
#943=VECTOR('',#942,4.959508544201E-1);
#944=CARTESIAN_POINT('',(9.525E0,-3.0353E0,0.E0));
#945=LINE('',#944,#943);
#946=DIRECTION('',(7.682212795974E-1,-6.401843996645E-1,0.E0));
#947=VECTOR('',#946,4.959508544201E-1);
#948=CARTESIAN_POINT('',(9.144E0,-2.7178E0,0.E0));
#949=LINE('',#948,#947);
#950=DIRECTION('',(-1.E0,0.E0,0.E0));
#951=VECTOR('',#950,1.016E0);
#952=CARTESIAN_POINT('',(-1.0668E1,1.287747737194E0,-5.08E-1));
#953=LINE('',#952,#951);
#954=DIRECTION('',(-1.E0,0.E0,0.E0));
#955=VECTOR('',#954,1.016E0);
#956=CARTESIAN_POINT('',(1.1684E1,1.287747737194E0,-5.08E-1));
#957=LINE('',#956,#955);
#958=DIRECTION('',(0.E0,0.E0,-1.E0));
#959=VECTOR('',#958,1.27E-1);
#960=CARTESIAN_POINT('',(-1.0668E1,-8.305477371938E-1,-3.81E-1));
#961=LINE('',#960,#959);
#962=DIRECTION('',(0.E0,2.588190451025E-1,-9.659258262891E-1));
#963=VECTOR('',#962,6.574003745604E-1);
#964=CARTESIAN_POINT('',(-1.0668E1,-8.305477371938E-1,-5.08E-1));
#965=LINE('',#964,#963);
#966=DIRECTION('',(0.E0,1.E0,0.E0));
#967=VECTOR('',#966,1.778E0);
#968=CARTESIAN_POINT('',(-1.0668E1,-6.604E-1,-1.143E0));
#969=LINE('',#968,#967);
#970=DIRECTION('',(0.E0,2.588190451025E-1,9.659258262891E-1));
#971=VECTOR('',#970,6.574003745604E-1);
#972=CARTESIAN_POINT('',(-1.0668E1,1.1176E0,-1.143E0));
#973=LINE('',#972,#971);
#974=DIRECTION('',(0.E0,0.E0,-1.E0));
#975=VECTOR('',#974,1.27E-1);
#976=CARTESIAN_POINT('',(-1.0668E1,1.287747737194E0,-3.81E-1));
#977=LINE('',#976,#975);
#978=DIRECTION('',(0.E0,1.E0,0.E0));
#979=VECTOR('',#978,5.410522628062E-1);
#980=CARTESIAN_POINT('',(-1.0668E1,1.287747737194E0,-3.81E-1));
#981=LINE('',#980,#979);
#982=DIRECTION('',(0.E0,0.E0,-1.E0));
#983=VECTOR('',#982,8.001E0);
#984=CARTESIAN_POINT('',(-1.0668E1,1.8288E0,-3.81E-1));
#985=LINE('',#984,#983);
#986=DIRECTION('',(0.E0,1.E0,0.E0));
#987=VECTOR('',#986,8.712522628062E-1);
#988=CARTESIAN_POINT('',(-1.0668E1,-1.7018E0,-3.81E-1));
#989=LINE('',#988,#987);
#990=DIRECTION('',(-1.E0,0.E0,0.E0));
#991=VECTOR('',#990,1.016E0);
#992=CARTESIAN_POINT('',(-1.0668E1,-8.305477371938E-1,-5.08E-1));
#993=LINE('',#992,#991);
#994=DIRECTION('',(-1.E0,0.E0,0.E0));
#995=VECTOR('',#994,1.016E0);
#996=CARTESIAN_POINT('',(1.1684E1,-8.305477371938E-1,-5.08E-1));
#997=LINE('',#996,#995);
#998=DIRECTION('',(-1.E0,0.E0,0.E0));
#999=VECTOR('',#998,1.016E0);
#1000=CARTESIAN_POINT('',(-1.0668E1,-6.604E-1,-1.143E0));
#1001=LINE('',#1000,#999);
#1002=DIRECTION('',(-1.E0,0.E0,0.E0));
#1003=VECTOR('',#1002,1.016E0);
#1004=CARTESIAN_POINT('',(1.1684E1,-6.604E-1,-1.143E0));
#1005=LINE('',#1004,#1003);
#1006=DIRECTION('',(-1.E0,0.E0,0.E0));
#1007=VECTOR('',#1006,1.016E0);
#1008=CARTESIAN_POINT('',(-1.0668E1,1.1176E0,-1.143E0));
#1009=LINE('',#1008,#1007);
#1010=DIRECTION('',(-1.E0,0.E0,0.E0));
#1011=VECTOR('',#1010,1.016E0);
#1012=CARTESIAN_POINT('',(1.1684E1,1.1176E0,-1.143E0));
#1013=LINE('',#1012,#1011);
#1014=DIRECTION('',(0.E0,0.E0,-1.E0));
#1015=VECTOR('',#1014,5.08E-1);
#1016=CARTESIAN_POINT('',(1.1684E1,-8.305477371938E-1,0.E0));
#1017=LINE('',#1016,#1015);
#1018=DIRECTION('',(0.E0,2.588190451025E-1,-9.659258262891E-1));
#1019=VECTOR('',#1018,6.574003745604E-1);
#1020=CARTESIAN_POINT('',(1.1684E1,-8.305477371938E-1,-5.08E-1));
#1021=LINE('',#1020,#1019);
#1022=DIRECTION('',(0.E0,1.E0,0.E0));
#1023=VECTOR('',#1022,1.778E0);
#1024=CARTESIAN_POINT('',(1.1684E1,-6.604E-1,-1.143E0));
#1025=LINE('',#1024,#1023);
#1026=DIRECTION('',(0.E0,2.588190451025E-1,9.659258262891E-1));
#1027=VECTOR('',#1026,6.574003745604E-1);
#1028=CARTESIAN_POINT('',(1.1684E1,1.1176E0,-1.143E0));
#1029=LINE('',#1028,#1027);
#1030=DIRECTION('',(0.E0,0.E0,-1.E0));
#1031=VECTOR('',#1030,5.08E-1);
#1032=CARTESIAN_POINT('',(1.1684E1,1.287747737194E0,0.E0));
#1033=LINE('',#1032,#1031);
#1034=DIRECTION('',(0.E0,1.E0,0.E0));
#1035=VECTOR('',#1034,1.430052262806E0);
#1036=CARTESIAN_POINT('',(1.1684E1,1.287747737194E0,0.E0));
#1037=LINE('',#1036,#1035);
#1038=DIRECTION('',(0.E0,1.E0,0.E0));
#1039=VECTOR('',#1038,1.887252262806E0);
#1040=CARTESIAN_POINT('',(1.1684E1,-2.7178E0,0.E0));
#1041=LINE('',#1040,#1039);
#1042=DIRECTION('',(0.E0,1.E0,0.E0));
#1043=VECTOR('',#1042,5.4356E0);
#1044=CARTESIAN_POINT('',(1.1684E1,-2.7178E0,-1.19126E1));
#1045=LINE('',#1044,#1043);
#1046=DIRECTION('',(0.E0,1.E0,0.E0));
#1047=VECTOR('',#1046,5.4356E0);
#1048=CARTESIAN_POINT('',(1.10744E1,-2.7178E0,-1.19126E1));
#1049=LINE('',#1048,#1047);
#1050=DIRECTION('',(0.E0,1.E0,0.E0));
#1051=VECTOR('',#1050,5.4356E0);
#1052=CARTESIAN_POINT('',(-9.781387873497E0,-2.7178E0,-1.39446E1));
#1053=LINE('',#1052,#1051);
#1054=DIRECTION('',(0.E0,1.E0,0.E0));
#1055=VECTOR('',#1054,5.4356E0);
#1056=CARTESIAN_POINT('',(-7.241387873497E0,-2.7178E0,-1.39446E1));
#1057=LINE('',#1056,#1055);
#1058=DIRECTION('',(0.E0,1.E0,0.E0));
#1059=VECTOR('',#1058,5.4356E0);
#1060=CARTESIAN_POINT('',(-7.998612126503E0,-2.7178E0,-1.39446E1));
#1061=LINE('',#1060,#1059);
#1062=DIRECTION('',(0.E0,1.E0,0.E0));
#1063=VECTOR('',#1062,5.4356E0);
#1064=CARTESIAN_POINT('',(-4.701387873497E0,-2.7178E0,-1.39446E1));
#1065=LINE('',#1064,#1063);
#1066=DIRECTION('',(0.E0,1.E0,0.E0));
#1067=VECTOR('',#1066,5.4356E0);
#1068=CARTESIAN_POINT('',(-5.458612126503E0,-2.7178E0,-1.39446E1));
#1069=LINE('',#1068,#1067);
#1070=DIRECTION('',(0.E0,1.E0,0.E0));
#1071=VECTOR('',#1070,5.4356E0);
#1072=CARTESIAN_POINT('',(-2.161387873497E0,-2.7178E0,-1.39446E1));
#1073=LINE('',#1072,#1071);
#1074=DIRECTION('',(0.E0,1.E0,0.E0));
#1075=VECTOR('',#1074,5.4356E0);
#1076=CARTESIAN_POINT('',(-2.918612126503E0,-2.7178E0,-1.39446E1));
#1077=LINE('',#1076,#1075);
#1078=DIRECTION('',(0.E0,1.E0,0.E0));
#1079=VECTOR('',#1078,5.4356E0);
#1080=CARTESIAN_POINT('',(3.786121265033E-1,-2.7178E0,-1.39446E1));
#1081=LINE('',#1080,#1079);
#1082=DIRECTION('',(0.E0,1.E0,0.E0));
#1083=VECTOR('',#1082,5.4356E0);
#1084=CARTESIAN_POINT('',(-3.786121265033E-1,-2.7178E0,-1.39446E1));
#1085=LINE('',#1084,#1083);
#1086=DIRECTION('',(0.E0,1.E0,0.E0));
#1087=VECTOR('',#1086,5.4356E0);
#1088=CARTESIAN_POINT('',(2.918612126503E0,-2.7178E0,-1.39446E1));
#1089=LINE('',#1088,#1087);
#1090=DIRECTION('',(0.E0,1.E0,0.E0));
#1091=VECTOR('',#1090,5.4356E0);
#1092=CARTESIAN_POINT('',(2.161387873497E0,-2.7178E0,-1.39446E1));
#1093=LINE('',#1092,#1091);
#1094=DIRECTION('',(0.E0,1.E0,0.E0));
#1095=VECTOR('',#1094,5.4356E0);
#1096=CARTESIAN_POINT('',(5.458612126503E0,-2.7178E0,-1.39446E1));
#1097=LINE('',#1096,#1095);
#1098=DIRECTION('',(0.E0,1.E0,0.E0));
#1099=VECTOR('',#1098,5.4356E0);
#1100=CARTESIAN_POINT('',(4.701387873497E0,-2.7178E0,-1.39446E1));
#1101=LINE('',#1100,#1099);
#1102=DIRECTION('',(0.E0,1.E0,0.E0));
#1103=VECTOR('',#1102,5.4356E0);
#1104=CARTESIAN_POINT('',(7.998612126503E0,-2.7178E0,-1.39446E1));
#1105=LINE('',#1104,#1103);
#1106=DIRECTION('',(0.E0,1.E0,0.E0));
#1107=VECTOR('',#1106,5.4356E0);
#1108=CARTESIAN_POINT('',(7.241387873497E0,-2.7178E0,-1.39446E1));
#1109=LINE('',#1108,#1107);
#1110=DIRECTION('',(0.E0,1.E0,0.E0));
#1111=VECTOR('',#1110,5.4356E0);
#1112=CARTESIAN_POINT('',(9.781387873497E0,-2.7178E0,-1.39446E1));
#1113=LINE('',#1112,#1111);
#1114=DIRECTION('',(0.E0,1.E0,0.E0));
#1115=VECTOR('',#1114,5.4356E0);
#1116=CARTESIAN_POINT('',(1.10744E1,-2.7178E0,-1.39446E1));
#1117=LINE('',#1116,#1115);
#1118=DIRECTION('',(0.E0,1.E0,0.E0));
#1119=VECTOR('',#1118,2.2479E0);
#1120=CARTESIAN_POINT('',(-9.1948E0,-2.7178E0,-1.25349E1));
#1121=LINE('',#1120,#1119);
#1122=CARTESIAN_POINT('',(-9.1948E0,-4.699E-1,-1.18999E1));
#1123=DIRECTION('',(1.E0,0.E0,0.E0));
#1124=DIRECTION('',(0.E0,0.E0,-1.E0));
#1125=AXIS2_PLACEMENT_3D('',#1122,#1123,#1124);
#1127=DIRECTION('',(0.E0,-1.E0,0.E0));
#1128=VECTOR('',#1127,5.4356E0);
#1129=CARTESIAN_POINT('',(-9.1948E0,2.7178E0,-1.29286E1));
#1130=LINE('',#1129,#1128);
#1131=DIRECTION('',(-1.E0,0.E0,0.E0));
#1132=VECTOR('',#1131,6.35E-1);
#1133=CARTESIAN_POINT('',(-8.5725E0,-5.8293E0,-1.25349E1));
#1134=LINE('',#1133,#1132);
#1135=DIRECTION('',(0.E0,-1.E0,0.E0));
#1136=VECTOR('',#1135,3.1115E0);
#1137=CARTESIAN_POINT('',(-9.2075E0,-2.7178E0,-1.18999E1));
#1138=LINE('',#1137,#1136);
#1139=DIRECTION('',(0.E0,0.E0,-1.E0));
#1140=VECTOR('',#1139,6.35E-1);
#1141=CARTESIAN_POINT('',(-9.2075E0,-5.8293E0,-1.18999E1));
#1142=LINE('',#1141,#1140);
#1143=DIRECTION('',(0.E0,1.E0,0.E0));
#1144=VECTOR('',#1143,3.1115E0);
#1145=CARTESIAN_POINT('',(-9.2075E0,-5.8293E0,-1.25349E1));
#1146=LINE('',#1145,#1144);
#1147=DIRECTION('',(0.E0,0.E0,1.E0));
#1148=VECTOR('',#1147,6.35E-2);
#1149=CARTESIAN_POINT('',(-9.2075E0,4.826E-1,-8.382E0));
#1150=LINE('',#1149,#1148);
#1151=DIRECTION('',(0.E0,-1.E0,0.E0));
#1152=VECTOR('',#1151,3.175E-1);
#1153=CARTESIAN_POINT('',(-9.2075E0,4.826E-1,-8.3185E0));
#1154=LINE('',#1153,#1152);
#1155=DIRECTION('',(0.E0,0.E0,1.E0));
#1156=VECTOR('',#1155,6.096E0);
#1157=CARTESIAN_POINT('',(-9.2075E0,1.651E-1,-8.3185E0));
#1158=LINE('',#1157,#1156);
#1159=DIRECTION('',(0.E0,-1.E0,0.E0));
#1160=VECTOR('',#1159,6.35E-1);
#1161=CARTESIAN_POINT('',(-9.2075E0,1.651E-1,-2.2225E0));
#1162=LINE('',#1161,#1160);
#1163=DIRECTION('',(0.E0,0.E0,-1.E0));
#1164=VECTOR('',#1163,6.096E0);
#1165=CARTESIAN_POINT('',(-9.2075E0,-4.699E-1,-2.2225E0));
#1166=LINE('',#1165,#1164);
#1167=DIRECTION('',(0.E0,-1.E0,0.E0));
#1168=VECTOR('',#1167,3.175E-1);
#1169=CARTESIAN_POINT('',(-9.2075E0,-4.699E-1,-8.3185E0));
#1170=LINE('',#1169,#1168);
#1171=DIRECTION('',(0.E0,0.E0,-1.E0));
#1172=VECTOR('',#1171,6.35E-2);
#1173=CARTESIAN_POINT('',(-9.2075E0,-7.874E-1,-8.3185E0));
#1174=LINE('',#1173,#1172);
#1175=DIRECTION('',(0.E0,1.E0,0.E0));
#1176=VECTOR('',#1175,3.1115E0);
#1177=CARTESIAN_POINT('',(-8.5725E0,-5.8293E0,-1.25349E1));
#1178=LINE('',#1177,#1176);
#1179=DIRECTION('',(0.E0,0.E0,-1.E0));
#1180=VECTOR('',#1179,6.35E-1);
#1181=CARTESIAN_POINT('',(-8.5725E0,-5.8293E0,-1.18999E1));
#1182=LINE('',#1181,#1180);
#1183=DIRECTION('',(0.E0,-1.E0,0.E0));
#1184=VECTOR('',#1183,3.1115E0);
#1185=CARTESIAN_POINT('',(-8.5725E0,-2.7178E0,-1.18999E1));
#1186=LINE('',#1185,#1184);
#1187=DIRECTION('',(0.E0,0.E0,-1.E0));
#1188=VECTOR('',#1187,6.35E-2);
#1189=CARTESIAN_POINT('',(-8.5725E0,-7.874E-1,-8.3185E0));
#1190=LINE('',#1189,#1188);
#1191=DIRECTION('',(0.E0,-1.E0,0.E0));
#1192=VECTOR('',#1191,3.175E-1);
#1193=CARTESIAN_POINT('',(-8.5725E0,-4.699E-1,-8.3185E0));
#1194=LINE('',#1193,#1192);
#1195=DIRECTION('',(0.E0,0.E0,-1.E0));
#1196=VECTOR('',#1195,6.096E0);
#1197=CARTESIAN_POINT('',(-8.5725E0,-4.699E-1,-2.2225E0));
#1198=LINE('',#1197,#1196);
#1199=DIRECTION('',(0.E0,-1.E0,0.E0));
#1200=VECTOR('',#1199,6.35E-1);
#1201=CARTESIAN_POINT('',(-8.5725E0,1.651E-1,-2.2225E0));
#1202=LINE('',#1201,#1200);
#1203=DIRECTION('',(0.E0,0.E0,1.E0));
#1204=VECTOR('',#1203,6.096E0);
#1205=CARTESIAN_POINT('',(-8.5725E0,1.651E-1,-8.3185E0));
#1206=LINE('',#1205,#1204);
#1207=DIRECTION('',(0.E0,-1.E0,0.E0));
#1208=VECTOR('',#1207,3.175E-1);
#1209=CARTESIAN_POINT('',(-8.5725E0,4.826E-1,-8.3185E0));
#1210=LINE('',#1209,#1208);
#1211=DIRECTION('',(0.E0,0.E0,1.E0));
#1212=VECTOR('',#1211,6.35E-2);
#1213=CARTESIAN_POINT('',(-8.5725E0,4.826E-1,-8.382E0));
#1214=LINE('',#1213,#1212);
#1215=DIRECTION('',(-1.E0,0.E0,0.E0));
#1216=VECTOR('',#1215,6.35E-1);
#1217=CARTESIAN_POINT('',(-8.5725E0,-5.8293E0,-1.18999E1));
#1218=LINE('',#1217,#1216);
#1219=DIRECTION('',(1.E0,0.E0,0.E0));
#1220=VECTOR('',#1219,1.524E0);
#1221=CARTESIAN_POINT('',(9.144E0,-1.7018E0,-8.382E0));
#1222=LINE('',#1221,#1220);
#1223=DIRECTION('',(0.E0,1.E0,0.E0));
#1224=VECTOR('',#1223,1.016E0);
#1225=CARTESIAN_POINT('',(7.366E0,-2.7178E0,-8.382E0));
#1226=LINE('',#1225,#1224);
#1227=DIRECTION('',(1.E0,0.E0,0.E0));
#1228=VECTOR('',#1227,1.4732E1);
#1229=CARTESIAN_POINT('',(-7.366E0,-1.7018E0,-8.382E0));
#1230=LINE('',#1229,#1228);
#1231=DIRECTION('',(0.E0,1.E0,0.E0));
#1232=VECTOR('',#1231,1.016E0);
#1233=CARTESIAN_POINT('',(-9.144E0,-2.7178E0,-8.382E0));
#1234=LINE('',#1233,#1232);
#1235=DIRECTION('',(1.E0,0.E0,0.E0));
#1236=VECTOR('',#1235,1.524E0);
#1237=CARTESIAN_POINT('',(-1.0668E1,-1.7018E0,-8.382E0));
#1238=LINE('',#1237,#1236);
#1239=DIRECTION('',(0.E0,-1.E0,0.E0));
#1240=VECTOR('',#1239,3.5306E0);
#1241=CARTESIAN_POINT('',(-1.0668E1,1.8288E0,-8.382E0));
#1242=LINE('',#1241,#1240);
#1243=DIRECTION('',(-1.E0,0.E0,0.E0));
#1244=VECTOR('',#1243,2.1336E1);
#1245=CARTESIAN_POINT('',(1.0668E1,1.8288E0,-8.382E0));
#1246=LINE('',#1245,#1244);
#1247=DIRECTION('',(0.E0,1.E0,0.E0));
#1248=VECTOR('',#1247,3.5306E0);
#1249=CARTESIAN_POINT('',(1.0668E1,-1.7018E0,-8.382E0));
#1250=LINE('',#1249,#1248);
#1251=DIRECTION('',(0.E0,1.E0,0.E0));
#1252=VECTOR('',#1251,1.27E0);
#1253=CARTESIAN_POINT('',(-8.5725E0,-7.874E-1,-8.382E0));
#1254=LINE('',#1253,#1252);
#1255=DIRECTION('',(1.E0,0.E0,0.E0));
#1256=VECTOR('',#1255,6.35E-1);
#1257=CARTESIAN_POINT('',(-9.2075E0,4.826E-1,-8.382E0));
#1258=LINE('',#1257,#1256);
#1259=DIRECTION('',(0.E0,1.E0,0.E0));
#1260=VECTOR('',#1259,1.27E0);
#1261=CARTESIAN_POINT('',(-9.2075E0,-7.874E-1,-8.382E0));
#1262=LINE('',#1261,#1260);
#1263=DIRECTION('',(1.E0,0.E0,0.E0));
#1264=VECTOR('',#1263,6.35E-1);
#1265=CARTESIAN_POINT('',(-9.2075E0,-7.874E-1,-8.382E0));
#1266=LINE('',#1265,#1264);
#1267=DIRECTION('',(0.E0,1.E0,0.E0));
#1268=VECTOR('',#1267,1.27E0);
#1269=CARTESIAN_POINT('',(-6.0325E0,-7.874E-1,-8.382E0));
#1270=LINE('',#1269,#1268);
#1271=DIRECTION('',(1.E0,0.E0,0.E0));
#1272=VECTOR('',#1271,6.35E-1);
#1273=CARTESIAN_POINT('',(-6.6675E0,4.826E-1,-8.382E0));
#1274=LINE('',#1273,#1272);
#1275=DIRECTION('',(0.E0,1.E0,0.E0));
#1276=VECTOR('',#1275,1.27E0);
#1277=CARTESIAN_POINT('',(-6.6675E0,-7.874E-1,-8.382E0));
#1278=LINE('',#1277,#1276);
#1279=DIRECTION('',(1.E0,0.E0,0.E0));
#1280=VECTOR('',#1279,6.35E-1);
#1281=CARTESIAN_POINT('',(-6.6675E0,-7.874E-1,-8.382E0));
#1282=LINE('',#1281,#1280);
#1283=DIRECTION('',(0.E0,1.E0,0.E0));
#1284=VECTOR('',#1283,1.27E0);
#1285=CARTESIAN_POINT('',(-3.4925E0,-7.874E-1,-8.382E0));
#1286=LINE('',#1285,#1284);
#1287=DIRECTION('',(1.E0,0.E0,0.E0));
#1288=VECTOR('',#1287,6.35E-1);
#1289=CARTESIAN_POINT('',(-4.1275E0,4.826E-1,-8.382E0));
#1290=LINE('',#1289,#1288);
#1291=DIRECTION('',(0.E0,1.E0,0.E0));
#1292=VECTOR('',#1291,1.27E0);
#1293=CARTESIAN_POINT('',(-4.1275E0,-7.874E-1,-8.382E0));
#1294=LINE('',#1293,#1292);
#1295=DIRECTION('',(1.E0,0.E0,0.E0));
#1296=VECTOR('',#1295,6.35E-1);
#1297=CARTESIAN_POINT('',(-4.1275E0,-7.874E-1,-8.382E0));
#1298=LINE('',#1297,#1296);
#1299=DIRECTION('',(0.E0,1.E0,0.E0));
#1300=VECTOR('',#1299,1.27E0);
#1301=CARTESIAN_POINT('',(-9.525E-1,-7.874E-1,-8.382E0));
#1302=LINE('',#1301,#1300);
#1303=DIRECTION('',(1.E0,0.E0,0.E0));
#1304=VECTOR('',#1303,6.35E-1);
#1305=CARTESIAN_POINT('',(-1.5875E0,4.826E-1,-8.382E0));
#1306=LINE('',#1305,#1304);
#1307=DIRECTION('',(0.E0,1.E0,0.E0));
#1308=VECTOR('',#1307,1.27E0);
#1309=CARTESIAN_POINT('',(-1.5875E0,-7.874E-1,-8.382E0));
#1310=LINE('',#1309,#1308);
#1311=DIRECTION('',(1.E0,0.E0,0.E0));
#1312=VECTOR('',#1311,6.35E-1);
#1313=CARTESIAN_POINT('',(-1.5875E0,-7.874E-1,-8.382E0));
#1314=LINE('',#1313,#1312);
#1315=DIRECTION('',(0.E0,1.E0,0.E0));
#1316=VECTOR('',#1315,1.27E0);
#1317=CARTESIAN_POINT('',(1.5875E0,-7.874E-1,-8.382E0));
#1318=LINE('',#1317,#1316);
#1319=DIRECTION('',(1.E0,0.E0,0.E0));
#1320=VECTOR('',#1319,6.35E-1);
#1321=CARTESIAN_POINT('',(9.525E-1,4.826E-1,-8.382E0));
#1322=LINE('',#1321,#1320);
#1323=DIRECTION('',(0.E0,1.E0,0.E0));
#1324=VECTOR('',#1323,1.27E0);
#1325=CARTESIAN_POINT('',(9.525E-1,-7.874E-1,-8.382E0));
#1326=LINE('',#1325,#1324);
#1327=DIRECTION('',(1.E0,0.E0,0.E0));
#1328=VECTOR('',#1327,6.35E-1);
#1329=CARTESIAN_POINT('',(9.525E-1,-7.874E-1,-8.382E0));
#1330=LINE('',#1329,#1328);
#1331=DIRECTION('',(0.E0,1.E0,0.E0));
#1332=VECTOR('',#1331,1.27E0);
#1333=CARTESIAN_POINT('',(4.1275E0,-7.874E-1,-8.382E0));
#1334=LINE('',#1333,#1332);
#1335=DIRECTION('',(1.E0,0.E0,0.E0));
#1336=VECTOR('',#1335,6.35E-1);
#1337=CARTESIAN_POINT('',(3.4925E0,4.826E-1,-8.382E0));
#1338=LINE('',#1337,#1336);
#1339=DIRECTION('',(0.E0,1.E0,0.E0));
#1340=VECTOR('',#1339,1.27E0);
#1341=CARTESIAN_POINT('',(3.4925E0,-7.874E-1,-8.382E0));
#1342=LINE('',#1341,#1340);
#1343=DIRECTION('',(1.E0,0.E0,0.E0));
#1344=VECTOR('',#1343,6.35E-1);
#1345=CARTESIAN_POINT('',(3.4925E0,-7.874E-1,-8.382E0));
#1346=LINE('',#1345,#1344);
#1347=DIRECTION('',(0.E0,1.E0,0.E0));
#1348=VECTOR('',#1347,1.27E0);
#1349=CARTESIAN_POINT('',(6.6675E0,-7.874E-1,-8.382E0));
#1350=LINE('',#1349,#1348);
#1351=DIRECTION('',(1.E0,0.E0,0.E0));
#1352=VECTOR('',#1351,6.35E-1);
#1353=CARTESIAN_POINT('',(6.0325E0,4.826E-1,-8.382E0));
#1354=LINE('',#1353,#1352);
#1355=DIRECTION('',(0.E0,1.E0,0.E0));
#1356=VECTOR('',#1355,1.27E0);
#1357=CARTESIAN_POINT('',(6.0325E0,-7.874E-1,-8.382E0));
#1358=LINE('',#1357,#1356);
#1359=DIRECTION('',(1.E0,0.E0,0.E0));
#1360=VECTOR('',#1359,6.35E-1);
#1361=CARTESIAN_POINT('',(6.0325E0,-7.874E-1,-8.382E0));
#1362=LINE('',#1361,#1360);
#1363=DIRECTION('',(0.E0,1.E0,0.E0));
#1364=VECTOR('',#1363,1.27E0);
#1365=CARTESIAN_POINT('',(9.2075E0,-7.874E-1,-8.382E0));
#1366=LINE('',#1365,#1364);
#1367=DIRECTION('',(1.E0,0.E0,0.E0));
#1368=VECTOR('',#1367,6.35E-1);
#1369=CARTESIAN_POINT('',(8.5725E0,4.826E-1,-8.382E0));
#1370=LINE('',#1369,#1368);
#1371=DIRECTION('',(0.E0,1.E0,0.E0));
#1372=VECTOR('',#1371,1.27E0);
#1373=CARTESIAN_POINT('',(8.5725E0,-7.874E-1,-8.382E0));
#1374=LINE('',#1373,#1372);
#1375=DIRECTION('',(1.E0,0.E0,0.E0));
#1376=VECTOR('',#1375,6.35E-1);
#1377=CARTESIAN_POINT('',(8.5725E0,-7.874E-1,-8.382E0));
#1378=LINE('',#1377,#1376);
#1379=DIRECTION('',(0.E0,0.E0,1.E0));
#1380=VECTOR('',#1379,8.001E0);
#1381=CARTESIAN_POINT('',(-9.144E0,-1.7018E0,-8.382E0));
#1382=LINE('',#1381,#1380);
#1383=DIRECTION('',(-1.E0,0.E0,0.E0));
#1384=VECTOR('',#1383,1.524E0);
#1385=CARTESIAN_POINT('',(-9.144E0,-1.7018E0,-3.81E-1));
#1386=LINE('',#1385,#1384);
#1387=DIRECTION('',(0.E0,0.E0,-1.E0));
#1388=VECTOR('',#1387,8.001E0);
#1389=CARTESIAN_POINT('',(-1.0668E1,-1.7018E0,-3.81E-1));
#1390=LINE('',#1389,#1388);
#1391=DIRECTION('',(0.E0,0.E0,1.E0));
#1392=VECTOR('',#1391,8.001E0);
#1393=CARTESIAN_POINT('',(-7.366E0,-1.7018E0,-8.382E0));
#1394=LINE('',#1393,#1392);
#1395=DIRECTION('',(0.E0,0.E0,1.E0));
#1396=VECTOR('',#1395,8.001E0);
#1397=CARTESIAN_POINT('',(7.366E0,-1.7018E0,-8.382E0));
#1398=LINE('',#1397,#1396);
#1399=DIRECTION('',(-1.E0,0.E0,0.E0));
#1400=VECTOR('',#1399,1.4732E1);
#1401=CARTESIAN_POINT('',(7.366E0,-1.7018E0,-3.81E-1));
#1402=LINE('',#1401,#1400);
#1403=DIRECTION('',(0.E0,0.E0,1.E0));
#1404=VECTOR('',#1403,8.001E0);
#1405=CARTESIAN_POINT('',(9.144E0,-1.7018E0,-8.382E0));
#1406=LINE('',#1405,#1404);
#1407=DIRECTION('',(-1.E0,0.E0,0.E0));
#1408=VECTOR('',#1407,1.524E0);
#1409=CARTESIAN_POINT('',(1.0668E1,-1.7018E0,-3.81E-1));
#1410=LINE('',#1409,#1408);
#1411=DIRECTION('',(0.E0,-7.071067811865E-1,7.071067811865E-1));
#1412=VECTOR('',#1411,5.388153672641E-1);
#1413=CARTESIAN_POINT('',(-9.144E0,-1.7018E0,-3.81E-1));
#1414=LINE('',#1413,#1412);
#1415=DIRECTION('',(-5.773502691896E-1,-5.773502691896E-1,5.773502691896E-1));
#1416=VECTOR('',#1415,6.599113576837E-1);
#1417=CARTESIAN_POINT('',(-1.0668E1,-1.7018E0,-3.81E-1));
#1418=LINE('',#1417,#1416);
#1419=DIRECTION('',(0.E0,-7.071067811865E-1,7.071067811865E-1));
#1420=VECTOR('',#1419,5.388153672641E-1);
#1421=CARTESIAN_POINT('',(-7.366E0,-1.7018E0,-3.81E-1));
#1422=LINE('',#1421,#1420);
#1423=DIRECTION('',(0.E0,-7.071067811865E-1,7.071067811865E-1));
#1424=VECTOR('',#1423,5.388153672641E-1);
#1425=CARTESIAN_POINT('',(7.366E0,-1.7018E0,-3.81E-1));
#1426=LINE('',#1425,#1424);
#1427=DIRECTION('',(0.E0,-7.071067811865E-1,7.071067811865E-1));
#1428=VECTOR('',#1427,5.388153672641E-1);
#1429=CARTESIAN_POINT('',(9.144E0,-1.7018E0,-3.81E-1));
#1430=LINE('',#1429,#1428);
#1431=DIRECTION('',(0.E0,1.E0,0.E0));
#1432=VECTOR('',#1431,1.016E0);
#1433=CARTESIAN_POINT('',(-7.366E0,-2.7178E0,-8.382E0));
#1434=LINE('',#1433,#1432);
#1435=DIRECTION('',(0.E0,1.E0,0.E0));
#1436=VECTOR('',#1435,1.016E0);
#1437=CARTESIAN_POINT('',(9.144E0,-2.7178E0,-8.382E0));
#1438=LINE('',#1437,#1436);
#1439=DIRECTION('',(0.E0,0.E0,-1.E0));
#1440=VECTOR('',#1439,8.382E0);
#1441=CARTESIAN_POINT('',(9.144E0,-2.7178E0,0.E0));
#1442=LINE('',#1441,#1440);
#1443=DIRECTION('',(0.E0,0.E0,-1.E0));
#1444=VECTOR('',#1443,1.17856E1);
#1445=CARTESIAN_POINT('',(9.525E0,-3.0353E0,0.E0));
#1446=LINE('',#1445,#1444);
#1447=DIRECTION('',(7.682212795974E-1,-6.401843996645E-1,0.E0));
#1448=VECTOR('',#1447,4.959508544201E-1);
#1449=CARTESIAN_POINT('',(-9.906E0,-2.7178E0,-1.17856E1));
#1450=LINE('',#1449,#1448);
#1451=DIRECTION('',(7.682212795974E-1,6.401843996645E-1,0.E0));
#1452=VECTOR('',#1451,4.959508544201E-1);
#1453=CARTESIAN_POINT('',(-9.525E0,-3.0353E0,-1.17856E1));
#1454=LINE('',#1453,#1452);
#1455=DIRECTION('',(7.682212795974E-1,-6.401843996645E-1,0.E0));
#1456=VECTOR('',#1455,4.959508544201E-1);
#1457=CARTESIAN_POINT('',(9.144E0,-2.7178E0,-1.17856E1));
#1458=LINE('',#1457,#1456);
#1459=DIRECTION('',(7.682212795974E-1,6.401843996645E-1,0.E0));
#1460=VECTOR('',#1459,4.959508544201E-1);
#1461=CARTESIAN_POINT('',(9.525E0,-3.0353E0,-1.17856E1));
#1462=LINE('',#1461,#1460);
#1463=DIRECTION('',(0.E0,0.E0,-1.E0));
#1464=VECTOR('',#1463,8.382E0);
#1465=CARTESIAN_POINT('',(-9.144E0,-2.7178E0,0.E0));
#1466=LINE('',#1465,#1464);
#1467=DIRECTION('',(0.E0,0.E0,1.E0));
#1468=VECTOR('',#1467,1.17856E1);
#1469=CARTESIAN_POINT('',(-9.525E0,-3.0353E0,-1.17856E1));
#1470=LINE('',#1469,#1468);
#1471=DIRECTION('',(7.071067811865E-1,0.E0,7.071067811865E-1));
#1472=VECTOR('',#1471,5.388153672642E-1);
#1473=CARTESIAN_POINT('',(1.0668E1,-8.305477371938E-1,-3.81E-1));
#1474=LINE('',#1473,#1472);
#1475=DIRECTION('',(5.773502691896E-1,-5.773502691896E-1,5.773502691896E-1));
#1476=VECTOR('',#1475,6.599113576837E-1);
#1477=CARTESIAN_POINT('',(1.0668E1,-1.7018E0,-3.81E-1));
#1478=LINE('',#1477,#1476);
#1479=DIRECTION('',(7.071067811865E-1,0.E0,7.071067811865E-1));
#1480=VECTOR('',#1479,5.388153672642E-1);
#1481=CARTESIAN_POINT('',(1.0668E1,1.287747737194E0,-3.81E-1));
#1482=LINE('',#1481,#1480);
#1483=DIRECTION('',(0.E0,0.E0,-1.E0));
#1484=VECTOR('',#1483,1.27E-1);
#1485=CARTESIAN_POINT('',(1.0668E1,-8.305477371938E-1,-3.81E-1));
#1486=LINE('',#1485,#1484);
#1487=DIRECTION('',(0.E0,-1.E0,0.E0));
#1488=VECTOR('',#1487,8.712522628062E-1);
#1489=CARTESIAN_POINT('',(1.0668E1,-8.305477371938E-1,-3.81E-1));
#1490=LINE('',#1489,#1488);
#1491=DIRECTION('',(0.E0,0.E0,-1.E0));
#1492=VECTOR('',#1491,8.001E0);
#1493=CARTESIAN_POINT('',(1.0668E1,-1.7018E0,-3.81E-1));
#1494=LINE('',#1493,#1492);
#1495=DIRECTION('',(0.E0,-1.E0,0.E0));
#1496=VECTOR('',#1495,5.410522628062E-1);
#1497=CARTESIAN_POINT('',(1.0668E1,1.8288E0,-3.81E-1));
#1498=LINE('',#1497,#1496);
#1499=DIRECTION('',(0.E0,0.E0,-1.E0));
#1500=VECTOR('',#1499,1.27E-1);
#1501=CARTESIAN_POINT('',(1.0668E1,1.287747737194E0,-3.81E-1));
#1502=LINE('',#1501,#1500);
#1503=DIRECTION('',(0.E0,2.588190451025E-1,9.659258262891E-1));
#1504=VECTOR('',#1503,6.574003745604E-1);
#1505=CARTESIAN_POINT('',(1.0668E1,1.1176E0,-1.143E0));
#1506=LINE('',#1505,#1504);
#1507=DIRECTION('',(0.E0,1.E0,0.E0));
#1508=VECTOR('',#1507,1.778E0);
#1509=CARTESIAN_POINT('',(1.0668E1,-6.604E-1,-1.143E0));
#1510=LINE('',#1509,#1508);
#1511=DIRECTION('',(0.E0,2.588190451025E-1,-9.659258262891E-1));
#1512=VECTOR('',#1511,6.574003745604E-1);
#1513=CARTESIAN_POINT('',(1.0668E1,-8.305477371938E-1,-5.08E-1));
#1514=LINE('',#1513,#1512);
#1515=DIRECTION('',(-1.E0,0.E0,0.E0));
#1516=VECTOR('',#1515,6.35E-1);
#1517=CARTESIAN_POINT('',(-8.5725E0,4.826E-1,-8.3185E0));
#1518=LINE('',#1517,#1516);
#1519=DIRECTION('',(-1.E0,0.E0,0.E0));
#1520=VECTOR('',#1519,6.35E-1);
#1521=CARTESIAN_POINT('',(-8.5725E0,1.651E-1,-8.3185E0));
#1522=LINE('',#1521,#1520);
#1523=DIRECTION('',(-1.E0,0.E0,0.E0));
#1524=VECTOR('',#1523,6.35E-1);
#1525=CARTESIAN_POINT('',(-8.5725E0,1.651E-1,-2.2225E0));
#1526=LINE('',#1525,#1524);
#1527=DIRECTION('',(-1.E0,0.E0,0.E0));
#1528=VECTOR('',#1527,6.35E-1);
#1529=CARTESIAN_POINT('',(-8.5725E0,-4.699E-1,-2.2225E0));
#1530=LINE('',#1529,#1528);
#1531=DIRECTION('',(-1.E0,0.E0,0.E0));
#1532=VECTOR('',#1531,6.35E-1);
#1533=CARTESIAN_POINT('',(-8.5725E0,-4.699E-1,-8.3185E0));
#1534=LINE('',#1533,#1532);
#1535=DIRECTION('',(-1.E0,0.E0,0.E0));
#1536=VECTOR('',#1535,6.35E-1);
#1537=CARTESIAN_POINT('',(-8.5725E0,-7.874E-1,-8.3185E0));
#1538=LINE('',#1537,#1536);
#1539=DIRECTION('',(0.E0,1.E0,0.E0));
#1540=VECTOR('',#1539,3.1115E0);
#1541=CARTESIAN_POINT('',(-6.0325E0,-5.8293E0,-1.25349E1));
#1542=LINE('',#1541,#1540);
#1543=DIRECTION('',(0.E0,0.E0,-1.E0));
#1544=VECTOR('',#1543,6.35E-1);
#1545=CARTESIAN_POINT('',(-6.0325E0,-5.8293E0,-1.18999E1));
#1546=LINE('',#1545,#1544);
#1547=DIRECTION('',(0.E0,-1.E0,0.E0));
#1548=VECTOR('',#1547,3.1115E0);
#1549=CARTESIAN_POINT('',(-6.0325E0,-2.7178E0,-1.18999E1));
#1550=LINE('',#1549,#1548);
#1551=DIRECTION('',(0.E0,0.E0,-1.E0));
#1552=VECTOR('',#1551,6.35E-2);
#1553=CARTESIAN_POINT('',(-6.0325E0,-7.874E-1,-8.3185E0));
#1554=LINE('',#1553,#1552);
#1555=DIRECTION('',(0.E0,-1.E0,0.E0));
#1556=VECTOR('',#1555,3.175E-1);
#1557=CARTESIAN_POINT('',(-6.0325E0,-4.699E-1,-8.3185E0));
#1558=LINE('',#1557,#1556);
#1559=DIRECTION('',(0.E0,0.E0,-1.E0));
#1560=VECTOR('',#1559,6.096E0);
#1561=CARTESIAN_POINT('',(-6.0325E0,-4.699E-1,-2.2225E0));
#1562=LINE('',#1561,#1560);
#1563=DIRECTION('',(0.E0,-1.E0,0.E0));
#1564=VECTOR('',#1563,6.35E-1);
#1565=CARTESIAN_POINT('',(-6.0325E0,1.651E-1,-2.2225E0));
#1566=LINE('',#1565,#1564);
#1567=DIRECTION('',(0.E0,0.E0,1.E0));
#1568=VECTOR('',#1567,6.096E0);
#1569=CARTESIAN_POINT('',(-6.0325E0,1.651E-1,-8.3185E0));
#1570=LINE('',#1569,#1568);
#1571=DIRECTION('',(0.E0,-1.E0,0.E0));
#1572=VECTOR('',#1571,3.175E-1);
#1573=CARTESIAN_POINT('',(-6.0325E0,4.826E-1,-8.3185E0));
#1574=LINE('',#1573,#1572);
#1575=DIRECTION('',(0.E0,0.E0,1.E0));
#1576=VECTOR('',#1575,6.35E-2);
#1577=CARTESIAN_POINT('',(-6.0325E0,4.826E-1,-8.382E0));
#1578=LINE('',#1577,#1576);
#1579=DIRECTION('',(-1.E0,0.E0,0.E0));
#1580=VECTOR('',#1579,6.35E-1);
#1581=CARTESIAN_POINT('',(-6.0325E0,-5.8293E0,-1.25349E1));
#1582=LINE('',#1581,#1580);
#1583=DIRECTION('',(0.E0,-1.E0,0.E0));
#1584=VECTOR('',#1583,3.1115E0);
#1585=CARTESIAN_POINT('',(-6.6675E0,-2.7178E0,-1.18999E1));
#1586=LINE('',#1585,#1584);
#1587=DIRECTION('',(0.E0,0.E0,-1.E0));
#1588=VECTOR('',#1587,6.35E-1);
#1589=CARTESIAN_POINT('',(-6.6675E0,-5.8293E0,-1.18999E1));
#1590=LINE('',#1589,#1588);
#1591=DIRECTION('',(0.E0,1.E0,0.E0));
#1592=VECTOR('',#1591,3.1115E0);
#1593=CARTESIAN_POINT('',(-6.6675E0,-5.8293E0,-1.25349E1));
#1594=LINE('',#1593,#1592);
#1595=DIRECTION('',(0.E0,0.E0,1.E0));
#1596=VECTOR('',#1595,6.35E-2);
#1597=CARTESIAN_POINT('',(-6.6675E0,4.826E-1,-8.382E0));
#1598=LINE('',#1597,#1596);
#1599=DIRECTION('',(0.E0,-1.E0,0.E0));
#1600=VECTOR('',#1599,3.175E-1);
#1601=CARTESIAN_POINT('',(-6.6675E0,4.826E-1,-8.3185E0));
#1602=LINE('',#1601,#1600);
#1603=DIRECTION('',(0.E0,0.E0,1.E0));
#1604=VECTOR('',#1603,6.096E0);
#1605=CARTESIAN_POINT('',(-6.6675E0,1.651E-1,-8.3185E0));
#1606=LINE('',#1605,#1604);
#1607=DIRECTION('',(0.E0,-1.E0,0.E0));
#1608=VECTOR('',#1607,6.35E-1);
#1609=CARTESIAN_POINT('',(-6.6675E0,1.651E-1,-2.2225E0));
#1610=LINE('',#1609,#1608);
#1611=DIRECTION('',(0.E0,0.E0,-1.E0));
#1612=VECTOR('',#1611,6.096E0);
#1613=CARTESIAN_POINT('',(-6.6675E0,-4.699E-1,-2.2225E0));
#1614=LINE('',#1613,#1612);
#1615=DIRECTION('',(0.E0,-1.E0,0.E0));
#1616=VECTOR('',#1615,3.175E-1);
#1617=CARTESIAN_POINT('',(-6.6675E0,-4.699E-1,-8.3185E0));
#1618=LINE('',#1617,#1616);
#1619=DIRECTION('',(0.E0,0.E0,-1.E0));
#1620=VECTOR('',#1619,6.35E-2);
#1621=CARTESIAN_POINT('',(-6.6675E0,-7.874E-1,-8.3185E0));
#1622=LINE('',#1621,#1620);
#1623=DIRECTION('',(-1.E0,0.E0,0.E0));
#1624=VECTOR('',#1623,6.35E-1);
#1625=CARTESIAN_POINT('',(-6.0325E0,-5.8293E0,-1.18999E1));
#1626=LINE('',#1625,#1624);
#1627=DIRECTION('',(-1.E0,0.E0,0.E0));
#1628=VECTOR('',#1627,6.35E-1);
#1629=CARTESIAN_POINT('',(-6.0325E0,4.826E-1,-8.3185E0));
#1630=LINE('',#1629,#1628);
#1631=DIRECTION('',(-1.E0,0.E0,0.E0));
#1632=VECTOR('',#1631,6.35E-1);
#1633=CARTESIAN_POINT('',(-6.0325E0,1.651E-1,-8.3185E0));
#1634=LINE('',#1633,#1632);
#1635=DIRECTION('',(-1.E0,0.E0,0.E0));
#1636=VECTOR('',#1635,6.35E-1);
#1637=CARTESIAN_POINT('',(-6.0325E0,1.651E-1,-2.2225E0));
#1638=LINE('',#1637,#1636);
#1639=DIRECTION('',(-1.E0,0.E0,0.E0));
#1640=VECTOR('',#1639,6.35E-1);
#1641=CARTESIAN_POINT('',(-6.0325E0,-4.699E-1,-2.2225E0));
#1642=LINE('',#1641,#1640);
#1643=DIRECTION('',(-1.E0,0.E0,0.E0));
#1644=VECTOR('',#1643,6.35E-1);
#1645=CARTESIAN_POINT('',(-6.0325E0,-4.699E-1,-8.3185E0));
#1646=LINE('',#1645,#1644);
#1647=DIRECTION('',(-1.E0,0.E0,0.E0));
#1648=VECTOR('',#1647,6.35E-1);
#1649=CARTESIAN_POINT('',(-6.0325E0,-7.874E-1,-8.3185E0));
#1650=LINE('',#1649,#1648);
#1651=DIRECTION('',(0.E0,-1.E0,0.E0));
#1652=VECTOR('',#1651,2.552827012703E0);
#1653=CARTESIAN_POINT('',(-6.0452E0,2.7178E0,-1.19126E1));
#1654=LINE('',#1653,#1652);
#1655=CARTESIAN_POINT('',(-6.0452E0,-4.699E-1,-1.18999E1));
#1656=DIRECTION('',(1.E0,0.E0,0.E0));
#1657=DIRECTION('',(0.E0,0.E0,-1.E0));
#1658=AXIS2_PLACEMENT_3D('',#1655,#1656,#1657);
#1660=DIRECTION('',(0.E0,1.E0,0.E0));
#1661=VECTOR('',#1660,2.2479E0);
#1662=CARTESIAN_POINT('',(-6.0452E0,-2.7178E0,-1.25349E1));
#1663=LINE('',#1662,#1661);
#1664=DIRECTION('',(0.E0,-1.E0,0.E0));
#1665=VECTOR('',#1664,5.4356E0);
#1666=CARTESIAN_POINT('',(-6.0452E0,2.7178E0,-1.29286E1));
#1667=LINE('',#1666,#1665);
#1668=DIRECTION('',(0.E0,-1.E0,0.E0));
#1669=VECTOR('',#1668,2.552827012703E0);
#1670=CARTESIAN_POINT('',(-6.6548E0,2.7178E0,-1.19126E1));
#1671=LINE('',#1670,#1669);
#1672=DIRECTION('',(1.E0,0.E0,0.E0));
#1673=VECTOR('',#1672,6.096E-1);
#1674=CARTESIAN_POINT('',(-6.6548E0,1.649729872975E-1,-1.19126E1));
#1675=LINE('',#1674,#1673);
#1676=DIRECTION('',(0.E0,1.E0,0.E0));
#1677=VECTOR('',#1676,2.2479E0);
#1678=CARTESIAN_POINT('',(-6.6548E0,-2.7178E0,-1.25349E1));
#1679=LINE('',#1678,#1677);
#1680=CARTESIAN_POINT('',(-6.6548E0,-4.699E-1,-1.18999E1));
#1681=DIRECTION('',(1.E0,0.E0,0.E0));
#1682=DIRECTION('',(0.E0,0.E0,-1.E0));
#1683=AXIS2_PLACEMENT_3D('',#1680,#1681,#1682);
#1685=DIRECTION('',(0.E0,-1.E0,0.E0));
#1686=VECTOR('',#1685,5.4356E0);
#1687=CARTESIAN_POINT('',(-6.6548E0,2.7178E0,-1.29286E1));
#1688=LINE('',#1687,#1686);
#1689=DIRECTION('',(-1.E0,0.E0,0.E0));
#1690=VECTOR('',#1689,6.096E-1);
#1691=CARTESIAN_POINT('',(-6.0452E0,-4.699E-1,-1.25349E1));
#1692=LINE('',#1691,#1690);
#1693=DIRECTION('',(0.E0,1.E0,0.E0));
#1694=VECTOR('',#1693,3.1115E0);
#1695=CARTESIAN_POINT('',(-3.4925E0,-5.8293E0,-1.25349E1));
#1696=LINE('',#1695,#1694);
#1697=DIRECTION('',(0.E0,0.E0,-1.E0));
#1698=VECTOR('',#1697,6.35E-1);
#1699=CARTESIAN_POINT('',(-3.4925E0,-5.8293E0,-1.18999E1));
#1700=LINE('',#1699,#1698);
#1701=DIRECTION('',(0.E0,-1.E0,0.E0));
#1702=VECTOR('',#1701,3.1115E0);
#1703=CARTESIAN_POINT('',(-3.4925E0,-2.7178E0,-1.18999E1));
#1704=LINE('',#1703,#1702);
#1705=DIRECTION('',(0.E0,0.E0,-1.E0));
#1706=VECTOR('',#1705,6.35E-2);
#1707=CARTESIAN_POINT('',(-3.4925E0,-7.874E-1,-8.3185E0));
#1708=LINE('',#1707,#1706);
#1709=DIRECTION('',(0.E0,-1.E0,0.E0));
#1710=VECTOR('',#1709,3.175E-1);
#1711=CARTESIAN_POINT('',(-3.4925E0,-4.699E-1,-8.3185E0));
#1712=LINE('',#1711,#1710);
#1713=DIRECTION('',(0.E0,0.E0,-1.E0));
#1714=VECTOR('',#1713,6.096E0);
#1715=CARTESIAN_POINT('',(-3.4925E0,-4.699E-1,-2.2225E0));
#1716=LINE('',#1715,#1714);
#1717=DIRECTION('',(0.E0,-1.E0,0.E0));
#1718=VECTOR('',#1717,6.35E-1);
#1719=CARTESIAN_POINT('',(-3.4925E0,1.651E-1,-2.2225E0));
#1720=LINE('',#1719,#1718);
#1721=DIRECTION('',(0.E0,0.E0,1.E0));
#1722=VECTOR('',#1721,6.096E0);
#1723=CARTESIAN_POINT('',(-3.4925E0,1.651E-1,-8.3185E0));
#1724=LINE('',#1723,#1722);
#1725=DIRECTION('',(0.E0,-1.E0,0.E0));
#1726=VECTOR('',#1725,3.175E-1);
#1727=CARTESIAN_POINT('',(-3.4925E0,4.826E-1,-8.3185E0));
#1728=LINE('',#1727,#1726);
#1729=DIRECTION('',(0.E0,0.E0,1.E0));
#1730=VECTOR('',#1729,6.35E-2);
#1731=CARTESIAN_POINT('',(-3.4925E0,4.826E-1,-8.382E0));
#1732=LINE('',#1731,#1730);
#1733=DIRECTION('',(-1.E0,0.E0,0.E0));
#1734=VECTOR('',#1733,6.35E-1);
#1735=CARTESIAN_POINT('',(-3.4925E0,-5.8293E0,-1.25349E1));
#1736=LINE('',#1735,#1734);
#1737=DIRECTION('',(0.E0,-1.E0,0.E0));
#1738=VECTOR('',#1737,3.1115E0);
#1739=CARTESIAN_POINT('',(-4.1275E0,-2.7178E0,-1.18999E1));
#1740=LINE('',#1739,#1738);
#1741=DIRECTION('',(0.E0,0.E0,-1.E0));
#1742=VECTOR('',#1741,6.35E-1);
#1743=CARTESIAN_POINT('',(-4.1275E0,-5.8293E0,-1.18999E1));
#1744=LINE('',#1743,#1742);
#1745=DIRECTION('',(0.E0,1.E0,0.E0));
#1746=VECTOR('',#1745,3.1115E0);
#1747=CARTESIAN_POINT('',(-4.1275E0,-5.8293E0,-1.25349E1));
#1748=LINE('',#1747,#1746);
#1749=DIRECTION('',(0.E0,0.E0,1.E0));
#1750=VECTOR('',#1749,6.35E-2);
#1751=CARTESIAN_POINT('',(-4.1275E0,4.826E-1,-8.382E0));
#1752=LINE('',#1751,#1750);
#1753=DIRECTION('',(0.E0,-1.E0,0.E0));
#1754=VECTOR('',#1753,3.175E-1);
#1755=CARTESIAN_POINT('',(-4.1275E0,4.826E-1,-8.3185E0));
#1756=LINE('',#1755,#1754);
#1757=DIRECTION('',(0.E0,0.E0,1.E0));
#1758=VECTOR('',#1757,6.096E0);
#1759=CARTESIAN_POINT('',(-4.1275E0,1.651E-1,-8.3185E0));
#1760=LINE('',#1759,#1758);
#1761=DIRECTION('',(0.E0,-1.E0,0.E0));
#1762=VECTOR('',#1761,6.35E-1);
#1763=CARTESIAN_POINT('',(-4.1275E0,1.651E-1,-2.2225E0));
#1764=LINE('',#1763,#1762);
#1765=DIRECTION('',(0.E0,0.E0,-1.E0));
#1766=VECTOR('',#1765,6.096E0);
#1767=CARTESIAN_POINT('',(-4.1275E0,-4.699E-1,-2.2225E0));
#1768=LINE('',#1767,#1766);
#1769=DIRECTION('',(0.E0,-1.E0,0.E0));
#1770=VECTOR('',#1769,3.175E-1);
#1771=CARTESIAN_POINT('',(-4.1275E0,-4.699E-1,-8.3185E0));
#1772=LINE('',#1771,#1770);
#1773=DIRECTION('',(0.E0,0.E0,-1.E0));
#1774=VECTOR('',#1773,6.35E-2);
#1775=CARTESIAN_POINT('',(-4.1275E0,-7.874E-1,-8.3185E0));
#1776=LINE('',#1775,#1774);
#1777=DIRECTION('',(-1.E0,0.E0,0.E0));
#1778=VECTOR('',#1777,6.35E-1);
#1779=CARTESIAN_POINT('',(-3.4925E0,-5.8293E0,-1.18999E1));
#1780=LINE('',#1779,#1778);
#1781=DIRECTION('',(-1.E0,0.E0,0.E0));
#1782=VECTOR('',#1781,6.35E-1);
#1783=CARTESIAN_POINT('',(-3.4925E0,4.826E-1,-8.3185E0));
#1784=LINE('',#1783,#1782);
#1785=DIRECTION('',(-1.E0,0.E0,0.E0));
#1786=VECTOR('',#1785,6.35E-1);
#1787=CARTESIAN_POINT('',(-3.4925E0,1.651E-1,-8.3185E0));
#1788=LINE('',#1787,#1786);
#1789=DIRECTION('',(-1.E0,0.E0,0.E0));
#1790=VECTOR('',#1789,6.35E-1);
#1791=CARTESIAN_POINT('',(-3.4925E0,1.651E-1,-2.2225E0));
#1792=LINE('',#1791,#1790);
#1793=DIRECTION('',(-1.E0,0.E0,0.E0));
#1794=VECTOR('',#1793,6.35E-1);
#1795=CARTESIAN_POINT('',(-3.4925E0,-4.699E-1,-2.2225E0));
#1796=LINE('',#1795,#1794);
#1797=DIRECTION('',(-1.E0,0.E0,0.E0));
#1798=VECTOR('',#1797,6.35E-1);
#1799=CARTESIAN_POINT('',(-3.4925E0,-4.699E-1,-8.3185E0));
#1800=LINE('',#1799,#1798);
#1801=DIRECTION('',(-1.E0,0.E0,0.E0));
#1802=VECTOR('',#1801,6.35E-1);
#1803=CARTESIAN_POINT('',(-3.4925E0,-7.874E-1,-8.3185E0));
#1804=LINE('',#1803,#1802);
#1805=DIRECTION('',(0.E0,-1.E0,0.E0));
#1806=VECTOR('',#1805,2.552827012703E0);
#1807=CARTESIAN_POINT('',(-3.5052E0,2.7178E0,-1.19126E1));
#1808=LINE('',#1807,#1806);
#1809=CARTESIAN_POINT('',(-3.5052E0,-4.699E-1,-1.18999E1));
#1810=DIRECTION('',(1.E0,0.E0,0.E0));
#1811=DIRECTION('',(0.E0,0.E0,-1.E0));
#1812=AXIS2_PLACEMENT_3D('',#1809,#1810,#1811);
#1814=DIRECTION('',(0.E0,1.E0,0.E0));
#1815=VECTOR('',#1814,2.2479E0);
#1816=CARTESIAN_POINT('',(-3.5052E0,-2.7178E0,-1.25349E1));
#1817=LINE('',#1816,#1815);
#1818=DIRECTION('',(0.E0,-1.E0,0.E0));
#1819=VECTOR('',#1818,5.4356E0);
#1820=CARTESIAN_POINT('',(-3.5052E0,2.7178E0,-1.29286E1));
#1821=LINE('',#1820,#1819);
#1822=DIRECTION('',(0.E0,-1.E0,0.E0));
#1823=VECTOR('',#1822,2.552827012703E0);
#1824=CARTESIAN_POINT('',(-4.1148E0,2.7178E0,-1.19126E1));
#1825=LINE('',#1824,#1823);
#1826=DIRECTION('',(1.E0,0.E0,0.E0));
#1827=VECTOR('',#1826,6.096E-1);
#1828=CARTESIAN_POINT('',(-4.1148E0,1.649729872975E-1,-1.19126E1));
#1829=LINE('',#1828,#1827);
#1830=DIRECTION('',(0.E0,1.E0,0.E0));
#1831=VECTOR('',#1830,2.2479E0);
#1832=CARTESIAN_POINT('',(-4.1148E0,-2.7178E0,-1.25349E1));
#1833=LINE('',#1832,#1831);
#1834=CARTESIAN_POINT('',(-4.1148E0,-4.699E-1,-1.18999E1));
#1835=DIRECTION('',(1.E0,0.E0,0.E0));
#1836=DIRECTION('',(0.E0,0.E0,-1.E0));
#1837=AXIS2_PLACEMENT_3D('',#1834,#1835,#1836);
#1839=DIRECTION('',(0.E0,-1.E0,0.E0));
#1840=VECTOR('',#1839,5.4356E0);
#1841=CARTESIAN_POINT('',(-4.1148E0,2.7178E0,-1.29286E1));
#1842=LINE('',#1841,#1840);
#1843=DIRECTION('',(-1.E0,0.E0,0.E0));
#1844=VECTOR('',#1843,6.096E-1);
#1845=CARTESIAN_POINT('',(-3.5052E0,-4.699E-1,-1.25349E1));
#1846=LINE('',#1845,#1844);
#1847=DIRECTION('',(0.E0,-1.E0,0.E0));
#1848=VECTOR('',#1847,3.1115E0);
#1849=CARTESIAN_POINT('',(-9.525E-1,-2.7178E0,-1.18999E1));
#1850=LINE('',#1849,#1848);
#1851=DIRECTION('',(0.E0,1.E0,0.E0));
#1852=VECTOR('',#1851,3.1115E0);
#1853=CARTESIAN_POINT('',(-9.525E-1,-5.8293E0,-1.25349E1));
#1854=LINE('',#1853,#1852);
#1855=DIRECTION('',(0.E0,0.E0,-1.E0));
#1856=VECTOR('',#1855,6.35E-1);
#1857=CARTESIAN_POINT('',(-9.525E-1,-5.8293E0,-1.18999E1));
#1858=LINE('',#1857,#1856);
#1859=DIRECTION('',(0.E0,0.E0,-1.E0));
#1860=VECTOR('',#1859,6.35E-2);
#1861=CARTESIAN_POINT('',(-9.525E-1,-7.874E-1,-8.3185E0));
#1862=LINE('',#1861,#1860);
#1863=DIRECTION('',(0.E0,-1.E0,0.E0));
#1864=VECTOR('',#1863,3.175E-1);
#1865=CARTESIAN_POINT('',(-9.525E-1,-4.699E-1,-8.3185E0));
#1866=LINE('',#1865,#1864);
#1867=DIRECTION('',(0.E0,0.E0,-1.E0));
#1868=VECTOR('',#1867,6.096E0);
#1869=CARTESIAN_POINT('',(-9.525E-1,-4.699E-1,-2.2225E0));
#1870=LINE('',#1869,#1868);
#1871=DIRECTION('',(0.E0,-1.E0,0.E0));
#1872=VECTOR('',#1871,6.35E-1);
#1873=CARTESIAN_POINT('',(-9.525E-1,1.651E-1,-2.2225E0));
#1874=LINE('',#1873,#1872);
#1875=DIRECTION('',(0.E0,0.E0,1.E0));
#1876=VECTOR('',#1875,6.096E0);
#1877=CARTESIAN_POINT('',(-9.525E-1,1.651E-1,-8.3185E0));
#1878=LINE('',#1877,#1876);
#1879=DIRECTION('',(0.E0,-1.E0,0.E0));
#1880=VECTOR('',#1879,3.175E-1);
#1881=CARTESIAN_POINT('',(-9.525E-1,4.826E-1,-8.3185E0));
#1882=LINE('',#1881,#1880);
#1883=DIRECTION('',(0.E0,0.E0,1.E0));
#1884=VECTOR('',#1883,6.35E-2);
#1885=CARTESIAN_POINT('',(-9.525E-1,4.826E-1,-8.382E0));
#1886=LINE('',#1885,#1884);
#1887=DIRECTION('',(-1.E0,0.E0,0.E0));
#1888=VECTOR('',#1887,6.35E-1);
#1889=CARTESIAN_POINT('',(-9.525E-1,-5.8293E0,-1.18999E1));
#1890=LINE('',#1889,#1888);
#1891=DIRECTION('',(-1.E0,0.E0,0.E0));
#1892=VECTOR('',#1891,6.35E-1);
#1893=CARTESIAN_POINT('',(-9.525E-1,-5.8293E0,-1.25349E1));
#1894=LINE('',#1893,#1892);
#1895=CARTESIAN_POINT('',(-9.652E-1,-4.699E-1,-1.18999E1));
#1896=DIRECTION('',(1.E0,0.E0,0.E0));
#1897=DIRECTION('',(0.E0,0.E0,-1.E0));
#1898=AXIS2_PLACEMENT_3D('',#1895,#1896,#1897);
#1900=DIRECTION('',(0.E0,1.E0,0.E0));
#1901=VECTOR('',#1900,2.2479E0);
#1902=CARTESIAN_POINT('',(-9.652E-1,-2.7178E0,-1.25349E1));
#1903=LINE('',#1902,#1901);
#1904=DIRECTION('',(0.E0,-1.E0,0.E0));
#1905=VECTOR('',#1904,2.552827012703E0);
#1906=CARTESIAN_POINT('',(-9.652E-1,2.7178E0,-1.19126E1));
#1907=LINE('',#1906,#1905);
#1908=DIRECTION('',(-1.E0,0.E0,0.E0));
#1909=VECTOR('',#1908,6.096E-1);
#1910=CARTESIAN_POINT('',(-9.652E-1,-4.699E-1,-1.25349E1));
#1911=LINE('',#1910,#1909);
#1912=DIRECTION('',(1.E0,0.E0,0.E0));
#1913=VECTOR('',#1912,6.096E-1);
#1914=CARTESIAN_POINT('',(-1.5748E0,1.649729872975E-1,-1.19126E1));
#1915=LINE('',#1914,#1913);
#1916=DIRECTION('',(0.E0,-1.E0,0.E0));
#1917=VECTOR('',#1916,2.552827012703E0);
#1918=CARTESIAN_POINT('',(-1.5748E0,2.7178E0,-1.19126E1));
#1919=LINE('',#1918,#1917);
#1920=CARTESIAN_POINT('',(-1.5748E0,-4.699E-1,-1.18999E1));
#1921=DIRECTION('',(1.E0,0.E0,0.E0));
#1922=DIRECTION('',(0.E0,0.E0,-1.E0));
#1923=AXIS2_PLACEMENT_3D('',#1920,#1921,#1922);
#1925=DIRECTION('',(0.E0,-1.E0,0.E0));
#1926=VECTOR('',#1925,5.4356E0);
#1927=CARTESIAN_POINT('',(-1.5748E0,2.7178E0,-1.29286E1));
#1928=LINE('',#1927,#1926);
#1929=DIRECTION('',(0.E0,1.E0,0.E0));
#1930=VECTOR('',#1929,2.2479E0);
#1931=CARTESIAN_POINT('',(-1.5748E0,-2.7178E0,-1.25349E1));
#1932=LINE('',#1931,#1930);
#1933=DIRECTION('',(0.E0,-1.E0,0.E0));
#1934=VECTOR('',#1933,5.4356E0);
#1935=CARTESIAN_POINT('',(-9.652E-1,2.7178E0,-1.29286E1));
#1936=LINE('',#1935,#1934);
#1937=DIRECTION('',(0.E0,-1.E0,0.E0));
#1938=VECTOR('',#1937,3.1115E0);
#1939=CARTESIAN_POINT('',(-1.5875E0,-2.7178E0,-1.18999E1));
#1940=LINE('',#1939,#1938);
#1941=DIRECTION('',(0.E0,0.E0,-1.E0));
#1942=VECTOR('',#1941,6.35E-1);
#1943=CARTESIAN_POINT('',(-1.5875E0,-5.8293E0,-1.18999E1));
#1944=LINE('',#1943,#1942);
#1945=DIRECTION('',(0.E0,1.E0,0.E0));
#1946=VECTOR('',#1945,3.1115E0);
#1947=CARTESIAN_POINT('',(-1.5875E0,-5.8293E0,-1.25349E1));
#1948=LINE('',#1947,#1946);
#1949=DIRECTION('',(0.E0,0.E0,-1.E0));
#1950=VECTOR('',#1949,6.35E-2);
#1951=CARTESIAN_POINT('',(-1.5875E0,-7.874E-1,-8.3185E0));
#1952=LINE('',#1951,#1950);
#1953=DIRECTION('',(0.E0,0.E0,1.E0));
#1954=VECTOR('',#1953,6.35E-2);
#1955=CARTESIAN_POINT('',(-1.5875E0,4.826E-1,-8.382E0));
#1956=LINE('',#1955,#1954);
#1957=DIRECTION('',(0.E0,-1.E0,0.E0));
#1958=VECTOR('',#1957,3.175E-1);
#1959=CARTESIAN_POINT('',(-1.5875E0,4.826E-1,-8.3185E0));
#1960=LINE('',#1959,#1958);
#1961=DIRECTION('',(0.E0,0.E0,1.E0));
#1962=VECTOR('',#1961,6.096E0);
#1963=CARTESIAN_POINT('',(-1.5875E0,1.651E-1,-8.3185E0));
#1964=LINE('',#1963,#1962);
#1965=DIRECTION('',(0.E0,-1.E0,0.E0));
#1966=VECTOR('',#1965,6.35E-1);
#1967=CARTESIAN_POINT('',(-1.5875E0,1.651E-1,-2.2225E0));
#1968=LINE('',#1967,#1966);
#1969=DIRECTION('',(0.E0,0.E0,-1.E0));
#1970=VECTOR('',#1969,6.096E0);
#1971=CARTESIAN_POINT('',(-1.5875E0,-4.699E-1,-2.2225E0));
#1972=LINE('',#1971,#1970);
#1973=DIRECTION('',(0.E0,-1.E0,0.E0));
#1974=VECTOR('',#1973,3.175E-1);
#1975=CARTESIAN_POINT('',(-1.5875E0,-4.699E-1,-8.3185E0));
#1976=LINE('',#1975,#1974);
#1977=DIRECTION('',(-1.E0,0.E0,0.E0));
#1978=VECTOR('',#1977,6.35E-1);
#1979=CARTESIAN_POINT('',(-9.525E-1,-7.874E-1,-8.3185E0));
#1980=LINE('',#1979,#1978);
#1981=DIRECTION('',(-1.E0,0.E0,0.E0));
#1982=VECTOR('',#1981,6.35E-1);
#1983=CARTESIAN_POINT('',(-9.525E-1,-4.699E-1,-8.3185E0));
#1984=LINE('',#1983,#1982);
#1985=DIRECTION('',(-1.E0,0.E0,0.E0));
#1986=VECTOR('',#1985,6.35E-1);
#1987=CARTESIAN_POINT('',(-9.525E-1,-4.699E-1,-2.2225E0));
#1988=LINE('',#1987,#1986);
#1989=DIRECTION('',(-1.E0,0.E0,0.E0));
#1990=VECTOR('',#1989,6.35E-1);
#1991=CARTESIAN_POINT('',(-9.525E-1,1.651E-1,-2.2225E0));
#1992=LINE('',#1991,#1990);
#1993=DIRECTION('',(-1.E0,0.E0,0.E0));
#1994=VECTOR('',#1993,6.35E-1);
#1995=CARTESIAN_POINT('',(-9.525E-1,1.651E-1,-8.3185E0));
#1996=LINE('',#1995,#1994);
#1997=DIRECTION('',(-1.E0,0.E0,0.E0));
#1998=VECTOR('',#1997,6.35E-1);
#1999=CARTESIAN_POINT('',(-9.525E-1,4.826E-1,-8.3185E0));
#2000=LINE('',#1999,#1998);
#2001=DIRECTION('',(0.E0,-1.E0,0.E0));
#2002=VECTOR('',#2001,3.1115E0);
#2003=CARTESIAN_POINT('',(1.5875E0,-2.7178E0,-1.18999E1));
#2004=LINE('',#2003,#2002);
#2005=DIRECTION('',(0.E0,1.E0,0.E0));
#2006=VECTOR('',#2005,3.1115E0);
#2007=CARTESIAN_POINT('',(1.5875E0,-5.8293E0,-1.25349E1));
#2008=LINE('',#2007,#2006);
#2009=DIRECTION('',(0.E0,0.E0,-1.E0));
#2010=VECTOR('',#2009,6.35E-1);
#2011=CARTESIAN_POINT('',(1.5875E0,-5.8293E0,-1.18999E1));
#2012=LINE('',#2011,#2010);
#2013=DIRECTION('',(0.E0,0.E0,-1.E0));
#2014=VECTOR('',#2013,6.35E-2);
#2015=CARTESIAN_POINT('',(1.5875E0,-7.874E-1,-8.3185E0));
#2016=LINE('',#2015,#2014);
#2017=DIRECTION('',(0.E0,-1.E0,0.E0));
#2018=VECTOR('',#2017,3.175E-1);
#2019=CARTESIAN_POINT('',(1.5875E0,-4.699E-1,-8.3185E0));
#2020=LINE('',#2019,#2018);
#2021=DIRECTION('',(0.E0,0.E0,-1.E0));
#2022=VECTOR('',#2021,6.096E0);
#2023=CARTESIAN_POINT('',(1.5875E0,-4.699E-1,-2.2225E0));
#2024=LINE('',#2023,#2022);
#2025=DIRECTION('',(0.E0,-1.E0,0.E0));
#2026=VECTOR('',#2025,6.35E-1);
#2027=CARTESIAN_POINT('',(1.5875E0,1.651E-1,-2.2225E0));
#2028=LINE('',#2027,#2026);
#2029=DIRECTION('',(0.E0,0.E0,1.E0));
#2030=VECTOR('',#2029,6.096E0);
#2031=CARTESIAN_POINT('',(1.5875E0,1.651E-1,-8.3185E0));
#2032=LINE('',#2031,#2030);
#2033=DIRECTION('',(0.E0,-1.E0,0.E0));
#2034=VECTOR('',#2033,3.175E-1);
#2035=CARTESIAN_POINT('',(1.5875E0,4.826E-1,-8.3185E0));
#2036=LINE('',#2035,#2034);
#2037=DIRECTION('',(0.E0,0.E0,1.E0));
#2038=VECTOR('',#2037,6.35E-2);
#2039=CARTESIAN_POINT('',(1.5875E0,4.826E-1,-8.382E0));
#2040=LINE('',#2039,#2038);
#2041=DIRECTION('',(-1.E0,0.E0,0.E0));
#2042=VECTOR('',#2041,6.35E-1);
#2043=CARTESIAN_POINT('',(1.5875E0,-5.8293E0,-1.18999E1));
#2044=LINE('',#2043,#2042);
#2045=DIRECTION('',(-1.E0,0.E0,0.E0));
#2046=VECTOR('',#2045,6.35E-1);
#2047=CARTESIAN_POINT('',(1.5875E0,-5.8293E0,-1.25349E1));
#2048=LINE('',#2047,#2046);
#2049=CARTESIAN_POINT('',(1.5748E0,-4.699E-1,-1.18999E1));
#2050=DIRECTION('',(1.E0,0.E0,0.E0));
#2051=DIRECTION('',(0.E0,0.E0,-1.E0));
#2052=AXIS2_PLACEMENT_3D('',#2049,#2050,#2051);
#2054=DIRECTION('',(0.E0,1.E0,0.E0));
#2055=VECTOR('',#2054,2.2479E0);
#2056=CARTESIAN_POINT('',(1.5748E0,-2.7178E0,-1.25349E1));
#2057=LINE('',#2056,#2055);
#2058=DIRECTION('',(0.E0,-1.E0,0.E0));
#2059=VECTOR('',#2058,2.552827012703E0);
#2060=CARTESIAN_POINT('',(1.5748E0,2.7178E0,-1.19126E1));
#2061=LINE('',#2060,#2059);
#2062=DIRECTION('',(-1.E0,0.E0,0.E0));
#2063=VECTOR('',#2062,6.096E-1);
#2064=CARTESIAN_POINT('',(1.5748E0,-4.699E-1,-1.25349E1));
#2065=LINE('',#2064,#2063);
#2066=DIRECTION('',(1.E0,0.E0,0.E0));
#2067=VECTOR('',#2066,6.096E-1);
#2068=CARTESIAN_POINT('',(9.652E-1,1.649729872975E-1,-1.19126E1));
#2069=LINE('',#2068,#2067);
#2070=DIRECTION('',(0.E0,-1.E0,0.E0));
#2071=VECTOR('',#2070,2.552827012703E0);
#2072=CARTESIAN_POINT('',(9.652E-1,2.7178E0,-1.19126E1));
#2073=LINE('',#2072,#2071);
#2074=CARTESIAN_POINT('',(9.652E-1,-4.699E-1,-1.18999E1));
#2075=DIRECTION('',(1.E0,0.E0,0.E0));
#2076=DIRECTION('',(0.E0,0.E0,-1.E0));
#2077=AXIS2_PLACEMENT_3D('',#2074,#2075,#2076);
#2079=DIRECTION('',(0.E0,-1.E0,0.E0));
#2080=VECTOR('',#2079,5.4356E0);
#2081=CARTESIAN_POINT('',(9.652E-1,2.7178E0,-1.29286E1));
#2082=LINE('',#2081,#2080);
#2083=DIRECTION('',(0.E0,1.E0,0.E0));
#2084=VECTOR('',#2083,2.2479E0);
#2085=CARTESIAN_POINT('',(9.652E-1,-2.7178E0,-1.25349E1));
#2086=LINE('',#2085,#2084);
#2087=DIRECTION('',(0.E0,-1.E0,0.E0));
#2088=VECTOR('',#2087,5.4356E0);
#2089=CARTESIAN_POINT('',(1.5748E0,2.7178E0,-1.29286E1));
#2090=LINE('',#2089,#2088);
#2091=DIRECTION('',(0.E0,-1.E0,0.E0));
#2092=VECTOR('',#2091,3.1115E0);
#2093=CARTESIAN_POINT('',(9.525E-1,-2.7178E0,-1.18999E1));
#2094=LINE('',#2093,#2092);
#2095=DIRECTION('',(0.E0,0.E0,-1.E0));
#2096=VECTOR('',#2095,6.35E-1);
#2097=CARTESIAN_POINT('',(9.525E-1,-5.8293E0,-1.18999E1));
#2098=LINE('',#2097,#2096);
#2099=DIRECTION('',(0.E0,1.E0,0.E0));
#2100=VECTOR('',#2099,3.1115E0);
#2101=CARTESIAN_POINT('',(9.525E-1,-5.8293E0,-1.25349E1));
#2102=LINE('',#2101,#2100);
#2103=DIRECTION('',(0.E0,0.E0,-1.E0));
#2104=VECTOR('',#2103,6.35E-2);
#2105=CARTESIAN_POINT('',(9.525E-1,-7.874E-1,-8.3185E0));
#2106=LINE('',#2105,#2104);
#2107=DIRECTION('',(0.E0,0.E0,1.E0));
#2108=VECTOR('',#2107,6.35E-2);
#2109=CARTESIAN_POINT('',(9.525E-1,4.826E-1,-8.382E0));
#2110=LINE('',#2109,#2108);
#2111=DIRECTION('',(0.E0,-1.E0,0.E0));
#2112=VECTOR('',#2111,3.175E-1);
#2113=CARTESIAN_POINT('',(9.525E-1,4.826E-1,-8.3185E0));
#2114=LINE('',#2113,#2112);
#2115=DIRECTION('',(0.E0,0.E0,1.E0));
#2116=VECTOR('',#2115,6.096E0);
#2117=CARTESIAN_POINT('',(9.525E-1,1.651E-1,-8.3185E0));
#2118=LINE('',#2117,#2116);
#2119=DIRECTION('',(0.E0,-1.E0,0.E0));
#2120=VECTOR('',#2119,6.35E-1);
#2121=CARTESIAN_POINT('',(9.525E-1,1.651E-1,-2.2225E0));
#2122=LINE('',#2121,#2120);
#2123=DIRECTION('',(0.E0,0.E0,-1.E0));
#2124=VECTOR('',#2123,6.096E0);
#2125=CARTESIAN_POINT('',(9.525E-1,-4.699E-1,-2.2225E0));
#2126=LINE('',#2125,#2124);
#2127=DIRECTION('',(0.E0,-1.E0,0.E0));
#2128=VECTOR('',#2127,3.175E-1);
#2129=CARTESIAN_POINT('',(9.525E-1,-4.699E-1,-8.3185E0));
#2130=LINE('',#2129,#2128);
#2131=DIRECTION('',(-1.E0,0.E0,0.E0));
#2132=VECTOR('',#2131,6.35E-1);
#2133=CARTESIAN_POINT('',(1.5875E0,-7.874E-1,-8.3185E0));
#2134=LINE('',#2133,#2132);
#2135=DIRECTION('',(-1.E0,0.E0,0.E0));
#2136=VECTOR('',#2135,6.35E-1);
#2137=CARTESIAN_POINT('',(1.5875E0,-4.699E-1,-8.3185E0));
#2138=LINE('',#2137,#2136);
#2139=DIRECTION('',(-1.E0,0.E0,0.E0));
#2140=VECTOR('',#2139,6.35E-1);
#2141=CARTESIAN_POINT('',(1.5875E0,-4.699E-1,-2.2225E0));
#2142=LINE('',#2141,#2140);
#2143=DIRECTION('',(-1.E0,0.E0,0.E0));
#2144=VECTOR('',#2143,6.35E-1);
#2145=CARTESIAN_POINT('',(1.5875E0,1.651E-1,-2.2225E0));
#2146=LINE('',#2145,#2144);
#2147=DIRECTION('',(-1.E0,0.E0,0.E0));
#2148=VECTOR('',#2147,6.35E-1);
#2149=CARTESIAN_POINT('',(1.5875E0,1.651E-1,-8.3185E0));
#2150=LINE('',#2149,#2148);
#2151=DIRECTION('',(-1.E0,0.E0,0.E0));
#2152=VECTOR('',#2151,6.35E-1);
#2153=CARTESIAN_POINT('',(1.5875E0,4.826E-1,-8.3185E0));
#2154=LINE('',#2153,#2152);
#2155=DIRECTION('',(0.E0,-1.E0,0.E0));
#2156=VECTOR('',#2155,3.1115E0);
#2157=CARTESIAN_POINT('',(4.1275E0,-2.7178E0,-1.18999E1));
#2158=LINE('',#2157,#2156);
#2159=DIRECTION('',(0.E0,1.E0,0.E0));
#2160=VECTOR('',#2159,3.1115E0);
#2161=CARTESIAN_POINT('',(4.1275E0,-5.8293E0,-1.25349E1));
#2162=LINE('',#2161,#2160);
#2163=DIRECTION('',(0.E0,0.E0,-1.E0));
#2164=VECTOR('',#2163,6.35E-1);
#2165=CARTESIAN_POINT('',(4.1275E0,-5.8293E0,-1.18999E1));
#2166=LINE('',#2165,#2164);
#2167=DIRECTION('',(0.E0,0.E0,-1.E0));
#2168=VECTOR('',#2167,6.35E-2);
#2169=CARTESIAN_POINT('',(4.1275E0,-7.874E-1,-8.3185E0));
#2170=LINE('',#2169,#2168);
#2171=DIRECTION('',(0.E0,-1.E0,0.E0));
#2172=VECTOR('',#2171,3.175E-1);
#2173=CARTESIAN_POINT('',(4.1275E0,-4.699E-1,-8.3185E0));
#2174=LINE('',#2173,#2172);
#2175=DIRECTION('',(0.E0,0.E0,-1.E0));
#2176=VECTOR('',#2175,6.096E0);
#2177=CARTESIAN_POINT('',(4.1275E0,-4.699E-1,-2.2225E0));
#2178=LINE('',#2177,#2176);
#2179=DIRECTION('',(0.E0,-1.E0,0.E0));
#2180=VECTOR('',#2179,6.35E-1);
#2181=CARTESIAN_POINT('',(4.1275E0,1.651E-1,-2.2225E0));
#2182=LINE('',#2181,#2180);
#2183=DIRECTION('',(0.E0,0.E0,1.E0));
#2184=VECTOR('',#2183,6.096E0);
#2185=CARTESIAN_POINT('',(4.1275E0,1.651E-1,-8.3185E0));
#2186=LINE('',#2185,#2184);
#2187=DIRECTION('',(0.E0,-1.E0,0.E0));
#2188=VECTOR('',#2187,3.175E-1);
#2189=CARTESIAN_POINT('',(4.1275E0,4.826E-1,-8.3185E0));
#2190=LINE('',#2189,#2188);
#2191=DIRECTION('',(0.E0,0.E0,1.E0));
#2192=VECTOR('',#2191,6.35E-2);
#2193=CARTESIAN_POINT('',(4.1275E0,4.826E-1,-8.382E0));
#2194=LINE('',#2193,#2192);
#2195=DIRECTION('',(-1.E0,0.E0,0.E0));
#2196=VECTOR('',#2195,6.35E-1);
#2197=CARTESIAN_POINT('',(4.1275E0,-5.8293E0,-1.18999E1));
#2198=LINE('',#2197,#2196);
#2199=DIRECTION('',(-1.E0,0.E0,0.E0));
#2200=VECTOR('',#2199,6.35E-1);
#2201=CARTESIAN_POINT('',(4.1275E0,-5.8293E0,-1.25349E1));
#2202=LINE('',#2201,#2200);
#2203=CARTESIAN_POINT('',(4.1148E0,-4.699E-1,-1.18999E1));
#2204=DIRECTION('',(1.E0,0.E0,0.E0));
#2205=DIRECTION('',(0.E0,0.E0,-1.E0));
#2206=AXIS2_PLACEMENT_3D('',#2203,#2204,#2205);
#2208=DIRECTION('',(0.E0,1.E0,0.E0));
#2209=VECTOR('',#2208,2.2479E0);
#2210=CARTESIAN_POINT('',(4.1148E0,-2.7178E0,-1.25349E1));
#2211=LINE('',#2210,#2209);
#2212=DIRECTION('',(0.E0,-1.E0,0.E0));
#2213=VECTOR('',#2212,2.552827012703E0);
#2214=CARTESIAN_POINT('',(4.1148E0,2.7178E0,-1.19126E1));
#2215=LINE('',#2214,#2213);
#2216=DIRECTION('',(-1.E0,0.E0,0.E0));
#2217=VECTOR('',#2216,6.096E-1);
#2218=CARTESIAN_POINT('',(4.1148E0,-4.699E-1,-1.25349E1));
#2219=LINE('',#2218,#2217);
#2220=DIRECTION('',(1.E0,0.E0,0.E0));
#2221=VECTOR('',#2220,6.096E-1);
#2222=CARTESIAN_POINT('',(3.5052E0,1.649729872975E-1,-1.19126E1));
#2223=LINE('',#2222,#2221);
#2224=DIRECTION('',(0.E0,-1.E0,0.E0));
#2225=VECTOR('',#2224,2.552827012703E0);
#2226=CARTESIAN_POINT('',(3.5052E0,2.7178E0,-1.19126E1));
#2227=LINE('',#2226,#2225);
#2228=CARTESIAN_POINT('',(3.5052E0,-4.699E-1,-1.18999E1));
#2229=DIRECTION('',(1.E0,0.E0,0.E0));
#2230=DIRECTION('',(0.E0,0.E0,-1.E0));
#2231=AXIS2_PLACEMENT_3D('',#2228,#2229,#2230);
#2233=DIRECTION('',(0.E0,-1.E0,0.E0));
#2234=VECTOR('',#2233,5.4356E0);
#2235=CARTESIAN_POINT('',(3.5052E0,2.7178E0,-1.29286E1));
#2236=LINE('',#2235,#2234);
#2237=DIRECTION('',(0.E0,1.E0,0.E0));
#2238=VECTOR('',#2237,2.2479E0);
#2239=CARTESIAN_POINT('',(3.5052E0,-2.7178E0,-1.25349E1));
#2240=LINE('',#2239,#2238);
#2241=DIRECTION('',(0.E0,-1.E0,0.E0));
#2242=VECTOR('',#2241,5.4356E0);
#2243=CARTESIAN_POINT('',(4.1148E0,2.7178E0,-1.29286E1));
#2244=LINE('',#2243,#2242);
#2245=DIRECTION('',(0.E0,-1.E0,0.E0));
#2246=VECTOR('',#2245,3.1115E0);
#2247=CARTESIAN_POINT('',(3.4925E0,-2.7178E0,-1.18999E1));
#2248=LINE('',#2247,#2246);
#2249=DIRECTION('',(0.E0,0.E0,-1.E0));
#2250=VECTOR('',#2249,6.35E-1);
#2251=CARTESIAN_POINT('',(3.4925E0,-5.8293E0,-1.18999E1));
#2252=LINE('',#2251,#2250);
#2253=DIRECTION('',(0.E0,1.E0,0.E0));
#2254=VECTOR('',#2253,3.1115E0);
#2255=CARTESIAN_POINT('',(3.4925E0,-5.8293E0,-1.25349E1));
#2256=LINE('',#2255,#2254);
#2257=DIRECTION('',(0.E0,0.E0,-1.E0));
#2258=VECTOR('',#2257,6.35E-2);
#2259=CARTESIAN_POINT('',(3.4925E0,-7.874E-1,-8.3185E0));
#2260=LINE('',#2259,#2258);
#2261=DIRECTION('',(0.E0,0.E0,1.E0));
#2262=VECTOR('',#2261,6.35E-2);
#2263=CARTESIAN_POINT('',(3.4925E0,4.826E-1,-8.382E0));
#2264=LINE('',#2263,#2262);
#2265=DIRECTION('',(0.E0,-1.E0,0.E0));
#2266=VECTOR('',#2265,3.175E-1);
#2267=CARTESIAN_POINT('',(3.4925E0,4.826E-1,-8.3185E0));
#2268=LINE('',#2267,#2266);
#2269=DIRECTION('',(0.E0,0.E0,1.E0));
#2270=VECTOR('',#2269,6.096E0);
#2271=CARTESIAN_POINT('',(3.4925E0,1.651E-1,-8.3185E0));
#2272=LINE('',#2271,#2270);
#2273=DIRECTION('',(0.E0,-1.E0,0.E0));
#2274=VECTOR('',#2273,6.35E-1);
#2275=CARTESIAN_POINT('',(3.4925E0,1.651E-1,-2.2225E0));
#2276=LINE('',#2275,#2274);
#2277=DIRECTION('',(0.E0,0.E0,-1.E0));
#2278=VECTOR('',#2277,6.096E0);
#2279=CARTESIAN_POINT('',(3.4925E0,-4.699E-1,-2.2225E0));
#2280=LINE('',#2279,#2278);
#2281=DIRECTION('',(0.E0,-1.E0,0.E0));
#2282=VECTOR('',#2281,3.175E-1);
#2283=CARTESIAN_POINT('',(3.4925E0,-4.699E-1,-8.3185E0));
#2284=LINE('',#2283,#2282);
#2285=DIRECTION('',(-1.E0,0.E0,0.E0));
#2286=VECTOR('',#2285,6.35E-1);
#2287=CARTESIAN_POINT('',(4.1275E0,-7.874E-1,-8.3185E0));
#2288=LINE('',#2287,#2286);
#2289=DIRECTION('',(-1.E0,0.E0,0.E0));
#2290=VECTOR('',#2289,6.35E-1);
#2291=CARTESIAN_POINT('',(4.1275E0,-4.699E-1,-8.3185E0));
#2292=LINE('',#2291,#2290);
#2293=DIRECTION('',(-1.E0,0.E0,0.E0));
#2294=VECTOR('',#2293,6.35E-1);
#2295=CARTESIAN_POINT('',(4.1275E0,-4.699E-1,-2.2225E0));
#2296=LINE('',#2295,#2294);
#2297=DIRECTION('',(-1.E0,0.E0,0.E0));
#2298=VECTOR('',#2297,6.35E-1);
#2299=CARTESIAN_POINT('',(4.1275E0,1.651E-1,-2.2225E0));
#2300=LINE('',#2299,#2298);
#2301=DIRECTION('',(-1.E0,0.E0,0.E0));
#2302=VECTOR('',#2301,6.35E-1);
#2303=CARTESIAN_POINT('',(4.1275E0,1.651E-1,-8.3185E0));
#2304=LINE('',#2303,#2302);
#2305=DIRECTION('',(-1.E0,0.E0,0.E0));
#2306=VECTOR('',#2305,6.35E-1);
#2307=CARTESIAN_POINT('',(4.1275E0,4.826E-1,-8.3185E0));
#2308=LINE('',#2307,#2306);
#2309=DIRECTION('',(0.E0,-1.E0,0.E0));
#2310=VECTOR('',#2309,3.1115E0);
#2311=CARTESIAN_POINT('',(6.6675E0,-2.7178E0,-1.18999E1));
#2312=LINE('',#2311,#2310);
#2313=DIRECTION('',(0.E0,1.E0,0.E0));
#2314=VECTOR('',#2313,3.1115E0);
#2315=CARTESIAN_POINT('',(6.6675E0,-5.8293E0,-1.25349E1));
#2316=LINE('',#2315,#2314);
#2317=DIRECTION('',(0.E0,0.E0,-1.E0));
#2318=VECTOR('',#2317,6.35E-1);
#2319=CARTESIAN_POINT('',(6.6675E0,-5.8293E0,-1.18999E1));
#2320=LINE('',#2319,#2318);
#2321=DIRECTION('',(0.E0,0.E0,-1.E0));
#2322=VECTOR('',#2321,6.35E-2);
#2323=CARTESIAN_POINT('',(6.6675E0,-7.874E-1,-8.3185E0));
#2324=LINE('',#2323,#2322);
#2325=DIRECTION('',(0.E0,-1.E0,0.E0));
#2326=VECTOR('',#2325,3.175E-1);
#2327=CARTESIAN_POINT('',(6.6675E0,-4.699E-1,-8.3185E0));
#2328=LINE('',#2327,#2326);
#2329=DIRECTION('',(0.E0,0.E0,-1.E0));
#2330=VECTOR('',#2329,6.096E0);
#2331=CARTESIAN_POINT('',(6.6675E0,-4.699E-1,-2.2225E0));
#2332=LINE('',#2331,#2330);
#2333=DIRECTION('',(0.E0,-1.E0,0.E0));
#2334=VECTOR('',#2333,6.35E-1);
#2335=CARTESIAN_POINT('',(6.6675E0,1.651E-1,-2.2225E0));
#2336=LINE('',#2335,#2334);
#2337=DIRECTION('',(0.E0,0.E0,1.E0));
#2338=VECTOR('',#2337,6.096E0);
#2339=CARTESIAN_POINT('',(6.6675E0,1.651E-1,-8.3185E0));
#2340=LINE('',#2339,#2338);
#2341=DIRECTION('',(0.E0,-1.E0,0.E0));
#2342=VECTOR('',#2341,3.175E-1);
#2343=CARTESIAN_POINT('',(6.6675E0,4.826E-1,-8.3185E0));
#2344=LINE('',#2343,#2342);
#2345=DIRECTION('',(0.E0,0.E0,1.E0));
#2346=VECTOR('',#2345,6.35E-2);
#2347=CARTESIAN_POINT('',(6.6675E0,4.826E-1,-8.382E0));
#2348=LINE('',#2347,#2346);
#2349=DIRECTION('',(-1.E0,0.E0,0.E0));
#2350=VECTOR('',#2349,6.35E-1);
#2351=CARTESIAN_POINT('',(6.6675E0,-5.8293E0,-1.18999E1));
#2352=LINE('',#2351,#2350);
#2353=DIRECTION('',(-1.E0,0.E0,0.E0));
#2354=VECTOR('',#2353,6.35E-1);
#2355=CARTESIAN_POINT('',(6.6675E0,-5.8293E0,-1.25349E1));
#2356=LINE('',#2355,#2354);
#2357=CARTESIAN_POINT('',(6.6548E0,-4.699E-1,-1.18999E1));
#2358=DIRECTION('',(1.E0,0.E0,0.E0));
#2359=DIRECTION('',(0.E0,0.E0,-1.E0));
#2360=AXIS2_PLACEMENT_3D('',#2357,#2358,#2359);
#2362=DIRECTION('',(0.E0,1.E0,0.E0));
#2363=VECTOR('',#2362,2.2479E0);
#2364=CARTESIAN_POINT('',(6.6548E0,-2.7178E0,-1.25349E1));
#2365=LINE('',#2364,#2363);
#2366=DIRECTION('',(0.E0,-1.E0,0.E0));
#2367=VECTOR('',#2366,2.552827012703E0);
#2368=CARTESIAN_POINT('',(6.6548E0,2.7178E0,-1.19126E1));
#2369=LINE('',#2368,#2367);
#2370=DIRECTION('',(-1.E0,0.E0,0.E0));
#2371=VECTOR('',#2370,6.096E-1);
#2372=CARTESIAN_POINT('',(6.6548E0,-4.699E-1,-1.25349E1));
#2373=LINE('',#2372,#2371);
#2374=DIRECTION('',(1.E0,0.E0,0.E0));
#2375=VECTOR('',#2374,6.096E-1);
#2376=CARTESIAN_POINT('',(6.0452E0,1.649729872975E-1,-1.19126E1));
#2377=LINE('',#2376,#2375);
#2378=DIRECTION('',(0.E0,-1.E0,0.E0));
#2379=VECTOR('',#2378,2.552827012703E0);
#2380=CARTESIAN_POINT('',(6.0452E0,2.7178E0,-1.19126E1));
#2381=LINE('',#2380,#2379);
#2382=CARTESIAN_POINT('',(6.0452E0,-4.699E-1,-1.18999E1));
#2383=DIRECTION('',(1.E0,0.E0,0.E0));
#2384=DIRECTION('',(0.E0,0.E0,-1.E0));
#2385=AXIS2_PLACEMENT_3D('',#2382,#2383,#2384);
#2387=DIRECTION('',(0.E0,-1.E0,0.E0));
#2388=VECTOR('',#2387,5.4356E0);
#2389=CARTESIAN_POINT('',(6.0452E0,2.7178E0,-1.29286E1));
#2390=LINE('',#2389,#2388);
#2391=DIRECTION('',(0.E0,1.E0,0.E0));
#2392=VECTOR('',#2391,2.2479E0);
#2393=CARTESIAN_POINT('',(6.0452E0,-2.7178E0,-1.25349E1));
#2394=LINE('',#2393,#2392);
#2395=DIRECTION('',(0.E0,-1.E0,0.E0));
#2396=VECTOR('',#2395,5.4356E0);
#2397=CARTESIAN_POINT('',(6.6548E0,2.7178E0,-1.29286E1));
#2398=LINE('',#2397,#2396);
#2399=DIRECTION('',(0.E0,-1.E0,0.E0));
#2400=VECTOR('',#2399,3.1115E0);
#2401=CARTESIAN_POINT('',(6.0325E0,-2.7178E0,-1.18999E1));
#2402=LINE('',#2401,#2400);
#2403=DIRECTION('',(0.E0,0.E0,-1.E0));
#2404=VECTOR('',#2403,6.35E-1);
#2405=CARTESIAN_POINT('',(6.0325E0,-5.8293E0,-1.18999E1));
#2406=LINE('',#2405,#2404);
#2407=DIRECTION('',(0.E0,1.E0,0.E0));
#2408=VECTOR('',#2407,3.1115E0);
#2409=CARTESIAN_POINT('',(6.0325E0,-5.8293E0,-1.25349E1));
#2410=LINE('',#2409,#2408);
#2411=DIRECTION('',(0.E0,0.E0,-1.E0));
#2412=VECTOR('',#2411,6.35E-2);
#2413=CARTESIAN_POINT('',(6.0325E0,-7.874E-1,-8.3185E0));
#2414=LINE('',#2413,#2412);
#2415=DIRECTION('',(0.E0,0.E0,1.E0));
#2416=VECTOR('',#2415,6.35E-2);
#2417=CARTESIAN_POINT('',(6.0325E0,4.826E-1,-8.382E0));
#2418=LINE('',#2417,#2416);
#2419=DIRECTION('',(0.E0,-1.E0,0.E0));
#2420=VECTOR('',#2419,3.175E-1);
#2421=CARTESIAN_POINT('',(6.0325E0,4.826E-1,-8.3185E0));
#2422=LINE('',#2421,#2420);
#2423=DIRECTION('',(0.E0,0.E0,1.E0));
#2424=VECTOR('',#2423,6.096E0);
#2425=CARTESIAN_POINT('',(6.0325E0,1.651E-1,-8.3185E0));
#2426=LINE('',#2425,#2424);
#2427=DIRECTION('',(0.E0,-1.E0,0.E0));
#2428=VECTOR('',#2427,6.35E-1);
#2429=CARTESIAN_POINT('',(6.0325E0,1.651E-1,-2.2225E0));
#2430=LINE('',#2429,#2428);
#2431=DIRECTION('',(0.E0,0.E0,-1.E0));
#2432=VECTOR('',#2431,6.096E0);
#2433=CARTESIAN_POINT('',(6.0325E0,-4.699E-1,-2.2225E0));
#2434=LINE('',#2433,#2432);
#2435=DIRECTION('',(0.E0,-1.E0,0.E0));
#2436=VECTOR('',#2435,3.175E-1);
#2437=CARTESIAN_POINT('',(6.0325E0,-4.699E-1,-8.3185E0));
#2438=LINE('',#2437,#2436);
#2439=DIRECTION('',(-1.E0,0.E0,0.E0));
#2440=VECTOR('',#2439,6.35E-1);
#2441=CARTESIAN_POINT('',(6.6675E0,-7.874E-1,-8.3185E0));
#2442=LINE('',#2441,#2440);
#2443=DIRECTION('',(-1.E0,0.E0,0.E0));
#2444=VECTOR('',#2443,6.35E-1);
#2445=CARTESIAN_POINT('',(6.6675E0,-4.699E-1,-8.3185E0));
#2446=LINE('',#2445,#2444);
#2447=DIRECTION('',(-1.E0,0.E0,0.E0));
#2448=VECTOR('',#2447,6.35E-1);
#2449=CARTESIAN_POINT('',(6.6675E0,-4.699E-1,-2.2225E0));
#2450=LINE('',#2449,#2448);
#2451=DIRECTION('',(-1.E0,0.E0,0.E0));
#2452=VECTOR('',#2451,6.35E-1);
#2453=CARTESIAN_POINT('',(6.6675E0,1.651E-1,-2.2225E0));
#2454=LINE('',#2453,#2452);
#2455=DIRECTION('',(-1.E0,0.E0,0.E0));
#2456=VECTOR('',#2455,6.35E-1);
#2457=CARTESIAN_POINT('',(6.6675E0,1.651E-1,-8.3185E0));
#2458=LINE('',#2457,#2456);
#2459=DIRECTION('',(-1.E0,0.E0,0.E0));
#2460=VECTOR('',#2459,6.35E-1);
#2461=CARTESIAN_POINT('',(6.6675E0,4.826E-1,-8.3185E0));
#2462=LINE('',#2461,#2460);
#2463=DIRECTION('',(-1.E0,0.E0,0.E0));
#2464=VECTOR('',#2463,6.35E-1);
#2465=CARTESIAN_POINT('',(9.2075E0,4.826E-1,-8.3185E0));
#2466=LINE('',#2465,#2464);
#2467=DIRECTION('',(-1.E0,0.E0,0.E0));
#2468=VECTOR('',#2467,6.35E-1);
#2469=CARTESIAN_POINT('',(9.2075E0,1.651E-1,-8.3185E0));
#2470=LINE('',#2469,#2468);
#2471=DIRECTION('',(-1.E0,0.E0,0.E0));
#2472=VECTOR('',#2471,6.35E-1);
#2473=CARTESIAN_POINT('',(9.2075E0,1.651E-1,-2.2225E0));
#2474=LINE('',#2473,#2472);
#2475=DIRECTION('',(-1.E0,0.E0,0.E0));
#2476=VECTOR('',#2475,6.35E-1);
#2477=CARTESIAN_POINT('',(9.2075E0,-4.699E-1,-2.2225E0));
#2478=LINE('',#2477,#2476);
#2479=DIRECTION('',(-1.E0,0.E0,0.E0));
#2480=VECTOR('',#2479,6.35E-1);
#2481=CARTESIAN_POINT('',(9.2075E0,-4.699E-1,-8.3185E0));
#2482=LINE('',#2481,#2480);
#2483=DIRECTION('',(-1.E0,0.E0,0.E0));
#2484=VECTOR('',#2483,6.35E-1);
#2485=CARTESIAN_POINT('',(9.2075E0,-7.874E-1,-8.3185E0));
#2486=LINE('',#2485,#2484);
#2487=DIRECTION('',(0.E0,-1.E0,0.E0));
#2488=VECTOR('',#2487,3.1115E0);
#2489=CARTESIAN_POINT('',(8.5725E0,-2.7178E0,-1.18999E1));
#2490=LINE('',#2489,#2488);
#2491=DIRECTION('',(0.E0,0.E0,-1.E0));
#2492=VECTOR('',#2491,6.35E-1);
#2493=CARTESIAN_POINT('',(8.5725E0,-5.8293E0,-1.18999E1));
#2494=LINE('',#2493,#2492);
#2495=DIRECTION('',(0.E0,1.E0,0.E0));
#2496=VECTOR('',#2495,3.1115E0);
#2497=CARTESIAN_POINT('',(8.5725E0,-5.8293E0,-1.25349E1));
#2498=LINE('',#2497,#2496);
#2499=DIRECTION('',(0.E0,0.E0,-1.E0));
#2500=VECTOR('',#2499,6.35E-2);
#2501=CARTESIAN_POINT('',(8.5725E0,-7.874E-1,-8.3185E0));
#2502=LINE('',#2501,#2500);
#2503=DIRECTION('',(0.E0,0.E0,1.E0));
#2504=VECTOR('',#2503,6.35E-2);
#2505=CARTESIAN_POINT('',(8.5725E0,4.826E-1,-8.382E0));
#2506=LINE('',#2505,#2504);
#2507=DIRECTION('',(0.E0,-1.E0,0.E0));
#2508=VECTOR('',#2507,3.175E-1);
#2509=CARTESIAN_POINT('',(8.5725E0,4.826E-1,-8.3185E0));
#2510=LINE('',#2509,#2508);
#2511=DIRECTION('',(0.E0,0.E0,1.E0));
#2512=VECTOR('',#2511,6.096E0);
#2513=CARTESIAN_POINT('',(8.5725E0,1.651E-1,-8.3185E0));
#2514=LINE('',#2513,#2512);
#2515=DIRECTION('',(0.E0,-1.E0,0.E0));
#2516=VECTOR('',#2515,6.35E-1);
#2517=CARTESIAN_POINT('',(8.5725E0,1.651E-1,-2.2225E0));
#2518=LINE('',#2517,#2516);
#2519=DIRECTION('',(0.E0,0.E0,-1.E0));
#2520=VECTOR('',#2519,6.096E0);
#2521=CARTESIAN_POINT('',(8.5725E0,-4.699E-1,-2.2225E0));
#2522=LINE('',#2521,#2520);
#2523=DIRECTION('',(0.E0,-1.E0,0.E0));
#2524=VECTOR('',#2523,3.175E-1);
#2525=CARTESIAN_POINT('',(8.5725E0,-4.699E-1,-8.3185E0));
#2526=LINE('',#2525,#2524);
#2527=DIRECTION('',(0.E0,-1.E0,0.E0));
#2528=VECTOR('',#2527,2.552827012703E0);
#2529=CARTESIAN_POINT('',(-8.5852E0,2.7178E0,-1.19126E1));
#2530=LINE('',#2529,#2528);
#2531=CARTESIAN_POINT('',(-8.5852E0,-4.699E-1,-1.18999E1));
#2532=DIRECTION('',(1.E0,0.E0,0.E0));
#2533=DIRECTION('',(0.E0,0.E0,-1.E0));
#2534=AXIS2_PLACEMENT_3D('',#2531,#2532,#2533);
#2536=DIRECTION('',(0.E0,1.E0,0.E0));
#2537=VECTOR('',#2536,2.2479E0);
#2538=CARTESIAN_POINT('',(-8.5852E0,-2.7178E0,-1.25349E1));
#2539=LINE('',#2538,#2537);
#2540=DIRECTION('',(0.E0,-1.E0,0.E0));
#2541=VECTOR('',#2540,5.4356E0);
#2542=CARTESIAN_POINT('',(-8.5852E0,2.7178E0,-1.29286E1));
#2543=LINE('',#2542,#2541);
#2544=DIRECTION('',(0.E0,-1.E0,0.E0));
#2545=VECTOR('',#2544,2.552827012703E0);
#2546=CARTESIAN_POINT('',(-9.1948E0,2.7178E0,-1.19126E1));
#2547=LINE('',#2546,#2545);
#2548=DIRECTION('',(1.E0,0.E0,0.E0));
#2549=VECTOR('',#2548,6.096E-1);
#2550=CARTESIAN_POINT('',(-9.1948E0,1.649729872975E-1,-1.19126E1));
#2551=LINE('',#2550,#2549);
#2552=DIRECTION('',(-1.E0,0.E0,0.E0));
#2553=VECTOR('',#2552,6.096E-1);
#2554=CARTESIAN_POINT('',(-8.5852E0,-4.699E-1,-1.25349E1));
#2555=LINE('',#2554,#2553);
#2556=DIRECTION('',(0.E0,1.E0,0.E0));
#2557=VECTOR('',#2556,5.4356E0);
#2558=CARTESIAN_POINT('',(-1.10744E1,-2.7178E0,-1.39446E1));
#2559=LINE('',#2558,#2557);
#2560=DIRECTION('',(0.E0,1.E0,0.E0));
#2561=VECTOR('',#2560,5.4356E0);
#2562=CARTESIAN_POINT('',(-1.10744E1,-2.7178E0,-1.19126E1));
#2563=LINE('',#2562,#2561);
#2564=CARTESIAN_POINT('',(8.5852E0,-4.699E-1,-1.18999E1));
#2565=DIRECTION('',(1.E0,0.E0,0.E0));
#2566=DIRECTION('',(0.E0,0.E0,-1.E0));
#2567=AXIS2_PLACEMENT_3D('',#2564,#2565,#2566);
#2569=DIRECTION('',(0.E0,-1.E0,0.E0));
#2570=VECTOR('',#2569,5.4356E0);
#2571=CARTESIAN_POINT('',(8.5852E0,2.7178E0,-1.29286E1));
#2572=LINE('',#2571,#2570);
#2573=DIRECTION('',(0.E0,1.E0,0.E0));
#2574=VECTOR('',#2573,2.2479E0);
#2575=CARTESIAN_POINT('',(8.5852E0,-2.7178E0,-1.25349E1));
#2576=LINE('',#2575,#2574);
#2577=DIRECTION('',(0.E0,-1.E0,0.E0));
#2578=VECTOR('',#2577,5.4356E0);
#2579=CARTESIAN_POINT('',(9.1948E0,2.7178E0,-1.29286E1));
#2580=LINE('',#2579,#2578);
#2581=CARTESIAN_POINT('',(-1.10744E1,-2.7178E0,-1.39446E1));
#2582=CARTESIAN_POINT('',(-1.10744E1,-2.7178E0,-1.19126E1));
#2583=VERTEX_POINT('',#2581);
#2584=VERTEX_POINT('',#2582);
#2585=CARTESIAN_POINT('',(-1.1684E1,-2.7178E0,-1.19126E1));
#2586=VERTEX_POINT('',#2585);
#2587=CARTESIAN_POINT('',(-1.1684E1,-2.7178E0,0.E0));
#2588=VERTEX_POINT('',#2587);
#2589=CARTESIAN_POINT('',(1.1684E1,-2.7178E0,0.E0));
#2590=CARTESIAN_POINT('',(1.1684E1,-2.7178E0,-1.19126E1));
#2591=VERTEX_POINT('',#2589);
#2592=VERTEX_POINT('',#2590);
#2593=CARTESIAN_POINT('',(1.10744E1,-2.7178E0,-1.19126E1));
#2594=VERTEX_POINT('',#2593);
#2595=CARTESIAN_POINT('',(1.10744E1,-2.7178E0,-1.39446E1));
#2596=VERTEX_POINT('',#2595);
#2597=CARTESIAN_POINT('',(-1.10744E1,2.7178E0,-1.39446E1));
#2598=CARTESIAN_POINT('',(-1.10744E1,2.7178E0,-1.19126E1));
#2599=VERTEX_POINT('',#2597);
#2600=VERTEX_POINT('',#2598);
#2601=CARTESIAN_POINT('',(-1.1684E1,2.7178E0,-1.19126E1));
#2602=VERTEX_POINT('',#2601);
#2603=CARTESIAN_POINT('',(-1.1684E1,2.7178E0,0.E0));
#2604=VERTEX_POINT('',#2603);
#2605=CARTESIAN_POINT('',(1.1684E1,2.7178E0,0.E0));
#2606=VERTEX_POINT('',#2605);
#2607=CARTESIAN_POINT('',(1.1684E1,2.7178E0,-1.19126E1));
#2608=VERTEX_POINT('',#2607);
#2609=CARTESIAN_POINT('',(1.10744E1,2.7178E0,-1.19126E1));
#2610=VERTEX_POINT('',#2609);
#2611=CARTESIAN_POINT('',(1.10744E1,2.7178E0,-1.39446E1));
#2612=VERTEX_POINT('',#2611);
#2613=CARTESIAN_POINT('',(-1.0668E1,1.8288E0,-8.382E0));
#2614=CARTESIAN_POINT('',(-1.0668E1,-1.7018E0,-8.382E0));
#2615=VERTEX_POINT('',#2613);
#2616=VERTEX_POINT('',#2614);
#2617=CARTESIAN_POINT('',(1.0668E1,-1.7018E0,-8.382E0));
#2618=CARTESIAN_POINT('',(1.0668E1,1.8288E0,-8.382E0));
#2619=VERTEX_POINT('',#2617);
#2620=VERTEX_POINT('',#2618);
#2621=CARTESIAN_POINT('',(-1.0668E1,1.8288E0,-3.81E-1));
#2622=CARTESIAN_POINT('',(1.0668E1,1.8288E0,-3.81E-1));
#2623=VERTEX_POINT('',#2621);
#2624=VERTEX_POINT('',#2622);
#2625=CARTESIAN_POINT('',(-1.1049E1,2.2098E0,0.E0));
#2626=CARTESIAN_POINT('',(1.1049E1,2.2098E0,0.E0));
#2627=VERTEX_POINT('',#2625);
#2628=VERTEX_POINT('',#2626);
#2629=CARTESIAN_POINT('',(-1.0668E1,-1.7018E0,-3.81E-1));
#2630=VERTEX_POINT('',#2629);
#2631=CARTESIAN_POINT('',(1.0668E1,-1.7018E0,-3.81E-1));
#2632=VERTEX_POINT('',#2631);
#2633=CARTESIAN_POINT('',(-1.1049E1,-2.0828E0,0.E0));
#2634=VERTEX_POINT('',#2633);
#2635=CARTESIAN_POINT('',(1.1049E1,-2.0828E0,0.E0));
#2636=VERTEX_POINT('',#2635);
#2637=CARTESIAN_POINT('',(-1.1684E1,-8.305477371938E-1,0.E0));
#2638=CARTESIAN_POINT('',(-1.1684E1,-8.305477371938E-1,-5.08E-1));
#2639=VERTEX_POINT('',#2637);
#2640=VERTEX_POINT('',#2638);
#2641=CARTESIAN_POINT('',(-1.1684E1,-6.604E-1,-1.143E0));
#2642=VERTEX_POINT('',#2641);
#2643=CARTESIAN_POINT('',(-1.1684E1,1.1176E0,-1.143E0));
#2644=VERTEX_POINT('',#2643);
#2645=CARTESIAN_POINT('',(-1.1684E1,1.287747737194E0,-5.08E-1));
#2646=VERTEX_POINT('',#2645);
#2647=CARTESIAN_POINT('',(-1.1684E1,1.287747737194E0,0.E0));
#2648=VERTEX_POINT('',#2647);
#2649=CARTESIAN_POINT('',(-1.1049E1,-8.305477371938E-1,0.E0));
#2650=VERTEX_POINT('',#2649);
#2651=CARTESIAN_POINT('',(1.1049E1,-8.305477371938E-1,0.E0));
#2652=CARTESIAN_POINT('',(1.1684E1,-8.305477371938E-1,0.E0));
#2653=VERTEX_POINT('',#2651);
#2654=VERTEX_POINT('',#2652);
#2655=CARTESIAN_POINT('',(-1.1049E1,1.287747737194E0,0.E0));
#2656=VERTEX_POINT('',#2655);
#2657=CARTESIAN_POINT('',(1.1049E1,1.287747737194E0,0.E0));
#2658=CARTESIAN_POINT('',(1.1684E1,1.287747737194E0,0.E0));
#2659=VERTEX_POINT('',#2657);
#2660=VERTEX_POINT('',#2658);
#2661=CARTESIAN_POINT('',(1.1684E1,-8.305477371938E-1,-5.08E-1));
#2662=VERTEX_POINT('',#2661);
#2663=CARTESIAN_POINT('',(1.1684E1,-6.604E-1,-1.143E0));
#2664=VERTEX_POINT('',#2663);
#2665=CARTESIAN_POINT('',(1.1684E1,1.1176E0,-1.143E0));
#2666=VERTEX_POINT('',#2665);
#2667=CARTESIAN_POINT('',(1.1684E1,1.287747737194E0,-5.08E-1));
#2668=VERTEX_POINT('',#2667);
#2669=CARTESIAN_POINT('',(-1.0668E1,-8.305477371938E-1,-3.81E-1));
#2670=CARTESIAN_POINT('',(-1.0668E1,-8.305477371938E-1,-5.08E-1));
#2671=VERTEX_POINT('',#2669);
#2672=VERTEX_POINT('',#2670);
#2673=CARTESIAN_POINT('',(-1.0668E1,-6.604E-1,-1.143E0));
#2674=VERTEX_POINT('',#2673);
#2675=CARTESIAN_POINT('',(-1.0668E1,1.1176E0,-1.143E0));
#2676=VERTEX_POINT('',#2675);
#2677=CARTESIAN_POINT('',(-1.0668E1,1.287747737194E0,-5.08E-1));
#2678=VERTEX_POINT('',#2677);
#2679=CARTESIAN_POINT('',(-1.0668E1,1.287747737194E0,-3.81E-1));
#2680=VERTEX_POINT('',#2679);
#2681=CARTESIAN_POINT('',(1.0668E1,-8.305477371938E-1,-3.81E-1));
#2682=CARTESIAN_POINT('',(1.0668E1,-8.305477371938E-1,-5.08E-1));
#2683=VERTEX_POINT('',#2681);
#2684=VERTEX_POINT('',#2682);
#2685=CARTESIAN_POINT('',(1.0668E1,-6.604E-1,-1.143E0));
#2686=VERTEX_POINT('',#2685);
#2687=CARTESIAN_POINT('',(1.0668E1,1.1176E0,-1.143E0));
#2688=VERTEX_POINT('',#2687);
#2689=CARTESIAN_POINT('',(1.0668E1,1.287747737194E0,-5.08E-1));
#2690=VERTEX_POINT('',#2689);
#2691=CARTESIAN_POINT('',(1.0668E1,1.287747737194E0,-3.81E-1));
#2692=VERTEX_POINT('',#2691);
#2693=CARTESIAN_POINT('',(-1.778E0,2.7178E0,-3.6703E0));
#2694=CARTESIAN_POINT('',(-2.286E0,2.7178E0,-3.1623E0));
#2695=VERTEX_POINT('',#2693);
#2696=VERTEX_POINT('',#2694);
#2697=CARTESIAN_POINT('',(-2.286E0,2.7178E0,-2.2098E0));
#2698=VERTEX_POINT('',#2697);
#2699=CARTESIAN_POINT('',(-1.778E0,2.7178E0,-1.7018E0));
#2700=VERTEX_POINT('',#2699);
#2701=CARTESIAN_POINT('',(1.778E0,2.7178E0,-1.7018E0));
#2702=VERTEX_POINT('',#2701);
#2703=CARTESIAN_POINT('',(2.286E0,2.7178E0,-2.2098E0));
#2704=VERTEX_POINT('',#2703);
#2705=CARTESIAN_POINT('',(2.286E0,2.7178E0,-3.1623E0));
#2706=VERTEX_POINT('',#2705);
#2707=CARTESIAN_POINT('',(1.778E0,2.7178E0,-3.6703E0));
#2708=VERTEX_POINT('',#2707);
#2709=CARTESIAN_POINT('',(-1.778E0,1.8288E0,-3.6703E0));
#2710=CARTESIAN_POINT('',(-2.286E0,1.8288E0,-3.1623E0));
#2711=VERTEX_POINT('',#2709);
#2712=VERTEX_POINT('',#2710);
#2713=CARTESIAN_POINT('',(-2.286E0,1.8288E0,-2.2098E0));
#2714=VERTEX_POINT('',#2713);
#2715=CARTESIAN_POINT('',(-1.778E0,1.8288E0,-1.7018E0));
#2716=VERTEX_POINT('',#2715);
#2717=CARTESIAN_POINT('',(1.778E0,1.8288E0,-1.7018E0));
#2718=VERTEX_POINT('',#2717);
#2719=CARTESIAN_POINT('',(2.286E0,1.8288E0,-2.2098E0));
#2720=VERTEX_POINT('',#2719);
#2721=CARTESIAN_POINT('',(2.286E0,1.8288E0,-3.1623E0));
#2722=VERTEX_POINT('',#2721);
#2723=CARTESIAN_POINT('',(1.778E0,1.8288E0,-3.6703E0));
#2724=VERTEX_POINT('',#2723);
#2725=CARTESIAN_POINT('',(-9.144E0,-2.7178E0,-8.382E0));
#2726=CARTESIAN_POINT('',(-7.366E0,-2.7178E0,-8.382E0));
#2727=VERTEX_POINT('',#2725);
#2728=VERTEX_POINT('',#2726);
#2729=CARTESIAN_POINT('',(-7.366E0,-2.7178E0,0.E0));
#2730=VERTEX_POINT('',#2729);
#2731=CARTESIAN_POINT('',(7.366E0,-2.7178E0,0.E0));
#2732=CARTESIAN_POINT('',(7.366E0,-2.7178E0,-8.382E0));
#2733=VERTEX_POINT('',#2731);
#2734=VERTEX_POINT('',#2732);
#2735=CARTESIAN_POINT('',(9.144E0,-2.7178E0,-8.382E0));
#2736=VERTEX_POINT('',#2735);
#2737=CARTESIAN_POINT('',(-9.144E0,-2.7178E0,0.E0));
#2738=CARTESIAN_POINT('',(-9.144E0,-2.0828E0,0.E0));
#2739=VERTEX_POINT('',#2737);
#2740=VERTEX_POINT('',#2738);
#2741=CARTESIAN_POINT('',(-7.366E0,-2.0828E0,0.E0));
#2742=VERTEX_POINT('',#2741);
#2743=CARTESIAN_POINT('',(7.366E0,-2.0828E0,0.E0));
#2744=VERTEX_POINT('',#2743);
#2745=CARTESIAN_POINT('',(9.144E0,-2.7178E0,0.E0));
#2746=CARTESIAN_POINT('',(9.144E0,-2.0828E0,0.E0));
#2747=VERTEX_POINT('',#2745);
#2748=VERTEX_POINT('',#2746);
#2749=CARTESIAN_POINT('',(-9.144E0,-1.7018E0,-8.382E0));
#2750=CARTESIAN_POINT('',(-9.144E0,-1.7018E0,-3.81E-1));
#2751=VERTEX_POINT('',#2749);
#2752=VERTEX_POINT('',#2750);
#2753=CARTESIAN_POINT('',(-7.366E0,-1.7018E0,-8.382E0));
#2754=CARTESIAN_POINT('',(-7.366E0,-1.7018E0,-3.81E-1));
#2755=VERTEX_POINT('',#2753);
#2756=VERTEX_POINT('',#2754);
#2757=CARTESIAN_POINT('',(7.366E0,-1.7018E0,-8.382E0));
#2758=CARTESIAN_POINT('',(7.366E0,-1.7018E0,-3.81E-1));
#2759=VERTEX_POINT('',#2757);
#2760=VERTEX_POINT('',#2758);
#2761=CARTESIAN_POINT('',(9.144E0,-1.7018E0,-8.382E0));
#2762=CARTESIAN_POINT('',(9.144E0,-1.7018E0,-3.81E-1));
#2763=VERTEX_POINT('',#2761);
#2764=VERTEX_POINT('',#2762);
#2765=CARTESIAN_POINT('',(-9.525E0,-3.0353E0,-1.17856E1));
#2766=CARTESIAN_POINT('',(-9.525E0,-3.0353E0,0.E0));
#2767=VERTEX_POINT('',#2765);
#2768=VERTEX_POINT('',#2766);
#2769=CARTESIAN_POINT('',(-9.906E0,-2.7178E0,0.E0));
#2770=VERTEX_POINT('',#2769);
#2771=CARTESIAN_POINT('',(9.525E0,-3.0353E0,0.E0));
#2772=CARTESIAN_POINT('',(9.525E0,-3.0353E0,-1.17856E1));
#2773=VERTEX_POINT('',#2771);
#2774=VERTEX_POINT('',#2772);
#2775=CARTESIAN_POINT('',(-9.906E0,-2.7178E0,-1.17856E1));
#2776=CARTESIAN_POINT('',(-9.144E0,-2.7178E0,-1.17856E1));
#2777=VERTEX_POINT('',#2775);
#2778=VERTEX_POINT('',#2776);
#2779=CARTESIAN_POINT('',(9.144E0,-2.7178E0,-1.17856E1));
#2780=CARTESIAN_POINT('',(9.906E0,-2.7178E0,-1.17856E1));
#2781=VERTEX_POINT('',#2779);
#2782=VERTEX_POINT('',#2780);
#2783=CARTESIAN_POINT('',(9.906E0,-2.7178E0,0.E0));
#2784=VERTEX_POINT('',#2783);
#2785=CARTESIAN_POINT('',(-8.5725E0,1.651E-1,-8.3185E0));
#2786=CARTESIAN_POINT('',(-8.5725E0,1.651E-1,-2.2225E0));
#2787=VERTEX_POINT('',#2785);
#2788=VERTEX_POINT('',#2786);
#2789=CARTESIAN_POINT('',(-8.5725E0,-4.699E-1,-2.2225E0));
#2790=VERTEX_POINT('',#2789);
#2791=CARTESIAN_POINT('',(-8.5725E0,-4.699E-1,-8.3185E0));
#2792=VERTEX_POINT('',#2791);
#2793=CARTESIAN_POINT('',(-8.5725E0,-5.8293E0,-1.18999E1));
#2794=CARTESIAN_POINT('',(-8.5725E0,-5.8293E0,-1.25349E1));
#2795=VERTEX_POINT('',#2793);
#2796=VERTEX_POINT('',#2794);
#2797=CARTESIAN_POINT('',(-9.2075E0,1.651E-1,-8.3185E0));
#2798=CARTESIAN_POINT('',(-9.2075E0,1.651E-1,-2.2225E0));
#2799=VERTEX_POINT('',#2797);
#2800=VERTEX_POINT('',#2798);
#2801=CARTESIAN_POINT('',(-9.2075E0,-4.699E-1,-2.2225E0));
#2802=VERTEX_POINT('',#2801);
#2803=CARTESIAN_POINT('',(-9.2075E0,-4.699E-1,-8.3185E0));
#2804=VERTEX_POINT('',#2803);
#2805=CARTESIAN_POINT('',(-9.2075E0,-5.8293E0,-1.18999E1));
#2806=CARTESIAN_POINT('',(-9.2075E0,-5.8293E0,-1.25349E1));
#2807=VERTEX_POINT('',#2805);
#2808=VERTEX_POINT('',#2806);
#2809=CARTESIAN_POINT('',(-8.5725E0,-2.7178E0,-1.18999E1));
#2810=CARTESIAN_POINT('',(-8.5725E0,-2.7178E0,-1.25349E1));
#2811=VERTEX_POINT('',#2809);
#2812=VERTEX_POINT('',#2810);
#2813=CARTESIAN_POINT('',(-9.2075E0,-2.7178E0,-1.18999E1));
#2814=CARTESIAN_POINT('',(-9.2075E0,-2.7178E0,-1.25349E1));
#2815=VERTEX_POINT('',#2813);
#2816=VERTEX_POINT('',#2814);
#2817=CARTESIAN_POINT('',(-9.1948E0,-2.7178E0,-1.25349E1));
#2818=VERTEX_POINT('',#2817);
#2819=CARTESIAN_POINT('',(-8.5725E0,-7.874E-1,-8.382E0));
#2820=CARTESIAN_POINT('',(-8.5725E0,4.826E-1,-8.382E0));
#2821=VERTEX_POINT('',#2819);
#2822=VERTEX_POINT('',#2820);
#2823=CARTESIAN_POINT('',(-9.2075E0,-7.874E-1,-8.382E0));
#2824=CARTESIAN_POINT('',(-9.2075E0,4.826E-1,-8.382E0));
#2825=VERTEX_POINT('',#2823);
#2826=VERTEX_POINT('',#2824);
#2827=CARTESIAN_POINT('',(-8.5725E0,-7.874E-1,-8.3185E0));
#2828=VERTEX_POINT('',#2827);
#2829=CARTESIAN_POINT('',(-8.5725E0,4.826E-1,-8.3185E0));
#2830=VERTEX_POINT('',#2829);
#2831=CARTESIAN_POINT('',(-9.2075E0,-7.874E-1,-8.3185E0));
#2832=VERTEX_POINT('',#2831);
#2833=CARTESIAN_POINT('',(-9.2075E0,4.826E-1,-8.3185E0));
#2834=VERTEX_POINT('',#2833);
#2835=CARTESIAN_POINT('',(-9.781387873497E0,-2.7178E0,-1.39446E1));
#2836=CARTESIAN_POINT('',(-9.1948E0,-2.7178E0,-1.29286E1));
#2837=VERTEX_POINT('',#2835);
#2838=VERTEX_POINT('',#2836);
#2839=CARTESIAN_POINT('',(-8.5852E0,-2.7178E0,-1.29286E1));
#2840=CARTESIAN_POINT('',(-7.998612126503E0,-2.7178E0,-1.39446E1));
#2841=VERTEX_POINT('',#2839);
#2842=VERTEX_POINT('',#2840);
#2843=CARTESIAN_POINT('',(-9.781387873497E0,2.7178E0,-1.39446E1));
#2844=CARTESIAN_POINT('',(-9.1948E0,2.7178E0,-1.29286E1));
#2845=VERTEX_POINT('',#2843);
#2846=VERTEX_POINT('',#2844);
#2847=CARTESIAN_POINT('',(-9.1948E0,2.7178E0,-1.19126E1));
#2848=VERTEX_POINT('',#2847);
#2849=CARTESIAN_POINT('',(-8.5852E0,2.7178E0,-1.19126E1));
#2850=VERTEX_POINT('',#2849);
#2851=CARTESIAN_POINT('',(-8.5852E0,2.7178E0,-1.29286E1));
#2852=VERTEX_POINT('',#2851);
#2853=CARTESIAN_POINT('',(-7.998612126503E0,2.7178E0,-1.39446E1));
#2854=VERTEX_POINT('',#2853);
#2855=CARTESIAN_POINT('',(-8.5852E0,-2.7178E0,-1.25349E1));
#2856=VERTEX_POINT('',#2855);
#2857=CARTESIAN_POINT('',(-9.1948E0,1.649729872975E-1,-1.19126E1));
#2858=VERTEX_POINT('',#2857);
#2859=CARTESIAN_POINT('',(-8.5852E0,1.649729872975E-1,-1.19126E1));
#2860=VERTEX_POINT('',#2859);
#2861=CARTESIAN_POINT('',(-7.241387873497E0,-2.7178E0,-1.39446E1));
#2862=CARTESIAN_POINT('',(-6.6548E0,-2.7178E0,-1.29286E1));
#2863=VERTEX_POINT('',#2861);
#2864=VERTEX_POINT('',#2862);
#2865=CARTESIAN_POINT('',(-6.0452E0,-2.7178E0,-1.29286E1));
#2866=CARTESIAN_POINT('',(-5.458612126503E0,-2.7178E0,-1.39446E1));
#2867=VERTEX_POINT('',#2865);
#2868=VERTEX_POINT('',#2866);
#2869=CARTESIAN_POINT('',(-7.241387873497E0,2.7178E0,-1.39446E1));
#2870=CARTESIAN_POINT('',(-6.6548E0,2.7178E0,-1.29286E1));
#2871=VERTEX_POINT('',#2869);
#2872=VERTEX_POINT('',#2870);
#2873=CARTESIAN_POINT('',(-6.6548E0,2.7178E0,-1.19126E1));
#2874=VERTEX_POINT('',#2873);
#2875=CARTESIAN_POINT('',(-6.0452E0,2.7178E0,-1.19126E1));
#2876=VERTEX_POINT('',#2875);
#2877=CARTESIAN_POINT('',(-6.0452E0,2.7178E0,-1.29286E1));
#2878=VERTEX_POINT('',#2877);
#2879=CARTESIAN_POINT('',(-5.458612126503E0,2.7178E0,-1.39446E1));
#2880=VERTEX_POINT('',#2879);
#2881=CARTESIAN_POINT('',(-6.0325E0,1.651E-1,-8.3185E0));
#2882=CARTESIAN_POINT('',(-6.0325E0,1.651E-1,-2.2225E0));
#2883=VERTEX_POINT('',#2881);
#2884=VERTEX_POINT('',#2882);
#2885=CARTESIAN_POINT('',(-6.0325E0,-4.699E-1,-2.2225E0));
#2886=VERTEX_POINT('',#2885);
#2887=CARTESIAN_POINT('',(-6.0325E0,-4.699E-1,-8.3185E0));
#2888=VERTEX_POINT('',#2887);
#2889=CARTESIAN_POINT('',(-6.0325E0,-7.874E-1,-8.3185E0));
#2890=VERTEX_POINT('',#2889);
#2891=CARTESIAN_POINT('',(-6.0325E0,4.826E-1,-8.3185E0));
#2892=VERTEX_POINT('',#2891);
#2893=CARTESIAN_POINT('',(-6.0325E0,-5.8293E0,-1.18999E1));
#2894=CARTESIAN_POINT('',(-6.0325E0,-5.8293E0,-1.25349E1));
#2895=VERTEX_POINT('',#2893);
#2896=VERTEX_POINT('',#2894);
#2897=CARTESIAN_POINT('',(-6.6675E0,1.651E-1,-8.3185E0));
#2898=CARTESIAN_POINT('',(-6.6675E0,1.651E-1,-2.2225E0));
#2899=VERTEX_POINT('',#2897);
#2900=VERTEX_POINT('',#2898);
#2901=CARTESIAN_POINT('',(-6.6675E0,-4.699E-1,-2.2225E0));
#2902=VERTEX_POINT('',#2901);
#2903=CARTESIAN_POINT('',(-6.6675E0,-4.699E-1,-8.3185E0));
#2904=VERTEX_POINT('',#2903);
#2905=CARTESIAN_POINT('',(-6.6675E0,-7.874E-1,-8.3185E0));
#2906=VERTEX_POINT('',#2905);
#2907=CARTESIAN_POINT('',(-6.6675E0,4.826E-1,-8.3185E0));
#2908=VERTEX_POINT('',#2907);
#2909=CARTESIAN_POINT('',(-6.6675E0,-5.8293E0,-1.18999E1));
#2910=CARTESIAN_POINT('',(-6.6675E0,-5.8293E0,-1.25349E1));
#2911=VERTEX_POINT('',#2909);
#2912=VERTEX_POINT('',#2910);
#2913=CARTESIAN_POINT('',(-6.0325E0,-2.7178E0,-1.18999E1));
#2914=CARTESIAN_POINT('',(-6.0325E0,-2.7178E0,-1.25349E1));
#2915=VERTEX_POINT('',#2913);
#2916=VERTEX_POINT('',#2914);
#2917=CARTESIAN_POINT('',(-6.6675E0,-2.7178E0,-1.18999E1));
#2918=CARTESIAN_POINT('',(-6.6675E0,-2.7178E0,-1.25349E1));
#2919=VERTEX_POINT('',#2917);
#2920=VERTEX_POINT('',#2918);
#2921=CARTESIAN_POINT('',(-6.6548E0,-2.7178E0,-1.25349E1));
#2922=VERTEX_POINT('',#2921);
#2923=CARTESIAN_POINT('',(-6.0452E0,-2.7178E0,-1.25349E1));
#2924=VERTEX_POINT('',#2923);
#2925=CARTESIAN_POINT('',(-6.0325E0,-7.874E-1,-8.382E0));
#2926=CARTESIAN_POINT('',(-6.0325E0,4.826E-1,-8.382E0));
#2927=VERTEX_POINT('',#2925);
#2928=VERTEX_POINT('',#2926);
#2929=CARTESIAN_POINT('',(-6.6675E0,-7.874E-1,-8.382E0));
#2930=CARTESIAN_POINT('',(-6.6675E0,4.826E-1,-8.382E0));
#2931=VERTEX_POINT('',#2929);
#2932=VERTEX_POINT('',#2930);
#2933=CARTESIAN_POINT('',(-6.6548E0,1.649729872975E-1,-1.19126E1));
#2934=VERTEX_POINT('',#2933);
#2935=CARTESIAN_POINT('',(-6.0452E0,1.649729872975E-1,-1.19126E1));
#2936=VERTEX_POINT('',#2935);
#2937=CARTESIAN_POINT('',(-4.701387873497E0,-2.7178E0,-1.39446E1));
#2938=CARTESIAN_POINT('',(-4.1148E0,-2.7178E0,-1.29286E1));
#2939=VERTEX_POINT('',#2937);
#2940=VERTEX_POINT('',#2938);
#2941=CARTESIAN_POINT('',(-3.5052E0,-2.7178E0,-1.29286E1));
#2942=CARTESIAN_POINT('',(-2.918612126503E0,-2.7178E0,-1.39446E1));
#2943=VERTEX_POINT('',#2941);
#2944=VERTEX_POINT('',#2942);
#2945=CARTESIAN_POINT('',(-4.701387873497E0,2.7178E0,-1.39446E1));
#2946=CARTESIAN_POINT('',(-4.1148E0,2.7178E0,-1.29286E1));
#2947=VERTEX_POINT('',#2945);
#2948=VERTEX_POINT('',#2946);
#2949=CARTESIAN_POINT('',(-4.1148E0,2.7178E0,-1.19126E1));
#2950=VERTEX_POINT('',#2949);
#2951=CARTESIAN_POINT('',(-3.5052E0,2.7178E0,-1.19126E1));
#2952=VERTEX_POINT('',#2951);
#2953=CARTESIAN_POINT('',(-3.5052E0,2.7178E0,-1.29286E1));
#2954=VERTEX_POINT('',#2953);
#2955=CARTESIAN_POINT('',(-2.918612126503E0,2.7178E0,-1.39446E1));
#2956=VERTEX_POINT('',#2955);
#2957=CARTESIAN_POINT('',(-3.4925E0,1.651E-1,-8.3185E0));
#2958=CARTESIAN_POINT('',(-3.4925E0,1.651E-1,-2.2225E0));
#2959=VERTEX_POINT('',#2957);
#2960=VERTEX_POINT('',#2958);
#2961=CARTESIAN_POINT('',(-3.4925E0,-4.699E-1,-2.2225E0));
#2962=VERTEX_POINT('',#2961);
#2963=CARTESIAN_POINT('',(-3.4925E0,-4.699E-1,-8.3185E0));
#2964=VERTEX_POINT('',#2963);
#2965=CARTESIAN_POINT('',(-3.4925E0,-7.874E-1,-8.3185E0));
#2966=VERTEX_POINT('',#2965);
#2967=CARTESIAN_POINT('',(-3.4925E0,4.826E-1,-8.3185E0));
#2968=VERTEX_POINT('',#2967);
#2969=CARTESIAN_POINT('',(-3.4925E0,-5.8293E0,-1.18999E1));
#2970=CARTESIAN_POINT('',(-3.4925E0,-5.8293E0,-1.25349E1));
#2971=VERTEX_POINT('',#2969);
#2972=VERTEX_POINT('',#2970);
#2973=CARTESIAN_POINT('',(-4.1275E0,1.651E-1,-8.3185E0));
#2974=CARTESIAN_POINT('',(-4.1275E0,1.651E-1,-2.2225E0));
#2975=VERTEX_POINT('',#2973);
#2976=VERTEX_POINT('',#2974);
#2977=CARTESIAN_POINT('',(-4.1275E0,-4.699E-1,-2.2225E0));
#2978=VERTEX_POINT('',#2977);
#2979=CARTESIAN_POINT('',(-4.1275E0,-4.699E-1,-8.3185E0));
#2980=VERTEX_POINT('',#2979);
#2981=CARTESIAN_POINT('',(-4.1275E0,-7.874E-1,-8.3185E0));
#2982=VERTEX_POINT('',#2981);
#2983=CARTESIAN_POINT('',(-4.1275E0,4.826E-1,-8.3185E0));
#2984=VERTEX_POINT('',#2983);
#2985=CARTESIAN_POINT('',(-4.1275E0,-5.8293E0,-1.18999E1));
#2986=CARTESIAN_POINT('',(-4.1275E0,-5.8293E0,-1.25349E1));
#2987=VERTEX_POINT('',#2985);
#2988=VERTEX_POINT('',#2986);
#2989=CARTESIAN_POINT('',(-3.4925E0,-2.7178E0,-1.18999E1));
#2990=CARTESIAN_POINT('',(-3.4925E0,-2.7178E0,-1.25349E1));
#2991=VERTEX_POINT('',#2989);
#2992=VERTEX_POINT('',#2990);
#2993=CARTESIAN_POINT('',(-4.1275E0,-2.7178E0,-1.18999E1));
#2994=CARTESIAN_POINT('',(-4.1275E0,-2.7178E0,-1.25349E1));
#2995=VERTEX_POINT('',#2993);
#2996=VERTEX_POINT('',#2994);
#2997=CARTESIAN_POINT('',(-4.1148E0,-2.7178E0,-1.25349E1));
#2998=VERTEX_POINT('',#2997);
#2999=CARTESIAN_POINT('',(-3.5052E0,-2.7178E0,-1.25349E1));
#3000=VERTEX_POINT('',#2999);
#3001=CARTESIAN_POINT('',(-3.4925E0,-7.874E-1,-8.382E0));
#3002=CARTESIAN_POINT('',(-3.4925E0,4.826E-1,-8.382E0));
#3003=VERTEX_POINT('',#3001);
#3004=VERTEX_POINT('',#3002);
#3005=CARTESIAN_POINT('',(-4.1275E0,-7.874E-1,-8.382E0));
#3006=CARTESIAN_POINT('',(-4.1275E0,4.826E-1,-8.382E0));
#3007=VERTEX_POINT('',#3005);
#3008=VERTEX_POINT('',#3006);
#3009=CARTESIAN_POINT('',(-4.1148E0,1.649729872975E-1,-1.19126E1));
#3010=VERTEX_POINT('',#3009);
#3011=CARTESIAN_POINT('',(-3.5052E0,1.649729872975E-1,-1.19126E1));
#3012=VERTEX_POINT('',#3011);
#3013=CARTESIAN_POINT('',(-9.1948E0,-4.699E-1,-1.25349E1));
#3014=VERTEX_POINT('',#3013);
#3015=CARTESIAN_POINT('',(-8.5852E0,-4.699E-1,-1.25349E1));
#3016=VERTEX_POINT('',#3015);
#3017=CARTESIAN_POINT('',(-6.6548E0,-4.699E-1,-1.25349E1));
#3018=VERTEX_POINT('',#3017);
#3019=CARTESIAN_POINT('',(-6.0452E0,-4.699E-1,-1.25349E1));
#3020=VERTEX_POINT('',#3019);
#3021=CARTESIAN_POINT('',(-4.1148E0,-4.699E-1,-1.25349E1));
#3022=VERTEX_POINT('',#3021);
#3023=CARTESIAN_POINT('',(-3.5052E0,-4.699E-1,-1.25349E1));
#3024=VERTEX_POINT('',#3023);
#3025=CARTESIAN_POINT('',(-1.5748E0,2.7178E0,-1.29286E1));
#3026=CARTESIAN_POINT('',(-1.5748E0,-2.7178E0,-1.29286E1));
#3027=VERTEX_POINT('',#3025);
#3028=VERTEX_POINT('',#3026);
#3029=CARTESIAN_POINT('',(-9.652E-1,2.7178E0,-1.29286E1));
#3030=CARTESIAN_POINT('',(-9.652E-1,-2.7178E0,-1.29286E1));
#3031=VERTEX_POINT('',#3029);
#3032=VERTEX_POINT('',#3030);
#3033=CARTESIAN_POINT('',(-9.525E-1,1.651E-1,-8.3185E0));
#3034=CARTESIAN_POINT('',(-9.525E-1,1.651E-1,-2.2225E0));
#3035=VERTEX_POINT('',#3033);
#3036=VERTEX_POINT('',#3034);
#3037=CARTESIAN_POINT('',(-9.525E-1,-4.699E-1,-2.2225E0));
#3038=VERTEX_POINT('',#3037);
#3039=CARTESIAN_POINT('',(-9.525E-1,-4.699E-1,-8.3185E0));
#3040=VERTEX_POINT('',#3039);
#3041=CARTESIAN_POINT('',(-9.525E-1,-5.8293E0,-1.18999E1));
#3042=CARTESIAN_POINT('',(-9.525E-1,-5.8293E0,-1.25349E1));
#3043=VERTEX_POINT('',#3041);
#3044=VERTEX_POINT('',#3042);
#3045=CARTESIAN_POINT('',(-1.5875E0,1.651E-1,-8.3185E0));
#3046=CARTESIAN_POINT('',(-1.5875E0,1.651E-1,-2.2225E0));
#3047=VERTEX_POINT('',#3045);
#3048=VERTEX_POINT('',#3046);
#3049=CARTESIAN_POINT('',(-1.5875E0,-4.699E-1,-2.2225E0));
#3050=VERTEX_POINT('',#3049);
#3051=CARTESIAN_POINT('',(-1.5875E0,-4.699E-1,-8.3185E0));
#3052=VERTEX_POINT('',#3051);
#3053=CARTESIAN_POINT('',(-1.5875E0,-5.8293E0,-1.18999E1));
#3054=CARTESIAN_POINT('',(-1.5875E0,-5.8293E0,-1.25349E1));
#3055=VERTEX_POINT('',#3053);
#3056=VERTEX_POINT('',#3054);
#3057=CARTESIAN_POINT('',(-9.525E-1,-2.7178E0,-1.18999E1));
#3058=VERTEX_POINT('',#3057);
#3059=CARTESIAN_POINT('',(-9.525E-1,-2.7178E0,-1.25349E1));
#3060=VERTEX_POINT('',#3059);
#3061=CARTESIAN_POINT('',(-1.5875E0,-2.7178E0,-1.18999E1));
#3062=VERTEX_POINT('',#3061);
#3063=CARTESIAN_POINT('',(-1.5875E0,-2.7178E0,-1.25349E1));
#3064=VERTEX_POINT('',#3063);
#3065=CARTESIAN_POINT('',(-9.525E-1,-7.874E-1,-8.3185E0));
#3066=VERTEX_POINT('',#3065);
#3067=CARTESIAN_POINT('',(-9.525E-1,4.826E-1,-8.3185E0));
#3068=VERTEX_POINT('',#3067);
#3069=CARTESIAN_POINT('',(-1.5875E0,-7.874E-1,-8.3185E0));
#3070=VERTEX_POINT('',#3069);
#3071=CARTESIAN_POINT('',(-1.5875E0,4.826E-1,-8.3185E0));
#3072=VERTEX_POINT('',#3071);
#3073=CARTESIAN_POINT('',(-9.525E-1,-7.874E-1,-8.382E0));
#3074=VERTEX_POINT('',#3073);
#3075=CARTESIAN_POINT('',(-9.525E-1,4.826E-1,-8.382E0));
#3076=VERTEX_POINT('',#3075);
#3077=CARTESIAN_POINT('',(-1.5875E0,-7.874E-1,-8.382E0));
#3078=VERTEX_POINT('',#3077);
#3079=CARTESIAN_POINT('',(-1.5875E0,4.826E-1,-8.382E0));
#3080=VERTEX_POINT('',#3079);
#3081=CARTESIAN_POINT('',(-9.652E-1,-4.699E-1,-1.25349E1));
#3082=CARTESIAN_POINT('',(-1.5748E0,-4.699E-1,-1.25349E1));
#3083=VERTEX_POINT('',#3081);
#3084=VERTEX_POINT('',#3082);
#3085=CARTESIAN_POINT('',(-2.161387873497E0,-2.7178E0,-1.39446E1));
#3086=VERTEX_POINT('',#3085);
#3087=CARTESIAN_POINT('',(-3.786121265033E-1,-2.7178E0,-1.39446E1));
#3088=VERTEX_POINT('',#3087);
#3089=CARTESIAN_POINT('',(-2.161387873497E0,2.7178E0,-1.39446E1));
#3090=VERTEX_POINT('',#3089);
#3091=CARTESIAN_POINT('',(-1.5748E0,2.7178E0,-1.19126E1));
#3092=VERTEX_POINT('',#3091);
#3093=CARTESIAN_POINT('',(-9.652E-1,2.7178E0,-1.19126E1));
#3094=VERTEX_POINT('',#3093);
#3095=CARTESIAN_POINT('',(-3.786121265033E-1,2.7178E0,-1.39446E1));
#3096=VERTEX_POINT('',#3095);
#3097=CARTESIAN_POINT('',(-1.5748E0,-2.7178E0,-1.25349E1));
#3098=VERTEX_POINT('',#3097);
#3099=CARTESIAN_POINT('',(-9.652E-1,-2.7178E0,-1.25349E1));
#3100=VERTEX_POINT('',#3099);
#3101=CARTESIAN_POINT('',(-1.5748E0,1.649729872975E-1,-1.19126E1));
#3102=VERTEX_POINT('',#3101);
#3103=CARTESIAN_POINT('',(-9.652E-1,1.649729872975E-1,-1.19126E1));
#3104=VERTEX_POINT('',#3103);
#3105=CARTESIAN_POINT('',(9.652E-1,2.7178E0,-1.29286E1));
#3106=CARTESIAN_POINT('',(9.652E-1,-2.7178E0,-1.29286E1));
#3107=VERTEX_POINT('',#3105);
#3108=VERTEX_POINT('',#3106);
#3109=CARTESIAN_POINT('',(1.5748E0,2.7178E0,-1.29286E1));
#3110=CARTESIAN_POINT('',(1.5748E0,-2.7178E0,-1.29286E1));
#3111=VERTEX_POINT('',#3109);
#3112=VERTEX_POINT('',#3110);
#3113=CARTESIAN_POINT('',(1.5875E0,1.651E-1,-8.3185E0));
#3114=CARTESIAN_POINT('',(1.5875E0,1.651E-1,-2.2225E0));
#3115=VERTEX_POINT('',#3113);
#3116=VERTEX_POINT('',#3114);
#3117=CARTESIAN_POINT('',(1.5875E0,-4.699E-1,-2.2225E0));
#3118=VERTEX_POINT('',#3117);
#3119=CARTESIAN_POINT('',(1.5875E0,-4.699E-1,-8.3185E0));
#3120=VERTEX_POINT('',#3119);
#3121=CARTESIAN_POINT('',(1.5875E0,-5.8293E0,-1.18999E1));
#3122=CARTESIAN_POINT('',(1.5875E0,-5.8293E0,-1.25349E1));
#3123=VERTEX_POINT('',#3121);
#3124=VERTEX_POINT('',#3122);
#3125=CARTESIAN_POINT('',(9.525E-1,1.651E-1,-8.3185E0));
#3126=CARTESIAN_POINT('',(9.525E-1,1.651E-1,-2.2225E0));
#3127=VERTEX_POINT('',#3125);
#3128=VERTEX_POINT('',#3126);
#3129=CARTESIAN_POINT('',(9.525E-1,-4.699E-1,-2.2225E0));
#3130=VERTEX_POINT('',#3129);
#3131=CARTESIAN_POINT('',(9.525E-1,-4.699E-1,-8.3185E0));
#3132=VERTEX_POINT('',#3131);
#3133=CARTESIAN_POINT('',(9.525E-1,-5.8293E0,-1.18999E1));
#3134=CARTESIAN_POINT('',(9.525E-1,-5.8293E0,-1.25349E1));
#3135=VERTEX_POINT('',#3133);
#3136=VERTEX_POINT('',#3134);
#3137=CARTESIAN_POINT('',(1.5875E0,-2.7178E0,-1.18999E1));
#3138=VERTEX_POINT('',#3137);
#3139=CARTESIAN_POINT('',(1.5875E0,-2.7178E0,-1.25349E1));
#3140=VERTEX_POINT('',#3139);
#3141=CARTESIAN_POINT('',(9.525E-1,-2.7178E0,-1.18999E1));
#3142=VERTEX_POINT('',#3141);
#3143=CARTESIAN_POINT('',(9.525E-1,-2.7178E0,-1.25349E1));
#3144=VERTEX_POINT('',#3143);
#3145=CARTESIAN_POINT('',(1.5875E0,-7.874E-1,-8.3185E0));
#3146=VERTEX_POINT('',#3145);
#3147=CARTESIAN_POINT('',(1.5875E0,4.826E-1,-8.3185E0));
#3148=VERTEX_POINT('',#3147);
#3149=CARTESIAN_POINT('',(9.525E-1,-7.874E-1,-8.3185E0));
#3150=VERTEX_POINT('',#3149);
#3151=CARTESIAN_POINT('',(9.525E-1,4.826E-1,-8.3185E0));
#3152=VERTEX_POINT('',#3151);
#3153=CARTESIAN_POINT('',(1.5875E0,-7.874E-1,-8.382E0));
#3154=VERTEX_POINT('',#3153);
#3155=CARTESIAN_POINT('',(1.5875E0,4.826E-1,-8.382E0));
#3156=VERTEX_POINT('',#3155);
#3157=CARTESIAN_POINT('',(9.525E-1,-7.874E-1,-8.382E0));
#3158=VERTEX_POINT('',#3157);
#3159=CARTESIAN_POINT('',(9.525E-1,4.826E-1,-8.382E0));
#3160=VERTEX_POINT('',#3159);
#3161=CARTESIAN_POINT('',(1.5748E0,-4.699E-1,-1.25349E1));
#3162=CARTESIAN_POINT('',(9.652E-1,-4.699E-1,-1.25349E1));
#3163=VERTEX_POINT('',#3161);
#3164=VERTEX_POINT('',#3162);
#3165=CARTESIAN_POINT('',(3.786121265033E-1,-2.7178E0,-1.39446E1));
#3166=VERTEX_POINT('',#3165);
#3167=CARTESIAN_POINT('',(2.161387873497E0,-2.7178E0,-1.39446E1));
#3168=VERTEX_POINT('',#3167);
#3169=CARTESIAN_POINT('',(3.786121265033E-1,2.7178E0,-1.39446E1));
#3170=VERTEX_POINT('',#3169);
#3171=CARTESIAN_POINT('',(9.652E-1,2.7178E0,-1.19126E1));
#3172=VERTEX_POINT('',#3171);
#3173=CARTESIAN_POINT('',(1.5748E0,2.7178E0,-1.19126E1));
#3174=VERTEX_POINT('',#3173);
#3175=CARTESIAN_POINT('',(2.161387873497E0,2.7178E0,-1.39446E1));
#3176=VERTEX_POINT('',#3175);
#3177=CARTESIAN_POINT('',(9.652E-1,-2.7178E0,-1.25349E1));
#3178=VERTEX_POINT('',#3177);
#3179=CARTESIAN_POINT('',(1.5748E0,-2.7178E0,-1.25349E1));
#3180=VERTEX_POINT('',#3179);
#3181=CARTESIAN_POINT('',(9.652E-1,1.649729872975E-1,-1.19126E1));
#3182=VERTEX_POINT('',#3181);
#3183=CARTESIAN_POINT('',(1.5748E0,1.649729872975E-1,-1.19126E1));
#3184=VERTEX_POINT('',#3183);
#3185=CARTESIAN_POINT('',(3.5052E0,2.7178E0,-1.29286E1));
#3186=CARTESIAN_POINT('',(3.5052E0,-2.7178E0,-1.29286E1));
#3187=VERTEX_POINT('',#3185);
#3188=VERTEX_POINT('',#3186);
#3189=CARTESIAN_POINT('',(4.1148E0,2.7178E0,-1.29286E1));
#3190=CARTESIAN_POINT('',(4.1148E0,-2.7178E0,-1.29286E1));
#3191=VERTEX_POINT('',#3189);
#3192=VERTEX_POINT('',#3190);
#3193=CARTESIAN_POINT('',(4.1275E0,1.651E-1,-8.3185E0));
#3194=CARTESIAN_POINT('',(4.1275E0,1.651E-1,-2.2225E0));
#3195=VERTEX_POINT('',#3193);
#3196=VERTEX_POINT('',#3194);
#3197=CARTESIAN_POINT('',(4.1275E0,-4.699E-1,-2.2225E0));
#3198=VERTEX_POINT('',#3197);
#3199=CARTESIAN_POINT('',(4.1275E0,-4.699E-1,-8.3185E0));
#3200=VERTEX_POINT('',#3199);
#3201=CARTESIAN_POINT('',(4.1275E0,-5.8293E0,-1.18999E1));
#3202=CARTESIAN_POINT('',(4.1275E0,-5.8293E0,-1.25349E1));
#3203=VERTEX_POINT('',#3201);
#3204=VERTEX_POINT('',#3202);
#3205=CARTESIAN_POINT('',(3.4925E0,1.651E-1,-8.3185E0));
#3206=CARTESIAN_POINT('',(3.4925E0,1.651E-1,-2.2225E0));
#3207=VERTEX_POINT('',#3205);
#3208=VERTEX_POINT('',#3206);
#3209=CARTESIAN_POINT('',(3.4925E0,-4.699E-1,-2.2225E0));
#3210=VERTEX_POINT('',#3209);
#3211=CARTESIAN_POINT('',(3.4925E0,-4.699E-1,-8.3185E0));
#3212=VERTEX_POINT('',#3211);
#3213=CARTESIAN_POINT('',(3.4925E0,-5.8293E0,-1.18999E1));
#3214=CARTESIAN_POINT('',(3.4925E0,-5.8293E0,-1.25349E1));
#3215=VERTEX_POINT('',#3213);
#3216=VERTEX_POINT('',#3214);
#3217=CARTESIAN_POINT('',(4.1275E0,-2.7178E0,-1.18999E1));
#3218=VERTEX_POINT('',#3217);
#3219=CARTESIAN_POINT('',(4.1275E0,-2.7178E0,-1.25349E1));
#3220=VERTEX_POINT('',#3219);
#3221=CARTESIAN_POINT('',(3.4925E0,-2.7178E0,-1.18999E1));
#3222=VERTEX_POINT('',#3221);
#3223=CARTESIAN_POINT('',(3.4925E0,-2.7178E0,-1.25349E1));
#3224=VERTEX_POINT('',#3223);
#3225=CARTESIAN_POINT('',(4.1275E0,-7.874E-1,-8.3185E0));
#3226=VERTEX_POINT('',#3225);
#3227=CARTESIAN_POINT('',(4.1275E0,4.826E-1,-8.3185E0));
#3228=VERTEX_POINT('',#3227);
#3229=CARTESIAN_POINT('',(3.4925E0,-7.874E-1,-8.3185E0));
#3230=VERTEX_POINT('',#3229);
#3231=CARTESIAN_POINT('',(3.4925E0,4.826E-1,-8.3185E0));
#3232=VERTEX_POINT('',#3231);
#3233=CARTESIAN_POINT('',(4.1275E0,-7.874E-1,-8.382E0));
#3234=VERTEX_POINT('',#3233);
#3235=CARTESIAN_POINT('',(4.1275E0,4.826E-1,-8.382E0));
#3236=VERTEX_POINT('',#3235);
#3237=CARTESIAN_POINT('',(3.4925E0,-7.874E-1,-8.382E0));
#3238=VERTEX_POINT('',#3237);
#3239=CARTESIAN_POINT('',(3.4925E0,4.826E-1,-8.382E0));
#3240=VERTEX_POINT('',#3239);
#3241=CARTESIAN_POINT('',(4.1148E0,-4.699E-1,-1.25349E1));
#3242=CARTESIAN_POINT('',(3.5052E0,-4.699E-1,-1.25349E1));
#3243=VERTEX_POINT('',#3241);
#3244=VERTEX_POINT('',#3242);
#3245=CARTESIAN_POINT('',(2.918612126503E0,-2.7178E0,-1.39446E1));
#3246=VERTEX_POINT('',#3245);
#3247=CARTESIAN_POINT('',(4.701387873497E0,-2.7178E0,-1.39446E1));
#3248=VERTEX_POINT('',#3247);
#3249=CARTESIAN_POINT('',(2.918612126503E0,2.7178E0,-1.39446E1));
#3250=VERTEX_POINT('',#3249);
#3251=CARTESIAN_POINT('',(3.5052E0,2.7178E0,-1.19126E1));
#3252=VERTEX_POINT('',#3251);
#3253=CARTESIAN_POINT('',(4.1148E0,2.7178E0,-1.19126E1));
#3254=VERTEX_POINT('',#3253);
#3255=CARTESIAN_POINT('',(4.701387873497E0,2.7178E0,-1.39446E1));
#3256=VERTEX_POINT('',#3255);
#3257=CARTESIAN_POINT('',(3.5052E0,-2.7178E0,-1.25349E1));
#3258=VERTEX_POINT('',#3257);
#3259=CARTESIAN_POINT('',(4.1148E0,-2.7178E0,-1.25349E1));
#3260=VERTEX_POINT('',#3259);
#3261=CARTESIAN_POINT('',(3.5052E0,1.649729872975E-1,-1.19126E1));
#3262=VERTEX_POINT('',#3261);
#3263=CARTESIAN_POINT('',(4.1148E0,1.649729872975E-1,-1.19126E1));
#3264=VERTEX_POINT('',#3263);
#3265=CARTESIAN_POINT('',(6.0452E0,2.7178E0,-1.29286E1));
#3266=CARTESIAN_POINT('',(6.0452E0,-2.7178E0,-1.29286E1));
#3267=VERTEX_POINT('',#3265);
#3268=VERTEX_POINT('',#3266);
#3269=CARTESIAN_POINT('',(6.6548E0,2.7178E0,-1.29286E1));
#3270=CARTESIAN_POINT('',(6.6548E0,-2.7178E0,-1.29286E1));
#3271=VERTEX_POINT('',#3269);
#3272=VERTEX_POINT('',#3270);
#3273=CARTESIAN_POINT('',(6.6675E0,1.651E-1,-8.3185E0));
#3274=CARTESIAN_POINT('',(6.6675E0,1.651E-1,-2.2225E0));
#3275=VERTEX_POINT('',#3273);
#3276=VERTEX_POINT('',#3274);
#3277=CARTESIAN_POINT('',(6.6675E0,-4.699E-1,-2.2225E0));
#3278=VERTEX_POINT('',#3277);
#3279=CARTESIAN_POINT('',(6.6675E0,-4.699E-1,-8.3185E0));
#3280=VERTEX_POINT('',#3279);
#3281=CARTESIAN_POINT('',(6.6675E0,-5.8293E0,-1.18999E1));
#3282=CARTESIAN_POINT('',(6.6675E0,-5.8293E0,-1.25349E1));
#3283=VERTEX_POINT('',#3281);
#3284=VERTEX_POINT('',#3282);
#3285=CARTESIAN_POINT('',(6.0325E0,1.651E-1,-8.3185E0));
#3286=CARTESIAN_POINT('',(6.0325E0,1.651E-1,-2.2225E0));
#3287=VERTEX_POINT('',#3285);
#3288=VERTEX_POINT('',#3286);
#3289=CARTESIAN_POINT('',(6.0325E0,-4.699E-1,-2.2225E0));
#3290=VERTEX_POINT('',#3289);
#3291=CARTESIAN_POINT('',(6.0325E0,-4.699E-1,-8.3185E0));
#3292=VERTEX_POINT('',#3291);
#3293=CARTESIAN_POINT('',(6.0325E0,-5.8293E0,-1.18999E1));
#3294=CARTESIAN_POINT('',(6.0325E0,-5.8293E0,-1.25349E1));
#3295=VERTEX_POINT('',#3293);
#3296=VERTEX_POINT('',#3294);
#3297=CARTESIAN_POINT('',(6.6675E0,-2.7178E0,-1.18999E1));
#3298=VERTEX_POINT('',#3297);
#3299=CARTESIAN_POINT('',(6.6675E0,-2.7178E0,-1.25349E1));
#3300=VERTEX_POINT('',#3299);
#3301=CARTESIAN_POINT('',(6.0325E0,-2.7178E0,-1.18999E1));
#3302=VERTEX_POINT('',#3301);
#3303=CARTESIAN_POINT('',(6.0325E0,-2.7178E0,-1.25349E1));
#3304=VERTEX_POINT('',#3303);
#3305=CARTESIAN_POINT('',(6.6675E0,-7.874E-1,-8.3185E0));
#3306=VERTEX_POINT('',#3305);
#3307=CARTESIAN_POINT('',(6.6675E0,4.826E-1,-8.3185E0));
#3308=VERTEX_POINT('',#3307);
#3309=CARTESIAN_POINT('',(6.0325E0,-7.874E-1,-8.3185E0));
#3310=VERTEX_POINT('',#3309);
#3311=CARTESIAN_POINT('',(6.0325E0,4.826E-1,-8.3185E0));
#3312=VERTEX_POINT('',#3311);
#3313=CARTESIAN_POINT('',(6.6675E0,-7.874E-1,-8.382E0));
#3314=VERTEX_POINT('',#3313);
#3315=CARTESIAN_POINT('',(6.6675E0,4.826E-1,-8.382E0));
#3316=VERTEX_POINT('',#3315);
#3317=CARTESIAN_POINT('',(6.0325E0,-7.874E-1,-8.382E0));
#3318=VERTEX_POINT('',#3317);
#3319=CARTESIAN_POINT('',(6.0325E0,4.826E-1,-8.382E0));
#3320=VERTEX_POINT('',#3319);
#3321=CARTESIAN_POINT('',(6.6548E0,-4.699E-1,-1.25349E1));
#3322=CARTESIAN_POINT('',(6.0452E0,-4.699E-1,-1.25349E1));
#3323=VERTEX_POINT('',#3321);
#3324=VERTEX_POINT('',#3322);
#3325=CARTESIAN_POINT('',(5.458612126503E0,-2.7178E0,-1.39446E1));
#3326=VERTEX_POINT('',#3325);
#3327=CARTESIAN_POINT('',(7.241387873497E0,-2.7178E0,-1.39446E1));
#3328=VERTEX_POINT('',#3327);
#3329=CARTESIAN_POINT('',(5.458612126503E0,2.7178E0,-1.39446E1));
#3330=VERTEX_POINT('',#3329);
#3331=CARTESIAN_POINT('',(6.0452E0,2.7178E0,-1.19126E1));
#3332=VERTEX_POINT('',#3331);
#3333=CARTESIAN_POINT('',(6.6548E0,2.7178E0,-1.19126E1));
#3334=VERTEX_POINT('',#3333);
#3335=CARTESIAN_POINT('',(7.241387873497E0,2.7178E0,-1.39446E1));
#3336=VERTEX_POINT('',#3335);
#3337=CARTESIAN_POINT('',(6.0452E0,-2.7178E0,-1.25349E1));
#3338=VERTEX_POINT('',#3337);
#3339=CARTESIAN_POINT('',(6.6548E0,-2.7178E0,-1.25349E1));
#3340=VERTEX_POINT('',#3339);
#3341=CARTESIAN_POINT('',(6.0452E0,1.649729872975E-1,-1.19126E1));
#3342=VERTEX_POINT('',#3341);
#3343=CARTESIAN_POINT('',(6.6548E0,1.649729872975E-1,-1.19126E1));
#3344=VERTEX_POINT('',#3343);
#3345=CARTESIAN_POINT('',(8.5852E0,2.7178E0,-1.29286E1));
#3346=CARTESIAN_POINT('',(8.5852E0,-2.7178E0,-1.29286E1));
#3347=VERTEX_POINT('',#3345);
#3348=VERTEX_POINT('',#3346);
#3349=CARTESIAN_POINT('',(9.1948E0,2.7178E0,-1.29286E1));
#3350=CARTESIAN_POINT('',(9.1948E0,-2.7178E0,-1.29286E1));
#3351=VERTEX_POINT('',#3349);
#3352=VERTEX_POINT('',#3350);
#3353=CARTESIAN_POINT('',(9.2075E0,1.651E-1,-8.3185E0));
#3354=CARTESIAN_POINT('',(9.2075E0,1.651E-1,-2.2225E0));
#3355=VERTEX_POINT('',#3353);
#3356=VERTEX_POINT('',#3354);
#3357=CARTESIAN_POINT('',(9.2075E0,-4.699E-1,-2.2225E0));
#3358=VERTEX_POINT('',#3357);
#3359=CARTESIAN_POINT('',(9.2075E0,-4.699E-1,-8.3185E0));
#3360=VERTEX_POINT('',#3359);
#3361=CARTESIAN_POINT('',(9.2075E0,-5.8293E0,-1.18999E1));
#3362=CARTESIAN_POINT('',(9.2075E0,-5.8293E0,-1.25349E1));
#3363=VERTEX_POINT('',#3361);
#3364=VERTEX_POINT('',#3362);
#3365=CARTESIAN_POINT('',(8.5725E0,1.651E-1,-8.3185E0));
#3366=CARTESIAN_POINT('',(8.5725E0,1.651E-1,-2.2225E0));
#3367=VERTEX_POINT('',#3365);
#3368=VERTEX_POINT('',#3366);
#3369=CARTESIAN_POINT('',(8.5725E0,-4.699E-1,-2.2225E0));
#3370=VERTEX_POINT('',#3369);
#3371=CARTESIAN_POINT('',(8.5725E0,-4.699E-1,-8.3185E0));
#3372=VERTEX_POINT('',#3371);
#3373=CARTESIAN_POINT('',(8.5725E0,-5.8293E0,-1.18999E1));
#3374=CARTESIAN_POINT('',(8.5725E0,-5.8293E0,-1.25349E1));
#3375=VERTEX_POINT('',#3373);
#3376=VERTEX_POINT('',#3374);
#3377=CARTESIAN_POINT('',(9.2075E0,-2.7178E0,-1.18999E1));
#3378=VERTEX_POINT('',#3377);
#3379=CARTESIAN_POINT('',(9.2075E0,-2.7178E0,-1.25349E1));
#3380=VERTEX_POINT('',#3379);
#3381=CARTESIAN_POINT('',(8.5725E0,-2.7178E0,-1.18999E1));
#3382=VERTEX_POINT('',#3381);
#3383=CARTESIAN_POINT('',(8.5725E0,-2.7178E0,-1.25349E1));
#3384=VERTEX_POINT('',#3383);
#3385=CARTESIAN_POINT('',(9.2075E0,-7.874E-1,-8.3185E0));
#3386=VERTEX_POINT('',#3385);
#3387=CARTESIAN_POINT('',(9.2075E0,4.826E-1,-8.3185E0));
#3388=VERTEX_POINT('',#3387);
#3389=CARTESIAN_POINT('',(8.5725E0,-7.874E-1,-8.3185E0));
#3390=VERTEX_POINT('',#3389);
#3391=CARTESIAN_POINT('',(8.5725E0,4.826E-1,-8.3185E0));
#3392=VERTEX_POINT('',#3391);
#3393=CARTESIAN_POINT('',(9.2075E0,-7.874E-1,-8.382E0));
#3394=VERTEX_POINT('',#3393);
#3395=CARTESIAN_POINT('',(9.2075E0,4.826E-1,-8.382E0));
#3396=VERTEX_POINT('',#3395);
#3397=CARTESIAN_POINT('',(8.5725E0,-7.874E-1,-8.382E0));
#3398=VERTEX_POINT('',#3397);
#3399=CARTESIAN_POINT('',(8.5725E0,4.826E-1,-8.382E0));
#3400=VERTEX_POINT('',#3399);
#3401=CARTESIAN_POINT('',(9.1948E0,-4.699E-1,-1.25349E1));
#3402=CARTESIAN_POINT('',(8.5852E0,-4.699E-1,-1.25349E1));
#3403=VERTEX_POINT('',#3401);
#3404=VERTEX_POINT('',#3402);
#3405=CARTESIAN_POINT('',(7.998612126503E0,-2.7178E0,-1.39446E1));
#3406=VERTEX_POINT('',#3405);
#3407=CARTESIAN_POINT('',(9.781387873497E0,-2.7178E0,-1.39446E1));
#3408=VERTEX_POINT('',#3407);
#3409=CARTESIAN_POINT('',(7.998612126503E0,2.7178E0,-1.39446E1));
#3410=VERTEX_POINT('',#3409);
#3411=CARTESIAN_POINT('',(8.5852E0,2.7178E0,-1.19126E1));
#3412=VERTEX_POINT('',#3411);
#3413=CARTESIAN_POINT('',(9.1948E0,2.7178E0,-1.19126E1));
#3414=VERTEX_POINT('',#3413);
#3415=CARTESIAN_POINT('',(9.781387873497E0,2.7178E0,-1.39446E1));
#3416=VERTEX_POINT('',#3415);
#3417=CARTESIAN_POINT('',(8.5852E0,-2.7178E0,-1.25349E1));
#3418=VERTEX_POINT('',#3417);
#3419=CARTESIAN_POINT('',(9.1948E0,-2.7178E0,-1.25349E1));
#3420=VERTEX_POINT('',#3419);
#3421=CARTESIAN_POINT('',(8.5852E0,1.649729872975E-1,-1.19126E1));
#3422=VERTEX_POINT('',#3421);
#3423=CARTESIAN_POINT('',(9.1948E0,1.649729872975E-1,-1.19126E1));
#3424=VERTEX_POINT('',#3423);
#3425=CARTESIAN_POINT('',(0.E0,-2.7178E0,0.E0));
#3426=DIRECTION('',(0.E0,1.E0,0.E0));
#3427=DIRECTION('',(1.E0,0.E0,0.E0));
#3428=AXIS2_PLACEMENT_3D('',#3425,#3426,#3427);
#3429=PLANE('',#3428);
#3431=ORIENTED_EDGE('',*,*,#3430,.F.);
#3433=ORIENTED_EDGE('',*,*,#3432,.F.);
#3435=ORIENTED_EDGE('',*,*,#3434,.T.);
#3437=ORIENTED_EDGE('',*,*,#3436,.T.);
#3439=ORIENTED_EDGE('',*,*,#3438,.F.);
#3441=ORIENTED_EDGE('',*,*,#3440,.F.);
#3443=ORIENTED_EDGE('',*,*,#3442,.T.);
#3445=ORIENTED_EDGE('',*,*,#3444,.F.);
#3447=ORIENTED_EDGE('',*,*,#3446,.F.);
#3449=ORIENTED_EDGE('',*,*,#3448,.T.);
#3451=ORIENTED_EDGE('',*,*,#3450,.F.);
#3453=ORIENTED_EDGE('',*,*,#3452,.F.);
#3455=ORIENTED_EDGE('',*,*,#3454,.T.);
#3457=ORIENTED_EDGE('',*,*,#3456,.T.);
#3459=ORIENTED_EDGE('',*,*,#3458,.F.);
#3461=ORIENTED_EDGE('',*,*,#3460,.F.);
#3463=ORIENTED_EDGE('',*,*,#3462,.T.);
#3465=ORIENTED_EDGE('',*,*,#3464,.F.);
#3467=ORIENTED_EDGE('',*,*,#3466,.F.);
#3469=ORIENTED_EDGE('',*,*,#3468,.T.);
#3471=ORIENTED_EDGE('',*,*,#3470,.F.);
#3473=ORIENTED_EDGE('',*,*,#3472,.F.);
#3475=ORIENTED_EDGE('',*,*,#3474,.T.);
#3477=ORIENTED_EDGE('',*,*,#3476,.T.);
#3479=ORIENTED_EDGE('',*,*,#3478,.F.);
#3481=ORIENTED_EDGE('',*,*,#3480,.F.);
#3483=ORIENTED_EDGE('',*,*,#3482,.T.);
#3485=ORIENTED_EDGE('',*,*,#3484,.F.);
#3487=ORIENTED_EDGE('',*,*,#3486,.F.);
#3489=ORIENTED_EDGE('',*,*,#3488,.T.);
#3491=ORIENTED_EDGE('',*,*,#3490,.F.);
#3493=ORIENTED_EDGE('',*,*,#3492,.F.);
#3495=ORIENTED_EDGE('',*,*,#3494,.T.);
#3497=ORIENTED_EDGE('',*,*,#3496,.T.);
#3499=ORIENTED_EDGE('',*,*,#3498,.F.);
#3501=ORIENTED_EDGE('',*,*,#3500,.F.);
#3503=ORIENTED_EDGE('',*,*,#3502,.T.);
#3505=ORIENTED_EDGE('',*,*,#3504,.F.);
#3507=ORIENTED_EDGE('',*,*,#3506,.F.);
#3509=ORIENTED_EDGE('',*,*,#3508,.T.);
#3511=ORIENTED_EDGE('',*,*,#3510,.F.);
#3513=ORIENTED_EDGE('',*,*,#3512,.F.);
#3515=ORIENTED_EDGE('',*,*,#3514,.T.);
#3517=ORIENTED_EDGE('',*,*,#3516,.T.);
#3519=ORIENTED_EDGE('',*,*,#3518,.F.);
#3521=ORIENTED_EDGE('',*,*,#3520,.F.);
#3523=ORIENTED_EDGE('',*,*,#3522,.T.);
#3525=ORIENTED_EDGE('',*,*,#3524,.F.);
#3527=ORIENTED_EDGE('',*,*,#3526,.F.);
#3529=ORIENTED_EDGE('',*,*,#3528,.T.);
#3531=ORIENTED_EDGE('',*,*,#3530,.F.);
#3533=ORIENTED_EDGE('',*,*,#3532,.T.);
#3535=ORIENTED_EDGE('',*,*,#3534,.T.);
#3537=ORIENTED_EDGE('',*,*,#3536,.T.);
#3539=ORIENTED_EDGE('',*,*,#3538,.F.);
#3541=ORIENTED_EDGE('',*,*,#3540,.F.);
#3543=ORIENTED_EDGE('',*,*,#3542,.T.);
#3545=ORIENTED_EDGE('',*,*,#3544,.F.);
#3547=ORIENTED_EDGE('',*,*,#3546,.F.);
#3549=ORIENTED_EDGE('',*,*,#3548,.T.);
#3551=ORIENTED_EDGE('',*,*,#3550,.F.);
#3553=ORIENTED_EDGE('',*,*,#3552,.T.);
#3555=ORIENTED_EDGE('',*,*,#3554,.T.);
#3557=ORIENTED_EDGE('',*,*,#3556,.T.);
#3559=ORIENTED_EDGE('',*,*,#3558,.F.);
#3561=ORIENTED_EDGE('',*,*,#3560,.F.);
#3563=ORIENTED_EDGE('',*,*,#3562,.T.);
#3565=ORIENTED_EDGE('',*,*,#3564,.F.);
#3567=ORIENTED_EDGE('',*,*,#3566,.F.);
#3569=ORIENTED_EDGE('',*,*,#3568,.T.);
#3571=ORIENTED_EDGE('',*,*,#3570,.F.);
#3573=ORIENTED_EDGE('',*,*,#3572,.F.);
#3575=ORIENTED_EDGE('',*,*,#3574,.T.);
#3577=ORIENTED_EDGE('',*,*,#3576,.T.);
#3579=ORIENTED_EDGE('',*,*,#3578,.F.);
#3581=ORIENTED_EDGE('',*,*,#3580,.F.);
#3583=ORIENTED_EDGE('',*,*,#3582,.T.);
#3585=ORIENTED_EDGE('',*,*,#3584,.T.);
#3587=ORIENTED_EDGE('',*,*,#3586,.T.);
#3589=ORIENTED_EDGE('',*,*,#3588,.T.);
#3591=ORIENTED_EDGE('',*,*,#3590,.T.);
#3593=ORIENTED_EDGE('',*,*,#3592,.T.);
#3595=ORIENTED_EDGE('',*,*,#3594,.T.);
#3597=ORIENTED_EDGE('',*,*,#3596,.F.);
#3599=ORIENTED_EDGE('',*,*,#3598,.T.);
#3601=ORIENTED_EDGE('',*,*,#3600,.F.);
#3603=ORIENTED_EDGE('',*,*,#3602,.T.);
#3605=ORIENTED_EDGE('',*,*,#3604,.T.);
#3607=ORIENTED_EDGE('',*,*,#3606,.T.);
#3609=ORIENTED_EDGE('',*,*,#3608,.T.);
#3611=ORIENTED_EDGE('',*,*,#3610,.T.);
#3613=ORIENTED_EDGE('',*,*,#3612,.F.);
#3615=ORIENTED_EDGE('',*,*,#3614,.T.);
#3617=ORIENTED_EDGE('',*,*,#3616,.T.);
#3619=ORIENTED_EDGE('',*,*,#3618,.T.);
#3621=ORIENTED_EDGE('',*,*,#3620,.T.);
#3623=ORIENTED_EDGE('',*,*,#3622,.T.);
#3625=ORIENTED_EDGE('',*,*,#3624,.F.);
#3627=ORIENTED_EDGE('',*,*,#3626,.F.);
#3629=ORIENTED_EDGE('',*,*,#3628,.T.);
#3630=EDGE_LOOP('',(#3431,#3433,#3435,#3437,#3439,#3441,#3443,#3445,#3447,#3449,
#3451,#3453,#3455,#3457,#3459,#3461,#3463,#3465,#3467,#3469,#3471,#3473,#3475,
#3477,#3479,#3481,#3483,#3485,#3487,#3489,#3491,#3493,#3495,#3497,#3499,#3501,
#3503,#3505,#3507,#3509,#3511,#3513,#3515,#3517,#3519,#3521,#3523,#3525,#3527,
#3529,#3531,#3533,#3535,#3537,#3539,#3541,#3543,#3545,#3547,#3549,#3551,#3553,
#3555,#3557,#3559,#3561,#3563,#3565,#3567,#3569,#3571,#3573,#3575,#3577,#3579,
#3581,#3583,#3585,#3587,#3589,#3591,#3593,#3595,#3597,#3599,#3601,#3603,#3605,
#3607,#3609,#3611,#3613,#3615,#3617,#3619,#3621,#3623,#3625,#3627,#3629));
#3631=FACE_OUTER_BOUND('',#3630,.F.);
#3633=CARTESIAN_POINT('',(9.2075E0,-1.524E-1,0.E0));
#3634=DIRECTION('',(1.E0,0.E0,0.E0));
#3635=DIRECTION('',(0.E0,0.E0,-1.E0));
#3636=AXIS2_PLACEMENT_3D('',#3633,#3634,#3635);
#3637=PLANE('',#3636);
#3639=ORIENTED_EDGE('',*,*,#3638,.F.);
#3640=ORIENTED_EDGE('',*,*,#3430,.T.);
#3642=ORIENTED_EDGE('',*,*,#3641,.F.);
#3644=ORIENTED_EDGE('',*,*,#3643,.F.);
#3645=EDGE_LOOP('',(#3639,#3640,#3642,#3644));
#3646=FACE_OUTER_BOUND('',#3645,.F.);
#3648=CARTESIAN_POINT('',(9.2075E0,-1.524E-1,0.E0));
#3649=DIRECTION('',(1.E0,0.E0,0.E0));
#3650=DIRECTION('',(0.E0,0.E0,-1.E0));
#3651=AXIS2_PLACEMENT_3D('',#3648,#3649,#3650);
#3652=PLANE('',#3651);
#3654=ORIENTED_EDGE('',*,*,#3653,.F.);
#3656=ORIENTED_EDGE('',*,*,#3655,.F.);
#3658=ORIENTED_EDGE('',*,*,#3657,.F.);
#3660=ORIENTED_EDGE('',*,*,#3659,.F.);
#3662=ORIENTED_EDGE('',*,*,#3661,.F.);
#3664=ORIENTED_EDGE('',*,*,#3663,.F.);
#3666=ORIENTED_EDGE('',*,*,#3665,.F.);
#3668=ORIENTED_EDGE('',*,*,#3667,.F.);
#3669=EDGE_LOOP('',(#3654,#3656,#3658,#3660,#3662,#3664,#3666,#3668));
#3670=FACE_OUTER_BOUND('',#3669,.F.);
#3672=CARTESIAN_POINT('',(9.2075E0,1.651E-1,-1.18999E1));
#3673=DIRECTION('',(0.E0,0.E0,1.E0));
#3674=DIRECTION('',(0.E0,-1.E0,0.E0));
#3675=AXIS2_PLACEMENT_3D('',#3672,#3673,#3674);
#3676=PLANE('',#3675);
#3677=ORIENTED_EDGE('',*,*,#3638,.T.);
#3679=ORIENTED_EDGE('',*,*,#3678,.T.);
#3681=ORIENTED_EDGE('',*,*,#3680,.F.);
#3682=ORIENTED_EDGE('',*,*,#3432,.T.);
#3683=EDGE_LOOP('',(#3677,#3679,#3681,#3682));
#3684=FACE_OUTER_BOUND('',#3683,.F.);
#3686=CARTESIAN_POINT('',(9.2075E0,-5.8293E0,-1.18999E1));
#3687=DIRECTION('',(0.E0,-1.E0,0.E0));
#3688=DIRECTION('',(0.E0,0.E0,-1.E0));
#3689=AXIS2_PLACEMENT_3D('',#3686,#3687,#3688);
#3690=PLANE('',#3689);
#3691=ORIENTED_EDGE('',*,*,#3643,.T.);
#3693=ORIENTED_EDGE('',*,*,#3692,.T.);
#3695=ORIENTED_EDGE('',*,*,#3694,.F.);
#3696=ORIENTED_EDGE('',*,*,#3678,.F.);
#3697=EDGE_LOOP('',(#3691,#3693,#3695,#3696));
#3698=FACE_OUTER_BOUND('',#3697,.F.);
#3700=CARTESIAN_POINT('',(9.2075E0,-5.8293E0,-1.25349E1));
#3701=DIRECTION('',(0.E0,0.E0,-1.E0));
#3702=DIRECTION('',(0.E0,1.E0,0.E0));
#3703=AXIS2_PLACEMENT_3D('',#3700,#3701,#3702);
#3704=PLANE('',#3703);
#3705=ORIENTED_EDGE('',*,*,#3641,.T.);
#3706=ORIENTED_EDGE('',*,*,#3628,.F.);
#3708=ORIENTED_EDGE('',*,*,#3707,.T.);
#3710=ORIENTED_EDGE('',*,*,#3709,.T.);
#3712=ORIENTED_EDGE('',*,*,#3711,.F.);
#3713=ORIENTED_EDGE('',*,*,#3436,.F.);
#3715=ORIENTED_EDGE('',*,*,#3714,.F.);
#3716=ORIENTED_EDGE('',*,*,#3692,.F.);
#3717=EDGE_LOOP('',(#3705,#3706,#3708,#3710,#3712,#3713,#3715,#3716));
#3718=FACE_OUTER_BOUND('',#3717,.F.);
#3720=CARTESIAN_POINT('',(9.1948E0,2.7178E0,-1.19126E1));
#3721=DIRECTION('',(1.E0,0.E0,0.E0));
#3722=DIRECTION('',(0.E0,0.E0,-1.E0));
#3723=AXIS2_PLACEMENT_3D('',#3720,#3721,#3722);
#3724=PLANE('',#3723);
#3726=ORIENTED_EDGE('',*,*,#3725,.F.);
#3727=ORIENTED_EDGE('',*,*,#3707,.F.);
#3728=ORIENTED_EDGE('',*,*,#3626,.T.);
#3730=ORIENTED_EDGE('',*,*,#3729,.F.);
#3732=ORIENTED_EDGE('',*,*,#3731,.F.);
#3734=ORIENTED_EDGE('',*,*,#3733,.T.);
#3735=EDGE_LOOP('',(#3726,#3727,#3728,#3730,#3732,#3734));
#3736=FACE_OUTER_BOUND('',#3735,.F.);
#3738=CARTESIAN_POINT('',(9.2075E0,-4.699E-1,-1.18999E1));
#3739=DIRECTION('',(1.E0,0.E0,0.E0));
#3740=DIRECTION('',(0.E0,0.E0,-1.E0));
#3741=AXIS2_PLACEMENT_3D('',#3738,#3739,#3740);
#3742=CYLINDRICAL_SURFACE('',#3741,6.35E-1);
#3743=ORIENTED_EDGE('',*,*,#3709,.F.);
#3744=ORIENTED_EDGE('',*,*,#3725,.T.);
#3746=ORIENTED_EDGE('',*,*,#3745,.F.);
#3748=ORIENTED_EDGE('',*,*,#3747,.F.);
#3749=EDGE_LOOP('',(#3743,#3744,#3746,#3748));
#3750=FACE_OUTER_BOUND('',#3749,.F.);
#3752=CARTESIAN_POINT('',(8.5852E0,2.7178E0,-1.19126E1));
#3753=DIRECTION('',(0.E0,0.E0,1.E0));
#3754=DIRECTION('',(1.E0,0.E0,0.E0));
#3755=AXIS2_PLACEMENT_3D('',#3752,#3753,#3754);
#3756=PLANE('',#3755);
#3757=ORIENTED_EDGE('',*,*,#3745,.T.);
#3758=ORIENTED_EDGE('',*,*,#3733,.F.);
#3760=ORIENTED_EDGE('',*,*,#3759,.F.);
#3762=ORIENTED_EDGE('',*,*,#3761,.T.);
#3763=EDGE_LOOP('',(#3757,#3758,#3760,#3762));
#3764=FACE_OUTER_BOUND('',#3763,.F.);
#3766=CARTESIAN_POINT('',(0.E0,2.7178E0,0.E0));
#3767=DIRECTION('',(0.E0,1.E0,0.E0));
#3768=DIRECTION('',(1.E0,0.E0,0.E0));
#3769=AXIS2_PLACEMENT_3D('',#3766,#3767,#3768);
#3770=PLANE('',#3769);
#3772=ORIENTED_EDGE('',*,*,#3771,.T.);
#3774=ORIENTED_EDGE('',*,*,#3773,.T.);
#3775=ORIENTED_EDGE('',*,*,#3759,.T.);
#3776=ORIENTED_EDGE('',*,*,#3731,.T.);
#3778=ORIENTED_EDGE('',*,*,#3777,.T.);
#3780=ORIENTED_EDGE('',*,*,#3779,.F.);
#3782=ORIENTED_EDGE('',*,*,#3781,.F.);
#3784=ORIENTED_EDGE('',*,*,#3783,.F.);
#3786=ORIENTED_EDGE('',*,*,#3785,.F.);
#3788=ORIENTED_EDGE('',*,*,#3787,.F.);
#3790=ORIENTED_EDGE('',*,*,#3789,.F.);
#3792=ORIENTED_EDGE('',*,*,#3791,.F.);
#3794=ORIENTED_EDGE('',*,*,#3793,.F.);
#3796=ORIENTED_EDGE('',*,*,#3795,.F.);
#3798=ORIENTED_EDGE('',*,*,#3797,.T.);
#3800=ORIENTED_EDGE('',*,*,#3799,.T.);
#3802=ORIENTED_EDGE('',*,*,#3801,.T.);
#3804=ORIENTED_EDGE('',*,*,#3803,.T.);
#3806=ORIENTED_EDGE('',*,*,#3805,.T.);
#3808=ORIENTED_EDGE('',*,*,#3807,.F.);
#3810=ORIENTED_EDGE('',*,*,#3809,.T.);
#3812=ORIENTED_EDGE('',*,*,#3811,.T.);
#3814=ORIENTED_EDGE('',*,*,#3813,.T.);
#3816=ORIENTED_EDGE('',*,*,#3815,.T.);
#3818=ORIENTED_EDGE('',*,*,#3817,.T.);
#3820=ORIENTED_EDGE('',*,*,#3819,.F.);
#3822=ORIENTED_EDGE('',*,*,#3821,.T.);
#3824=ORIENTED_EDGE('',*,*,#3823,.T.);
#3826=ORIENTED_EDGE('',*,*,#3825,.T.);
#3828=ORIENTED_EDGE('',*,*,#3827,.T.);
#3830=ORIENTED_EDGE('',*,*,#3829,.T.);
#3832=ORIENTED_EDGE('',*,*,#3831,.F.);
#3834=ORIENTED_EDGE('',*,*,#3833,.T.);
#3836=ORIENTED_EDGE('',*,*,#3835,.T.);
#3838=ORIENTED_EDGE('',*,*,#3837,.T.);
#3840=ORIENTED_EDGE('',*,*,#3839,.T.);
#3842=ORIENTED_EDGE('',*,*,#3841,.T.);
#3844=ORIENTED_EDGE('',*,*,#3843,.F.);
#3846=ORIENTED_EDGE('',*,*,#3845,.T.);
#3848=ORIENTED_EDGE('',*,*,#3847,.T.);
#3850=ORIENTED_EDGE('',*,*,#3849,.T.);
#3852=ORIENTED_EDGE('',*,*,#3851,.T.);
#3854=ORIENTED_EDGE('',*,*,#3853,.T.);
#3856=ORIENTED_EDGE('',*,*,#3855,.F.);
#3858=ORIENTED_EDGE('',*,*,#3857,.T.);
#3860=ORIENTED_EDGE('',*,*,#3859,.T.);
#3862=ORIENTED_EDGE('',*,*,#3861,.T.);
#3864=ORIENTED_EDGE('',*,*,#3863,.T.);
#3866=ORIENTED_EDGE('',*,*,#3865,.T.);
#3868=ORIENTED_EDGE('',*,*,#3867,.F.);
#3870=ORIENTED_EDGE('',*,*,#3869,.T.);
#3872=ORIENTED_EDGE('',*,*,#3871,.T.);
#3874=ORIENTED_EDGE('',*,*,#3873,.T.);
#3876=ORIENTED_EDGE('',*,*,#3875,.T.);
#3878=ORIENTED_EDGE('',*,*,#3877,.T.);
#3880=ORIENTED_EDGE('',*,*,#3879,.F.);
#3881=EDGE_LOOP('',(#3772,#3774,#3775,#3776,#3778,#3780,#3782,#3784,#3786,#3788,
#3790,#3792,#3794,#3796,#3798,#3800,#3802,#3804,#3806,#3808,#3810,#3812,#3814,
#3816,#3818,#3820,#3822,#3824,#3826,#3828,#3830,#3832,#3834,#3836,#3838,#3840,
#3842,#3844,#3846,#3848,#3850,#3852,#3854,#3856,#3858,#3860,#3862,#3864,#3866,
#3868,#3870,#3872,#3874,#3876,#3878,#3880));
#3882=FACE_OUTER_BOUND('',#3881,.F.);
#3884=ORIENTED_EDGE('',*,*,#3883,.T.);
#3886=ORIENTED_EDGE('',*,*,#3885,.T.);
#3888=ORIENTED_EDGE('',*,*,#3887,.T.);
#3890=ORIENTED_EDGE('',*,*,#3889,.T.);
#3892=ORIENTED_EDGE('',*,*,#3891,.T.);
#3894=ORIENTED_EDGE('',*,*,#3893,.T.);
#3896=ORIENTED_EDGE('',*,*,#3895,.T.);
#3898=ORIENTED_EDGE('',*,*,#3897,.T.);
#3899=EDGE_LOOP('',(#3884,#3886,#3888,#3890,#3892,#3894,#3896,#3898));
#3900=FACE_BOUND('',#3899,.F.);
#3902=CARTESIAN_POINT('',(-1.778E0,2.7178E0,-3.1623E0));
#3903=DIRECTION('',(0.E0,1.E0,0.E0));
#3904=DIRECTION('',(1.E0,0.E0,0.E0));
#3905=AXIS2_PLACEMENT_3D('',#3902,#3903,#3904);
#3906=CYLINDRICAL_SURFACE('',#3905,5.08E-1);
#3907=ORIENTED_EDGE('',*,*,#3883,.F.);
#3909=ORIENTED_EDGE('',*,*,#3908,.T.);
#3911=ORIENTED_EDGE('',*,*,#3910,.T.);
#3913=ORIENTED_EDGE('',*,*,#3912,.F.);
#3914=EDGE_LOOP('',(#3907,#3909,#3911,#3913));
#3915=FACE_OUTER_BOUND('',#3914,.F.);
#3917=CARTESIAN_POINT('',(1.778E0,2.7178E0,-3.6703E0));
#3918=DIRECTION('',(0.E0,0.E0,-1.E0));
#3919=DIRECTION('',(-1.E0,0.E0,0.E0));
#3920=AXIS2_PLACEMENT_3D('',#3917,#3918,#3919);
#3921=PLANE('',#3920);
#3922=ORIENTED_EDGE('',*,*,#3897,.F.);
#3924=ORIENTED_EDGE('',*,*,#3923,.T.);
#3926=ORIENTED_EDGE('',*,*,#3925,.T.);
#3927=ORIENTED_EDGE('',*,*,#3908,.F.);
#3928=EDGE_LOOP('',(#3922,#3924,#3926,#3927));
#3929=FACE_OUTER_BOUND('',#3928,.F.);
#3931=CARTESIAN_POINT('',(1.778E0,2.7178E0,-3.1623E0));
#3932=DIRECTION('',(0.E0,1.E0,0.E0));
#3933=DIRECTION('',(1.E0,0.E0,0.E0));
#3934=AXIS2_PLACEMENT_3D('',#3931,#3932,#3933);
#3935=CYLINDRICAL_SURFACE('',#3934,5.08E-1);
#3936=ORIENTED_EDGE('',*,*,#3895,.F.);
#3938=ORIENTED_EDGE('',*,*,#3937,.T.);
#3940=ORIENTED_EDGE('',*,*,#3939,.T.);
#3941=ORIENTED_EDGE('',*,*,#3923,.F.);
#3942=EDGE_LOOP('',(#3936,#3938,#3940,#3941));
#3943=FACE_OUTER_BOUND('',#3942,.F.);
#3945=CARTESIAN_POINT('',(2.286E0,2.7178E0,-2.2098E0));
#3946=DIRECTION('',(1.E0,0.E0,0.E0));
#3947=DIRECTION('',(0.E0,0.E0,-1.E0));
#3948=AXIS2_PLACEMENT_3D('',#3945,#3946,#3947);
#3949=PLANE('',#3948);
#3950=ORIENTED_EDGE('',*,*,#3893,.F.);
#3952=ORIENTED_EDGE('',*,*,#3951,.T.);
#3954=ORIENTED_EDGE('',*,*,#3953,.T.);
#3955=ORIENTED_EDGE('',*,*,#3937,.F.);
#3956=EDGE_LOOP('',(#3950,#3952,#3954,#3955));
#3957=FACE_OUTER_BOUND('',#3956,.F.);
#3959=CARTESIAN_POINT('',(1.778E0,2.7178E0,-2.2098E0));
#3960=DIRECTION('',(0.E0,1.E0,0.E0));
#3961=DIRECTION('',(1.E0,0.E0,0.E0));
#3962=AXIS2_PLACEMENT_3D('',#3959,#3960,#3961);
#3963=CYLINDRICAL_SURFACE('',#3962,5.08E-1);
#3964=ORIENTED_EDGE('',*,*,#3891,.F.);
#3966=ORIENTED_EDGE('',*,*,#3965,.T.);
#3968=ORIENTED_EDGE('',*,*,#3967,.T.);
#3969=ORIENTED_EDGE('',*,*,#3951,.F.);
#3970=EDGE_LOOP('',(#3964,#3966,#3968,#3969));
#3971=FACE_OUTER_BOUND('',#3970,.F.);
#3973=CARTESIAN_POINT('',(-1.778E0,2.7178E0,-1.7018E0));
#3974=DIRECTION('',(0.E0,0.E0,1.E0));
#3975=DIRECTION('',(1.E0,0.E0,0.E0));
#3976=AXIS2_PLACEMENT_3D('',#3973,#3974,#3975);
#3977=PLANE('',#3976);
#3978=ORIENTED_EDGE('',*,*,#3889,.F.);
#3980=ORIENTED_EDGE('',*,*,#3979,.T.);
#3982=ORIENTED_EDGE('',*,*,#3981,.T.);
#3983=ORIENTED_EDGE('',*,*,#3965,.F.);
#3984=EDGE_LOOP('',(#3978,#3980,#3982,#3983));
#3985=FACE_OUTER_BOUND('',#3984,.F.);
#3987=CARTESIAN_POINT('',(-1.778E0,2.7178E0,-2.2098E0));
#3988=DIRECTION('',(0.E0,1.E0,0.E0));
#3989=DIRECTION('',(1.E0,0.E0,0.E0));
#3990=AXIS2_PLACEMENT_3D('',#3987,#3988,#3989);
#3991=CYLINDRICAL_SURFACE('',#3990,5.08E-1);
#3992=ORIENTED_EDGE('',*,*,#3887,.F.);
#3994=ORIENTED_EDGE('',*,*,#3993,.T.);
#3996=ORIENTED_EDGE('',*,*,#3995,.T.);
#3997=ORIENTED_EDGE('',*,*,#3979,.F.);
#3998=EDGE_LOOP('',(#3992,#3994,#3996,#3997));
#3999=FACE_OUTER_BOUND('',#3998,.F.);
#4001=CARTESIAN_POINT('',(-2.286E0,2.7178E0,-3.1623E0));
#4002=DIRECTION('',(-1.E0,0.E0,0.E0));
#4003=DIRECTION('',(0.E0,0.E0,1.E0));
#4004=AXIS2_PLACEMENT_3D('',#4001,#4002,#4003);
#4005=PLANE('',#4004);
#4006=ORIENTED_EDGE('',*,*,#3885,.F.);
#4007=ORIENTED_EDGE('',*,*,#3912,.T.);
#4009=ORIENTED_EDGE('',*,*,#4008,.T.);
#4010=ORIENTED_EDGE('',*,*,#3993,.F.);
#4011=EDGE_LOOP('',(#4006,#4007,#4009,#4010));
#4012=FACE_OUTER_BOUND('',#4011,.F.);
#4014=CARTESIAN_POINT('',(1.0668E1,1.8288E0,0.E0));
#4015=DIRECTION('',(0.E0,1.E0,0.E0));
#4016=DIRECTION('',(-1.E0,0.E0,0.E0));
#4017=AXIS2_PLACEMENT_3D('',#4014,#4015,#4016);
#4018=PLANE('',#4017);
#4020=ORIENTED_EDGE('',*,*,#4019,.T.);
#4022=ORIENTED_EDGE('',*,*,#4021,.T.);
#4024=ORIENTED_EDGE('',*,*,#4023,.T.);
#4026=ORIENTED_EDGE('',*,*,#4025,.F.);
#4027=EDGE_LOOP('',(#4020,#4022,#4024,#4026));
#4028=FACE_OUTER_BOUND('',#4027,.F.);
#4029=ORIENTED_EDGE('',*,*,#3910,.F.);
#4030=ORIENTED_EDGE('',*,*,#3925,.F.);
#4031=ORIENTED_EDGE('',*,*,#3939,.F.);
#4032=ORIENTED_EDGE('',*,*,#3953,.F.);
#4033=ORIENTED_EDGE('',*,*,#3967,.F.);
#4034=ORIENTED_EDGE('',*,*,#3981,.F.);
#4035=ORIENTED_EDGE('',*,*,#3995,.F.);
#4036=ORIENTED_EDGE('',*,*,#4008,.F.);
#4037=EDGE_LOOP('',(#4029,#4030,#4031,#4032,#4033,#4034,#4035,#4036));
#4038=FACE_BOUND('',#4037,.F.);
#4040=CARTESIAN_POINT('',(0.E0,2.0193E0,-1.905E-1));
#4041=DIRECTION('',(0.E0,-7.071067811865E-1,7.071067811865E-1));
#4042=DIRECTION('',(-1.E0,0.E0,0.E0));
#4043=AXIS2_PLACEMENT_3D('',#4040,#4041,#4042);
#4044=PLANE('',#4043);
#4045=ORIENTED_EDGE('',*,*,#4019,.F.);
#4047=ORIENTED_EDGE('',*,*,#4046,.T.);
#4049=ORIENTED_EDGE('',*,*,#4048,.T.);
#4051=ORIENTED_EDGE('',*,*,#4050,.F.);
#4052=EDGE_LOOP('',(#4045,#4047,#4049,#4051));
#4053=FACE_OUTER_BOUND('',#4052,.F.);
#4055=CARTESIAN_POINT('',(-1.08585E1,6.35E-2,-1.905E-1));
#4056=DIRECTION('',(7.071067811865E-1,0.E0,7.071067811865E-1));
#4057=DIRECTION('',(0.E0,-1.E0,0.E0));
#4058=AXIS2_PLACEMENT_3D('',#4055,#4056,#4057);
#4059=PLANE('',#4058);
#4061=ORIENTED_EDGE('',*,*,#4060,.T.);
#4063=ORIENTED_EDGE('',*,*,#4062,.F.);
#4065=ORIENTED_EDGE('',*,*,#4064,.T.);
#4067=ORIENTED_EDGE('',*,*,#4066,.T.);
#4068=EDGE_LOOP('',(#4061,#4063,#4065,#4067));
#4069=FACE_OUTER_BOUND('',#4068,.F.);
#4071=CARTESIAN_POINT('',(-1.08585E1,6.35E-2,-1.905E-1));
#4072=DIRECTION('',(7.071067811865E-1,0.E0,7.071067811865E-1));
#4073=DIRECTION('',(0.E0,-1.E0,0.E0));
#4074=AXIS2_PLACEMENT_3D('',#4071,#4072,#4073);
#4075=PLANE('',#4074);
#4077=ORIENTED_EDGE('',*,*,#4076,.F.);
#4079=ORIENTED_EDGE('',*,*,#4078,.T.);
#4080=ORIENTED_EDGE('',*,*,#4046,.F.);
#4082=ORIENTED_EDGE('',*,*,#4081,.F.);
#4083=EDGE_LOOP('',(#4077,#4079,#4080,#4082));
#4084=FACE_OUTER_BOUND('',#4083,.F.);
#4086=CARTESIAN_POINT('',(1.1684E1,-8.305477371938E-1,0.E0));
#4087=DIRECTION('',(0.E0,-1.E0,0.E0));
#4088=DIRECTION('',(0.E0,0.E0,-1.E0));
#4089=AXIS2_PLACEMENT_3D('',#4086,#4087,#4088);
#4090=PLANE('',#4089);
#4092=ORIENTED_EDGE('',*,*,#4091,.T.);
#4094=ORIENTED_EDGE('',*,*,#4093,.F.);
#4096=ORIENTED_EDGE('',*,*,#4095,.F.);
#4097=ORIENTED_EDGE('',*,*,#4060,.F.);
#4099=ORIENTED_EDGE('',*,*,#4098,.F.);
#4100=EDGE_LOOP('',(#4092,#4094,#4096,#4097,#4099));
#4101=FACE_OUTER_BOUND('',#4100,.F.);
#4103=CARTESIAN_POINT('',(1.1684E1,-8.305477371938E-1,0.E0));
#4104=DIRECTION('',(0.E0,-1.E0,0.E0));
#4105=DIRECTION('',(0.E0,0.E0,-1.E0));
#4106=AXIS2_PLACEMENT_3D('',#4103,#4104,#4105);
#4107=PLANE('',#4106);
#4109=ORIENTED_EDGE('',*,*,#4108,.F.);
#4111=ORIENTED_EDGE('',*,*,#4110,.F.);
#4113=ORIENTED_EDGE('',*,*,#4112,.T.);
#4115=ORIENTED_EDGE('',*,*,#4114,.F.);
#4117=ORIENTED_EDGE('',*,*,#4116,.F.);
#4118=EDGE_LOOP('',(#4109,#4111,#4113,#4115,#4117));
#4119=FACE_OUTER_BOUND('',#4118,.F.);
#4121=CARTESIAN_POINT('',(-1.1684E1,-2.7178E0,-1.19126E1));
#4122=DIRECTION('',(-1.E0,0.E0,0.E0));
#4123=DIRECTION('',(0.E0,0.E0,1.E0));
#4124=AXIS2_PLACEMENT_3D('',#4121,#4122,#4123);
#4125=PLANE('',#4124);
#4126=ORIENTED_EDGE('',*,*,#4091,.F.);
#4128=ORIENTED_EDGE('',*,*,#4127,.F.);
#4129=ORIENTED_EDGE('',*,*,#3588,.F.);
#4131=ORIENTED_EDGE('',*,*,#4130,.T.);
#4132=ORIENTED_EDGE('',*,*,#3789,.T.);
#4134=ORIENTED_EDGE('',*,*,#4133,.F.);
#4136=ORIENTED_EDGE('',*,*,#4135,.T.);
#4138=ORIENTED_EDGE('',*,*,#4137,.F.);
#4140=ORIENTED_EDGE('',*,*,#4139,.F.);
#4142=ORIENTED_EDGE('',*,*,#4141,.F.);
#4143=EDGE_LOOP('',(#4126,#4128,#4129,#4131,#4132,#4134,#4136,#4138,#4140,
#4142));
#4144=FACE_OUTER_BOUND('',#4143,.F.);
#4146=CARTESIAN_POINT('',(-1.1684E1,-2.7178E0,0.E0));
#4147=DIRECTION('',(0.E0,0.E0,1.E0));
#4148=DIRECTION('',(1.E0,0.E0,0.E0));
#4149=AXIS2_PLACEMENT_3D('',#4146,#4147,#4148);
#4150=PLANE('',#4149);
#4152=ORIENTED_EDGE('',*,*,#4151,.F.);
#4153=ORIENTED_EDGE('',*,*,#4133,.T.);
#4154=ORIENTED_EDGE('',*,*,#3787,.T.);
#4156=ORIENTED_EDGE('',*,*,#4155,.F.);
#4158=ORIENTED_EDGE('',*,*,#4157,.F.);
#4160=ORIENTED_EDGE('',*,*,#4159,.F.);
#4161=ORIENTED_EDGE('',*,*,#4048,.F.);
#4162=ORIENTED_EDGE('',*,*,#4078,.F.);
#4163=EDGE_LOOP('',(#4152,#4153,#4154,#4156,#4158,#4160,#4161,#4162));
#4164=FACE_OUTER_BOUND('',#4163,.F.);
#4166=CARTESIAN_POINT('',(-1.1684E1,-2.7178E0,0.E0));
#4167=DIRECTION('',(0.E0,0.E0,1.E0));
#4168=DIRECTION('',(1.E0,0.E0,0.E0));
#4169=AXIS2_PLACEMENT_3D('',#4166,#4167,#4168);
#4170=PLANE('',#4169);
#4172=ORIENTED_EDGE('',*,*,#4171,.F.);
#4174=ORIENTED_EDGE('',*,*,#4173,.F.);
#4176=ORIENTED_EDGE('',*,*,#4175,.F.);
#4177=ORIENTED_EDGE('',*,*,#3590,.F.);
#4178=ORIENTED_EDGE('',*,*,#4127,.T.);
#4179=ORIENTED_EDGE('',*,*,#4098,.T.);
#4180=ORIENTED_EDGE('',*,*,#4066,.F.);
#4182=ORIENTED_EDGE('',*,*,#4181,.F.);
#4183=EDGE_LOOP('',(#4172,#4174,#4176,#4177,#4178,#4179,#4180,#4182));
#4184=FACE_OUTER_BOUND('',#4183,.F.);
#4186=CARTESIAN_POINT('',(-1.1684E1,-2.7178E0,0.E0));
#4187=DIRECTION('',(0.E0,0.E0,1.E0));
#4188=DIRECTION('',(1.E0,0.E0,0.E0));
#4189=AXIS2_PLACEMENT_3D('',#4186,#4187,#4188);
#4190=PLANE('',#4189);
#4192=ORIENTED_EDGE('',*,*,#4191,.T.);
#4194=ORIENTED_EDGE('',*,*,#4193,.F.);
#4196=ORIENTED_EDGE('',*,*,#4195,.F.);
#4197=ORIENTED_EDGE('',*,*,#3602,.F.);
#4198=EDGE_LOOP('',(#4192,#4194,#4196,#4197));
#4199=FACE_OUTER_BOUND('',#4198,.F.);
#4201=CARTESIAN_POINT('',(-1.1684E1,-2.7178E0,0.E0));
#4202=DIRECTION('',(0.E0,0.E0,1.E0));
#4203=DIRECTION('',(1.E0,0.E0,0.E0));
#4204=AXIS2_PLACEMENT_3D('',#4201,#4202,#4203);
#4205=PLANE('',#4204);
#4207=ORIENTED_EDGE('',*,*,#4206,.T.);
#4209=ORIENTED_EDGE('',*,*,#4208,.F.);
#4211=ORIENTED_EDGE('',*,*,#4210,.F.);
#4212=ORIENTED_EDGE('',*,*,#4108,.T.);
#4214=ORIENTED_EDGE('',*,*,#4213,.F.);
#4215=ORIENTED_EDGE('',*,*,#3614,.F.);
#4217=ORIENTED_EDGE('',*,*,#4216,.F.);
#4219=ORIENTED_EDGE('',*,*,#4218,.F.);
#4220=EDGE_LOOP('',(#4207,#4209,#4211,#4212,#4214,#4215,#4217,#4219));
#4221=FACE_OUTER_BOUND('',#4220,.F.);
#4223=CARTESIAN_POINT('',(1.1684E1,1.287747737194E0,-5.08E-1));
#4224=DIRECTION('',(0.E0,1.E0,0.E0));
#4225=DIRECTION('',(0.E0,0.E0,1.E0));
#4226=AXIS2_PLACEMENT_3D('',#4223,#4224,#4225);
#4227=PLANE('',#4226);
#4228=ORIENTED_EDGE('',*,*,#4135,.F.);
#4229=ORIENTED_EDGE('',*,*,#4151,.T.);
#4230=ORIENTED_EDGE('',*,*,#4076,.T.);
#4232=ORIENTED_EDGE('',*,*,#4231,.T.);
#4234=ORIENTED_EDGE('',*,*,#4233,.T.);
#4235=EDGE_LOOP('',(#4228,#4229,#4230,#4232,#4234));
#4236=FACE_OUTER_BOUND('',#4235,.F.);
#4238=CARTESIAN_POINT('',(1.1684E1,1.287747737194E0,-5.08E-1));
#4239=DIRECTION('',(0.E0,1.E0,0.E0));
#4240=DIRECTION('',(0.E0,0.E0,1.E0));
#4241=AXIS2_PLACEMENT_3D('',#4238,#4239,#4240);
#4242=PLANE('',#4241);
#4243=ORIENTED_EDGE('',*,*,#4157,.T.);
#4245=ORIENTED_EDGE('',*,*,#4244,.T.);
#4247=ORIENTED_EDGE('',*,*,#4246,.T.);
#4249=ORIENTED_EDGE('',*,*,#4248,.F.);
#4251=ORIENTED_EDGE('',*,*,#4250,.T.);
#4252=EDGE_LOOP('',(#4243,#4245,#4247,#4249,#4251));
#4253=FACE_OUTER_BOUND('',#4252,.F.);
#4255=CARTESIAN_POINT('',(-1.0668E1,1.8288E0,0.E0));
#4256=DIRECTION('',(-1.E0,0.E0,0.E0));
#4257=DIRECTION('',(0.E0,-1.E0,0.E0));
#4258=AXIS2_PLACEMENT_3D('',#4255,#4256,#4257);
#4259=PLANE('',#4258);
#4260=ORIENTED_EDGE('',*,*,#4095,.T.);
#4262=ORIENTED_EDGE('',*,*,#4261,.T.);
#4264=ORIENTED_EDGE('',*,*,#4263,.T.);
#4266=ORIENTED_EDGE('',*,*,#4265,.T.);
#4267=ORIENTED_EDGE('',*,*,#4231,.F.);
#4268=ORIENTED_EDGE('',*,*,#4081,.T.);
#4269=ORIENTED_EDGE('',*,*,#4025,.T.);
#4271=ORIENTED_EDGE('',*,*,#4270,.T.);
#4273=ORIENTED_EDGE('',*,*,#4272,.F.);
#4274=ORIENTED_EDGE('',*,*,#4062,.T.);
#4275=EDGE_LOOP('',(#4260,#4262,#4264,#4266,#4267,#4268,#4269,#4271,#4273,
#4274));
#4276=FACE_OUTER_BOUND('',#4275,.F.);
#4278=CARTESIAN_POINT('',(1.1684E1,-8.305477371938E-1,-5.08E-1));
#4279=DIRECTION('',(0.E0,-9.659258262891E-1,-2.588190451025E-1));
#4280=DIRECTION('',(0.E0,2.588190451025E-1,-9.659258262891E-1));
#4281=AXIS2_PLACEMENT_3D('',#4278,#4279,#4280);
#4282=PLANE('',#4281);
#4283=ORIENTED_EDGE('',*,*,#4141,.T.);
#4285=ORIENTED_EDGE('',*,*,#4284,.F.);
#4286=ORIENTED_EDGE('',*,*,#4261,.F.);
#4287=ORIENTED_EDGE('',*,*,#4093,.T.);
#4288=EDGE_LOOP('',(#4283,#4285,#4286,#4287));
#4289=FACE_OUTER_BOUND('',#4288,.F.);
#4291=CARTESIAN_POINT('',(1.1684E1,-8.305477371938E-1,-5.08E-1));
#4292=DIRECTION('',(0.E0,-9.659258262891E-1,-2.588190451025E-1));
#4293=DIRECTION('',(0.E0,2.588190451025E-1,-9.659258262891E-1));
#4294=AXIS2_PLACEMENT_3D('',#4291,#4292,#4293);
#4295=PLANE('',#4294);
#4297=ORIENTED_EDGE('',*,*,#4296,.F.);
#4298=ORIENTED_EDGE('',*,*,#4114,.T.);
#4300=ORIENTED_EDGE('',*,*,#4299,.T.);
#4302=ORIENTED_EDGE('',*,*,#4301,.F.);
#4303=EDGE_LOOP('',(#4297,#4298,#4300,#4302));
#4304=FACE_OUTER_BOUND('',#4303,.F.);
#4306=CARTESIAN_POINT('',(1.1684E1,-6.604E-1,-1.143E0));
#4307=DIRECTION('',(0.E0,0.E0,-1.E0));
#4308=DIRECTION('',(0.E0,1.E0,0.E0));
#4309=AXIS2_PLACEMENT_3D('',#4306,#4307,#4308);
#4310=PLANE('',#4309);
#4311=ORIENTED_EDGE('',*,*,#4139,.T.);
#4313=ORIENTED_EDGE('',*,*,#4312,.F.);
#4314=ORIENTED_EDGE('',*,*,#4263,.F.);
#4315=ORIENTED_EDGE('',*,*,#4284,.T.);
#4316=EDGE_LOOP('',(#4311,#4313,#4314,#4315));
#4317=FACE_OUTER_BOUND('',#4316,.F.);
#4319=CARTESIAN_POINT('',(1.1684E1,-6.604E-1,-1.143E0));
#4320=DIRECTION('',(0.E0,0.E0,-1.E0));
#4321=DIRECTION('',(0.E0,1.E0,0.E0));
#4322=AXIS2_PLACEMENT_3D('',#4319,#4320,#4321);
#4323=PLANE('',#4322);
#4325=ORIENTED_EDGE('',*,*,#4324,.F.);
#4326=ORIENTED_EDGE('',*,*,#4301,.T.);
#4328=ORIENTED_EDGE('',*,*,#4327,.T.);
#4330=ORIENTED_EDGE('',*,*,#4329,.F.);
#4331=EDGE_LOOP('',(#4325,#4326,#4328,#4330));
#4332=FACE_OUTER_BOUND('',#4331,.F.);
#4334=CARTESIAN_POINT('',(1.1684E1,1.1176E0,-1.143E0));
#4335=DIRECTION('',(0.E0,9.659258262891E-1,-2.588190451025E-1));
#4336=DIRECTION('',(0.E0,2.588190451025E-1,9.659258262891E-1));
#4337=AXIS2_PLACEMENT_3D('',#4334,#4335,#4336);
#4338=PLANE('',#4337);
#4339=ORIENTED_EDGE('',*,*,#4137,.T.);
#4340=ORIENTED_EDGE('',*,*,#4233,.F.);
#4341=ORIENTED_EDGE('',*,*,#4265,.F.);
#4342=ORIENTED_EDGE('',*,*,#4312,.T.);
#4343=EDGE_LOOP('',(#4339,#4340,#4341,#4342));
#4344=FACE_OUTER_BOUND('',#4343,.F.);
#4346=CARTESIAN_POINT('',(1.1684E1,1.1176E0,-1.143E0));
#4347=DIRECTION('',(0.E0,9.659258262891E-1,-2.588190451025E-1));
#4348=DIRECTION('',(0.E0,2.588190451025E-1,9.659258262891E-1));
#4349=AXIS2_PLACEMENT_3D('',#4346,#4347,#4348);
#4350=PLANE('',#4349);
#4352=ORIENTED_EDGE('',*,*,#4351,.F.);
#4353=ORIENTED_EDGE('',*,*,#4329,.T.);
#4355=ORIENTED_EDGE('',*,*,#4354,.T.);
#4356=ORIENTED_EDGE('',*,*,#4246,.F.);
#4357=EDGE_LOOP('',(#4352,#4353,#4355,#4356));
#4358=FACE_OUTER_BOUND('',#4357,.F.);
#4360=CARTESIAN_POINT('',(1.1684E1,-2.7178E0,0.E0));
#4361=DIRECTION('',(1.E0,0.E0,0.E0));
#4362=DIRECTION('',(0.E0,0.E0,-1.E0));
#4363=AXIS2_PLACEMENT_3D('',#4360,#4361,#4362);
#4364=PLANE('',#4363);
#4365=ORIENTED_EDGE('',*,*,#4116,.T.);
#4366=ORIENTED_EDGE('',*,*,#4296,.T.);
#4367=ORIENTED_EDGE('',*,*,#4324,.T.);
#4368=ORIENTED_EDGE('',*,*,#4351,.T.);
#4369=ORIENTED_EDGE('',*,*,#4244,.F.);
#4370=ORIENTED_EDGE('',*,*,#4155,.T.);
#4371=ORIENTED_EDGE('',*,*,#3785,.T.);
#4373=ORIENTED_EDGE('',*,*,#4372,.F.);
#4374=ORIENTED_EDGE('',*,*,#3616,.F.);
#4375=ORIENTED_EDGE('',*,*,#4213,.T.);
#4376=EDGE_LOOP('',(#4365,#4366,#4367,#4368,#4369,#4370,#4371,#4373,#4374,
#4375));
#4377=FACE_OUTER_BOUND('',#4376,.F.);
#4379=CARTESIAN_POINT('',(1.1684E1,-2.7178E0,-1.19126E1));
#4380=DIRECTION('',(0.E0,0.E0,-1.E0));
#4381=DIRECTION('',(-1.E0,0.E0,0.E0));
#4382=AXIS2_PLACEMENT_3D('',#4379,#4380,#4381);
#4383=PLANE('',#4382);
#4384=ORIENTED_EDGE('',*,*,#3618,.F.);
#4385=ORIENTED_EDGE('',*,*,#4372,.T.);
#4386=ORIENTED_EDGE('',*,*,#3783,.T.);
#4388=ORIENTED_EDGE('',*,*,#4387,.F.);
#4389=EDGE_LOOP('',(#4384,#4385,#4386,#4388));
#4390=FACE_OUTER_BOUND('',#4389,.F.);
#4392=CARTESIAN_POINT('',(1.10744E1,-2.7178E0,-1.19126E1));
#4393=DIRECTION('',(1.E0,0.E0,0.E0));
#4394=DIRECTION('',(0.E0,0.E0,-1.E0));
#4395=AXIS2_PLACEMENT_3D('',#4392,#4393,#4394);
#4396=PLANE('',#4395);
#4397=ORIENTED_EDGE('',*,*,#3620,.F.);
#4398=ORIENTED_EDGE('',*,*,#4387,.T.);
#4399=ORIENTED_EDGE('',*,*,#3781,.T.);
#4401=ORIENTED_EDGE('',*,*,#4400,.F.);
#4402=EDGE_LOOP('',(#4397,#4398,#4399,#4401));
#4403=FACE_OUTER_BOUND('',#4402,.F.);
#4405=CARTESIAN_POINT('',(1.10744E1,-2.7178E0,-1.39446E1));
#4406=DIRECTION('',(0.E0,0.E0,-1.E0));
#4407=DIRECTION('',(-1.E0,0.E0,0.E0));
#4408=AXIS2_PLACEMENT_3D('',#4405,#4406,#4407);
#4409=PLANE('',#4408);
#4411=ORIENTED_EDGE('',*,*,#4410,.T.);
#4412=ORIENTED_EDGE('',*,*,#3795,.T.);
#4414=ORIENTED_EDGE('',*,*,#4413,.F.);
#4415=ORIENTED_EDGE('',*,*,#3582,.F.);
#4416=EDGE_LOOP('',(#4411,#4412,#4414,#4415));
#4417=FACE_OUTER_BOUND('',#4416,.F.);
#4419=CARTESIAN_POINT('',(1.10744E1,-2.7178E0,-1.39446E1));
#4420=DIRECTION('',(0.E0,0.E0,-1.E0));
#4421=DIRECTION('',(-1.E0,0.E0,0.E0));
#4422=AXIS2_PLACEMENT_3D('',#4419,#4420,#4421);
#4423=PLANE('',#4422);
#4425=ORIENTED_EDGE('',*,*,#4424,.T.);
#4426=ORIENTED_EDGE('',*,*,#3807,.T.);
#4428=ORIENTED_EDGE('',*,*,#4427,.F.);
#4429=ORIENTED_EDGE('',*,*,#3562,.F.);
#4430=EDGE_LOOP('',(#4425,#4426,#4428,#4429));
#4431=FACE_OUTER_BOUND('',#4430,.F.);
#4433=CARTESIAN_POINT('',(1.10744E1,-2.7178E0,-1.39446E1));
#4434=DIRECTION('',(0.E0,0.E0,-1.E0));
#4435=DIRECTION('',(-1.E0,0.E0,0.E0));
#4436=AXIS2_PLACEMENT_3D('',#4433,#4434,#4435);
#4437=PLANE('',#4436);
#4439=ORIENTED_EDGE('',*,*,#4438,.T.);
#4440=ORIENTED_EDGE('',*,*,#3819,.T.);
#4442=ORIENTED_EDGE('',*,*,#4441,.F.);
#4443=ORIENTED_EDGE('',*,*,#3542,.F.);
#4444=EDGE_LOOP('',(#4439,#4440,#4442,#4443));
#4445=FACE_OUTER_BOUND('',#4444,.F.);
#4447=CARTESIAN_POINT('',(1.10744E1,-2.7178E0,-1.39446E1));
#4448=DIRECTION('',(0.E0,0.E0,-1.E0));
#4449=DIRECTION('',(-1.E0,0.E0,0.E0));
#4450=AXIS2_PLACEMENT_3D('',#4447,#4448,#4449);
#4451=PLANE('',#4450);
#4453=ORIENTED_EDGE('',*,*,#4452,.T.);
#4454=ORIENTED_EDGE('',*,*,#3831,.T.);
#4456=ORIENTED_EDGE('',*,*,#4455,.F.);
#4457=ORIENTED_EDGE('',*,*,#3522,.F.);
#4458=EDGE_LOOP('',(#4453,#4454,#4456,#4457));
#4459=FACE_OUTER_BOUND('',#4458,.F.);
#4461=CARTESIAN_POINT('',(1.10744E1,-2.7178E0,-1.39446E1));
#4462=DIRECTION('',(0.E0,0.E0,-1.E0));
#4463=DIRECTION('',(-1.E0,0.E0,0.E0));
#4464=AXIS2_PLACEMENT_3D('',#4461,#4462,#4463);
#4465=PLANE('',#4464);
#4467=ORIENTED_EDGE('',*,*,#4466,.T.);
#4468=ORIENTED_EDGE('',*,*,#3843,.T.);
#4470=ORIENTED_EDGE('',*,*,#4469,.F.);
#4471=ORIENTED_EDGE('',*,*,#3502,.F.);
#4472=EDGE_LOOP('',(#4467,#4468,#4470,#4471));
#4473=FACE_OUTER_BOUND('',#4472,.F.);
#4475=CARTESIAN_POINT('',(1.10744E1,-2.7178E0,-1.39446E1));
#4476=DIRECTION('',(0.E0,0.E0,-1.E0));
#4477=DIRECTION('',(-1.E0,0.E0,0.E0));
#4478=AXIS2_PLACEMENT_3D('',#4475,#4476,#4477);
#4479=PLANE('',#4478);
#4481=ORIENTED_EDGE('',*,*,#4480,.T.);
#4482=ORIENTED_EDGE('',*,*,#3855,.T.);
#4484=ORIENTED_EDGE('',*,*,#4483,.F.);
#4485=ORIENTED_EDGE('',*,*,#3482,.F.);
#4486=EDGE_LOOP('',(#4481,#4482,#4484,#4485));
#4487=FACE_OUTER_BOUND('',#4486,.F.);
#4489=CARTESIAN_POINT('',(1.10744E1,-2.7178E0,-1.39446E1));
#4490=DIRECTION('',(0.E0,0.E0,-1.E0));
#4491=DIRECTION('',(-1.E0,0.E0,0.E0));
#4492=AXIS2_PLACEMENT_3D('',#4489,#4490,#4491);
#4493=PLANE('',#4492);
#4495=ORIENTED_EDGE('',*,*,#4494,.T.);
#4496=ORIENTED_EDGE('',*,*,#3867,.T.);
#4498=ORIENTED_EDGE('',*,*,#4497,.F.);
#4499=ORIENTED_EDGE('',*,*,#3462,.F.);
#4500=EDGE_LOOP('',(#4495,#4496,#4498,#4499));
#4501=FACE_OUTER_BOUND('',#4500,.F.);
#4503=CARTESIAN_POINT('',(1.10744E1,-2.7178E0,-1.39446E1));
#4504=DIRECTION('',(0.E0,0.E0,-1.E0));
#4505=DIRECTION('',(-1.E0,0.E0,0.E0));
#4506=AXIS2_PLACEMENT_3D('',#4503,#4504,#4505);
#4507=PLANE('',#4506);
#4509=ORIENTED_EDGE('',*,*,#4508,.T.);
#4510=ORIENTED_EDGE('',*,*,#3879,.T.);
#4512=ORIENTED_EDGE('',*,*,#4511,.F.);
#4513=ORIENTED_EDGE('',*,*,#3442,.F.);
#4514=EDGE_LOOP('',(#4509,#4510,#4512,#4513));
#4515=FACE_OUTER_BOUND('',#4514,.F.);
#4517=CARTESIAN_POINT('',(1.10744E1,-2.7178E0,-1.39446E1));
#4518=DIRECTION('',(0.E0,0.E0,-1.E0));
#4519=DIRECTION('',(-1.E0,0.E0,0.E0));
#4520=AXIS2_PLACEMENT_3D('',#4517,#4518,#4519);
#4521=PLANE('',#4520);
#4523=ORIENTED_EDGE('',*,*,#4522,.F.);
#4524=ORIENTED_EDGE('',*,*,#3622,.F.);
#4525=ORIENTED_EDGE('',*,*,#4400,.T.);
#4526=ORIENTED_EDGE('',*,*,#3779,.T.);
#4527=EDGE_LOOP('',(#4523,#4524,#4525,#4526));
#4528=FACE_OUTER_BOUND('',#4527,.F.);
#4530=CARTESIAN_POINT('',(-9.781387873497E0,2.7178E0,-1.39446E1));
#4531=DIRECTION('',(-8.660254037844E-1,0.E0,5.E-1));
#4532=DIRECTION('',(5.E-1,0.E0,8.660254037844E-1));
#4533=AXIS2_PLACEMENT_3D('',#4530,#4531,#4532);
#4534=PLANE('',#4533);
#4535=ORIENTED_EDGE('',*,*,#3580,.T.);
#4537=ORIENTED_EDGE('',*,*,#4536,.F.);
#4538=ORIENTED_EDGE('',*,*,#3797,.F.);
#4539=ORIENTED_EDGE('',*,*,#4410,.F.);
#4540=EDGE_LOOP('',(#4535,#4537,#4538,#4539));
#4541=FACE_OUTER_BOUND('',#4540,.F.);
#4543=CARTESIAN_POINT('',(-9.1948E0,2.7178E0,-1.29286E1));
#4544=DIRECTION('',(-1.E0,0.E0,0.E0));
#4545=DIRECTION('',(0.E0,0.E0,1.E0));
#4546=AXIS2_PLACEMENT_3D('',#4543,#4544,#4545);
#4547=PLANE('',#4546);
#4548=ORIENTED_EDGE('',*,*,#3578,.T.);
#4550=ORIENTED_EDGE('',*,*,#4549,.T.);
#4552=ORIENTED_EDGE('',*,*,#4551,.T.);
#4554=ORIENTED_EDGE('',*,*,#4553,.F.);
#4555=ORIENTED_EDGE('',*,*,#3799,.F.);
#4556=ORIENTED_EDGE('',*,*,#4536,.T.);
#4557=EDGE_LOOP('',(#4548,#4550,#4552,#4554,#4555,#4556));
#4558=FACE_OUTER_BOUND('',#4557,.F.);
#4560=CARTESIAN_POINT('',(-8.5725E0,-5.8293E0,-1.25349E1));
#4561=DIRECTION('',(0.E0,0.E0,-1.E0));
#4562=DIRECTION('',(0.E0,1.E0,0.E0));
#4563=AXIS2_PLACEMENT_3D('',#4560,#4561,#4562);
#4564=PLANE('',#4563);
#4565=ORIENTED_EDGE('',*,*,#3576,.F.);
#4567=ORIENTED_EDGE('',*,*,#4566,.F.);
#4569=ORIENTED_EDGE('',*,*,#4568,.F.);
#4571=ORIENTED_EDGE('',*,*,#4570,.T.);
#4572=ORIENTED_EDGE('',*,*,#3568,.F.);
#4574=ORIENTED_EDGE('',*,*,#4573,.T.);
#4576=ORIENTED_EDGE('',*,*,#4575,.T.);
#4577=ORIENTED_EDGE('',*,*,#4549,.F.);
#4578=EDGE_LOOP('',(#4565,#4567,#4569,#4571,#4572,#4574,#4576,#4577));
#4579=FACE_OUTER_BOUND('',#4578,.F.);
#4581=CARTESIAN_POINT('',(-9.2075E0,-1.524E-1,0.E0));
#4582=DIRECTION('',(1.E0,0.E0,0.E0));
#4583=DIRECTION('',(0.E0,0.E0,-1.E0));
#4584=AXIS2_PLACEMENT_3D('',#4581,#4582,#4583);
#4585=PLANE('',#4584);
#4586=ORIENTED_EDGE('',*,*,#3574,.F.);
#4588=ORIENTED_EDGE('',*,*,#4587,.T.);
#4590=ORIENTED_EDGE('',*,*,#4589,.T.);
#4591=ORIENTED_EDGE('',*,*,#4566,.T.);
#4592=EDGE_LOOP('',(#4586,#4588,#4590,#4591));
#4593=FACE_OUTER_BOUND('',#4592,.F.);
#4595=CARTESIAN_POINT('',(-9.2075E0,-1.524E-1,0.E0));
#4596=DIRECTION('',(1.E0,0.E0,0.E0));
#4597=DIRECTION('',(0.E0,0.E0,-1.E0));
#4598=AXIS2_PLACEMENT_3D('',#4595,#4596,#4597);
#4599=PLANE('',#4598);
#4601=ORIENTED_EDGE('',*,*,#4600,.T.);
#4603=ORIENTED_EDGE('',*,*,#4602,.T.);
#4605=ORIENTED_EDGE('',*,*,#4604,.T.);
#4607=ORIENTED_EDGE('',*,*,#4606,.T.);
#4609=ORIENTED_EDGE('',*,*,#4608,.T.);
#4611=ORIENTED_EDGE('',*,*,#4610,.T.);
#4613=ORIENTED_EDGE('',*,*,#4612,.T.);
#4615=ORIENTED_EDGE('',*,*,#4614,.T.);
#4616=EDGE_LOOP('',(#4601,#4603,#4605,#4607,#4609,#4611,#4613,#4615));
#4617=FACE_OUTER_BOUND('',#4616,.F.);
#4619=CARTESIAN_POINT('',(-8.5725E0,1.651E-1,-1.18999E1));
#4620=DIRECTION('',(0.E0,0.E0,1.E0));
#4621=DIRECTION('',(0.E0,-1.E0,0.E0));
#4622=AXIS2_PLACEMENT_3D('',#4619,#4620,#4621);
#4623=PLANE('',#4622);
#4624=ORIENTED_EDGE('',*,*,#3572,.T.);
#4626=ORIENTED_EDGE('',*,*,#4625,.T.);
#4628=ORIENTED_EDGE('',*,*,#4627,.T.);
#4629=ORIENTED_EDGE('',*,*,#4587,.F.);
#4630=EDGE_LOOP('',(#4624,#4626,#4628,#4629));
#4631=FACE_OUTER_BOUND('',#4630,.F.);
#4633=CARTESIAN_POINT('',(-8.5725E0,-1.524E-1,0.E0));
#4634=DIRECTION('',(1.E0,0.E0,0.E0));
#4635=DIRECTION('',(0.E0,0.E0,-1.E0));
#4636=AXIS2_PLACEMENT_3D('',#4633,#4634,#4635);
#4637=PLANE('',#4636);
#4638=ORIENTED_EDGE('',*,*,#3570,.T.);
#4639=ORIENTED_EDGE('',*,*,#4570,.F.);
#4641=ORIENTED_EDGE('',*,*,#4640,.F.);
#4642=ORIENTED_EDGE('',*,*,#4625,.F.);
#4643=EDGE_LOOP('',(#4638,#4639,#4641,#4642));
#4644=FACE_OUTER_BOUND('',#4643,.F.);
#4646=CARTESIAN_POINT('',(-8.5725E0,-1.524E-1,0.E0));
#4647=DIRECTION('',(1.E0,0.E0,0.E0));
#4648=DIRECTION('',(0.E0,0.E0,-1.E0));
#4649=AXIS2_PLACEMENT_3D('',#4646,#4647,#4648);
#4650=PLANE('',#4649);
#4652=ORIENTED_EDGE('',*,*,#4651,.F.);
#4654=ORIENTED_EDGE('',*,*,#4653,.F.);
#4656=ORIENTED_EDGE('',*,*,#4655,.F.);
#4658=ORIENTED_EDGE('',*,*,#4657,.F.);
#4660=ORIENTED_EDGE('',*,*,#4659,.F.);
#4662=ORIENTED_EDGE('',*,*,#4661,.F.);
#4664=ORIENTED_EDGE('',*,*,#4663,.F.);
#4666=ORIENTED_EDGE('',*,*,#4665,.F.);
#4667=EDGE_LOOP('',(#4652,#4654,#4656,#4658,#4660,#4662,#4664,#4666));
#4668=FACE_OUTER_BOUND('',#4667,.F.);
#4670=CARTESIAN_POINT('',(-8.5725E0,-5.8293E0,-1.18999E1));
#4671=DIRECTION('',(0.E0,-1.E0,0.E0));
#4672=DIRECTION('',(0.E0,0.E0,-1.E0));
#4673=AXIS2_PLACEMENT_3D('',#4670,#4671,#4672);
#4674=PLANE('',#4673);
#4675=ORIENTED_EDGE('',*,*,#4640,.T.);
#4676=ORIENTED_EDGE('',*,*,#4568,.T.);
#4677=ORIENTED_EDGE('',*,*,#4589,.F.);
#4678=ORIENTED_EDGE('',*,*,#4627,.F.);
#4679=EDGE_LOOP('',(#4675,#4676,#4677,#4678));
#4680=FACE_OUTER_BOUND('',#4679,.F.);
#4682=CARTESIAN_POINT('',(0.E0,-2.7178E0,-8.382E0));
#4683=DIRECTION('',(0.E0,0.E0,1.E0));
#4684=DIRECTION('',(1.E0,0.E0,0.E0));
#4685=AXIS2_PLACEMENT_3D('',#4682,#4683,#4684);
#4686=PLANE('',#4685);
#4688=ORIENTED_EDGE('',*,*,#4687,.F.);
#4690=ORIENTED_EDGE('',*,*,#4689,.F.);
#4691=ORIENTED_EDGE('',*,*,#3606,.F.);
#4693=ORIENTED_EDGE('',*,*,#4692,.T.);
#4695=ORIENTED_EDGE('',*,*,#4694,.F.);
#4697=ORIENTED_EDGE('',*,*,#4696,.F.);
#4698=ORIENTED_EDGE('',*,*,#3598,.F.);
#4700=ORIENTED_EDGE('',*,*,#4699,.T.);
#4702=ORIENTED_EDGE('',*,*,#4701,.F.);
#4703=ORIENTED_EDGE('',*,*,#4270,.F.);
#4704=ORIENTED_EDGE('',*,*,#4023,.F.);
#4706=ORIENTED_EDGE('',*,*,#4705,.F.);
#4707=EDGE_LOOP('',(#4688,#4690,#4691,#4693,#4695,#4697,#4698,#4700,#4702,#4703,
#4704,#4706));
#4708=FACE_OUTER_BOUND('',#4707,.F.);
#4709=ORIENTED_EDGE('',*,*,#4651,.T.);
#4711=ORIENTED_EDGE('',*,*,#4710,.F.);
#4712=ORIENTED_EDGE('',*,*,#4600,.F.);
#4714=ORIENTED_EDGE('',*,*,#4713,.T.);
#4715=EDGE_LOOP('',(#4709,#4711,#4712,#4714));
#4716=FACE_BOUND('',#4715,.F.);
#4718=ORIENTED_EDGE('',*,*,#4717,.T.);
#4720=ORIENTED_EDGE('',*,*,#4719,.F.);
#4722=ORIENTED_EDGE('',*,*,#4721,.F.);
#4724=ORIENTED_EDGE('',*,*,#4723,.T.);
#4725=EDGE_LOOP('',(#4718,#4720,#4722,#4724));
#4726=FACE_BOUND('',#4725,.F.);
#4728=ORIENTED_EDGE('',*,*,#4727,.T.);
#4730=ORIENTED_EDGE('',*,*,#4729,.F.);
#4732=ORIENTED_EDGE('',*,*,#4731,.F.);
#4734=ORIENTED_EDGE('',*,*,#4733,.T.);
#4735=EDGE_LOOP('',(#4728,#4730,#4732,#4734));
#4736=FACE_BOUND('',#4735,.F.);
#4738=ORIENTED_EDGE('',*,*,#4737,.T.);
#4740=ORIENTED_EDGE('',*,*,#4739,.F.);
#4742=ORIENTED_EDGE('',*,*,#4741,.F.);
#4744=ORIENTED_EDGE('',*,*,#4743,.T.);
#4745=EDGE_LOOP('',(#4738,#4740,#4742,#4744));
#4746=FACE_BOUND('',#4745,.F.);
#4748=ORIENTED_EDGE('',*,*,#4747,.T.);
#4750=ORIENTED_EDGE('',*,*,#4749,.F.);
#4752=ORIENTED_EDGE('',*,*,#4751,.F.);
#4754=ORIENTED_EDGE('',*,*,#4753,.T.);
#4755=EDGE_LOOP('',(#4748,#4750,#4752,#4754));
#4756=FACE_BOUND('',#4755,.F.);
#4758=ORIENTED_EDGE('',*,*,#4757,.T.);
#4760=ORIENTED_EDGE('',*,*,#4759,.F.);
#4762=ORIENTED_EDGE('',*,*,#4761,.F.);
#4764=ORIENTED_EDGE('',*,*,#4763,.T.);
#4765=EDGE_LOOP('',(#4758,#4760,#4762,#4764));
#4766=FACE_BOUND('',#4765,.F.);
#4768=ORIENTED_EDGE('',*,*,#4767,.T.);
#4770=ORIENTED_EDGE('',*,*,#4769,.F.);
#4772=ORIENTED_EDGE('',*,*,#4771,.F.);
#4774=ORIENTED_EDGE('',*,*,#4773,.T.);
#4775=EDGE_LOOP('',(#4768,#4770,#4772,#4774));
#4776=FACE_BOUND('',#4775,.F.);
#4777=ORIENTED_EDGE('',*,*,#3667,.T.);
#4779=ORIENTED_EDGE('',*,*,#4778,.F.);
#4781=ORIENTED_EDGE('',*,*,#4780,.F.);
#4783=ORIENTED_EDGE('',*,*,#4782,.T.);
#4784=EDGE_LOOP('',(#4777,#4779,#4781,#4783));
#4785=FACE_BOUND('',#4784,.F.);
#4787=CARTESIAN_POINT('',(-1.0668E1,-1.7018E0,0.E0));
#4788=DIRECTION('',(0.E0,-1.E0,0.E0));
#4789=DIRECTION('',(1.E0,0.E0,0.E0));
#4790=AXIS2_PLACEMENT_3D('',#4787,#4788,#4789);
#4791=PLANE('',#4790);
#4793=ORIENTED_EDGE('',*,*,#4792,.T.);
#4795=ORIENTED_EDGE('',*,*,#4794,.T.);
#4796=ORIENTED_EDGE('',*,*,#4272,.T.);
#4797=ORIENTED_EDGE('',*,*,#4701,.T.);
#4798=EDGE_LOOP('',(#4793,#4795,#4796,#4797));
#4799=FACE_OUTER_BOUND('',#4798,.F.);
#4801=CARTESIAN_POINT('',(-1.0668E1,-1.7018E0,0.E0));
#4802=DIRECTION('',(0.E0,-1.E0,0.E0));
#4803=DIRECTION('',(1.E0,0.E0,0.E0));
#4804=AXIS2_PLACEMENT_3D('',#4801,#4802,#4803);
#4805=PLANE('',#4804);
#4807=ORIENTED_EDGE('',*,*,#4806,.F.);
#4808=ORIENTED_EDGE('',*,*,#4694,.T.);
#4810=ORIENTED_EDGE('',*,*,#4809,.T.);
#4812=ORIENTED_EDGE('',*,*,#4811,.T.);
#4813=EDGE_LOOP('',(#4807,#4808,#4810,#4812));
#4814=FACE_OUTER_BOUND('',#4813,.F.);
#4816=CARTESIAN_POINT('',(-1.0668E1,-1.7018E0,0.E0));
#4817=DIRECTION('',(0.E0,-1.E0,0.E0));
#4818=DIRECTION('',(1.E0,0.E0,0.E0));
#4819=AXIS2_PLACEMENT_3D('',#4816,#4817,#4818);
#4820=PLANE('',#4819);
#4822=ORIENTED_EDGE('',*,*,#4821,.F.);
#4823=ORIENTED_EDGE('',*,*,#4687,.T.);
#4825=ORIENTED_EDGE('',*,*,#4824,.F.);
#4827=ORIENTED_EDGE('',*,*,#4826,.T.);
#4828=EDGE_LOOP('',(#4822,#4823,#4825,#4827));
#4829=FACE_OUTER_BOUND('',#4828,.F.);
#4831=CARTESIAN_POINT('',(-9.144E0,-2.7178E0,0.E0));
#4832=DIRECTION('',(-1.E0,0.E0,0.E0));
#4833=DIRECTION('',(0.E0,0.E0,-1.E0));
#4834=AXIS2_PLACEMENT_3D('',#4831,#4832,#4833);
#4835=PLANE('',#4834);
#4836=ORIENTED_EDGE('',*,*,#4171,.T.);
#4838=ORIENTED_EDGE('',*,*,#4837,.F.);
#4839=ORIENTED_EDGE('',*,*,#4792,.F.);
#4840=ORIENTED_EDGE('',*,*,#4699,.F.);
#4842=ORIENTED_EDGE('',*,*,#4841,.F.);
#4843=EDGE_LOOP('',(#4836,#4838,#4839,#4840,#4842));
#4844=FACE_OUTER_BOUND('',#4843,.F.);
#4846=CARTESIAN_POINT('',(0.E0,-1.8923E0,-1.905E-1));
#4847=DIRECTION('',(0.E0,7.071067811865E-1,7.071067811865E-1));
#4848=DIRECTION('',(-1.E0,0.E0,0.E0));
#4849=AXIS2_PLACEMENT_3D('',#4846,#4847,#4848);
#4850=PLANE('',#4849);
#4851=ORIENTED_EDGE('',*,*,#4837,.T.);
#4852=ORIENTED_EDGE('',*,*,#4181,.T.);
#4853=ORIENTED_EDGE('',*,*,#4064,.F.);
#4854=ORIENTED_EDGE('',*,*,#4794,.F.);
#4855=EDGE_LOOP('',(#4851,#4852,#4853,#4854));
#4856=FACE_OUTER_BOUND('',#4855,.F.);
#4858=CARTESIAN_POINT('',(0.E0,-1.8923E0,-1.905E-1));
#4859=DIRECTION('',(0.E0,7.071067811865E-1,7.071067811865E-1));
#4860=DIRECTION('',(-1.E0,0.E0,0.E0));
#4861=AXIS2_PLACEMENT_3D('',#4858,#4859,#4860);
#4862=PLANE('',#4861);
#4864=ORIENTED_EDGE('',*,*,#4863,.F.);
#4865=ORIENTED_EDGE('',*,*,#4811,.F.);
#4867=ORIENTED_EDGE('',*,*,#4866,.T.);
#4868=ORIENTED_EDGE('',*,*,#4193,.T.);
#4869=EDGE_LOOP('',(#4864,#4865,#4867,#4868));
#4870=FACE_OUTER_BOUND('',#4869,.F.);
#4872=CARTESIAN_POINT('',(0.E0,-1.8923E0,-1.905E-1));
#4873=DIRECTION('',(0.E0,7.071067811865E-1,7.071067811865E-1));
#4874=DIRECTION('',(-1.E0,0.E0,0.E0));
#4875=AXIS2_PLACEMENT_3D('',#4872,#4873,#4874);
#4876=PLANE('',#4875);
#4878=ORIENTED_EDGE('',*,*,#4877,.F.);
#4879=ORIENTED_EDGE('',*,*,#4826,.F.);
#4881=ORIENTED_EDGE('',*,*,#4880,.T.);
#4882=ORIENTED_EDGE('',*,*,#4208,.T.);
#4883=EDGE_LOOP('',(#4878,#4879,#4881,#4882));
#4884=FACE_OUTER_BOUND('',#4883,.F.);
#4886=CARTESIAN_POINT('',(-7.366E0,-2.7178E0,-8.382E0));
#4887=DIRECTION('',(1.E0,0.E0,0.E0));
#4888=DIRECTION('',(0.E0,0.E0,1.E0));
#4889=AXIS2_PLACEMENT_3D('',#4886,#4887,#4888);
#4890=PLANE('',#4889);
#4891=ORIENTED_EDGE('',*,*,#3600,.T.);
#4892=ORIENTED_EDGE('',*,*,#4696,.T.);
#4893=ORIENTED_EDGE('',*,*,#4806,.T.);
#4894=ORIENTED_EDGE('',*,*,#4863,.T.);
#4895=ORIENTED_EDGE('',*,*,#4191,.F.);
#4896=EDGE_LOOP('',(#4891,#4892,#4893,#4894,#4895));
#4897=FACE_OUTER_BOUND('',#4896,.F.);
#4899=CARTESIAN_POINT('',(7.366E0,-2.7178E0,0.E0));
#4900=DIRECTION('',(-1.E0,0.E0,0.E0));
#4901=DIRECTION('',(0.E0,0.E0,-1.E0));
#4902=AXIS2_PLACEMENT_3D('',#4899,#4900,#4901);
#4903=PLANE('',#4902);
#4904=ORIENTED_EDGE('',*,*,#3604,.F.);
#4905=ORIENTED_EDGE('',*,*,#4195,.T.);
#4906=ORIENTED_EDGE('',*,*,#4866,.F.);
#4907=ORIENTED_EDGE('',*,*,#4809,.F.);
#4908=ORIENTED_EDGE('',*,*,#4692,.F.);
#4909=EDGE_LOOP('',(#4904,#4905,#4906,#4907,#4908));
#4910=FACE_OUTER_BOUND('',#4909,.F.);
#4912=CARTESIAN_POINT('',(9.144E0,-2.7178E0,-8.382E0));
#4913=DIRECTION('',(1.E0,0.E0,0.E0));
#4914=DIRECTION('',(0.E0,0.E0,1.E0));
#4915=AXIS2_PLACEMENT_3D('',#4912,#4913,#4914);
#4916=PLANE('',#4915);
#4917=ORIENTED_EDGE('',*,*,#4206,.F.);
#4919=ORIENTED_EDGE('',*,*,#4918,.T.);
#4920=ORIENTED_EDGE('',*,*,#4689,.T.);
#4921=ORIENTED_EDGE('',*,*,#4821,.T.);
#4922=ORIENTED_EDGE('',*,*,#4877,.T.);
#4923=EDGE_LOOP('',(#4917,#4919,#4920,#4921,#4922));
#4924=FACE_OUTER_BOUND('',#4923,.F.);
#4926=CARTESIAN_POINT('',(9.144E0,-2.7178E0,0.E0));
#4927=DIRECTION('',(-6.401843996645E-1,-7.682212795974E-1,0.E0));
#4928=DIRECTION('',(7.682212795974E-1,-6.401843996645E-1,0.E0));
#4929=AXIS2_PLACEMENT_3D('',#4926,#4927,#4928);
#4930=PLANE('',#4929);
#4931=ORIENTED_EDGE('',*,*,#4918,.F.);
#4932=ORIENTED_EDGE('',*,*,#4218,.T.);
#4934=ORIENTED_EDGE('',*,*,#4933,.T.);
#4936=ORIENTED_EDGE('',*,*,#4935,.F.);
#4937=ORIENTED_EDGE('',*,*,#3608,.F.);
#4938=EDGE_LOOP('',(#4931,#4932,#4934,#4936,#4937));
#4939=FACE_OUTER_BOUND('',#4938,.F.);
#4941=CARTESIAN_POINT('',(9.525E0,-3.0353E0,0.E0));
#4942=DIRECTION('',(6.401843996645E-1,-7.682212795974E-1,0.E0));
#4943=DIRECTION('',(7.682212795974E-1,6.401843996645E-1,0.E0));
#4944=AXIS2_PLACEMENT_3D('',#4941,#4942,#4943);
#4945=PLANE('',#4944);
#4946=ORIENTED_EDGE('',*,*,#3612,.T.);
#4948=ORIENTED_EDGE('',*,*,#4947,.F.);
#4949=ORIENTED_EDGE('',*,*,#4933,.F.);
#4950=ORIENTED_EDGE('',*,*,#4216,.T.);
#4951=EDGE_LOOP('',(#4946,#4948,#4949,#4950));
#4952=FACE_OUTER_BOUND('',#4951,.F.);
#4954=CARTESIAN_POINT('',(0.E0,-2.7178E0,-1.17856E1));
#4955=DIRECTION('',(0.E0,0.E0,1.E0));
#4956=DIRECTION('',(1.E0,0.E0,0.E0));
#4957=AXIS2_PLACEMENT_3D('',#4954,#4955,#4956);
#4958=PLANE('',#4957);
#4959=ORIENTED_EDGE('',*,*,#3594,.F.);
#4961=ORIENTED_EDGE('',*,*,#4960,.T.);
#4963=ORIENTED_EDGE('',*,*,#4962,.T.);
#4964=EDGE_LOOP('',(#4959,#4961,#4963));
#4965=FACE_OUTER_BOUND('',#4964,.F.);
#4967=CARTESIAN_POINT('',(0.E0,-2.7178E0,-1.17856E1));
#4968=DIRECTION('',(0.E0,0.E0,1.E0));
#4969=DIRECTION('',(1.E0,0.E0,0.E0));
#4970=AXIS2_PLACEMENT_3D('',#4967,#4968,#4969);
#4971=PLANE('',#4970);
#4972=ORIENTED_EDGE('',*,*,#3610,.F.);
#4973=ORIENTED_EDGE('',*,*,#4935,.T.);
#4974=ORIENTED_EDGE('',*,*,#4947,.T.);
#4975=EDGE_LOOP('',(#4972,#4973,#4974));
#4976=FACE_OUTER_BOUND('',#4975,.F.);
#4978=CARTESIAN_POINT('',(-9.906E0,-2.7178E0,0.E0));
#4979=DIRECTION('',(-6.401843996645E-1,-7.682212795974E-1,0.E0));
#4980=DIRECTION('',(7.682212795974E-1,-6.401843996645E-1,0.E0));
#4981=AXIS2_PLACEMENT_3D('',#4978,#4979,#4980);
#4982=PLANE('',#4981);
#4983=ORIENTED_EDGE('',*,*,#4175,.T.);
#4985=ORIENTED_EDGE('',*,*,#4984,.F.);
#4986=ORIENTED_EDGE('',*,*,#4960,.F.);
#4987=ORIENTED_EDGE('',*,*,#3592,.F.);
#4988=EDGE_LOOP('',(#4983,#4985,#4986,#4987));
#4989=FACE_OUTER_BOUND('',#4988,.F.);
#4991=CARTESIAN_POINT('',(-9.525E0,-3.0353E0,0.E0));
#4992=DIRECTION('',(6.401843996645E-1,-7.682212795974E-1,0.E0));
#4993=DIRECTION('',(7.682212795974E-1,6.401843996645E-1,0.E0));
#4994=AXIS2_PLACEMENT_3D('',#4991,#4992,#4993);
#4995=PLANE('',#4994);
#4996=ORIENTED_EDGE('',*,*,#4841,.T.);
#4997=ORIENTED_EDGE('',*,*,#3596,.T.);
#4998=ORIENTED_EDGE('',*,*,#4962,.F.);
#4999=ORIENTED_EDGE('',*,*,#4984,.T.);
#5000=ORIENTED_EDGE('',*,*,#4173,.T.);
#5001=EDGE_LOOP('',(#4996,#4997,#4998,#4999,#5000));
#5002=FACE_OUTER_BOUND('',#5001,.F.);
#5004=CARTESIAN_POINT('',(1.08585E1,6.35E-2,-1.905E-1));
#5005=DIRECTION('',(-7.071067811865E-1,0.E0,7.071067811865E-1));
#5006=DIRECTION('',(0.E0,-1.E0,0.E0));
#5007=AXIS2_PLACEMENT_3D('',#5004,#5005,#5006);
#5008=PLANE('',#5007);
#5009=ORIENTED_EDGE('',*,*,#4110,.T.);
#5010=ORIENTED_EDGE('',*,*,#4210,.T.);
#5011=ORIENTED_EDGE('',*,*,#4880,.F.);
#5013=ORIENTED_EDGE('',*,*,#5012,.F.);
#5014=EDGE_LOOP('',(#5009,#5010,#5011,#5013));
#5015=FACE_OUTER_BOUND('',#5014,.F.);
#5017=CARTESIAN_POINT('',(1.08585E1,6.35E-2,-1.905E-1));
#5018=DIRECTION('',(-7.071067811865E-1,0.E0,7.071067811865E-1));
#5019=DIRECTION('',(0.E0,-1.E0,0.E0));
#5020=AXIS2_PLACEMENT_3D('',#5017,#5018,#5019);
#5021=PLANE('',#5020);
#5022=ORIENTED_EDGE('',*,*,#4250,.F.);
#5024=ORIENTED_EDGE('',*,*,#5023,.F.);
#5025=ORIENTED_EDGE('',*,*,#4050,.T.);
#5026=ORIENTED_EDGE('',*,*,#4159,.T.);
#5027=EDGE_LOOP('',(#5022,#5024,#5025,#5026));
#5028=FACE_OUTER_BOUND('',#5027,.F.);
#5030=CARTESIAN_POINT('',(1.0668E1,-1.7018E0,0.E0));
#5031=DIRECTION('',(1.E0,0.E0,0.E0));
#5032=DIRECTION('',(0.E0,1.E0,0.E0));
#5033=AXIS2_PLACEMENT_3D('',#5030,#5031,#5032);
#5034=PLANE('',#5033);
#5035=ORIENTED_EDGE('',*,*,#4112,.F.);
#5036=ORIENTED_EDGE('',*,*,#5012,.T.);
#5037=ORIENTED_EDGE('',*,*,#4824,.T.);
#5038=ORIENTED_EDGE('',*,*,#4705,.T.);
#5039=ORIENTED_EDGE('',*,*,#4021,.F.);
#5040=ORIENTED_EDGE('',*,*,#5023,.T.);
#5041=ORIENTED_EDGE('',*,*,#4248,.T.);
#5042=ORIENTED_EDGE('',*,*,#4354,.F.);
#5043=ORIENTED_EDGE('',*,*,#4327,.F.);
#5044=ORIENTED_EDGE('',*,*,#4299,.F.);
#5045=EDGE_LOOP('',(#5035,#5036,#5037,#5038,#5039,#5040,#5041,#5042,#5043,
#5044));
#5046=FACE_OUTER_BOUND('',#5045,.F.);
#5048=CARTESIAN_POINT('',(-8.5725E0,4.826E-1,-8.382E0));
#5049=DIRECTION('',(0.E0,1.E0,0.E0));
#5050=DIRECTION('',(0.E0,0.E0,1.E0));
#5051=AXIS2_PLACEMENT_3D('',#5048,#5049,#5050);
#5052=PLANE('',#5051);
#5053=ORIENTED_EDGE('',*,*,#4710,.T.);
#5054=ORIENTED_EDGE('',*,*,#4665,.T.);
#5056=ORIENTED_EDGE('',*,*,#5055,.T.);
#5057=ORIENTED_EDGE('',*,*,#4602,.F.);
#5058=EDGE_LOOP('',(#5053,#5054,#5056,#5057));
#5059=FACE_OUTER_BOUND('',#5058,.F.);
#5061=CARTESIAN_POINT('',(-8.5725E0,4.826E-1,-8.3185E0));
#5062=DIRECTION('',(0.E0,0.E0,1.E0));
#5063=DIRECTION('',(0.E0,-1.E0,0.E0));
#5064=AXIS2_PLACEMENT_3D('',#5061,#5062,#5063);
#5065=PLANE('',#5064);
#5066=ORIENTED_EDGE('',*,*,#4663,.T.);
#5068=ORIENTED_EDGE('',*,*,#5067,.T.);
#5069=ORIENTED_EDGE('',*,*,#4604,.F.);
#5070=ORIENTED_EDGE('',*,*,#5055,.F.);
#5071=EDGE_LOOP('',(#5066,#5068,#5069,#5070));
#5072=FACE_OUTER_BOUND('',#5071,.F.);
#5074=CARTESIAN_POINT('',(-8.5725E0,1.651E-1,-8.3185E0));
#5075=DIRECTION('',(0.E0,1.E0,0.E0));
#5076=DIRECTION('',(0.E0,0.E0,1.E0));
#5077=AXIS2_PLACEMENT_3D('',#5074,#5075,#5076);
#5078=PLANE('',#5077);
#5079=ORIENTED_EDGE('',*,*,#4661,.T.);
#5081=ORIENTED_EDGE('',*,*,#5080,.T.);
#5082=ORIENTED_EDGE('',*,*,#4606,.F.);
#5083=ORIENTED_EDGE('',*,*,#5067,.F.);
#5084=EDGE_LOOP('',(#5079,#5081,#5082,#5083));
#5085=FACE_OUTER_BOUND('',#5084,.F.);
#5087=CARTESIAN_POINT('',(-8.5725E0,1.651E-1,-2.2225E0));
#5088=DIRECTION('',(0.E0,0.E0,1.E0));
#5089=DIRECTION('',(0.E0,-1.E0,0.E0));
#5090=AXIS2_PLACEMENT_3D('',#5087,#5088,#5089);
#5091=PLANE('',#5090);
#5092=ORIENTED_EDGE('',*,*,#4659,.T.);
#5094=ORIENTED_EDGE('',*,*,#5093,.T.);
#5095=ORIENTED_EDGE('',*,*,#4608,.F.);
#5096=ORIENTED_EDGE('',*,*,#5080,.F.);
#5097=EDGE_LOOP('',(#5092,#5094,#5095,#5096));
#5098=FACE_OUTER_BOUND('',#5097,.F.);
#5100=CARTESIAN_POINT('',(-8.5725E0,-4.699E-1,-2.2225E0));
#5101=DIRECTION('',(0.E0,-1.E0,0.E0));
#5102=DIRECTION('',(0.E0,0.E0,-1.E0));
#5103=AXIS2_PLACEMENT_3D('',#5100,#5101,#5102);
#5104=PLANE('',#5103);
#5105=ORIENTED_EDGE('',*,*,#4657,.T.);
#5107=ORIENTED_EDGE('',*,*,#5106,.T.);
#5108=ORIENTED_EDGE('',*,*,#4610,.F.);
#5109=ORIENTED_EDGE('',*,*,#5093,.F.);
#5110=EDGE_LOOP('',(#5105,#5107,#5108,#5109));
#5111=FACE_OUTER_BOUND('',#5110,.F.);
#5113=CARTESIAN_POINT('',(-8.5725E0,-4.699E-1,-8.3185E0));
#5114=DIRECTION('',(0.E0,0.E0,1.E0));
#5115=DIRECTION('',(0.E0,-1.E0,0.E0));
#5116=AXIS2_PLACEMENT_3D('',#5113,#5114,#5115);
#5117=PLANE('',#5116);
#5118=ORIENTED_EDGE('',*,*,#4655,.T.);
#5120=ORIENTED_EDGE('',*,*,#5119,.T.);
#5121=ORIENTED_EDGE('',*,*,#4612,.F.);
#5122=ORIENTED_EDGE('',*,*,#5106,.F.);
#5123=EDGE_LOOP('',(#5118,#5120,#5121,#5122));
#5124=FACE_OUTER_BOUND('',#5123,.F.);
#5126=CARTESIAN_POINT('',(-8.5725E0,-7.874E-1,-8.3185E0));
#5127=DIRECTION('',(0.E0,-1.E0,0.E0));
#5128=DIRECTION('',(0.E0,0.E0,-1.E0));
#5129=AXIS2_PLACEMENT_3D('',#5126,#5127,#5128);
#5130=PLANE('',#5129);
#5131=ORIENTED_EDGE('',*,*,#4713,.F.);
#5132=ORIENTED_EDGE('',*,*,#4614,.F.);
#5133=ORIENTED_EDGE('',*,*,#5119,.F.);
#5134=ORIENTED_EDGE('',*,*,#4653,.T.);
#5135=EDGE_LOOP('',(#5131,#5132,#5133,#5134));
#5136=FACE_OUTER_BOUND('',#5135,.F.);
#5138=CARTESIAN_POINT('',(-6.0325E0,-1.524E-1,0.E0));
#5139=DIRECTION('',(1.E0,0.E0,0.E0));
#5140=DIRECTION('',(0.E0,0.E0,-1.E0));
#5141=AXIS2_PLACEMENT_3D('',#5138,#5139,#5140);
#5142=PLANE('',#5141);
#5143=ORIENTED_EDGE('',*,*,#3550,.T.);
#5145=ORIENTED_EDGE('',*,*,#5144,.F.);
#5147=ORIENTED_EDGE('',*,*,#5146,.F.);
#5149=ORIENTED_EDGE('',*,*,#5148,.F.);
#5150=EDGE_LOOP('',(#5143,#5145,#5147,#5149));
#5151=FACE_OUTER_BOUND('',#5150,.F.);
#5153=CARTESIAN_POINT('',(-6.0325E0,-1.524E-1,0.E0));
#5154=DIRECTION('',(1.E0,0.E0,0.E0));
#5155=DIRECTION('',(0.E0,0.E0,-1.E0));
#5156=AXIS2_PLACEMENT_3D('',#5153,#5154,#5155);
#5157=PLANE('',#5156);
#5158=ORIENTED_EDGE('',*,*,#4717,.F.);
#5160=ORIENTED_EDGE('',*,*,#5159,.F.);
#5162=ORIENTED_EDGE('',*,*,#5161,.F.);
#5164=ORIENTED_EDGE('',*,*,#5163,.F.);
#5166=ORIENTED_EDGE('',*,*,#5165,.F.);
#5168=ORIENTED_EDGE('',*,*,#5167,.F.);
#5170=ORIENTED_EDGE('',*,*,#5169,.F.);
#5172=ORIENTED_EDGE('',*,*,#5171,.F.);
#5173=EDGE_LOOP('',(#5158,#5160,#5162,#5164,#5166,#5168,#5170,#5172));
#5174=FACE_OUTER_BOUND('',#5173,.F.);
#5176=CARTESIAN_POINT('',(-6.0325E0,-5.8293E0,-1.25349E1));
#5177=DIRECTION('',(0.E0,0.E0,-1.E0));
#5178=DIRECTION('',(0.E0,1.E0,0.E0));
#5179=AXIS2_PLACEMENT_3D('',#5176,#5177,#5178);
#5180=PLANE('',#5179);
#5181=ORIENTED_EDGE('',*,*,#3556,.F.);
#5183=ORIENTED_EDGE('',*,*,#5182,.F.);
#5185=ORIENTED_EDGE('',*,*,#5184,.F.);
#5186=ORIENTED_EDGE('',*,*,#5144,.T.);
#5187=ORIENTED_EDGE('',*,*,#3548,.F.);
#5189=ORIENTED_EDGE('',*,*,#5188,.T.);
#5191=ORIENTED_EDGE('',*,*,#5190,.T.);
#5193=ORIENTED_EDGE('',*,*,#5192,.F.);
#5194=EDGE_LOOP('',(#5181,#5183,#5185,#5186,#5187,#5189,#5191,#5193));
#5195=FACE_OUTER_BOUND('',#5194,.F.);
#5197=CARTESIAN_POINT('',(-6.6675E0,-1.524E-1,0.E0));
#5198=DIRECTION('',(1.E0,0.E0,0.E0));
#5199=DIRECTION('',(0.E0,0.E0,-1.E0));
#5200=AXIS2_PLACEMENT_3D('',#5197,#5198,#5199);
#5201=PLANE('',#5200);
#5202=ORIENTED_EDGE('',*,*,#3554,.F.);
#5204=ORIENTED_EDGE('',*,*,#5203,.T.);
#5206=ORIENTED_EDGE('',*,*,#5205,.T.);
#5207=ORIENTED_EDGE('',*,*,#5182,.T.);
#5208=EDGE_LOOP('',(#5202,#5204,#5206,#5207));
#5209=FACE_OUTER_BOUND('',#5208,.F.);
#5211=CARTESIAN_POINT('',(-6.6675E0,-1.524E-1,0.E0));
#5212=DIRECTION('',(1.E0,0.E0,0.E0));
#5213=DIRECTION('',(0.E0,0.E0,-1.E0));
#5214=AXIS2_PLACEMENT_3D('',#5211,#5212,#5213);
#5215=PLANE('',#5214);
#5216=ORIENTED_EDGE('',*,*,#4721,.T.);
#5218=ORIENTED_EDGE('',*,*,#5217,.T.);
#5220=ORIENTED_EDGE('',*,*,#5219,.T.);
#5222=ORIENTED_EDGE('',*,*,#5221,.T.);
#5224=ORIENTED_EDGE('',*,*,#5223,.T.);
#5226=ORIENTED_EDGE('',*,*,#5225,.T.);
#5228=ORIENTED_EDGE('',*,*,#5227,.T.);
#5230=ORIENTED_EDGE('',*,*,#5229,.T.);
#5231=EDGE_LOOP('',(#5216,#5218,#5220,#5222,#5224,#5226,#5228,#5230));
#5232=FACE_OUTER_BOUND('',#5231,.F.);
#5234=CARTESIAN_POINT('',(-6.0325E0,1.651E-1,-1.18999E1));
#5235=DIRECTION('',(0.E0,0.E0,1.E0));
#5236=DIRECTION('',(0.E0,-1.E0,0.E0));
#5237=AXIS2_PLACEMENT_3D('',#5234,#5235,#5236);
#5238=PLANE('',#5237);
#5239=ORIENTED_EDGE('',*,*,#3552,.F.);
#5240=ORIENTED_EDGE('',*,*,#5148,.T.);
#5242=ORIENTED_EDGE('',*,*,#5241,.T.);
#5243=ORIENTED_EDGE('',*,*,#5203,.F.);
#5244=EDGE_LOOP('',(#5239,#5240,#5242,#5243));
#5245=FACE_OUTER_BOUND('',#5244,.F.);
#5247=CARTESIAN_POINT('',(-6.0325E0,-5.8293E0,-1.18999E1));
#5248=DIRECTION('',(0.E0,-1.E0,0.E0));
#5249=DIRECTION('',(0.E0,0.E0,-1.E0));
#5250=AXIS2_PLACEMENT_3D('',#5247,#5248,#5249);
#5251=PLANE('',#5250);
#5252=ORIENTED_EDGE('',*,*,#5146,.T.);
#5253=ORIENTED_EDGE('',*,*,#5184,.T.);
#5254=ORIENTED_EDGE('',*,*,#5205,.F.);
#5255=ORIENTED_EDGE('',*,*,#5241,.F.);
#5256=EDGE_LOOP('',(#5252,#5253,#5254,#5255));
#5257=FACE_OUTER_BOUND('',#5256,.F.);
#5259=CARTESIAN_POINT('',(-6.0325E0,4.826E-1,-8.382E0));
#5260=DIRECTION('',(0.E0,1.E0,0.E0));
#5261=DIRECTION('',(0.E0,0.E0,1.E0));
#5262=AXIS2_PLACEMENT_3D('',#5259,#5260,#5261);
#5263=PLANE('',#5262);
#5264=ORIENTED_EDGE('',*,*,#4719,.T.);
#5265=ORIENTED_EDGE('',*,*,#5171,.T.);
#5267=ORIENTED_EDGE('',*,*,#5266,.T.);
#5268=ORIENTED_EDGE('',*,*,#5217,.F.);
#5269=EDGE_LOOP('',(#5264,#5265,#5267,#5268));
#5270=FACE_OUTER_BOUND('',#5269,.F.);
#5272=CARTESIAN_POINT('',(-6.0325E0,4.826E-1,-8.3185E0));
#5273=DIRECTION('',(0.E0,0.E0,1.E0));
#5274=DIRECTION('',(0.E0,-1.E0,0.E0));
#5275=AXIS2_PLACEMENT_3D('',#5272,#5273,#5274);
#5276=PLANE('',#5275);
#5277=ORIENTED_EDGE('',*,*,#5169,.T.);
#5279=ORIENTED_EDGE('',*,*,#5278,.T.);
#5280=ORIENTED_EDGE('',*,*,#5219,.F.);
#5281=ORIENTED_EDGE('',*,*,#5266,.F.);
#5282=EDGE_LOOP('',(#5277,#5279,#5280,#5281));
#5283=FACE_OUTER_BOUND('',#5282,.F.);
#5285=CARTESIAN_POINT('',(-6.0325E0,1.651E-1,-8.3185E0));
#5286=DIRECTION('',(0.E0,1.E0,0.E0));
#5287=DIRECTION('',(0.E0,0.E0,1.E0));
#5288=AXIS2_PLACEMENT_3D('',#5285,#5286,#5287);
#5289=PLANE('',#5288);
#5290=ORIENTED_EDGE('',*,*,#5167,.T.);
#5292=ORIENTED_EDGE('',*,*,#5291,.T.);
#5293=ORIENTED_EDGE('',*,*,#5221,.F.);
#5294=ORIENTED_EDGE('',*,*,#5278,.F.);
#5295=EDGE_LOOP('',(#5290,#5292,#5293,#5294));
#5296=FACE_OUTER_BOUND('',#5295,.F.);
#5298=CARTESIAN_POINT('',(-6.0325E0,1.651E-1,-2.2225E0));
#5299=DIRECTION('',(0.E0,0.E0,1.E0));
#5300=DIRECTION('',(0.E0,-1.E0,0.E0));
#5301=AXIS2_PLACEMENT_3D('',#5298,#5299,#5300);
#5302=PLANE('',#5301);
#5303=ORIENTED_EDGE('',*,*,#5165,.T.);
#5305=ORIENTED_EDGE('',*,*,#5304,.T.);
#5306=ORIENTED_EDGE('',*,*,#5223,.F.);
#5307=ORIENTED_EDGE('',*,*,#5291,.F.);
#5308=EDGE_LOOP('',(#5303,#5305,#5306,#5307));
#5309=FACE_OUTER_BOUND('',#5308,.F.);
#5311=CARTESIAN_POINT('',(-6.0325E0,-4.699E-1,-2.2225E0));
#5312=DIRECTION('',(0.E0,-1.E0,0.E0));
#5313=DIRECTION('',(0.E0,0.E0,-1.E0));
#5314=AXIS2_PLACEMENT_3D('',#5311,#5312,#5313);
#5315=PLANE('',#5314);
#5316=ORIENTED_EDGE('',*,*,#5163,.T.);
#5318=ORIENTED_EDGE('',*,*,#5317,.T.);
#5319=ORIENTED_EDGE('',*,*,#5225,.F.);
#5320=ORIENTED_EDGE('',*,*,#5304,.F.);
#5321=EDGE_LOOP('',(#5316,#5318,#5319,#5320));
#5322=FACE_OUTER_BOUND('',#5321,.F.);
#5324=CARTESIAN_POINT('',(-6.0325E0,-4.699E-1,-8.3185E0));
#5325=DIRECTION('',(0.E0,0.E0,1.E0));
#5326=DIRECTION('',(0.E0,-1.E0,0.E0));
#5327=AXIS2_PLACEMENT_3D('',#5324,#5325,#5326);
#5328=PLANE('',#5327);
#5329=ORIENTED_EDGE('',*,*,#5161,.T.);
#5331=ORIENTED_EDGE('',*,*,#5330,.T.);
#5332=ORIENTED_EDGE('',*,*,#5227,.F.);
#5333=ORIENTED_EDGE('',*,*,#5317,.F.);
#5334=EDGE_LOOP('',(#5329,#5331,#5332,#5333));
#5335=FACE_OUTER_BOUND('',#5334,.F.);
#5337=CARTESIAN_POINT('',(-6.0325E0,-7.874E-1,-8.3185E0));
#5338=DIRECTION('',(0.E0,-1.E0,0.E0));
#5339=DIRECTION('',(0.E0,0.E0,-1.E0));
#5340=AXIS2_PLACEMENT_3D('',#5337,#5338,#5339);
#5341=PLANE('',#5340);
#5342=ORIENTED_EDGE('',*,*,#4723,.F.);
#5343=ORIENTED_EDGE('',*,*,#5229,.F.);
#5344=ORIENTED_EDGE('',*,*,#5330,.F.);
#5345=ORIENTED_EDGE('',*,*,#5159,.T.);
#5346=EDGE_LOOP('',(#5342,#5343,#5344,#5345));
#5347=FACE_OUTER_BOUND('',#5346,.F.);
#5349=CARTESIAN_POINT('',(-6.0452E0,2.7178E0,-1.19126E1));
#5350=DIRECTION('',(1.E0,0.E0,0.E0));
#5351=DIRECTION('',(0.E0,0.E0,-1.E0));
#5352=AXIS2_PLACEMENT_3D('',#5349,#5350,#5351);
#5353=PLANE('',#5352);
#5354=ORIENTED_EDGE('',*,*,#3546,.T.);
#5356=ORIENTED_EDGE('',*,*,#5355,.F.);
#5357=ORIENTED_EDGE('',*,*,#3815,.F.);
#5359=ORIENTED_EDGE('',*,*,#5358,.T.);
#5361=ORIENTED_EDGE('',*,*,#5360,.F.);
#5362=ORIENTED_EDGE('',*,*,#5188,.F.);
#5363=EDGE_LOOP('',(#5354,#5356,#5357,#5359,#5361,#5362));
#5364=FACE_OUTER_BOUND('',#5363,.F.);
#5366=CARTESIAN_POINT('',(-6.0452E0,2.7178E0,-1.29286E1));
#5367=DIRECTION('',(8.660254037844E-1,0.E0,5.E-1));
#5368=DIRECTION('',(5.E-1,0.E0,-8.660254037844E-1));
#5369=AXIS2_PLACEMENT_3D('',#5366,#5367,#5368);
#5370=PLANE('',#5369);
#5371=ORIENTED_EDGE('',*,*,#3544,.T.);
#5372=ORIENTED_EDGE('',*,*,#4441,.T.);
#5373=ORIENTED_EDGE('',*,*,#3817,.F.);
#5374=ORIENTED_EDGE('',*,*,#5355,.T.);
#5375=EDGE_LOOP('',(#5371,#5372,#5373,#5374));
#5376=FACE_OUTER_BOUND('',#5375,.F.);
#5378=CARTESIAN_POINT('',(-6.6548E0,2.7178E0,-1.19126E1));
#5379=DIRECTION('',(0.E0,0.E0,1.E0));
#5380=DIRECTION('',(1.E0,0.E0,0.E0));
#5381=AXIS2_PLACEMENT_3D('',#5378,#5379,#5380);
#5382=PLANE('',#5381);
#5384=ORIENTED_EDGE('',*,*,#5383,.T.);
#5386=ORIENTED_EDGE('',*,*,#5385,.T.);
#5387=ORIENTED_EDGE('',*,*,#5358,.F.);
#5388=ORIENTED_EDGE('',*,*,#3813,.F.);
#5389=EDGE_LOOP('',(#5384,#5386,#5387,#5388));
#5390=FACE_OUTER_BOUND('',#5389,.F.);
#5392=CARTESIAN_POINT('',(-6.6548E0,2.7178E0,-1.29286E1));
#5393=DIRECTION('',(-1.E0,0.E0,0.E0));
#5394=DIRECTION('',(0.E0,0.E0,1.E0));
#5395=AXIS2_PLACEMENT_3D('',#5392,#5393,#5394);
#5396=PLANE('',#5395);
#5397=ORIENTED_EDGE('',*,*,#3558,.T.);
#5398=ORIENTED_EDGE('',*,*,#5192,.T.);
#5400=ORIENTED_EDGE('',*,*,#5399,.T.);
#5401=ORIENTED_EDGE('',*,*,#5383,.F.);
#5402=ORIENTED_EDGE('',*,*,#3811,.F.);
#5404=ORIENTED_EDGE('',*,*,#5403,.T.);
#5405=EDGE_LOOP('',(#5397,#5398,#5400,#5401,#5402,#5404));
#5406=FACE_OUTER_BOUND('',#5405,.F.);
#5408=CARTESIAN_POINT('',(-6.0325E0,-4.699E-1,-1.18999E1));
#5409=DIRECTION('',(1.E0,0.E0,0.E0));
#5410=DIRECTION('',(0.E0,0.E0,-1.E0));
#5411=AXIS2_PLACEMENT_3D('',#5408,#5409,#5410);
#5412=CYLINDRICAL_SURFACE('',#5411,6.35E-1);
#5413=ORIENTED_EDGE('',*,*,#5399,.F.);
#5414=ORIENTED_EDGE('',*,*,#5190,.F.);
#5415=ORIENTED_EDGE('',*,*,#5360,.T.);
#5416=ORIENTED_EDGE('',*,*,#5385,.F.);
#5417=EDGE_LOOP('',(#5413,#5414,#5415,#5416));
#5418=FACE_OUTER_BOUND('',#5417,.F.);
#5420=CARTESIAN_POINT('',(-7.241387873497E0,2.7178E0,-1.39446E1));
#5421=DIRECTION('',(-8.660254037844E-1,0.E0,5.E-1));
#5422=DIRECTION('',(5.E-1,0.E0,8.660254037844E-1));
#5423=AXIS2_PLACEMENT_3D('',#5420,#5421,#5422);
#5424=PLANE('',#5423);
#5425=ORIENTED_EDGE('',*,*,#3560,.T.);
#5426=ORIENTED_EDGE('',*,*,#5403,.F.);
#5427=ORIENTED_EDGE('',*,*,#3809,.F.);
#5428=ORIENTED_EDGE('',*,*,#4424,.F.);
#5429=EDGE_LOOP('',(#5425,#5426,#5427,#5428));
#5430=FACE_OUTER_BOUND('',#5429,.F.);
#5432=CARTESIAN_POINT('',(-3.4925E0,-1.524E-1,0.E0));
#5433=DIRECTION('',(1.E0,0.E0,0.E0));
#5434=DIRECTION('',(0.E0,0.E0,-1.E0));
#5435=AXIS2_PLACEMENT_3D('',#5432,#5433,#5434);
#5436=PLANE('',#5435);
#5437=ORIENTED_EDGE('',*,*,#3530,.T.);
#5439=ORIENTED_EDGE('',*,*,#5438,.F.);
#5441=ORIENTED_EDGE('',*,*,#5440,.F.);
#5443=ORIENTED_EDGE('',*,*,#5442,.F.);
#5444=EDGE_LOOP('',(#5437,#5439,#5441,#5443));
#5445=FACE_OUTER_BOUND('',#5444,.F.);
#5447=CARTESIAN_POINT('',(-3.4925E0,-1.524E-1,0.E0));
#5448=DIRECTION('',(1.E0,0.E0,0.E0));
#5449=DIRECTION('',(0.E0,0.E0,-1.E0));
#5450=AXIS2_PLACEMENT_3D('',#5447,#5448,#5449);
#5451=PLANE('',#5450);
#5452=ORIENTED_EDGE('',*,*,#4727,.F.);
#5454=ORIENTED_EDGE('',*,*,#5453,.F.);
#5456=ORIENTED_EDGE('',*,*,#5455,.F.);
#5458=ORIENTED_EDGE('',*,*,#5457,.F.);
#5460=ORIENTED_EDGE('',*,*,#5459,.F.);
#5462=ORIENTED_EDGE('',*,*,#5461,.F.);
#5464=ORIENTED_EDGE('',*,*,#5463,.F.);
#5466=ORIENTED_EDGE('',*,*,#5465,.F.);
#5467=EDGE_LOOP('',(#5452,#5454,#5456,#5458,#5460,#5462,#5464,#5466));
#5468=FACE_OUTER_BOUND('',#5467,.F.);
#5470=CARTESIAN_POINT('',(-3.4925E0,-5.8293E0,-1.25349E1));
#5471=DIRECTION('',(0.E0,0.E0,-1.E0));
#5472=DIRECTION('',(0.E0,1.E0,0.E0));
#5473=AXIS2_PLACEMENT_3D('',#5470,#5471,#5472);
#5474=PLANE('',#5473);
#5475=ORIENTED_EDGE('',*,*,#3536,.F.);
#5477=ORIENTED_EDGE('',*,*,#5476,.F.);
#5479=ORIENTED_EDGE('',*,*,#5478,.F.);
#5480=ORIENTED_EDGE('',*,*,#5438,.T.);
#5481=ORIENTED_EDGE('',*,*,#3528,.F.);
#5483=ORIENTED_EDGE('',*,*,#5482,.T.);
#5485=ORIENTED_EDGE('',*,*,#5484,.T.);
#5487=ORIENTED_EDGE('',*,*,#5486,.F.);
#5488=EDGE_LOOP('',(#5475,#5477,#5479,#5480,#5481,#5483,#5485,#5487));
#5489=FACE_OUTER_BOUND('',#5488,.F.);
#5491=CARTESIAN_POINT('',(-4.1275E0,-1.524E-1,0.E0));
#5492=DIRECTION('',(1.E0,0.E0,0.E0));
#5493=DIRECTION('',(0.E0,0.E0,-1.E0));
#5494=AXIS2_PLACEMENT_3D('',#5491,#5492,#5493);
#5495=PLANE('',#5494);
#5496=ORIENTED_EDGE('',*,*,#3534,.F.);
#5498=ORIENTED_EDGE('',*,*,#5497,.T.);
#5500=ORIENTED_EDGE('',*,*,#5499,.T.);
#5501=ORIENTED_EDGE('',*,*,#5476,.T.);
#5502=EDGE_LOOP('',(#5496,#5498,#5500,#5501));
#5503=FACE_OUTER_BOUND('',#5502,.F.);
#5505=CARTESIAN_POINT('',(-4.1275E0,-1.524E-1,0.E0));
#5506=DIRECTION('',(1.E0,0.E0,0.E0));
#5507=DIRECTION('',(0.E0,0.E0,-1.E0));
#5508=AXIS2_PLACEMENT_3D('',#5505,#5506,#5507);
#5509=PLANE('',#5508);
#5510=ORIENTED_EDGE('',*,*,#4731,.T.);
#5512=ORIENTED_EDGE('',*,*,#5511,.T.);
#5514=ORIENTED_EDGE('',*,*,#5513,.T.);
#5516=ORIENTED_EDGE('',*,*,#5515,.T.);
#5518=ORIENTED_EDGE('',*,*,#5517,.T.);
#5520=ORIENTED_EDGE('',*,*,#5519,.T.);
#5522=ORIENTED_EDGE('',*,*,#5521,.T.);
#5524=ORIENTED_EDGE('',*,*,#5523,.T.);
#5525=EDGE_LOOP('',(#5510,#5512,#5514,#5516,#5518,#5520,#5522,#5524));
#5526=FACE_OUTER_BOUND('',#5525,.F.);
#5528=CARTESIAN_POINT('',(-3.4925E0,1.651E-1,-1.18999E1));
#5529=DIRECTION('',(0.E0,0.E0,1.E0));
#5530=DIRECTION('',(0.E0,-1.E0,0.E0));
#5531=AXIS2_PLACEMENT_3D('',#5528,#5529,#5530);
#5532=PLANE('',#5531);
#5533=ORIENTED_EDGE('',*,*,#3532,.F.);
#5534=ORIENTED_EDGE('',*,*,#5442,.T.);
#5536=ORIENTED_EDGE('',*,*,#5535,.T.);
#5537=ORIENTED_EDGE('',*,*,#5497,.F.);
#5538=EDGE_LOOP('',(#5533,#5534,#5536,#5537));
#5539=FACE_OUTER_BOUND('',#5538,.F.);
#5541=CARTESIAN_POINT('',(-3.4925E0,-5.8293E0,-1.18999E1));
#5542=DIRECTION('',(0.E0,-1.E0,0.E0));
#5543=DIRECTION('',(0.E0,0.E0,-1.E0));
#5544=AXIS2_PLACEMENT_3D('',#5541,#5542,#5543);
#5545=PLANE('',#5544);
#5546=ORIENTED_EDGE('',*,*,#5440,.T.);
#5547=ORIENTED_EDGE('',*,*,#5478,.T.);
#5548=ORIENTED_EDGE('',*,*,#5499,.F.);
#5549=ORIENTED_EDGE('',*,*,#5535,.F.);
#5550=EDGE_LOOP('',(#5546,#5547,#5548,#5549));
#5551=FACE_OUTER_BOUND('',#5550,.F.);
#5553=CARTESIAN_POINT('',(-3.4925E0,4.826E-1,-8.382E0));
#5554=DIRECTION('',(0.E0,1.E0,0.E0));
#5555=DIRECTION('',(0.E0,0.E0,1.E0));
#5556=AXIS2_PLACEMENT_3D('',#5553,#5554,#5555);
#5557=PLANE('',#5556);
#5558=ORIENTED_EDGE('',*,*,#4729,.T.);
#5559=ORIENTED_EDGE('',*,*,#5465,.T.);
#5561=ORIENTED_EDGE('',*,*,#5560,.T.);
#5562=ORIENTED_EDGE('',*,*,#5511,.F.);
#5563=EDGE_LOOP('',(#5558,#5559,#5561,#5562));
#5564=FACE_OUTER_BOUND('',#5563,.F.);
#5566=CARTESIAN_POINT('',(-3.4925E0,4.826E-1,-8.3185E0));
#5567=DIRECTION('',(0.E0,0.E0,1.E0));
#5568=DIRECTION('',(0.E0,-1.E0,0.E0));
#5569=AXIS2_PLACEMENT_3D('',#5566,#5567,#5568);
#5570=PLANE('',#5569);
#5571=ORIENTED_EDGE('',*,*,#5463,.T.);
#5573=ORIENTED_EDGE('',*,*,#5572,.T.);
#5574=ORIENTED_EDGE('',*,*,#5513,.F.);
#5575=ORIENTED_EDGE('',*,*,#5560,.F.);
#5576=EDGE_LOOP('',(#5571,#5573,#5574,#5575));
#5577=FACE_OUTER_BOUND('',#5576,.F.);
#5579=CARTESIAN_POINT('',(-3.4925E0,1.651E-1,-8.3185E0));
#5580=DIRECTION('',(0.E0,1.E0,0.E0));
#5581=DIRECTION('',(0.E0,0.E0,1.E0));
#5582=AXIS2_PLACEMENT_3D('',#5579,#5580,#5581);
#5583=PLANE('',#5582);
#5584=ORIENTED_EDGE('',*,*,#5461,.T.);
#5586=ORIENTED_EDGE('',*,*,#5585,.T.);
#5587=ORIENTED_EDGE('',*,*,#5515,.F.);
#5588=ORIENTED_EDGE('',*,*,#5572,.F.);
#5589=EDGE_LOOP('',(#5584,#5586,#5587,#5588));
#5590=FACE_OUTER_BOUND('',#5589,.F.);
#5592=CARTESIAN_POINT('',(-3.4925E0,1.651E-1,-2.2225E0));
#5593=DIRECTION('',(0.E0,0.E0,1.E0));
#5594=DIRECTION('',(0.E0,-1.E0,0.E0));
#5595=AXIS2_PLACEMENT_3D('',#5592,#5593,#5594);
#5596=PLANE('',#5595);
#5597=ORIENTED_EDGE('',*,*,#5459,.T.);
#5599=ORIENTED_EDGE('',*,*,#5598,.T.);
#5600=ORIENTED_EDGE('',*,*,#5517,.F.);
#5601=ORIENTED_EDGE('',*,*,#5585,.F.);
#5602=EDGE_LOOP('',(#5597,#5599,#5600,#5601));
#5603=FACE_OUTER_BOUND('',#5602,.F.);
#5605=CARTESIAN_POINT('',(-3.4925E0,-4.699E-1,-2.2225E0));
#5606=DIRECTION('',(0.E0,-1.E0,0.E0));
#5607=DIRECTION('',(0.E0,0.E0,-1.E0));
#5608=AXIS2_PLACEMENT_3D('',#5605,#5606,#5607);
#5609=PLANE('',#5608);
#5610=ORIENTED_EDGE('',*,*,#5457,.T.);
#5612=ORIENTED_EDGE('',*,*,#5611,.T.);
#5613=ORIENTED_EDGE('',*,*,#5519,.F.);
#5614=ORIENTED_EDGE('',*,*,#5598,.F.);
#5615=EDGE_LOOP('',(#5610,#5612,#5613,#5614));
#5616=FACE_OUTER_BOUND('',#5615,.F.);
#5618=CARTESIAN_POINT('',(-3.4925E0,-4.699E-1,-8.3185E0));
#5619=DIRECTION('',(0.E0,0.E0,1.E0));
#5620=DIRECTION('',(0.E0,-1.E0,0.E0));
#5621=AXIS2_PLACEMENT_3D('',#5618,#5619,#5620);
#5622=PLANE('',#5621);
#5623=ORIENTED_EDGE('',*,*,#5455,.T.);
#5625=ORIENTED_EDGE('',*,*,#5624,.T.);
#5626=ORIENTED_EDGE('',*,*,#5521,.F.);
#5627=ORIENTED_EDGE('',*,*,#5611,.F.);
#5628=EDGE_LOOP('',(#5623,#5625,#5626,#5627));
#5629=FACE_OUTER_BOUND('',#5628,.F.);
#5631=CARTESIAN_POINT('',(-3.4925E0,-7.874E-1,-8.3185E0));
#5632=DIRECTION('',(0.E0,-1.E0,0.E0));
#5633=DIRECTION('',(0.E0,0.E0,-1.E0));
#5634=AXIS2_PLACEMENT_3D('',#5631,#5632,#5633);
#5635=PLANE('',#5634);
#5636=ORIENTED_EDGE('',*,*,#4733,.F.);
#5637=ORIENTED_EDGE('',*,*,#5523,.F.);
#5638=ORIENTED_EDGE('',*,*,#5624,.F.);
#5639=ORIENTED_EDGE('',*,*,#5453,.T.);
#5640=EDGE_LOOP('',(#5636,#5637,#5638,#5639));
#5641=FACE_OUTER_BOUND('',#5640,.F.);
#5643=CARTESIAN_POINT('',(-3.5052E0,2.7178E0,-1.19126E1));
#5644=DIRECTION('',(1.E0,0.E0,0.E0));
#5645=DIRECTION('',(0.E0,0.E0,-1.E0));
#5646=AXIS2_PLACEMENT_3D('',#5643,#5644,#5645);
#5647=PLANE('',#5646);
#5648=ORIENTED_EDGE('',*,*,#3526,.T.);
#5650=ORIENTED_EDGE('',*,*,#5649,.F.);
#5651=ORIENTED_EDGE('',*,*,#3827,.F.);
#5653=ORIENTED_EDGE('',*,*,#5652,.T.);
#5655=ORIENTED_EDGE('',*,*,#5654,.F.);
#5656=ORIENTED_EDGE('',*,*,#5482,.F.);
#5657=EDGE_LOOP('',(#5648,#5650,#5651,#5653,#5655,#5656));
#5658=FACE_OUTER_BOUND('',#5657,.F.);
#5660=CARTESIAN_POINT('',(-3.5052E0,2.7178E0,-1.29286E1));
#5661=DIRECTION('',(8.660254037844E-1,0.E0,5.E-1));
#5662=DIRECTION('',(5.E-1,0.E0,-8.660254037844E-1));
#5663=AXIS2_PLACEMENT_3D('',#5660,#5661,#5662);
#5664=PLANE('',#5663);
#5665=ORIENTED_EDGE('',*,*,#3524,.T.);
#5666=ORIENTED_EDGE('',*,*,#4455,.T.);
#5667=ORIENTED_EDGE('',*,*,#3829,.F.);
#5668=ORIENTED_EDGE('',*,*,#5649,.T.);
#5669=EDGE_LOOP('',(#5665,#5666,#5667,#5668));
#5670=FACE_OUTER_BOUND('',#5669,.F.);
#5672=CARTESIAN_POINT('',(-4.1148E0,2.7178E0,-1.19126E1));
#5673=DIRECTION('',(0.E0,0.E0,1.E0));
#5674=DIRECTION('',(1.E0,0.E0,0.E0));
#5675=AXIS2_PLACEMENT_3D('',#5672,#5673,#5674);
#5676=PLANE('',#5675);
#5678=ORIENTED_EDGE('',*,*,#5677,.T.);
#5680=ORIENTED_EDGE('',*,*,#5679,.T.);
#5681=ORIENTED_EDGE('',*,*,#5652,.F.);
#5682=ORIENTED_EDGE('',*,*,#3825,.F.);
#5683=EDGE_LOOP('',(#5678,#5680,#5681,#5682));
#5684=FACE_OUTER_BOUND('',#5683,.F.);
#5686=CARTESIAN_POINT('',(-4.1148E0,2.7178E0,-1.29286E1));
#5687=DIRECTION('',(-1.E0,0.E0,0.E0));
#5688=DIRECTION('',(0.E0,0.E0,1.E0));
#5689=AXIS2_PLACEMENT_3D('',#5686,#5687,#5688);
#5690=PLANE('',#5689);
#5691=ORIENTED_EDGE('',*,*,#3538,.T.);
#5692=ORIENTED_EDGE('',*,*,#5486,.T.);
#5694=ORIENTED_EDGE('',*,*,#5693,.T.);
#5695=ORIENTED_EDGE('',*,*,#5677,.F.);
#5696=ORIENTED_EDGE('',*,*,#3823,.F.);
#5698=ORIENTED_EDGE('',*,*,#5697,.T.);
#5699=EDGE_LOOP('',(#5691,#5692,#5694,#5695,#5696,#5698));
#5700=FACE_OUTER_BOUND('',#5699,.F.);
#5702=CARTESIAN_POINT('',(-3.4925E0,-4.699E-1,-1.18999E1));
#5703=DIRECTION('',(1.E0,0.E0,0.E0));
#5704=DIRECTION('',(0.E0,0.E0,-1.E0));
#5705=AXIS2_PLACEMENT_3D('',#5702,#5703,#5704);
#5706=CYLINDRICAL_SURFACE('',#5705,6.35E-1);
#5707=ORIENTED_EDGE('',*,*,#5693,.F.);
#5708=ORIENTED_EDGE('',*,*,#5484,.F.);
#5709=ORIENTED_EDGE('',*,*,#5654,.T.);
#5710=ORIENTED_EDGE('',*,*,#5679,.F.);
#5711=EDGE_LOOP('',(#5707,#5708,#5709,#5710));
#5712=FACE_OUTER_BOUND('',#5711,.F.);
#5714=CARTESIAN_POINT('',(-4.701387873497E0,2.7178E0,-1.39446E1));
#5715=DIRECTION('',(-8.660254037844E-1,0.E0,5.E-1));
#5716=DIRECTION('',(5.E-1,0.E0,8.660254037844E-1));
#5717=AXIS2_PLACEMENT_3D('',#5714,#5715,#5716);
#5718=PLANE('',#5717);
#5719=ORIENTED_EDGE('',*,*,#3540,.T.);
#5720=ORIENTED_EDGE('',*,*,#5697,.F.);
#5721=ORIENTED_EDGE('',*,*,#3821,.F.);
#5722=ORIENTED_EDGE('',*,*,#4438,.F.);
#5723=EDGE_LOOP('',(#5719,#5720,#5721,#5722));
#5724=FACE_OUTER_BOUND('',#5723,.F.);
#5726=CARTESIAN_POINT('',(-9.525E-1,-1.524E-1,0.E0));
#5727=DIRECTION('',(1.E0,0.E0,0.E0));
#5728=DIRECTION('',(0.E0,0.E0,-1.E0));
#5729=AXIS2_PLACEMENT_3D('',#5726,#5727,#5728);
#5730=PLANE('',#5729);
#5732=ORIENTED_EDGE('',*,*,#5731,.F.);
#5733=ORIENTED_EDGE('',*,*,#3510,.T.);
#5735=ORIENTED_EDGE('',*,*,#5734,.F.);
#5737=ORIENTED_EDGE('',*,*,#5736,.F.);
#5738=EDGE_LOOP('',(#5732,#5733,#5735,#5737));
#5739=FACE_OUTER_BOUND('',#5738,.F.);
#5741=CARTESIAN_POINT('',(-9.525E-1,-1.524E-1,0.E0));
#5742=DIRECTION('',(1.E0,0.E0,0.E0));
#5743=DIRECTION('',(0.E0,0.E0,-1.E0));
#5744=AXIS2_PLACEMENT_3D('',#5741,#5742,#5743);
#5745=PLANE('',#5744);
#5747=ORIENTED_EDGE('',*,*,#5746,.F.);
#5749=ORIENTED_EDGE('',*,*,#5748,.F.);
#5751=ORIENTED_EDGE('',*,*,#5750,.F.);
#5753=ORIENTED_EDGE('',*,*,#5752,.F.);
#5755=ORIENTED_EDGE('',*,*,#5754,.F.);
#5757=ORIENTED_EDGE('',*,*,#5756,.F.);
#5759=ORIENTED_EDGE('',*,*,#5758,.F.);
#5760=ORIENTED_EDGE('',*,*,#4737,.F.);
#5761=EDGE_LOOP('',(#5747,#5749,#5751,#5753,#5755,#5757,#5759,#5760));
#5762=FACE_OUTER_BOUND('',#5761,.F.);
#5764=CARTESIAN_POINT('',(-9.525E-1,1.651E-1,-1.18999E1));
#5765=DIRECTION('',(0.E0,0.E0,1.E0));
#5766=DIRECTION('',(0.E0,-1.E0,0.E0));
#5767=AXIS2_PLACEMENT_3D('',#5764,#5765,#5766);
#5768=PLANE('',#5767);
#5769=ORIENTED_EDGE('',*,*,#5731,.T.);
#5771=ORIENTED_EDGE('',*,*,#5770,.T.);
#5773=ORIENTED_EDGE('',*,*,#5772,.F.);
#5774=ORIENTED_EDGE('',*,*,#3512,.T.);
#5775=EDGE_LOOP('',(#5769,#5771,#5773,#5774));
#5776=FACE_OUTER_BOUND('',#5775,.F.);
#5778=CARTESIAN_POINT('',(-9.525E-1,-5.8293E0,-1.18999E1));
#5779=DIRECTION('',(0.E0,-1.E0,0.E0));
#5780=DIRECTION('',(0.E0,0.E0,-1.E0));
#5781=AXIS2_PLACEMENT_3D('',#5778,#5779,#5780);
#5782=PLANE('',#5781);
#5783=ORIENTED_EDGE('',*,*,#5736,.T.);
#5785=ORIENTED_EDGE('',*,*,#5784,.T.);
#5787=ORIENTED_EDGE('',*,*,#5786,.F.);
#5788=ORIENTED_EDGE('',*,*,#5770,.F.);
#5789=EDGE_LOOP('',(#5783,#5785,#5787,#5788));
#5790=FACE_OUTER_BOUND('',#5789,.F.);
#5792=CARTESIAN_POINT('',(-9.525E-1,-5.8293E0,-1.25349E1));
#5793=DIRECTION('',(0.E0,0.E0,-1.E0));
#5794=DIRECTION('',(0.E0,1.E0,0.E0));
#5795=AXIS2_PLACEMENT_3D('',#5792,#5793,#5794);
#5796=PLANE('',#5795);
#5797=ORIENTED_EDGE('',*,*,#5734,.T.);
#5798=ORIENTED_EDGE('',*,*,#3508,.F.);
#5800=ORIENTED_EDGE('',*,*,#5799,.T.);
#5802=ORIENTED_EDGE('',*,*,#5801,.T.);
#5804=ORIENTED_EDGE('',*,*,#5803,.F.);
#5805=ORIENTED_EDGE('',*,*,#3516,.F.);
#5807=ORIENTED_EDGE('',*,*,#5806,.F.);
#5808=ORIENTED_EDGE('',*,*,#5784,.F.);
#5809=EDGE_LOOP('',(#5797,#5798,#5800,#5802,#5804,#5805,#5807,#5808));
#5810=FACE_OUTER_BOUND('',#5809,.F.);
#5812=CARTESIAN_POINT('',(-9.652E-1,2.7178E0,-1.19126E1));
#5813=DIRECTION('',(1.E0,0.E0,0.E0));
#5814=DIRECTION('',(0.E0,0.E0,-1.E0));
#5815=AXIS2_PLACEMENT_3D('',#5812,#5813,#5814);
#5816=PLANE('',#5815);
#5818=ORIENTED_EDGE('',*,*,#5817,.F.);
#5819=ORIENTED_EDGE('',*,*,#5799,.F.);
#5820=ORIENTED_EDGE('',*,*,#3506,.T.);
#5822=ORIENTED_EDGE('',*,*,#5821,.F.);
#5823=ORIENTED_EDGE('',*,*,#3839,.F.);
#5825=ORIENTED_EDGE('',*,*,#5824,.T.);
#5826=EDGE_LOOP('',(#5818,#5819,#5820,#5822,#5823,#5825));
#5827=FACE_OUTER_BOUND('',#5826,.F.);
#5829=CARTESIAN_POINT('',(-9.525E-1,-4.699E-1,-1.18999E1));
#5830=DIRECTION('',(1.E0,0.E0,0.E0));
#5831=DIRECTION('',(0.E0,0.E0,-1.E0));
#5832=AXIS2_PLACEMENT_3D('',#5829,#5830,#5831);
#5833=CYLINDRICAL_SURFACE('',#5832,6.35E-1);
#5834=ORIENTED_EDGE('',*,*,#5801,.F.);
#5835=ORIENTED_EDGE('',*,*,#5817,.T.);
#5837=ORIENTED_EDGE('',*,*,#5836,.F.);
#5839=ORIENTED_EDGE('',*,*,#5838,.F.);
#5840=EDGE_LOOP('',(#5834,#5835,#5837,#5839));
#5841=FACE_OUTER_BOUND('',#5840,.F.);
#5843=CARTESIAN_POINT('',(-1.5748E0,2.7178E0,-1.19126E1));
#5844=DIRECTION('',(0.E0,0.E0,1.E0));
#5845=DIRECTION('',(1.E0,0.E0,0.E0));
#5846=AXIS2_PLACEMENT_3D('',#5843,#5844,#5845);
#5847=PLANE('',#5846);
#5848=ORIENTED_EDGE('',*,*,#5836,.T.);
#5849=ORIENTED_EDGE('',*,*,#5824,.F.);
#5850=ORIENTED_EDGE('',*,*,#3837,.F.);
#5852=ORIENTED_EDGE('',*,*,#5851,.T.);
#5853=EDGE_LOOP('',(#5848,#5849,#5850,#5852));
#5854=FACE_OUTER_BOUND('',#5853,.F.);
#5856=CARTESIAN_POINT('',(-1.5748E0,2.7178E0,-1.29286E1));
#5857=DIRECTION('',(-1.E0,0.E0,0.E0));
#5858=DIRECTION('',(0.E0,0.E0,1.E0));
#5859=AXIS2_PLACEMENT_3D('',#5856,#5857,#5858);
#5860=PLANE('',#5859);
#5861=ORIENTED_EDGE('',*,*,#5838,.T.);
#5862=ORIENTED_EDGE('',*,*,#5851,.F.);
#5863=ORIENTED_EDGE('',*,*,#3835,.F.);
#5865=ORIENTED_EDGE('',*,*,#5864,.T.);
#5866=ORIENTED_EDGE('',*,*,#3518,.T.);
#5867=ORIENTED_EDGE('',*,*,#5803,.T.);
#5868=EDGE_LOOP('',(#5861,#5862,#5863,#5865,#5866,#5867));
#5869=FACE_OUTER_BOUND('',#5868,.F.);
#5871=CARTESIAN_POINT('',(-2.161387873497E0,2.7178E0,-1.39446E1));
#5872=DIRECTION('',(-8.660254037844E-1,0.E0,5.E-1));
#5873=DIRECTION('',(5.E-1,0.E0,8.660254037844E-1));
#5874=AXIS2_PLACEMENT_3D('',#5871,#5872,#5873);
#5875=PLANE('',#5874);
#5876=ORIENTED_EDGE('',*,*,#5864,.F.);
#5877=ORIENTED_EDGE('',*,*,#3833,.F.);
#5878=ORIENTED_EDGE('',*,*,#4452,.F.);
#5879=ORIENTED_EDGE('',*,*,#3520,.T.);
#5880=EDGE_LOOP('',(#5876,#5877,#5878,#5879));
#5881=FACE_OUTER_BOUND('',#5880,.F.);
#5883=CARTESIAN_POINT('',(-9.652E-1,2.7178E0,-1.29286E1));
#5884=DIRECTION('',(8.660254037844E-1,0.E0,5.E-1));
#5885=DIRECTION('',(5.E-1,0.E0,-8.660254037844E-1));
#5886=AXIS2_PLACEMENT_3D('',#5883,#5884,#5885);
#5887=PLANE('',#5886);
#5888=ORIENTED_EDGE('',*,*,#5821,.T.);
#5889=ORIENTED_EDGE('',*,*,#3504,.T.);
#5890=ORIENTED_EDGE('',*,*,#4469,.T.);
#5891=ORIENTED_EDGE('',*,*,#3841,.F.);
#5892=EDGE_LOOP('',(#5888,#5889,#5890,#5891));
#5893=FACE_OUTER_BOUND('',#5892,.F.);
#5895=CARTESIAN_POINT('',(-1.5875E0,-1.524E-1,0.E0));
#5896=DIRECTION('',(1.E0,0.E0,0.E0));
#5897=DIRECTION('',(0.E0,0.E0,-1.E0));
#5898=AXIS2_PLACEMENT_3D('',#5895,#5896,#5897);
#5899=PLANE('',#5898);
#5900=ORIENTED_EDGE('',*,*,#5772,.T.);
#5901=ORIENTED_EDGE('',*,*,#5786,.T.);
#5902=ORIENTED_EDGE('',*,*,#5806,.T.);
#5903=ORIENTED_EDGE('',*,*,#3514,.F.);
#5904=EDGE_LOOP('',(#5900,#5901,#5902,#5903));
#5905=FACE_OUTER_BOUND('',#5904,.F.);
#5907=CARTESIAN_POINT('',(-1.5875E0,-1.524E-1,0.E0));
#5908=DIRECTION('',(1.E0,0.E0,0.E0));
#5909=DIRECTION('',(0.E0,0.E0,-1.E0));
#5910=AXIS2_PLACEMENT_3D('',#5907,#5908,#5909);
#5911=PLANE('',#5910);
#5913=ORIENTED_EDGE('',*,*,#5912,.T.);
#5914=ORIENTED_EDGE('',*,*,#4741,.T.);
#5916=ORIENTED_EDGE('',*,*,#5915,.T.);
#5918=ORIENTED_EDGE('',*,*,#5917,.T.);
#5920=ORIENTED_EDGE('',*,*,#5919,.T.);
#5922=ORIENTED_EDGE('',*,*,#5921,.T.);
#5924=ORIENTED_EDGE('',*,*,#5923,.T.);
#5926=ORIENTED_EDGE('',*,*,#5925,.T.);
#5927=EDGE_LOOP('',(#5913,#5914,#5916,#5918,#5920,#5922,#5924,#5926));
#5928=FACE_OUTER_BOUND('',#5927,.F.);
#5930=CARTESIAN_POINT('',(-9.525E-1,-7.874E-1,-8.3185E0));
#5931=DIRECTION('',(0.E0,-1.E0,0.E0));
#5932=DIRECTION('',(0.E0,0.E0,-1.E0));
#5933=AXIS2_PLACEMENT_3D('',#5930,#5931,#5932);
#5934=PLANE('',#5933);
#5935=ORIENTED_EDGE('',*,*,#5746,.T.);
#5936=ORIENTED_EDGE('',*,*,#4743,.F.);
#5937=ORIENTED_EDGE('',*,*,#5912,.F.);
#5939=ORIENTED_EDGE('',*,*,#5938,.F.);
#5940=EDGE_LOOP('',(#5935,#5936,#5937,#5939));
#5941=FACE_OUTER_BOUND('',#5940,.F.);
#5943=CARTESIAN_POINT('',(-9.525E-1,-4.699E-1,-8.3185E0));
#5944=DIRECTION('',(0.E0,0.E0,1.E0));
#5945=DIRECTION('',(0.E0,-1.E0,0.E0));
#5946=AXIS2_PLACEMENT_3D('',#5943,#5944,#5945);
#5947=PLANE('',#5946);
#5948=ORIENTED_EDGE('',*,*,#5748,.T.);
#5949=ORIENTED_EDGE('',*,*,#5938,.T.);
#5950=ORIENTED_EDGE('',*,*,#5925,.F.);
#5952=ORIENTED_EDGE('',*,*,#5951,.F.);
#5953=EDGE_LOOP('',(#5948,#5949,#5950,#5952));
#5954=FACE_OUTER_BOUND('',#5953,.F.);
#5956=CARTESIAN_POINT('',(-9.525E-1,-4.699E-1,-2.2225E0));
#5957=DIRECTION('',(0.E0,-1.E0,0.E0));
#5958=DIRECTION('',(0.E0,0.E0,-1.E0));
#5959=AXIS2_PLACEMENT_3D('',#5956,#5957,#5958);
#5960=PLANE('',#5959);
#5961=ORIENTED_EDGE('',*,*,#5750,.T.);
#5962=ORIENTED_EDGE('',*,*,#5951,.T.);
#5963=ORIENTED_EDGE('',*,*,#5923,.F.);
#5965=ORIENTED_EDGE('',*,*,#5964,.F.);
#5966=EDGE_LOOP('',(#5961,#5962,#5963,#5965));
#5967=FACE_OUTER_BOUND('',#5966,.F.);
#5969=CARTESIAN_POINT('',(-9.525E-1,1.651E-1,-2.2225E0));
#5970=DIRECTION('',(0.E0,0.E0,1.E0));
#5971=DIRECTION('',(0.E0,-1.E0,0.E0));
#5972=AXIS2_PLACEMENT_3D('',#5969,#5970,#5971);
#5973=PLANE('',#5972);
#5974=ORIENTED_EDGE('',*,*,#5752,.T.);
#5975=ORIENTED_EDGE('',*,*,#5964,.T.);
#5976=ORIENTED_EDGE('',*,*,#5921,.F.);
#5978=ORIENTED_EDGE('',*,*,#5977,.F.);
#5979=EDGE_LOOP('',(#5974,#5975,#5976,#5978));
#5980=FACE_OUTER_BOUND('',#5979,.F.);
#5982=CARTESIAN_POINT('',(-9.525E-1,1.651E-1,-8.3185E0));
#5983=DIRECTION('',(0.E0,1.E0,0.E0));
#5984=DIRECTION('',(0.E0,0.E0,1.E0));
#5985=AXIS2_PLACEMENT_3D('',#5982,#5983,#5984);
#5986=PLANE('',#5985);
#5987=ORIENTED_EDGE('',*,*,#5754,.T.);
#5988=ORIENTED_EDGE('',*,*,#5977,.T.);
#5989=ORIENTED_EDGE('',*,*,#5919,.F.);
#5991=ORIENTED_EDGE('',*,*,#5990,.F.);
#5992=EDGE_LOOP('',(#5987,#5988,#5989,#5991));
#5993=FACE_OUTER_BOUND('',#5992,.F.);
#5995=CARTESIAN_POINT('',(-9.525E-1,4.826E-1,-8.3185E0));
#5996=DIRECTION('',(0.E0,0.E0,1.E0));
#5997=DIRECTION('',(0.E0,-1.E0,0.E0));
#5998=AXIS2_PLACEMENT_3D('',#5995,#5996,#5997);
#5999=PLANE('',#5998);
#6000=ORIENTED_EDGE('',*,*,#5756,.T.);
#6001=ORIENTED_EDGE('',*,*,#5990,.T.);
#6002=ORIENTED_EDGE('',*,*,#5917,.F.);
#6004=ORIENTED_EDGE('',*,*,#6003,.F.);
#6005=EDGE_LOOP('',(#6000,#6001,#6002,#6004));
#6006=FACE_OUTER_BOUND('',#6005,.F.);
#6008=CARTESIAN_POINT('',(-9.525E-1,4.826E-1,-8.382E0));
#6009=DIRECTION('',(0.E0,1.E0,0.E0));
#6010=DIRECTION('',(0.E0,0.E0,1.E0));
#6011=AXIS2_PLACEMENT_3D('',#6008,#6009,#6010);
#6012=PLANE('',#6011);
#6013=ORIENTED_EDGE('',*,*,#5758,.T.);
#6014=ORIENTED_EDGE('',*,*,#6003,.T.);
#6015=ORIENTED_EDGE('',*,*,#5915,.F.);
#6016=ORIENTED_EDGE('',*,*,#4739,.T.);
#6017=EDGE_LOOP('',(#6013,#6014,#6015,#6016));
#6018=FACE_OUTER_BOUND('',#6017,.F.);
#6020=CARTESIAN_POINT('',(1.5875E0,-1.524E-1,0.E0));
#6021=DIRECTION('',(1.E0,0.E0,0.E0));
#6022=DIRECTION('',(0.E0,0.E0,-1.E0));
#6023=AXIS2_PLACEMENT_3D('',#6020,#6021,#6022);
#6024=PLANE('',#6023);
#6026=ORIENTED_EDGE('',*,*,#6025,.F.);
#6027=ORIENTED_EDGE('',*,*,#3490,.T.);
#6029=ORIENTED_EDGE('',*,*,#6028,.F.);
#6031=ORIENTED_EDGE('',*,*,#6030,.F.);
#6032=EDGE_LOOP('',(#6026,#6027,#6029,#6031));
#6033=FACE_OUTER_BOUND('',#6032,.F.);
#6035=CARTESIAN_POINT('',(1.5875E0,-1.524E-1,0.E0));
#6036=DIRECTION('',(1.E0,0.E0,0.E0));
#6037=DIRECTION('',(0.E0,0.E0,-1.E0));
#6038=AXIS2_PLACEMENT_3D('',#6035,#6036,#6037);
#6039=PLANE('',#6038);
#6041=ORIENTED_EDGE('',*,*,#6040,.F.);
#6043=ORIENTED_EDGE('',*,*,#6042,.F.);
#6045=ORIENTED_EDGE('',*,*,#6044,.F.);
#6047=ORIENTED_EDGE('',*,*,#6046,.F.);
#6049=ORIENTED_EDGE('',*,*,#6048,.F.);
#6051=ORIENTED_EDGE('',*,*,#6050,.F.);
#6053=ORIENTED_EDGE('',*,*,#6052,.F.);
#6054=ORIENTED_EDGE('',*,*,#4747,.F.);
#6055=EDGE_LOOP('',(#6041,#6043,#6045,#6047,#6049,#6051,#6053,#6054));
#6056=FACE_OUTER_BOUND('',#6055,.F.);
#6058=CARTESIAN_POINT('',(1.5875E0,1.651E-1,-1.18999E1));
#6059=DIRECTION('',(0.E0,0.E0,1.E0));
#6060=DIRECTION('',(0.E0,-1.E0,0.E0));
#6061=AXIS2_PLACEMENT_3D('',#6058,#6059,#6060);
#6062=PLANE('',#6061);
#6063=ORIENTED_EDGE('',*,*,#6025,.T.);
#6065=ORIENTED_EDGE('',*,*,#6064,.T.);
#6067=ORIENTED_EDGE('',*,*,#6066,.F.);
#6068=ORIENTED_EDGE('',*,*,#3492,.T.);
#6069=EDGE_LOOP('',(#6063,#6065,#6067,#6068));
#6070=FACE_OUTER_BOUND('',#6069,.F.);
#6072=CARTESIAN_POINT('',(1.5875E0,-5.8293E0,-1.18999E1));
#6073=DIRECTION('',(0.E0,-1.E0,0.E0));
#6074=DIRECTION('',(0.E0,0.E0,-1.E0));
#6075=AXIS2_PLACEMENT_3D('',#6072,#6073,#6074);
#6076=PLANE('',#6075);
#6077=ORIENTED_EDGE('',*,*,#6030,.T.);
#6079=ORIENTED_EDGE('',*,*,#6078,.T.);
#6081=ORIENTED_EDGE('',*,*,#6080,.F.);
#6082=ORIENTED_EDGE('',*,*,#6064,.F.);
#6083=EDGE_LOOP('',(#6077,#6079,#6081,#6082));
#6084=FACE_OUTER_BOUND('',#6083,.F.);
#6086=CARTESIAN_POINT('',(1.5875E0,-5.8293E0,-1.25349E1));
#6087=DIRECTION('',(0.E0,0.E0,-1.E0));
#6088=DIRECTION('',(0.E0,1.E0,0.E0));
#6089=AXIS2_PLACEMENT_3D('',#6086,#6087,#6088);
#6090=PLANE('',#6089);
#6091=ORIENTED_EDGE('',*,*,#6028,.T.);
#6092=ORIENTED_EDGE('',*,*,#3488,.F.);
#6094=ORIENTED_EDGE('',*,*,#6093,.T.);
#6096=ORIENTED_EDGE('',*,*,#6095,.T.);
#6098=ORIENTED_EDGE('',*,*,#6097,.F.);
#6099=ORIENTED_EDGE('',*,*,#3496,.F.);
#6101=ORIENTED_EDGE('',*,*,#6100,.F.);
#6102=ORIENTED_EDGE('',*,*,#6078,.F.);
#6103=EDGE_LOOP('',(#6091,#6092,#6094,#6096,#6098,#6099,#6101,#6102));
#6104=FACE_OUTER_BOUND('',#6103,.F.);
#6106=CARTESIAN_POINT('',(1.5748E0,2.7178E0,-1.19126E1));
#6107=DIRECTION('',(1.E0,0.E0,0.E0));
#6108=DIRECTION('',(0.E0,0.E0,-1.E0));
#6109=AXIS2_PLACEMENT_3D('',#6106,#6107,#6108);
#6110=PLANE('',#6109);
#6112=ORIENTED_EDGE('',*,*,#6111,.F.);
#6113=ORIENTED_EDGE('',*,*,#6093,.F.);
#6114=ORIENTED_EDGE('',*,*,#3486,.T.);
#6116=ORIENTED_EDGE('',*,*,#6115,.F.);
#6117=ORIENTED_EDGE('',*,*,#3851,.F.);
#6119=ORIENTED_EDGE('',*,*,#6118,.T.);
#6120=EDGE_LOOP('',(#6112,#6113,#6114,#6116,#6117,#6119));
#6121=FACE_OUTER_BOUND('',#6120,.F.);
#6123=CARTESIAN_POINT('',(1.5875E0,-4.699E-1,-1.18999E1));
#6124=DIRECTION('',(1.E0,0.E0,0.E0));
#6125=DIRECTION('',(0.E0,0.E0,-1.E0));
#6126=AXIS2_PLACEMENT_3D('',#6123,#6124,#6125);
#6127=CYLINDRICAL_SURFACE('',#6126,6.35E-1);
#6128=ORIENTED_EDGE('',*,*,#6095,.F.);
#6129=ORIENTED_EDGE('',*,*,#6111,.T.);
#6131=ORIENTED_EDGE('',*,*,#6130,.F.);
#6133=ORIENTED_EDGE('',*,*,#6132,.F.);
#6134=EDGE_LOOP('',(#6128,#6129,#6131,#6133));
#6135=FACE_OUTER_BOUND('',#6134,.F.);
#6137=CARTESIAN_POINT('',(9.652E-1,2.7178E0,-1.19126E1));
#6138=DIRECTION('',(0.E0,0.E0,1.E0));
#6139=DIRECTION('',(1.E0,0.E0,0.E0));
#6140=AXIS2_PLACEMENT_3D('',#6137,#6138,#6139);
#6141=PLANE('',#6140);
#6142=ORIENTED_EDGE('',*,*,#6130,.T.);
#6143=ORIENTED_EDGE('',*,*,#6118,.F.);
#6144=ORIENTED_EDGE('',*,*,#3849,.F.);
#6146=ORIENTED_EDGE('',*,*,#6145,.T.);
#6147=EDGE_LOOP('',(#6142,#6143,#6144,#6146));
#6148=FACE_OUTER_BOUND('',#6147,.F.);
#6150=CARTESIAN_POINT('',(9.652E-1,2.7178E0,-1.29286E1));
#6151=DIRECTION('',(-1.E0,0.E0,0.E0));
#6152=DIRECTION('',(0.E0,0.E0,1.E0));
#6153=AXIS2_PLACEMENT_3D('',#6150,#6151,#6152);
#6154=PLANE('',#6153);
#6155=ORIENTED_EDGE('',*,*,#6132,.T.);
#6156=ORIENTED_EDGE('',*,*,#6145,.F.);
#6157=ORIENTED_EDGE('',*,*,#3847,.F.);
#6159=ORIENTED_EDGE('',*,*,#6158,.T.);
#6160=ORIENTED_EDGE('',*,*,#3498,.T.);
#6161=ORIENTED_EDGE('',*,*,#6097,.T.);
#6162=EDGE_LOOP('',(#6155,#6156,#6157,#6159,#6160,#6161));
#6163=FACE_OUTER_BOUND('',#6162,.F.);
#6165=CARTESIAN_POINT('',(3.786121265033E-1,2.7178E0,-1.39446E1));
#6166=DIRECTION('',(-8.660254037844E-1,0.E0,5.E-1));
#6167=DIRECTION('',(5.E-1,0.E0,8.660254037844E-1));
#6168=AXIS2_PLACEMENT_3D('',#6165,#6166,#6167);
#6169=PLANE('',#6168);
#6170=ORIENTED_EDGE('',*,*,#6158,.F.);
#6171=ORIENTED_EDGE('',*,*,#3845,.F.);
#6172=ORIENTED_EDGE('',*,*,#4466,.F.);
#6173=ORIENTED_EDGE('',*,*,#3500,.T.);
#6174=EDGE_LOOP('',(#6170,#6171,#6172,#6173));
#6175=FACE_OUTER_BOUND('',#6174,.F.);
#6177=CARTESIAN_POINT('',(1.5748E0,2.7178E0,-1.29286E1));
#6178=DIRECTION('',(8.660254037844E-1,0.E0,5.E-1));
#6179=DIRECTION('',(5.E-1,0.E0,-8.660254037844E-1));
#6180=AXIS2_PLACEMENT_3D('',#6177,#6178,#6179);
#6181=PLANE('',#6180);
#6182=ORIENTED_EDGE('',*,*,#6115,.T.);
#6183=ORIENTED_EDGE('',*,*,#3484,.T.);
#6184=ORIENTED_EDGE('',*,*,#4483,.T.);
#6185=ORIENTED_EDGE('',*,*,#3853,.F.);
#6186=EDGE_LOOP('',(#6182,#6183,#6184,#6185));
#6187=FACE_OUTER_BOUND('',#6186,.F.);
#6189=CARTESIAN_POINT('',(9.525E-1,-1.524E-1,0.E0));
#6190=DIRECTION('',(1.E0,0.E0,0.E0));
#6191=DIRECTION('',(0.E0,0.E0,-1.E0));
#6192=AXIS2_PLACEMENT_3D('',#6189,#6190,#6191);
#6193=PLANE('',#6192);
#6194=ORIENTED_EDGE('',*,*,#6066,.T.);
#6195=ORIENTED_EDGE('',*,*,#6080,.T.);
#6196=ORIENTED_EDGE('',*,*,#6100,.T.);
#6197=ORIENTED_EDGE('',*,*,#3494,.F.);
#6198=EDGE_LOOP('',(#6194,#6195,#6196,#6197));
#6199=FACE_OUTER_BOUND('',#6198,.F.);
#6201=CARTESIAN_POINT('',(9.525E-1,-1.524E-1,0.E0));
#6202=DIRECTION('',(1.E0,0.E0,0.E0));
#6203=DIRECTION('',(0.E0,0.E0,-1.E0));
#6204=AXIS2_PLACEMENT_3D('',#6201,#6202,#6203);
#6205=PLANE('',#6204);
#6207=ORIENTED_EDGE('',*,*,#6206,.T.);
#6208=ORIENTED_EDGE('',*,*,#4751,.T.);
#6210=ORIENTED_EDGE('',*,*,#6209,.T.);
#6212=ORIENTED_EDGE('',*,*,#6211,.T.);
#6214=ORIENTED_EDGE('',*,*,#6213,.T.);
#6216=ORIENTED_EDGE('',*,*,#6215,.T.);
#6218=ORIENTED_EDGE('',*,*,#6217,.T.);
#6220=ORIENTED_EDGE('',*,*,#6219,.T.);
#6221=EDGE_LOOP('',(#6207,#6208,#6210,#6212,#6214,#6216,#6218,#6220));
#6222=FACE_OUTER_BOUND('',#6221,.F.);
#6224=CARTESIAN_POINT('',(1.5875E0,-7.874E-1,-8.3185E0));
#6225=DIRECTION('',(0.E0,-1.E0,0.E0));
#6226=DIRECTION('',(0.E0,0.E0,-1.E0));
#6227=AXIS2_PLACEMENT_3D('',#6224,#6225,#6226);
#6228=PLANE('',#6227);
#6229=ORIENTED_EDGE('',*,*,#6040,.T.);
#6230=ORIENTED_EDGE('',*,*,#4753,.F.);
#6231=ORIENTED_EDGE('',*,*,#6206,.F.);
#6233=ORIENTED_EDGE('',*,*,#6232,.F.);
#6234=EDGE_LOOP('',(#6229,#6230,#6231,#6233));
#6235=FACE_OUTER_BOUND('',#6234,.F.);
#6237=CARTESIAN_POINT('',(1.5875E0,-4.699E-1,-8.3185E0));
#6238=DIRECTION('',(0.E0,0.E0,1.E0));
#6239=DIRECTION('',(0.E0,-1.E0,0.E0));
#6240=AXIS2_PLACEMENT_3D('',#6237,#6238,#6239);
#6241=PLANE('',#6240);
#6242=ORIENTED_EDGE('',*,*,#6042,.T.);
#6243=ORIENTED_EDGE('',*,*,#6232,.T.);
#6244=ORIENTED_EDGE('',*,*,#6219,.F.);
#6246=ORIENTED_EDGE('',*,*,#6245,.F.);
#6247=EDGE_LOOP('',(#6242,#6243,#6244,#6246));
#6248=FACE_OUTER_BOUND('',#6247,.F.);
#6250=CARTESIAN_POINT('',(1.5875E0,-4.699E-1,-2.2225E0));
#6251=DIRECTION('',(0.E0,-1.E0,0.E0));
#6252=DIRECTION('',(0.E0,0.E0,-1.E0));
#6253=AXIS2_PLACEMENT_3D('',#6250,#6251,#6252);
#6254=PLANE('',#6253);
#6255=ORIENTED_EDGE('',*,*,#6044,.T.);
#6256=ORIENTED_EDGE('',*,*,#6245,.T.);
#6257=ORIENTED_EDGE('',*,*,#6217,.F.);
#6259=ORIENTED_EDGE('',*,*,#6258,.F.);
#6260=EDGE_LOOP('',(#6255,#6256,#6257,#6259));
#6261=FACE_OUTER_BOUND('',#6260,.F.);
#6263=CARTESIAN_POINT('',(1.5875E0,1.651E-1,-2.2225E0));
#6264=DIRECTION('',(0.E0,0.E0,1.E0));
#6265=DIRECTION('',(0.E0,-1.E0,0.E0));
#6266=AXIS2_PLACEMENT_3D('',#6263,#6264,#6265);
#6267=PLANE('',#6266);
#6268=ORIENTED_EDGE('',*,*,#6046,.T.);
#6269=ORIENTED_EDGE('',*,*,#6258,.T.);
#6270=ORIENTED_EDGE('',*,*,#6215,.F.);
#6272=ORIENTED_EDGE('',*,*,#6271,.F.);
#6273=EDGE_LOOP('',(#6268,#6269,#6270,#6272));
#6274=FACE_OUTER_BOUND('',#6273,.F.);
#6276=CARTESIAN_POINT('',(1.5875E0,1.651E-1,-8.3185E0));
#6277=DIRECTION('',(0.E0,1.E0,0.E0));
#6278=DIRECTION('',(0.E0,0.E0,1.E0));
#6279=AXIS2_PLACEMENT_3D('',#6276,#6277,#6278);
#6280=PLANE('',#6279);
#6281=ORIENTED_EDGE('',*,*,#6048,.T.);
#6282=ORIENTED_EDGE('',*,*,#6271,.T.);
#6283=ORIENTED_EDGE('',*,*,#6213,.F.);
#6285=ORIENTED_EDGE('',*,*,#6284,.F.);
#6286=EDGE_LOOP('',(#6281,#6282,#6283,#6285));
#6287=FACE_OUTER_BOUND('',#6286,.F.);
#6289=CARTESIAN_POINT('',(1.5875E0,4.826E-1,-8.3185E0));
#6290=DIRECTION('',(0.E0,0.E0,1.E0));
#6291=DIRECTION('',(0.E0,-1.E0,0.E0));
#6292=AXIS2_PLACEMENT_3D('',#6289,#6290,#6291);
#6293=PLANE('',#6292);
#6294=ORIENTED_EDGE('',*,*,#6050,.T.);
#6295=ORIENTED_EDGE('',*,*,#6284,.T.);
#6296=ORIENTED_EDGE('',*,*,#6211,.F.);
#6298=ORIENTED_EDGE('',*,*,#6297,.F.);
#6299=EDGE_LOOP('',(#6294,#6295,#6296,#6298));
#6300=FACE_OUTER_BOUND('',#6299,.F.);
#6302=CARTESIAN_POINT('',(1.5875E0,4.826E-1,-8.382E0));
#6303=DIRECTION('',(0.E0,1.E0,0.E0));
#6304=DIRECTION('',(0.E0,0.E0,1.E0));
#6305=AXIS2_PLACEMENT_3D('',#6302,#6303,#6304);
#6306=PLANE('',#6305);
#6307=ORIENTED_EDGE('',*,*,#6052,.T.);
#6308=ORIENTED_EDGE('',*,*,#6297,.T.);
#6309=ORIENTED_EDGE('',*,*,#6209,.F.);
#6310=ORIENTED_EDGE('',*,*,#4749,.T.);
#6311=EDGE_LOOP('',(#6307,#6308,#6309,#6310));
#6312=FACE_OUTER_BOUND('',#6311,.F.);
#6314=CARTESIAN_POINT('',(4.1275E0,-1.524E-1,0.E0));
#6315=DIRECTION('',(1.E0,0.E0,0.E0));
#6316=DIRECTION('',(0.E0,0.E0,-1.E0));
#6317=AXIS2_PLACEMENT_3D('',#6314,#6315,#6316);
#6318=PLANE('',#6317);
#6320=ORIENTED_EDGE('',*,*,#6319,.F.);
#6321=ORIENTED_EDGE('',*,*,#3470,.T.);
#6323=ORIENTED_EDGE('',*,*,#6322,.F.);
#6325=ORIENTED_EDGE('',*,*,#6324,.F.);
#6326=EDGE_LOOP('',(#6320,#6321,#6323,#6325));
#6327=FACE_OUTER_BOUND('',#6326,.F.);
#6329=CARTESIAN_POINT('',(4.1275E0,-1.524E-1,0.E0));
#6330=DIRECTION('',(1.E0,0.E0,0.E0));
#6331=DIRECTION('',(0.E0,0.E0,-1.E0));
#6332=AXIS2_PLACEMENT_3D('',#6329,#6330,#6331);
#6333=PLANE('',#6332);
#6335=ORIENTED_EDGE('',*,*,#6334,.F.);
#6337=ORIENTED_EDGE('',*,*,#6336,.F.);
#6339=ORIENTED_EDGE('',*,*,#6338,.F.);
#6341=ORIENTED_EDGE('',*,*,#6340,.F.);
#6343=ORIENTED_EDGE('',*,*,#6342,.F.);
#6345=ORIENTED_EDGE('',*,*,#6344,.F.);
#6347=ORIENTED_EDGE('',*,*,#6346,.F.);
#6348=ORIENTED_EDGE('',*,*,#4757,.F.);
#6349=EDGE_LOOP('',(#6335,#6337,#6339,#6341,#6343,#6345,#6347,#6348));
#6350=FACE_OUTER_BOUND('',#6349,.F.);
#6352=CARTESIAN_POINT('',(4.1275E0,1.651E-1,-1.18999E1));
#6353=DIRECTION('',(0.E0,0.E0,1.E0));
#6354=DIRECTION('',(0.E0,-1.E0,0.E0));
#6355=AXIS2_PLACEMENT_3D('',#6352,#6353,#6354);
#6356=PLANE('',#6355);
#6357=ORIENTED_EDGE('',*,*,#6319,.T.);
#6359=ORIENTED_EDGE('',*,*,#6358,.T.);
#6361=ORIENTED_EDGE('',*,*,#6360,.F.);
#6362=ORIENTED_EDGE('',*,*,#3472,.T.);
#6363=EDGE_LOOP('',(#6357,#6359,#6361,#6362));
#6364=FACE_OUTER_BOUND('',#6363,.F.);
#6366=CARTESIAN_POINT('',(4.1275E0,-5.8293E0,-1.18999E1));
#6367=DIRECTION('',(0.E0,-1.E0,0.E0));
#6368=DIRECTION('',(0.E0,0.E0,-1.E0));
#6369=AXIS2_PLACEMENT_3D('',#6366,#6367,#6368);
#6370=PLANE('',#6369);
#6371=ORIENTED_EDGE('',*,*,#6324,.T.);
#6373=ORIENTED_EDGE('',*,*,#6372,.T.);
#6375=ORIENTED_EDGE('',*,*,#6374,.F.);
#6376=ORIENTED_EDGE('',*,*,#6358,.F.);
#6377=EDGE_LOOP('',(#6371,#6373,#6375,#6376));
#6378=FACE_OUTER_BOUND('',#6377,.F.);
#6380=CARTESIAN_POINT('',(4.1275E0,-5.8293E0,-1.25349E1));
#6381=DIRECTION('',(0.E0,0.E0,-1.E0));
#6382=DIRECTION('',(0.E0,1.E0,0.E0));
#6383=AXIS2_PLACEMENT_3D('',#6380,#6381,#6382);
#6384=PLANE('',#6383);
#6385=ORIENTED_EDGE('',*,*,#6322,.T.);
#6386=ORIENTED_EDGE('',*,*,#3468,.F.);
#6388=ORIENTED_EDGE('',*,*,#6387,.T.);
#6390=ORIENTED_EDGE('',*,*,#6389,.T.);
#6392=ORIENTED_EDGE('',*,*,#6391,.F.);
#6393=ORIENTED_EDGE('',*,*,#3476,.F.);
#6395=ORIENTED_EDGE('',*,*,#6394,.F.);
#6396=ORIENTED_EDGE('',*,*,#6372,.F.);
#6397=EDGE_LOOP('',(#6385,#6386,#6388,#6390,#6392,#6393,#6395,#6396));
#6398=FACE_OUTER_BOUND('',#6397,.F.);
#6400=CARTESIAN_POINT('',(4.1148E0,2.7178E0,-1.19126E1));
#6401=DIRECTION('',(1.E0,0.E0,0.E0));
#6402=DIRECTION('',(0.E0,0.E0,-1.E0));
#6403=AXIS2_PLACEMENT_3D('',#6400,#6401,#6402);
#6404=PLANE('',#6403);
#6406=ORIENTED_EDGE('',*,*,#6405,.F.);
#6407=ORIENTED_EDGE('',*,*,#6387,.F.);
#6408=ORIENTED_EDGE('',*,*,#3466,.T.);
#6410=ORIENTED_EDGE('',*,*,#6409,.F.);
#6411=ORIENTED_EDGE('',*,*,#3863,.F.);
#6413=ORIENTED_EDGE('',*,*,#6412,.T.);
#6414=EDGE_LOOP('',(#6406,#6407,#6408,#6410,#6411,#6413));
#6415=FACE_OUTER_BOUND('',#6414,.F.);
#6417=CARTESIAN_POINT('',(4.1275E0,-4.699E-1,-1.18999E1));
#6418=DIRECTION('',(1.E0,0.E0,0.E0));
#6419=DIRECTION('',(0.E0,0.E0,-1.E0));
#6420=AXIS2_PLACEMENT_3D('',#6417,#6418,#6419);
#6421=CYLINDRICAL_SURFACE('',#6420,6.35E-1);
#6422=ORIENTED_EDGE('',*,*,#6389,.F.);
#6423=ORIENTED_EDGE('',*,*,#6405,.T.);
#6425=ORIENTED_EDGE('',*,*,#6424,.F.);
#6427=ORIENTED_EDGE('',*,*,#6426,.F.);
#6428=EDGE_LOOP('',(#6422,#6423,#6425,#6427));
#6429=FACE_OUTER_BOUND('',#6428,.F.);
#6431=CARTESIAN_POINT('',(3.5052E0,2.7178E0,-1.19126E1));
#6432=DIRECTION('',(0.E0,0.E0,1.E0));
#6433=DIRECTION('',(1.E0,0.E0,0.E0));
#6434=AXIS2_PLACEMENT_3D('',#6431,#6432,#6433);
#6435=PLANE('',#6434);
#6436=ORIENTED_EDGE('',*,*,#6424,.T.);
#6437=ORIENTED_EDGE('',*,*,#6412,.F.);
#6438=ORIENTED_EDGE('',*,*,#3861,.F.);
#6440=ORIENTED_EDGE('',*,*,#6439,.T.);
#6441=EDGE_LOOP('',(#6436,#6437,#6438,#6440));
#6442=FACE_OUTER_BOUND('',#6441,.F.);
#6444=CARTESIAN_POINT('',(3.5052E0,2.7178E0,-1.29286E1));
#6445=DIRECTION('',(-1.E0,0.E0,0.E0));
#6446=DIRECTION('',(0.E0,0.E0,1.E0));
#6447=AXIS2_PLACEMENT_3D('',#6444,#6445,#6446);
#6448=PLANE('',#6447);
#6449=ORIENTED_EDGE('',*,*,#6426,.T.);
#6450=ORIENTED_EDGE('',*,*,#6439,.F.);
#6451=ORIENTED_EDGE('',*,*,#3859,.F.);
#6453=ORIENTED_EDGE('',*,*,#6452,.T.);
#6454=ORIENTED_EDGE('',*,*,#3478,.T.);
#6455=ORIENTED_EDGE('',*,*,#6391,.T.);
#6456=EDGE_LOOP('',(#6449,#6450,#6451,#6453,#6454,#6455));
#6457=FACE_OUTER_BOUND('',#6456,.F.);
#6459=CARTESIAN_POINT('',(2.918612126503E0,2.7178E0,-1.39446E1));
#6460=DIRECTION('',(-8.660254037844E-1,0.E0,5.E-1));
#6461=DIRECTION('',(5.E-1,0.E0,8.660254037844E-1));
#6462=AXIS2_PLACEMENT_3D('',#6459,#6460,#6461);
#6463=PLANE('',#6462);
#6464=ORIENTED_EDGE('',*,*,#6452,.F.);
#6465=ORIENTED_EDGE('',*,*,#3857,.F.);
#6466=ORIENTED_EDGE('',*,*,#4480,.F.);
#6467=ORIENTED_EDGE('',*,*,#3480,.T.);
#6468=EDGE_LOOP('',(#6464,#6465,#6466,#6467));
#6469=FACE_OUTER_BOUND('',#6468,.F.);
#6471=CARTESIAN_POINT('',(4.1148E0,2.7178E0,-1.29286E1));
#6472=DIRECTION('',(8.660254037844E-1,0.E0,5.E-1));
#6473=DIRECTION('',(5.E-1,0.E0,-8.660254037844E-1));
#6474=AXIS2_PLACEMENT_3D('',#6471,#6472,#6473);
#6475=PLANE('',#6474);
#6476=ORIENTED_EDGE('',*,*,#6409,.T.);
#6477=ORIENTED_EDGE('',*,*,#3464,.T.);
#6478=ORIENTED_EDGE('',*,*,#4497,.T.);
#6479=ORIENTED_EDGE('',*,*,#3865,.F.);
#6480=EDGE_LOOP('',(#6476,#6477,#6478,#6479));
#6481=FACE_OUTER_BOUND('',#6480,.F.);
#6483=CARTESIAN_POINT('',(3.4925E0,-1.524E-1,0.E0));
#6484=DIRECTION('',(1.E0,0.E0,0.E0));
#6485=DIRECTION('',(0.E0,0.E0,-1.E0));
#6486=AXIS2_PLACEMENT_3D('',#6483,#6484,#6485);
#6487=PLANE('',#6486);
#6488=ORIENTED_EDGE('',*,*,#6360,.T.);
#6489=ORIENTED_EDGE('',*,*,#6374,.T.);
#6490=ORIENTED_EDGE('',*,*,#6394,.T.);
#6491=ORIENTED_EDGE('',*,*,#3474,.F.);
#6492=EDGE_LOOP('',(#6488,#6489,#6490,#6491));
#6493=FACE_OUTER_BOUND('',#6492,.F.);
#6495=CARTESIAN_POINT('',(3.4925E0,-1.524E-1,0.E0));
#6496=DIRECTION('',(1.E0,0.E0,0.E0));
#6497=DIRECTION('',(0.E0,0.E0,-1.E0));
#6498=AXIS2_PLACEMENT_3D('',#6495,#6496,#6497);
#6499=PLANE('',#6498);
#6501=ORIENTED_EDGE('',*,*,#6500,.T.);
#6502=ORIENTED_EDGE('',*,*,#4761,.T.);
#6504=ORIENTED_EDGE('',*,*,#6503,.T.);
#6506=ORIENTED_EDGE('',*,*,#6505,.T.);
#6508=ORIENTED_EDGE('',*,*,#6507,.T.);
#6510=ORIENTED_EDGE('',*,*,#6509,.T.);
#6512=ORIENTED_EDGE('',*,*,#6511,.T.);
#6514=ORIENTED_EDGE('',*,*,#6513,.T.);
#6515=EDGE_LOOP('',(#6501,#6502,#6504,#6506,#6508,#6510,#6512,#6514));
#6516=FACE_OUTER_BOUND('',#6515,.F.);
#6518=CARTESIAN_POINT('',(4.1275E0,-7.874E-1,-8.3185E0));
#6519=DIRECTION('',(0.E0,-1.E0,0.E0));
#6520=DIRECTION('',(0.E0,0.E0,-1.E0));
#6521=AXIS2_PLACEMENT_3D('',#6518,#6519,#6520);
#6522=PLANE('',#6521);
#6523=ORIENTED_EDGE('',*,*,#6334,.T.);
#6524=ORIENTED_EDGE('',*,*,#4763,.F.);
#6525=ORIENTED_EDGE('',*,*,#6500,.F.);
#6527=ORIENTED_EDGE('',*,*,#6526,.F.);
#6528=EDGE_LOOP('',(#6523,#6524,#6525,#6527));
#6529=FACE_OUTER_BOUND('',#6528,.F.);
#6531=CARTESIAN_POINT('',(4.1275E0,-4.699E-1,-8.3185E0));
#6532=DIRECTION('',(0.E0,0.E0,1.E0));
#6533=DIRECTION('',(0.E0,-1.E0,0.E0));
#6534=AXIS2_PLACEMENT_3D('',#6531,#6532,#6533);
#6535=PLANE('',#6534);
#6536=ORIENTED_EDGE('',*,*,#6336,.T.);
#6537=ORIENTED_EDGE('',*,*,#6526,.T.);
#6538=ORIENTED_EDGE('',*,*,#6513,.F.);
#6540=ORIENTED_EDGE('',*,*,#6539,.F.);
#6541=EDGE_LOOP('',(#6536,#6537,#6538,#6540));
#6542=FACE_OUTER_BOUND('',#6541,.F.);
#6544=CARTESIAN_POINT('',(4.1275E0,-4.699E-1,-2.2225E0));
#6545=DIRECTION('',(0.E0,-1.E0,0.E0));
#6546=DIRECTION('',(0.E0,0.E0,-1.E0));
#6547=AXIS2_PLACEMENT_3D('',#6544,#6545,#6546);
#6548=PLANE('',#6547);
#6549=ORIENTED_EDGE('',*,*,#6338,.T.);
#6550=ORIENTED_EDGE('',*,*,#6539,.T.);
#6551=ORIENTED_EDGE('',*,*,#6511,.F.);
#6553=ORIENTED_EDGE('',*,*,#6552,.F.);
#6554=EDGE_LOOP('',(#6549,#6550,#6551,#6553));
#6555=FACE_OUTER_BOUND('',#6554,.F.);
#6557=CARTESIAN_POINT('',(4.1275E0,1.651E-1,-2.2225E0));
#6558=DIRECTION('',(0.E0,0.E0,1.E0));
#6559=DIRECTION('',(0.E0,-1.E0,0.E0));
#6560=AXIS2_PLACEMENT_3D('',#6557,#6558,#6559);
#6561=PLANE('',#6560);
#6562=ORIENTED_EDGE('',*,*,#6340,.T.);
#6563=ORIENTED_EDGE('',*,*,#6552,.T.);
#6564=ORIENTED_EDGE('',*,*,#6509,.F.);
#6566=ORIENTED_EDGE('',*,*,#6565,.F.);
#6567=EDGE_LOOP('',(#6562,#6563,#6564,#6566));
#6568=FACE_OUTER_BOUND('',#6567,.F.);
#6570=CARTESIAN_POINT('',(4.1275E0,1.651E-1,-8.3185E0));
#6571=DIRECTION('',(0.E0,1.E0,0.E0));
#6572=DIRECTION('',(0.E0,0.E0,1.E0));
#6573=AXIS2_PLACEMENT_3D('',#6570,#6571,#6572);
#6574=PLANE('',#6573);
#6575=ORIENTED_EDGE('',*,*,#6342,.T.);
#6576=ORIENTED_EDGE('',*,*,#6565,.T.);
#6577=ORIENTED_EDGE('',*,*,#6507,.F.);
#6579=ORIENTED_EDGE('',*,*,#6578,.F.);
#6580=EDGE_LOOP('',(#6575,#6576,#6577,#6579));
#6581=FACE_OUTER_BOUND('',#6580,.F.);
#6583=CARTESIAN_POINT('',(4.1275E0,4.826E-1,-8.3185E0));
#6584=DIRECTION('',(0.E0,0.E0,1.E0));
#6585=DIRECTION('',(0.E0,-1.E0,0.E0));
#6586=AXIS2_PLACEMENT_3D('',#6583,#6584,#6585);
#6587=PLANE('',#6586);
#6588=ORIENTED_EDGE('',*,*,#6344,.T.);
#6589=ORIENTED_EDGE('',*,*,#6578,.T.);
#6590=ORIENTED_EDGE('',*,*,#6505,.F.);
#6592=ORIENTED_EDGE('',*,*,#6591,.F.);
#6593=EDGE_LOOP('',(#6588,#6589,#6590,#6592));
#6594=FACE_OUTER_BOUND('',#6593,.F.);
#6596=CARTESIAN_POINT('',(4.1275E0,4.826E-1,-8.382E0));
#6597=DIRECTION('',(0.E0,1.E0,0.E0));
#6598=DIRECTION('',(0.E0,0.E0,1.E0));
#6599=AXIS2_PLACEMENT_3D('',#6596,#6597,#6598);
#6600=PLANE('',#6599);
#6601=ORIENTED_EDGE('',*,*,#6346,.T.);
#6602=ORIENTED_EDGE('',*,*,#6591,.T.);
#6603=ORIENTED_EDGE('',*,*,#6503,.F.);
#6604=ORIENTED_EDGE('',*,*,#4759,.T.);
#6605=EDGE_LOOP('',(#6601,#6602,#6603,#6604));
#6606=FACE_OUTER_BOUND('',#6605,.F.);
#6608=CARTESIAN_POINT('',(6.6675E0,-1.524E-1,0.E0));
#6609=DIRECTION('',(1.E0,0.E0,0.E0));
#6610=DIRECTION('',(0.E0,0.E0,-1.E0));
#6611=AXIS2_PLACEMENT_3D('',#6608,#6609,#6610);
#6612=PLANE('',#6611);
#6614=ORIENTED_EDGE('',*,*,#6613,.F.);
#6615=ORIENTED_EDGE('',*,*,#3450,.T.);
#6617=ORIENTED_EDGE('',*,*,#6616,.F.);
#6619=ORIENTED_EDGE('',*,*,#6618,.F.);
#6620=EDGE_LOOP('',(#6614,#6615,#6617,#6619));
#6621=FACE_OUTER_BOUND('',#6620,.F.);
#6623=CARTESIAN_POINT('',(6.6675E0,-1.524E-1,0.E0));
#6624=DIRECTION('',(1.E0,0.E0,0.E0));
#6625=DIRECTION('',(0.E0,0.E0,-1.E0));
#6626=AXIS2_PLACEMENT_3D('',#6623,#6624,#6625);
#6627=PLANE('',#6626);
#6629=ORIENTED_EDGE('',*,*,#6628,.F.);
#6631=ORIENTED_EDGE('',*,*,#6630,.F.);
#6633=ORIENTED_EDGE('',*,*,#6632,.F.);
#6635=ORIENTED_EDGE('',*,*,#6634,.F.);
#6637=ORIENTED_EDGE('',*,*,#6636,.F.);
#6639=ORIENTED_EDGE('',*,*,#6638,.F.);
#6641=ORIENTED_EDGE('',*,*,#6640,.F.);
#6642=ORIENTED_EDGE('',*,*,#4767,.F.);
#6643=EDGE_LOOP('',(#6629,#6631,#6633,#6635,#6637,#6639,#6641,#6642));
#6644=FACE_OUTER_BOUND('',#6643,.F.);
#6646=CARTESIAN_POINT('',(6.6675E0,1.651E-1,-1.18999E1));
#6647=DIRECTION('',(0.E0,0.E0,1.E0));
#6648=DIRECTION('',(0.E0,-1.E0,0.E0));
#6649=AXIS2_PLACEMENT_3D('',#6646,#6647,#6648);
#6650=PLANE('',#6649);
#6651=ORIENTED_EDGE('',*,*,#6613,.T.);
#6653=ORIENTED_EDGE('',*,*,#6652,.T.);
#6655=ORIENTED_EDGE('',*,*,#6654,.F.);
#6656=ORIENTED_EDGE('',*,*,#3452,.T.);
#6657=EDGE_LOOP('',(#6651,#6653,#6655,#6656));
#6658=FACE_OUTER_BOUND('',#6657,.F.);
#6660=CARTESIAN_POINT('',(6.6675E0,-5.8293E0,-1.18999E1));
#6661=DIRECTION('',(0.E0,-1.E0,0.E0));
#6662=DIRECTION('',(0.E0,0.E0,-1.E0));
#6663=AXIS2_PLACEMENT_3D('',#6660,#6661,#6662);
#6664=PLANE('',#6663);
#6665=ORIENTED_EDGE('',*,*,#6618,.T.);
#6667=ORIENTED_EDGE('',*,*,#6666,.T.);
#6669=ORIENTED_EDGE('',*,*,#6668,.F.);
#6670=ORIENTED_EDGE('',*,*,#6652,.F.);
#6671=EDGE_LOOP('',(#6665,#6667,#6669,#6670));
#6672=FACE_OUTER_BOUND('',#6671,.F.);
#6674=CARTESIAN_POINT('',(6.6675E0,-5.8293E0,-1.25349E1));
#6675=DIRECTION('',(0.E0,0.E0,-1.E0));
#6676=DIRECTION('',(0.E0,1.E0,0.E0));
#6677=AXIS2_PLACEMENT_3D('',#6674,#6675,#6676);
#6678=PLANE('',#6677);
#6679=ORIENTED_EDGE('',*,*,#6616,.T.);
#6680=ORIENTED_EDGE('',*,*,#3448,.F.);
#6682=ORIENTED_EDGE('',*,*,#6681,.T.);
#6684=ORIENTED_EDGE('',*,*,#6683,.T.);
#6686=ORIENTED_EDGE('',*,*,#6685,.F.);
#6687=ORIENTED_EDGE('',*,*,#3456,.F.);
#6689=ORIENTED_EDGE('',*,*,#6688,.F.);
#6690=ORIENTED_EDGE('',*,*,#6666,.F.);
#6691=EDGE_LOOP('',(#6679,#6680,#6682,#6684,#6686,#6687,#6689,#6690));
#6692=FACE_OUTER_BOUND('',#6691,.F.);
#6694=CARTESIAN_POINT('',(6.6548E0,2.7178E0,-1.19126E1));
#6695=DIRECTION('',(1.E0,0.E0,0.E0));
#6696=DIRECTION('',(0.E0,0.E0,-1.E0));
#6697=AXIS2_PLACEMENT_3D('',#6694,#6695,#6696);
#6698=PLANE('',#6697);
#6700=ORIENTED_EDGE('',*,*,#6699,.F.);
#6701=ORIENTED_EDGE('',*,*,#6681,.F.);
#6702=ORIENTED_EDGE('',*,*,#3446,.T.);
#6704=ORIENTED_EDGE('',*,*,#6703,.F.);
#6705=ORIENTED_EDGE('',*,*,#3875,.F.);
#6707=ORIENTED_EDGE('',*,*,#6706,.T.);
#6708=EDGE_LOOP('',(#6700,#6701,#6702,#6704,#6705,#6707));
#6709=FACE_OUTER_BOUND('',#6708,.F.);
#6711=CARTESIAN_POINT('',(6.6675E0,-4.699E-1,-1.18999E1));
#6712=DIRECTION('',(1.E0,0.E0,0.E0));
#6713=DIRECTION('',(0.E0,0.E0,-1.E0));
#6714=AXIS2_PLACEMENT_3D('',#6711,#6712,#6713);
#6715=CYLINDRICAL_SURFACE('',#6714,6.35E-1);
#6716=ORIENTED_EDGE('',*,*,#6683,.F.);
#6717=ORIENTED_EDGE('',*,*,#6699,.T.);
#6719=ORIENTED_EDGE('',*,*,#6718,.F.);
#6721=ORIENTED_EDGE('',*,*,#6720,.F.);
#6722=EDGE_LOOP('',(#6716,#6717,#6719,#6721));
#6723=FACE_OUTER_BOUND('',#6722,.F.);
#6725=CARTESIAN_POINT('',(6.0452E0,2.7178E0,-1.19126E1));
#6726=DIRECTION('',(0.E0,0.E0,1.E0));
#6727=DIRECTION('',(1.E0,0.E0,0.E0));
#6728=AXIS2_PLACEMENT_3D('',#6725,#6726,#6727);
#6729=PLANE('',#6728);
#6730=ORIENTED_EDGE('',*,*,#6718,.T.);
#6731=ORIENTED_EDGE('',*,*,#6706,.F.);
#6732=ORIENTED_EDGE('',*,*,#3873,.F.);
#6734=ORIENTED_EDGE('',*,*,#6733,.T.);
#6735=EDGE_LOOP('',(#6730,#6731,#6732,#6734));
#6736=FACE_OUTER_BOUND('',#6735,.F.);
#6738=CARTESIAN_POINT('',(6.0452E0,2.7178E0,-1.29286E1));
#6739=DIRECTION('',(-1.E0,0.E0,0.E0));
#6740=DIRECTION('',(0.E0,0.E0,1.E0));
#6741=AXIS2_PLACEMENT_3D('',#6738,#6739,#6740);
#6742=PLANE('',#6741);
#6743=ORIENTED_EDGE('',*,*,#6720,.T.);
#6744=ORIENTED_EDGE('',*,*,#6733,.F.);
#6745=ORIENTED_EDGE('',*,*,#3871,.F.);
#6747=ORIENTED_EDGE('',*,*,#6746,.T.);
#6748=ORIENTED_EDGE('',*,*,#3458,.T.);
#6749=ORIENTED_EDGE('',*,*,#6685,.T.);
#6750=EDGE_LOOP('',(#6743,#6744,#6745,#6747,#6748,#6749));
#6751=FACE_OUTER_BOUND('',#6750,.F.);
#6753=CARTESIAN_POINT('',(5.458612126503E0,2.7178E0,-1.39446E1));
#6754=DIRECTION('',(-8.660254037844E-1,0.E0,5.E-1));
#6755=DIRECTION('',(5.E-1,0.E0,8.660254037844E-1));
#6756=AXIS2_PLACEMENT_3D('',#6753,#6754,#6755);
#6757=PLANE('',#6756);
#6758=ORIENTED_EDGE('',*,*,#6746,.F.);
#6759=ORIENTED_EDGE('',*,*,#3869,.F.);
#6760=ORIENTED_EDGE('',*,*,#4494,.F.);
#6761=ORIENTED_EDGE('',*,*,#3460,.T.);
#6762=EDGE_LOOP('',(#6758,#6759,#6760,#6761));
#6763=FACE_OUTER_BOUND('',#6762,.F.);
#6765=CARTESIAN_POINT('',(6.6548E0,2.7178E0,-1.29286E1));
#6766=DIRECTION('',(8.660254037844E-1,0.E0,5.E-1));
#6767=DIRECTION('',(5.E-1,0.E0,-8.660254037844E-1));
#6768=AXIS2_PLACEMENT_3D('',#6765,#6766,#6767);
#6769=PLANE('',#6768);
#6770=ORIENTED_EDGE('',*,*,#6703,.T.);
#6771=ORIENTED_EDGE('',*,*,#3444,.T.);
#6772=ORIENTED_EDGE('',*,*,#4511,.T.);
#6773=ORIENTED_EDGE('',*,*,#3877,.F.);
#6774=EDGE_LOOP('',(#6770,#6771,#6772,#6773));
#6775=FACE_OUTER_BOUND('',#6774,.F.);
#6777=CARTESIAN_POINT('',(6.0325E0,-1.524E-1,0.E0));
#6778=DIRECTION('',(1.E0,0.E0,0.E0));
#6779=DIRECTION('',(0.E0,0.E0,-1.E0));
#6780=AXIS2_PLACEMENT_3D('',#6777,#6778,#6779);
#6781=PLANE('',#6780);
#6782=ORIENTED_EDGE('',*,*,#6654,.T.);
#6783=ORIENTED_EDGE('',*,*,#6668,.T.);
#6784=ORIENTED_EDGE('',*,*,#6688,.T.);
#6785=ORIENTED_EDGE('',*,*,#3454,.F.);
#6786=EDGE_LOOP('',(#6782,#6783,#6784,#6785));
#6787=FACE_OUTER_BOUND('',#6786,.F.);
#6789=CARTESIAN_POINT('',(6.0325E0,-1.524E-1,0.E0));
#6790=DIRECTION('',(1.E0,0.E0,0.E0));
#6791=DIRECTION('',(0.E0,0.E0,-1.E0));
#6792=AXIS2_PLACEMENT_3D('',#6789,#6790,#6791);
#6793=PLANE('',#6792);
#6795=ORIENTED_EDGE('',*,*,#6794,.T.);
#6796=ORIENTED_EDGE('',*,*,#4771,.T.);
#6798=ORIENTED_EDGE('',*,*,#6797,.T.);
#6800=ORIENTED_EDGE('',*,*,#6799,.T.);
#6802=ORIENTED_EDGE('',*,*,#6801,.T.);
#6804=ORIENTED_EDGE('',*,*,#6803,.T.);
#6806=ORIENTED_EDGE('',*,*,#6805,.T.);
#6808=ORIENTED_EDGE('',*,*,#6807,.T.);
#6809=EDGE_LOOP('',(#6795,#6796,#6798,#6800,#6802,#6804,#6806,#6808));
#6810=FACE_OUTER_BOUND('',#6809,.F.);
#6812=CARTESIAN_POINT('',(6.6675E0,-7.874E-1,-8.3185E0));
#6813=DIRECTION('',(0.E0,-1.E0,0.E0));
#6814=DIRECTION('',(0.E0,0.E0,-1.E0));
#6815=AXIS2_PLACEMENT_3D('',#6812,#6813,#6814);
#6816=PLANE('',#6815);
#6817=ORIENTED_EDGE('',*,*,#6628,.T.);
#6818=ORIENTED_EDGE('',*,*,#4773,.F.);
#6819=ORIENTED_EDGE('',*,*,#6794,.F.);
#6821=ORIENTED_EDGE('',*,*,#6820,.F.);
#6822=EDGE_LOOP('',(#6817,#6818,#6819,#6821));
#6823=FACE_OUTER_BOUND('',#6822,.F.);
#6825=CARTESIAN_POINT('',(6.6675E0,-4.699E-1,-8.3185E0));
#6826=DIRECTION('',(0.E0,0.E0,1.E0));
#6827=DIRECTION('',(0.E0,-1.E0,0.E0));
#6828=AXIS2_PLACEMENT_3D('',#6825,#6826,#6827);
#6829=PLANE('',#6828);
#6830=ORIENTED_EDGE('',*,*,#6630,.T.);
#6831=ORIENTED_EDGE('',*,*,#6820,.T.);
#6832=ORIENTED_EDGE('',*,*,#6807,.F.);
#6834=ORIENTED_EDGE('',*,*,#6833,.F.);
#6835=EDGE_LOOP('',(#6830,#6831,#6832,#6834));
#6836=FACE_OUTER_BOUND('',#6835,.F.);
#6838=CARTESIAN_POINT('',(6.6675E0,-4.699E-1,-2.2225E0));
#6839=DIRECTION('',(0.E0,-1.E0,0.E0));
#6840=DIRECTION('',(0.E0,0.E0,-1.E0));
#6841=AXIS2_PLACEMENT_3D('',#6838,#6839,#6840);
#6842=PLANE('',#6841);
#6843=ORIENTED_EDGE('',*,*,#6632,.T.);
#6844=ORIENTED_EDGE('',*,*,#6833,.T.);
#6845=ORIENTED_EDGE('',*,*,#6805,.F.);
#6847=ORIENTED_EDGE('',*,*,#6846,.F.);
#6848=EDGE_LOOP('',(#6843,#6844,#6845,#6847));
#6849=FACE_OUTER_BOUND('',#6848,.F.);
#6851=CARTESIAN_POINT('',(6.6675E0,1.651E-1,-2.2225E0));
#6852=DIRECTION('',(0.E0,0.E0,1.E0));
#6853=DIRECTION('',(0.E0,-1.E0,0.E0));
#6854=AXIS2_PLACEMENT_3D('',#6851,#6852,#6853);
#6855=PLANE('',#6854);
#6856=ORIENTED_EDGE('',*,*,#6634,.T.);
#6857=ORIENTED_EDGE('',*,*,#6846,.T.);
#6858=ORIENTED_EDGE('',*,*,#6803,.F.);
#6860=ORIENTED_EDGE('',*,*,#6859,.F.);
#6861=EDGE_LOOP('',(#6856,#6857,#6858,#6860));
#6862=FACE_OUTER_BOUND('',#6861,.F.);
#6864=CARTESIAN_POINT('',(6.6675E0,1.651E-1,-8.3185E0));
#6865=DIRECTION('',(0.E0,1.E0,0.E0));
#6866=DIRECTION('',(0.E0,0.E0,1.E0));
#6867=AXIS2_PLACEMENT_3D('',#6864,#6865,#6866);
#6868=PLANE('',#6867);
#6869=ORIENTED_EDGE('',*,*,#6636,.T.);
#6870=ORIENTED_EDGE('',*,*,#6859,.T.);
#6871=ORIENTED_EDGE('',*,*,#6801,.F.);
#6873=ORIENTED_EDGE('',*,*,#6872,.F.);
#6874=EDGE_LOOP('',(#6869,#6870,#6871,#6873));
#6875=FACE_OUTER_BOUND('',#6874,.F.);
#6877=CARTESIAN_POINT('',(6.6675E0,4.826E-1,-8.3185E0));
#6878=DIRECTION('',(0.E0,0.E0,1.E0));
#6879=DIRECTION('',(0.E0,-1.E0,0.E0));
#6880=AXIS2_PLACEMENT_3D('',#6877,#6878,#6879);
#6881=PLANE('',#6880);
#6882=ORIENTED_EDGE('',*,*,#6638,.T.);
#6883=ORIENTED_EDGE('',*,*,#6872,.T.);
#6884=ORIENTED_EDGE('',*,*,#6799,.F.);
#6886=ORIENTED_EDGE('',*,*,#6885,.F.);
#6887=EDGE_LOOP('',(#6882,#6883,#6884,#6886));
#6888=FACE_OUTER_BOUND('',#6887,.F.);
#6890=CARTESIAN_POINT('',(6.6675E0,4.826E-1,-8.382E0));
#6891=DIRECTION('',(0.E0,1.E0,0.E0));
#6892=DIRECTION('',(0.E0,0.E0,1.E0));
#6893=AXIS2_PLACEMENT_3D('',#6890,#6891,#6892);
#6894=PLANE('',#6893);
#6895=ORIENTED_EDGE('',*,*,#6640,.T.);
#6896=ORIENTED_EDGE('',*,*,#6885,.T.);
#6897=ORIENTED_EDGE('',*,*,#6797,.F.);
#6898=ORIENTED_EDGE('',*,*,#4769,.T.);
#6899=EDGE_LOOP('',(#6895,#6896,#6897,#6898));
#6900=FACE_OUTER_BOUND('',#6899,.F.);
#6902=CARTESIAN_POINT('',(9.2075E0,4.826E-1,-8.382E0));
#6903=DIRECTION('',(0.E0,1.E0,0.E0));
#6904=DIRECTION('',(0.E0,0.E0,1.E0));
#6905=AXIS2_PLACEMENT_3D('',#6902,#6903,#6904);
#6906=PLANE('',#6905);
#6907=ORIENTED_EDGE('',*,*,#3665,.T.);
#6909=ORIENTED_EDGE('',*,*,#6908,.T.);
#6911=ORIENTED_EDGE('',*,*,#6910,.F.);
#6912=ORIENTED_EDGE('',*,*,#4778,.T.);
#6913=EDGE_LOOP('',(#6907,#6909,#6911,#6912));
#6914=FACE_OUTER_BOUND('',#6913,.F.);
#6916=CARTESIAN_POINT('',(9.2075E0,4.826E-1,-8.3185E0));
#6917=DIRECTION('',(0.E0,0.E0,1.E0));
#6918=DIRECTION('',(0.E0,-1.E0,0.E0));
#6919=AXIS2_PLACEMENT_3D('',#6916,#6917,#6918);
#6920=PLANE('',#6919);
#6921=ORIENTED_EDGE('',*,*,#3663,.T.);
#6923=ORIENTED_EDGE('',*,*,#6922,.T.);
#6925=ORIENTED_EDGE('',*,*,#6924,.F.);
#6926=ORIENTED_EDGE('',*,*,#6908,.F.);
#6927=EDGE_LOOP('',(#6921,#6923,#6925,#6926));
#6928=FACE_OUTER_BOUND('',#6927,.F.);
#6930=CARTESIAN_POINT('',(9.2075E0,1.651E-1,-8.3185E0));
#6931=DIRECTION('',(0.E0,1.E0,0.E0));
#6932=DIRECTION('',(0.E0,0.E0,1.E0));
#6933=AXIS2_PLACEMENT_3D('',#6930,#6931,#6932);
#6934=PLANE('',#6933);
#6935=ORIENTED_EDGE('',*,*,#3661,.T.);
#6937=ORIENTED_EDGE('',*,*,#6936,.T.);
#6939=ORIENTED_EDGE('',*,*,#6938,.F.);
#6940=ORIENTED_EDGE('',*,*,#6922,.F.);
#6941=EDGE_LOOP('',(#6935,#6937,#6939,#6940));
#6942=FACE_OUTER_BOUND('',#6941,.F.);
#6944=CARTESIAN_POINT('',(9.2075E0,1.651E-1,-2.2225E0));
#6945=DIRECTION('',(0.E0,0.E0,1.E0));
#6946=DIRECTION('',(0.E0,-1.E0,0.E0));
#6947=AXIS2_PLACEMENT_3D('',#6944,#6945,#6946);
#6948=PLANE('',#6947);
#6949=ORIENTED_EDGE('',*,*,#3659,.T.);
#6951=ORIENTED_EDGE('',*,*,#6950,.T.);
#6953=ORIENTED_EDGE('',*,*,#6952,.F.);
#6954=ORIENTED_EDGE('',*,*,#6936,.F.);
#6955=EDGE_LOOP('',(#6949,#6951,#6953,#6954));
#6956=FACE_OUTER_BOUND('',#6955,.F.);
#6958=CARTESIAN_POINT('',(9.2075E0,-4.699E-1,-2.2225E0));
#6959=DIRECTION('',(0.E0,-1.E0,0.E0));
#6960=DIRECTION('',(0.E0,0.E0,-1.E0));
#6961=AXIS2_PLACEMENT_3D('',#6958,#6959,#6960);
#6962=PLANE('',#6961);
#6963=ORIENTED_EDGE('',*,*,#3657,.T.);
#6965=ORIENTED_EDGE('',*,*,#6964,.T.);
#6967=ORIENTED_EDGE('',*,*,#6966,.F.);
#6968=ORIENTED_EDGE('',*,*,#6950,.F.);
#6969=EDGE_LOOP('',(#6963,#6965,#6967,#6968));
#6970=FACE_OUTER_BOUND('',#6969,.F.);
#6972=CARTESIAN_POINT('',(9.2075E0,-4.699E-1,-8.3185E0));
#6973=DIRECTION('',(0.E0,0.E0,1.E0));
#6974=DIRECTION('',(0.E0,-1.E0,0.E0));
#6975=AXIS2_PLACEMENT_3D('',#6972,#6973,#6974);
#6976=PLANE('',#6975);
#6977=ORIENTED_EDGE('',*,*,#3655,.T.);
#6979=ORIENTED_EDGE('',*,*,#6978,.T.);
#6981=ORIENTED_EDGE('',*,*,#6980,.F.);
#6982=ORIENTED_EDGE('',*,*,#6964,.F.);
#6983=EDGE_LOOP('',(#6977,#6979,#6981,#6982));
#6984=FACE_OUTER_BOUND('',#6983,.F.);
#6986=CARTESIAN_POINT('',(9.2075E0,-7.874E-1,-8.3185E0));
#6987=DIRECTION('',(0.E0,-1.E0,0.E0));
#6988=DIRECTION('',(0.E0,0.E0,-1.E0));
#6989=AXIS2_PLACEMENT_3D('',#6986,#6987,#6988);
#6990=PLANE('',#6989);
#6991=ORIENTED_EDGE('',*,*,#3653,.T.);
#6992=ORIENTED_EDGE('',*,*,#4782,.F.);
#6994=ORIENTED_EDGE('',*,*,#6993,.F.);
#6995=ORIENTED_EDGE('',*,*,#6978,.F.);
#6996=EDGE_LOOP('',(#6991,#6992,#6994,#6995));
#6997=FACE_OUTER_BOUND('',#6996,.F.);
#6999=CARTESIAN_POINT('',(8.5725E0,-1.524E-1,0.E0));
#7000=DIRECTION('',(1.E0,0.E0,0.E0));
#7001=DIRECTION('',(0.E0,0.E0,-1.E0));
#7002=AXIS2_PLACEMENT_3D('',#6999,#7000,#7001);
#7003=PLANE('',#7002);
#7004=ORIENTED_EDGE('',*,*,#3680,.T.);
#7005=ORIENTED_EDGE('',*,*,#3694,.T.);
#7006=ORIENTED_EDGE('',*,*,#3714,.T.);
#7007=ORIENTED_EDGE('',*,*,#3434,.F.);
#7008=EDGE_LOOP('',(#7004,#7005,#7006,#7007));
#7009=FACE_OUTER_BOUND('',#7008,.F.);
#7011=CARTESIAN_POINT('',(8.5725E0,-1.524E-1,0.E0));
#7012=DIRECTION('',(1.E0,0.E0,0.E0));
#7013=DIRECTION('',(0.E0,0.E0,-1.E0));
#7014=AXIS2_PLACEMENT_3D('',#7011,#7012,#7013);
#7015=PLANE('',#7014);
#7016=ORIENTED_EDGE('',*,*,#6993,.T.);
#7017=ORIENTED_EDGE('',*,*,#4780,.T.);
#7018=ORIENTED_EDGE('',*,*,#6910,.T.);
#7019=ORIENTED_EDGE('',*,*,#6924,.T.);
#7020=ORIENTED_EDGE('',*,*,#6938,.T.);
#7021=ORIENTED_EDGE('',*,*,#6952,.T.);
#7022=ORIENTED_EDGE('',*,*,#6966,.T.);
#7023=ORIENTED_EDGE('',*,*,#6980,.T.);
#7024=EDGE_LOOP('',(#7016,#7017,#7018,#7019,#7020,#7021,#7022,#7023));
#7025=FACE_OUTER_BOUND('',#7024,.F.);
#7027=CARTESIAN_POINT('',(-8.5852E0,2.7178E0,-1.19126E1));
#7028=DIRECTION('',(1.E0,0.E0,0.E0));
#7029=DIRECTION('',(0.E0,0.E0,-1.E0));
#7030=AXIS2_PLACEMENT_3D('',#7027,#7028,#7029);
#7031=PLANE('',#7030);
#7032=ORIENTED_EDGE('',*,*,#3566,.T.);
#7034=ORIENTED_EDGE('',*,*,#7033,.F.);
#7035=ORIENTED_EDGE('',*,*,#3803,.F.);
#7037=ORIENTED_EDGE('',*,*,#7036,.T.);
#7039=ORIENTED_EDGE('',*,*,#7038,.F.);
#7040=ORIENTED_EDGE('',*,*,#4573,.F.);
#7041=EDGE_LOOP('',(#7032,#7034,#7035,#7037,#7039,#7040));
#7042=FACE_OUTER_BOUND('',#7041,.F.);
#7044=CARTESIAN_POINT('',(-8.5852E0,2.7178E0,-1.29286E1));
#7045=DIRECTION('',(8.660254037844E-1,0.E0,5.E-1));
#7046=DIRECTION('',(5.E-1,0.E0,-8.660254037844E-1));
#7047=AXIS2_PLACEMENT_3D('',#7044,#7045,#7046);
#7048=PLANE('',#7047);
#7049=ORIENTED_EDGE('',*,*,#3564,.T.);
#7050=ORIENTED_EDGE('',*,*,#4427,.T.);
#7051=ORIENTED_EDGE('',*,*,#3805,.F.);
#7052=ORIENTED_EDGE('',*,*,#7033,.T.);
#7053=EDGE_LOOP('',(#7049,#7050,#7051,#7052));
#7054=FACE_OUTER_BOUND('',#7053,.F.);
#7056=CARTESIAN_POINT('',(-9.1948E0,2.7178E0,-1.19126E1));
#7057=DIRECTION('',(0.E0,0.E0,1.E0));
#7058=DIRECTION('',(1.E0,0.E0,0.E0));
#7059=AXIS2_PLACEMENT_3D('',#7056,#7057,#7058);
#7060=PLANE('',#7059);
#7061=ORIENTED_EDGE('',*,*,#4553,.T.);
#7063=ORIENTED_EDGE('',*,*,#7062,.T.);
#7064=ORIENTED_EDGE('',*,*,#7036,.F.);
#7065=ORIENTED_EDGE('',*,*,#3801,.F.);
#7066=EDGE_LOOP('',(#7061,#7063,#7064,#7065));
#7067=FACE_OUTER_BOUND('',#7066,.F.);
#7069=CARTESIAN_POINT('',(-8.5725E0,-4.699E-1,-1.18999E1));
#7070=DIRECTION('',(1.E0,0.E0,0.E0));
#7071=DIRECTION('',(0.E0,0.E0,-1.E0));
#7072=AXIS2_PLACEMENT_3D('',#7069,#7070,#7071);
#7073=CYLINDRICAL_SURFACE('',#7072,6.35E-1);
#7074=ORIENTED_EDGE('',*,*,#4551,.F.);
#7075=ORIENTED_EDGE('',*,*,#4575,.F.);
#7076=ORIENTED_EDGE('',*,*,#7038,.T.);
#7077=ORIENTED_EDGE('',*,*,#7062,.F.);
#7078=EDGE_LOOP('',(#7074,#7075,#7076,#7077));
#7079=FACE_OUTER_BOUND('',#7078,.F.);
#7081=CARTESIAN_POINT('',(-1.10744E1,-2.7178E0,-1.39446E1));
#7082=DIRECTION('',(-1.E0,0.E0,0.E0));
#7083=DIRECTION('',(0.E0,0.E0,1.E0));
#7084=AXIS2_PLACEMENT_3D('',#7081,#7082,#7083);
#7085=PLANE('',#7084);
#7086=ORIENTED_EDGE('',*,*,#3584,.F.);
#7087=ORIENTED_EDGE('',*,*,#4413,.T.);
#7088=ORIENTED_EDGE('',*,*,#3793,.T.);
#7090=ORIENTED_EDGE('',*,*,#7089,.F.);
#7091=EDGE_LOOP('',(#7086,#7087,#7088,#7090));
#7092=FACE_OUTER_BOUND('',#7091,.F.);
#7094=CARTESIAN_POINT('',(-1.10744E1,-2.7178E0,-1.19126E1));
#7095=DIRECTION('',(0.E0,0.E0,-1.E0));
#7096=DIRECTION('',(-1.E0,0.E0,0.E0));
#7097=AXIS2_PLACEMENT_3D('',#7094,#7095,#7096);
#7098=PLANE('',#7097);
#7099=ORIENTED_EDGE('',*,*,#3586,.F.);
#7100=ORIENTED_EDGE('',*,*,#7089,.T.);
#7101=ORIENTED_EDGE('',*,*,#3791,.T.);
#7102=ORIENTED_EDGE('',*,*,#4130,.F.);
#7103=EDGE_LOOP('',(#7099,#7100,#7101,#7102));
#7104=FACE_OUTER_BOUND('',#7103,.F.);
#7106=CARTESIAN_POINT('',(7.998612126503E0,2.7178E0,-1.39446E1));
#7107=DIRECTION('',(-8.660254037844E-1,0.E0,5.E-1));
#7108=DIRECTION('',(5.E-1,0.E0,8.660254037844E-1));
#7109=AXIS2_PLACEMENT_3D('',#7106,#7107,#7108);
#7110=PLANE('',#7109);
#7112=ORIENTED_EDGE('',*,*,#7111,.F.);
#7113=ORIENTED_EDGE('',*,*,#3771,.F.);
#7114=ORIENTED_EDGE('',*,*,#4508,.F.);
#7115=ORIENTED_EDGE('',*,*,#3440,.T.);
#7116=EDGE_LOOP('',(#7112,#7113,#7114,#7115));
#7117=FACE_OUTER_BOUND('',#7116,.F.);
#7119=CARTESIAN_POINT('',(8.5852E0,2.7178E0,-1.29286E1));
#7120=DIRECTION('',(-1.E0,0.E0,0.E0));
#7121=DIRECTION('',(0.E0,0.E0,1.E0));
#7122=AXIS2_PLACEMENT_3D('',#7119,#7120,#7121);
#7123=PLANE('',#7122);
#7124=ORIENTED_EDGE('',*,*,#3747,.T.);
#7125=ORIENTED_EDGE('',*,*,#3761,.F.);
#7126=ORIENTED_EDGE('',*,*,#3773,.F.);
#7127=ORIENTED_EDGE('',*,*,#7111,.T.);
#7128=ORIENTED_EDGE('',*,*,#3438,.T.);
#7129=ORIENTED_EDGE('',*,*,#3711,.T.);
#7130=EDGE_LOOP('',(#7124,#7125,#7126,#7127,#7128,#7129));
#7131=FACE_OUTER_BOUND('',#7130,.F.);
#7133=CARTESIAN_POINT('',(9.1948E0,2.7178E0,-1.29286E1));
#7134=DIRECTION('',(8.660254037844E-1,0.E0,5.E-1));
#7135=DIRECTION('',(5.E-1,0.E0,-8.660254037844E-1));
#7136=AXIS2_PLACEMENT_3D('',#7133,#7134,#7135);
#7137=PLANE('',#7136);
#7138=ORIENTED_EDGE('',*,*,#3729,.T.);
#7139=ORIENTED_EDGE('',*,*,#3624,.T.);
#7140=ORIENTED_EDGE('',*,*,#4522,.T.);
#7141=ORIENTED_EDGE('',*,*,#3777,.F.);
#7142=EDGE_LOOP('',(#7138,#7139,#7140,#7141));
#7143=FACE_OUTER_BOUND('',#7142,.F.);
#7145=CLOSED_SHELL('',(#3632,#3647,#3671,#3685,#3699,#3719,#3737,#3751,#3765,
#3901,#3916,#3930,#3944,#3958,#3972,#3986,#4000,#4013,#4039,#4054,#4070,#4085,
#4102,#4120,#4145,#4165,#4185,#4200,#4222,#4237,#4254,#4277,#4290,#4305,#4318,
#4333,#4345,#4359,#4378,#4391,#4404,#4418,#4432,#4446,#4460,#4474,#4488,#4502,
#4516,#4529,#4542,#4559,#4580,#4594,#4618,#4632,#4645,#4669,#4681,#4786,#4800,
#4815,#4830,#4845,#4857,#4871,#4885,#4898,#4911,#4925,#4940,#4953,#4966,#4977,
#4990,#5003,#5016,#5029,#5047,#5060,#5073,#5086,#5099,#5112,#5125,#5137,#5152,
#5175,#5196,#5210,#5233,#5246,#5258,#5271,#5284,#5297,#5310,#5323,#5336,#5348,
#5365,#5377,#5391,#5407,#5419,#5431,#5446,#5469,#5490,#5504,#5527,#5540,#5552,
#5565,#5578,#5591,#5604,#5617,#5630,#5642,#5659,#5671,#5685,#5701,#5713,#5725,
#5740,#5763,#5777,#5791,#5811,#5828,#5842,#5855,#5870,#5882,#5894,#5906,#5929,
#5942,#5955,#5968,#5981,#5994,#6007,#6019,#6034,#6057,#6071,#6085,#6105,#6122,
#6136,#6149,#6164,#6176,#6188,#6200,#6223,#6236,#6249,#6262,#6275,#6288,#6301,
#6313,#6328,#6351,#6365,#6379,#6399,#6416,#6430,#6443,#6458,#6470,#6482,#6494,
#6517,#6530,#6543,#6556,#6569,#6582,#6595,#6607,#6622,#6645,#6659,#6673,#6693,
#6710,#6724,#6737,#6752,#6764,#6776,#6788,#6811,#6824,#6837,#6850,#6863,#6876,
#6889,#6901,#6915,#6929,#6943,#6957,#6971,#6985,#6998,#7010,#7026,#7043,#7055,
#7068,#7080,#7093,#7105,#7118,#7132,#7144));
#7146=MANIFOLD_SOLID_BREP('',#7145);
#7147=(LENGTH_UNIT()NAMED_UNIT(*)SI_UNIT(.MILLI.,.METRE.));
#7148=DIMENSIONAL_EXPONENTS(0.E0,0.E0,0.E0,0.E0,0.E0,0.E0,0.E0);
#7149=(NAMED_UNIT(*)PLANE_ANGLE_UNIT()SI_UNIT($,.RADIAN.));
#7150=PLANE_ANGLE_MEASURE_WITH_UNIT(PLANE_ANGLE_MEASURE(1.745329251994E-2),
#7149);
#7151=(CONVERSION_BASED_UNIT('DEGREE',#7150)NAMED_UNIT(#7148)PLANE_ANGLE_UNIT(
));
#7152=(NAMED_UNIT(*)SI_UNIT($,.STERADIAN.)SOLID_ANGLE_UNIT());
#7153=UNCERTAINTY_MEASURE_WITH_UNIT(LENGTH_MEASURE(2.852197621861E-3),#7147,
'distance_accuracy_value',
'Maximum model space distance between geometric entities at asserted connectivities');
#7156=APPLICATION_CONTEXT('automotive_design');
#7157=APPLICATION_PROTOCOL_DEFINITION('international standard',
'automotive_design',2001,#7156);
#7158=PRODUCT_DEFINITION_CONTEXT('part definition',#7156,'design');
#7159=PRODUCT_CONTEXT('',#7156,'mechanical');
#7160=PRODUCT('C-5-103361-6','C-5-103361-6','NOT SPECIFIED',(#7159));
#7161=PRODUCT_DEFINITION_FORMATION('1','LAST_VERSION',#7160);
#7168=(LENGTH_UNIT()NAMED_UNIT(*)SI_UNIT(.MILLI.,.METRE.));
#7169=DERIVED_UNIT_ELEMENT(#7168,2.E0);
#7170=DERIVED_UNIT((#7169));
#7171=MEASURE_REPRESENTATION_ITEM('surface area measure',AREA_MEASURE(
1.704473783581E3),#7170);
#7175=(LENGTH_UNIT()NAMED_UNIT(*)SI_UNIT(.MILLI.,.METRE.));
#7176=DERIVED_UNIT_ELEMENT(#7175,3.E0);
#7177=DERIVED_UNIT((#7176));
#7178=MEASURE_REPRESENTATION_ITEM('volume measure',VOLUME_MEASURE(
1.041961103556E3),#7177);
#7182=CARTESIAN_POINT('centre point',(2.250242735599E-10,-5.547859742456E-2,
-8.328092161519E0));
#7187=PRODUCT_RELATED_PRODUCT_CATEGORY('part','',(#7160));
#1=DRAUGHTING_PRE_DEFINED_COLOUR('green');
#2=COLOUR_RGB('',1.1E-2,1.2E-2,1.E0);
#3=COLOUR_RGB('',1.1E-1,1.1E-1,1.1E-1);
#4=COLOUR_RGB('',3.92E-1,1.2E-2,1.2E-2);
#5=COLOUR_RGB('',4.1E-1,0.E0,2.2E-1);
#6=COLOUR_RGB('',8.784E-1,9.49E-1,1.E0);
#7=COLOUR_RGB('',9.6E-1,9.6E-1,9.6E-1);
#8=COLOUR_RGB('',9.8E-1,6.27E-1,0.E0);
#9=DRAUGHTING_PRE_DEFINED_COLOUR('red');
#10=DRAUGHTING_PRE_DEFINED_COLOUR('yellow');
#11=COLOUR_RGB('',1.E0,1.E0,9.49E-1);
#12=DRAUGHTING_PRE_DEFINED_COLOUR('white');
#465=CIRCLE('',#464,6.35E-1);
#490=CIRCLE('',#489,5.08E-1);
#499=CIRCLE('',#498,5.08E-1);
#508=CIRCLE('',#507,5.08E-1);
#517=CIRCLE('',#516,5.08E-1);
#790=CIRCLE('',#789,5.08E-1);
#799=CIRCLE('',#798,5.08E-1);
#808=CIRCLE('',#807,5.08E-1);
#817=CIRCLE('',#816,5.08E-1);
#1126=CIRCLE('',#1125,6.35E-1);
#1659=CIRCLE('',#1658,6.35E-1);
#1684=CIRCLE('',#1683,6.35E-1);
#1813=CIRCLE('',#1812,6.35E-1);
#1838=CIRCLE('',#1837,6.35E-1);
#1899=CIRCLE('',#1898,6.35E-1);
#1924=CIRCLE('',#1923,6.35E-1);
#2053=CIRCLE('',#2052,6.35E-1);
#2078=CIRCLE('',#2077,6.35E-1);
#2207=CIRCLE('',#2206,6.35E-1);
#2232=CIRCLE('',#2231,6.35E-1);
#2361=CIRCLE('',#2360,6.35E-1);
#2386=CIRCLE('',#2385,6.35E-1);
#2535=CIRCLE('',#2534,6.35E-1);
#2568=CIRCLE('',#2567,6.35E-1);
#3430=EDGE_CURVE('',#3378,#3380,#16,.T.);
#3432=EDGE_CURVE('',#3382,#3378,#20,.T.);
#3434=EDGE_CURVE('',#3382,#3384,#24,.T.);
#3436=EDGE_CURVE('',#3384,#3418,#28,.T.);
#3438=EDGE_CURVE('',#3348,#3418,#32,.T.);
#3440=EDGE_CURVE('',#3406,#3348,#36,.T.);
#3442=EDGE_CURVE('',#3406,#3328,#40,.T.);
#3444=EDGE_CURVE('',#3272,#3328,#44,.T.);
#3446=EDGE_CURVE('',#3340,#3272,#48,.T.);
#3448=EDGE_CURVE('',#3340,#3300,#52,.T.);
#3450=EDGE_CURVE('',#3298,#3300,#56,.T.);
#3452=EDGE_CURVE('',#3302,#3298,#60,.T.);
#3454=EDGE_CURVE('',#3302,#3304,#64,.T.);
#3456=EDGE_CURVE('',#3304,#3338,#68,.T.);
#3458=EDGE_CURVE('',#3268,#3338,#72,.T.);
#3460=EDGE_CURVE('',#3326,#3268,#76,.T.);
#3462=EDGE_CURVE('',#3326,#3248,#80,.T.);
#3464=EDGE_CURVE('',#3192,#3248,#84,.T.);
#3466=EDGE_CURVE('',#3260,#3192,#88,.T.);
#3468=EDGE_CURVE('',#3260,#3220,#92,.T.);
#3470=EDGE_CURVE('',#3218,#3220,#96,.T.);
#3472=EDGE_CURVE('',#3222,#3218,#100,.T.);
#3474=EDGE_CURVE('',#3222,#3224,#104,.T.);
#3476=EDGE_CURVE('',#3224,#3258,#108,.T.);
#3478=EDGE_CURVE('',#3188,#3258,#112,.T.);
#3480=EDGE_CURVE('',#3246,#3188,#116,.T.);
#3482=EDGE_CURVE('',#3246,#3168,#120,.T.);
#3484=EDGE_CURVE('',#3112,#3168,#124,.T.);
#3486=EDGE_CURVE('',#3180,#3112,#128,.T.);
#3488=EDGE_CURVE('',#3180,#3140,#132,.T.);
#3490=EDGE_CURVE('',#3138,#3140,#136,.T.);
#3492=EDGE_CURVE('',#3142,#3138,#140,.T.);
#3494=EDGE_CURVE('',#3142,#3144,#144,.T.);
#3496=EDGE_CURVE('',#3144,#3178,#148,.T.);
#3498=EDGE_CURVE('',#3108,#3178,#152,.T.);
#3500=EDGE_CURVE('',#3166,#3108,#156,.T.);
#3502=EDGE_CURVE('',#3166,#3088,#160,.T.);
#3504=EDGE_CURVE('',#3032,#3088,#164,.T.);
#3506=EDGE_CURVE('',#3100,#3032,#168,.T.);
#3508=EDGE_CURVE('',#3100,#3060,#172,.T.);
#3510=EDGE_CURVE('',#3058,#3060,#176,.T.);
#3512=EDGE_CURVE('',#3062,#3058,#180,.T.);
#3514=EDGE_CURVE('',#3062,#3064,#184,.T.);
#3516=EDGE_CURVE('',#3064,#3098,#188,.T.);
#3518=EDGE_CURVE('',#3028,#3098,#192,.T.);
#3520=EDGE_CURVE('',#3086,#3028,#196,.T.);
#3522=EDGE_CURVE('',#3086,#2944,#200,.T.);
#3524=EDGE_CURVE('',#2943,#2944,#204,.T.);
#3526=EDGE_CURVE('',#3000,#2943,#208,.T.);
#3528=EDGE_CURVE('',#3000,#2992,#212,.T.);
#3530=EDGE_CURVE('',#2991,#2992,#216,.T.);
#3532=EDGE_CURVE('',#2991,#2995,#220,.T.);
#3534=EDGE_CURVE('',#2995,#2996,#224,.T.);
#3536=EDGE_CURVE('',#2996,#2998,#228,.T.);
#3538=EDGE_CURVE('',#2940,#2998,#232,.T.);
#3540=EDGE_CURVE('',#2939,#2940,#236,.T.);
#3542=EDGE_CURVE('',#2939,#2868,#240,.T.);
#3544=EDGE_CURVE('',#2867,#2868,#244,.T.);
#3546=EDGE_CURVE('',#2924,#2867,#248,.T.);
#3548=EDGE_CURVE('',#2924,#2916,#252,.T.);
#3550=EDGE_CURVE('',#2915,#2916,#256,.T.);
#3552=EDGE_CURVE('',#2915,#2919,#260,.T.);
#3554=EDGE_CURVE('',#2919,#2920,#264,.T.);
#3556=EDGE_CURVE('',#2920,#2922,#268,.T.);
#3558=EDGE_CURVE('',#2864,#2922,#272,.T.);
#3560=EDGE_CURVE('',#2863,#2864,#276,.T.);
#3562=EDGE_CURVE('',#2863,#2842,#280,.T.);
#3564=EDGE_CURVE('',#2841,#2842,#284,.T.);
#3566=EDGE_CURVE('',#2856,#2841,#288,.T.);
#3568=EDGE_CURVE('',#2856,#2812,#292,.T.);
#3570=EDGE_CURVE('',#2811,#2812,#296,.T.);
#3572=EDGE_CURVE('',#2815,#2811,#300,.T.);
#3574=EDGE_CURVE('',#2815,#2816,#304,.T.);
#3576=EDGE_CURVE('',#2816,#2818,#308,.T.);
#3578=EDGE_CURVE('',#2838,#2818,#312,.T.);
#3580=EDGE_CURVE('',#2837,#2838,#316,.T.);
#3582=EDGE_CURVE('',#2837,#2583,#320,.T.);
#3584=EDGE_CURVE('',#2583,#2584,#324,.T.);
#3586=EDGE_CURVE('',#2584,#2586,#328,.T.);
#3588=EDGE_CURVE('',#2586,#2588,#332,.T.);
#3590=EDGE_CURVE('',#2588,#2770,#336,.T.);
#3592=EDGE_CURVE('',#2770,#2777,#340,.T.);
#3594=EDGE_CURVE('',#2777,#2778,#344,.T.);
#3596=EDGE_CURVE('',#2727,#2778,#348,.T.);
#3598=EDGE_CURVE('',#2727,#2728,#352,.T.);
#3600=EDGE_CURVE('',#2730,#2728,#356,.T.);
#3602=EDGE_CURVE('',#2730,#2733,#360,.T.);
#3604=EDGE_CURVE('',#2733,#2734,#364,.T.);
#3606=EDGE_CURVE('',#2734,#2736,#368,.T.);
#3608=EDGE_CURVE('',#2736,#2781,#372,.T.);
#3610=EDGE_CURVE('',#2781,#2782,#376,.T.);
#3612=EDGE_CURVE('',#2784,#2782,#380,.T.);
#3614=EDGE_CURVE('',#2784,#2591,#384,.T.);
#3616=EDGE_CURVE('',#2591,#2592,#388,.T.);
#3618=EDGE_CURVE('',#2592,#2594,#392,.T.);
#3620=EDGE_CURVE('',#2594,#2596,#396,.T.);
#3622=EDGE_CURVE('',#2596,#3408,#400,.T.);
#3624=EDGE_CURVE('',#3352,#3408,#404,.T.);
#3626=EDGE_CURVE('',#3420,#3352,#408,.T.);
#3628=EDGE_CURVE('',#3420,#3380,#412,.T.);
#3632=ADVANCED_FACE('',(#3631),#3429,.F.);
#3638=EDGE_CURVE('',#3378,#3363,#416,.T.);
#3641=EDGE_CURVE('',#3364,#3380,#420,.T.);
#3643=EDGE_CURVE('',#3363,#3364,#424,.T.);
#3647=ADVANCED_FACE('',(#3646),#3637,.T.);
#3653=EDGE_CURVE('',#3386,#3394,#428,.T.);
#3655=EDGE_CURVE('',#3360,#3386,#432,.T.);
#3657=EDGE_CURVE('',#3358,#3360,#436,.T.);
#3659=EDGE_CURVE('',#3356,#3358,#440,.T.);
#3661=EDGE_CURVE('',#3355,#3356,#444,.T.);
#3663=EDGE_CURVE('',#3388,#3355,#448,.T.);
#3665=EDGE_CURVE('',#3396,#3388,#452,.T.);
#3667=EDGE_CURVE('',#3394,#3396,#1366,.T.);
#3671=ADVANCED_FACE('',(#3670),#3652,.T.);
#3678=EDGE_CURVE('',#3363,#3375,#456,.T.);
#3680=EDGE_CURVE('',#3382,#3375,#2490,.T.);
#3685=ADVANCED_FACE('',(#3684),#3676,.T.);
#3692=EDGE_CURVE('',#3364,#3376,#460,.T.);
#3694=EDGE_CURVE('',#3375,#3376,#2494,.T.);
#3699=ADVANCED_FACE('',(#3698),#3690,.T.);
#3707=EDGE_CURVE('',#3420,#3403,#469,.T.);
#3709=EDGE_CURVE('',#3403,#3404,#477,.T.);
#3711=EDGE_CURVE('',#3418,#3404,#2576,.T.);
#3714=EDGE_CURVE('',#3376,#3384,#2498,.T.);
#3719=ADVANCED_FACE('',(#3718),#3704,.T.);
#3725=EDGE_CURVE('',#3403,#3424,#465,.T.);
#3729=EDGE_CURVE('',#3351,#3352,#2580,.T.);
#3731=EDGE_CURVE('',#3414,#3351,#537,.T.);
#3733=EDGE_CURVE('',#3414,#3424,#473,.T.);
#3737=ADVANCED_FACE('',(#3736),#3724,.F.);
#3745=EDGE_CURVE('',#3422,#3424,#481,.T.);
#3747=EDGE_CURVE('',#3404,#3422,#2568,.T.);
#3751=ADVANCED_FACE('',(#3750),#3742,.T.);
#3759=EDGE_CURVE('',#3412,#3414,#533,.T.);
#3761=EDGE_CURVE('',#3412,#3422,#485,.T.);
#3765=ADVANCED_FACE('',(#3764),#3756,.F.);
#3771=EDGE_CURVE('',#3410,#3347,#525,.T.);
#3773=EDGE_CURVE('',#3347,#3412,#529,.T.);
#3777=EDGE_CURVE('',#3351,#3416,#541,.T.);
#3779=EDGE_CURVE('',#2612,#3416,#545,.T.);
#3781=EDGE_CURVE('',#2610,#2612,#549,.T.);
#3783=EDGE_CURVE('',#2608,#2610,#553,.T.);
#3785=EDGE_CURVE('',#2606,#2608,#557,.T.);
#3787=EDGE_CURVE('',#2604,#2606,#561,.T.);
#3789=EDGE_CURVE('',#2602,#2604,#565,.T.);
#3791=EDGE_CURVE('',#2600,#2602,#569,.T.);
#3793=EDGE_CURVE('',#2599,#2600,#573,.T.);
#3795=EDGE_CURVE('',#2845,#2599,#577,.T.);
#3797=EDGE_CURVE('',#2845,#2846,#581,.T.);
#3799=EDGE_CURVE('',#2846,#2848,#585,.T.);
#3801=EDGE_CURVE('',#2848,#2850,#589,.T.);
#3803=EDGE_CURVE('',#2850,#2852,#593,.T.);
#3805=EDGE_CURVE('',#2852,#2854,#597,.T.);
#3807=EDGE_CURVE('',#2871,#2854,#601,.T.);
#3809=EDGE_CURVE('',#2871,#2872,#605,.T.);
#3811=EDGE_CURVE('',#2872,#2874,#609,.T.);
#3813=EDGE_CURVE('',#2874,#2876,#613,.T.);
#3815=EDGE_CURVE('',#2876,#2878,#617,.T.);
#3817=EDGE_CURVE('',#2878,#2880,#621,.T.);
#3819=EDGE_CURVE('',#2947,#2880,#625,.T.);
#3821=EDGE_CURVE('',#2947,#2948,#629,.T.);
#3823=EDGE_CURVE('',#2948,#2950,#633,.T.);
#3825=EDGE_CURVE('',#2950,#2952,#637,.T.);
#3827=EDGE_CURVE('',#2952,#2954,#641,.T.);
#3829=EDGE_CURVE('',#2954,#2956,#645,.T.);
#3831=EDGE_CURVE('',#3090,#2956,#649,.T.);
#3833=EDGE_CURVE('',#3090,#3027,#653,.T.);
#3835=EDGE_CURVE('',#3027,#3092,#657,.T.);
#3837=EDGE_CURVE('',#3092,#3094,#661,.T.);
#3839=EDGE_CURVE('',#3094,#3031,#665,.T.);
#3841=EDGE_CURVE('',#3031,#3096,#669,.T.);
#3843=EDGE_CURVE('',#3170,#3096,#673,.T.);
#3845=EDGE_CURVE('',#3170,#3107,#677,.T.);
#3847=EDGE_CURVE('',#3107,#3172,#681,.T.);
#3849=EDGE_CURVE('',#3172,#3174,#685,.T.);
#3851=EDGE_CURVE('',#3174,#3111,#689,.T.);
#3853=EDGE_CURVE('',#3111,#3176,#693,.T.);
#3855=EDGE_CURVE('',#3250,#3176,#697,.T.);
#3857=EDGE_CURVE('',#3250,#3187,#701,.T.);
#3859=EDGE_CURVE('',#3187,#3252,#705,.T.);
#3861=EDGE_CURVE('',#3252,#3254,#709,.T.);
#3863=EDGE_CURVE('',#3254,#3191,#713,.T.);
#3865=EDGE_CURVE('',#3191,#3256,#717,.T.);
#3867=EDGE_CURVE('',#3330,#3256,#721,.T.);
#3869=EDGE_CURVE('',#3330,#3267,#725,.T.);
#3871=EDGE_CURVE('',#3267,#3332,#729,.T.);
#3873=EDGE_CURVE('',#3332,#3334,#733,.T.);
#3875=EDGE_CURVE('',#3334,#3271,#737,.T.);
#3877=EDGE_CURVE('',#3271,#3336,#741,.T.);
#3879=EDGE_CURVE('',#3410,#3336,#745,.T.);
#3883=EDGE_CURVE('',#2695,#2696,#490,.T.);
#3885=EDGE_CURVE('',#2696,#2698,#494,.T.);
#3887=EDGE_CURVE('',#2698,#2700,#499,.T.);
#3889=EDGE_CURVE('',#2700,#2702,#503,.T.);
#3891=EDGE_CURVE('',#2702,#2704,#508,.T.);
#3893=EDGE_CURVE('',#2704,#2706,#512,.T.);
#3895=EDGE_CURVE('',#2706,#2708,#517,.T.);
#3897=EDGE_CURVE('',#2708,#2695,#521,.T.);
#3901=ADVANCED_FACE('',(#3882,#3900),#3770,.T.);
#3908=EDGE_CURVE('',#2695,#2711,#749,.T.);
#3910=EDGE_CURVE('',#2711,#2712,#790,.T.);
#3912=EDGE_CURVE('',#2696,#2712,#777,.T.);
#3916=ADVANCED_FACE('',(#3915),#3906,.F.);
#3923=EDGE_CURVE('',#2708,#2724,#753,.T.);
#3925=EDGE_CURVE('',#2724,#2711,#794,.T.);
#3930=ADVANCED_FACE('',(#3929),#3921,.F.);
#3937=EDGE_CURVE('',#2706,#2722,#757,.T.);
#3939=EDGE_CURVE('',#2722,#2724,#799,.T.);
#3944=ADVANCED_FACE('',(#3943),#3935,.F.);
#3951=EDGE_CURVE('',#2704,#2720,#761,.T.);
#3953=EDGE_CURVE('',#2720,#2722,#803,.T.);
#3958=ADVANCED_FACE('',(#3957),#3949,.F.);
#3965=EDGE_CURVE('',#2702,#2718,#765,.T.);
#3967=EDGE_CURVE('',#2718,#2720,#808,.T.);
#3972=ADVANCED_FACE('',(#3971),#3963,.F.);
#3979=EDGE_CURVE('',#2700,#2716,#769,.T.);
#3981=EDGE_CURVE('',#2716,#2718,#812,.T.);
#3986=ADVANCED_FACE('',(#3985),#3977,.F.);
#3993=EDGE_CURVE('',#2698,#2714,#773,.T.);
#3995=EDGE_CURVE('',#2714,#2716,#817,.T.);
#4000=ADVANCED_FACE('',(#3999),#3991,.F.);
#4008=EDGE_CURVE('',#2712,#2714,#821,.T.);
#4013=ADVANCED_FACE('',(#4012),#4005,.F.);
#4019=EDGE_CURVE('',#2623,#2624,#781,.T.);
#4021=EDGE_CURVE('',#2624,#2620,#785,.T.);
#4023=EDGE_CURVE('',#2620,#2615,#1246,.T.);
#4025=EDGE_CURVE('',#2623,#2615,#985,.T.);
#4039=ADVANCED_FACE('',(#4028,#4038),#4018,.F.);
#4046=EDGE_CURVE('',#2623,#2627,#837,.T.);
#4048=EDGE_CURVE('',#2627,#2628,#881,.T.);
#4050=EDGE_CURVE('',#2624,#2628,#825,.T.);
#4054=ADVANCED_FACE('',(#4053),#4044,.T.);
#4060=EDGE_CURVE('',#2650,#2671,#829,.T.);
#4062=EDGE_CURVE('',#2630,#2671,#989,.T.);
#4064=EDGE_CURVE('',#2630,#2634,#1418,.T.);
#4066=EDGE_CURVE('',#2634,#2650,#909,.T.);
#4070=ADVANCED_FACE('',(#4069),#4059,.T.);
#4076=EDGE_CURVE('',#2656,#2680,#833,.T.);
#4078=EDGE_CURVE('',#2656,#2627,#885,.T.);
#4081=EDGE_CURVE('',#2680,#2623,#981,.T.);
#4085=ADVANCED_FACE('',(#4084),#4075,.T.);
#4091=EDGE_CURVE('',#2639,#2640,#841,.T.);
#4093=EDGE_CURVE('',#2672,#2640,#993,.T.);
#4095=EDGE_CURVE('',#2671,#2672,#961,.T.);
#4098=EDGE_CURVE('',#2639,#2650,#905,.T.);
#4102=ADVANCED_FACE('',(#4101),#4090,.F.);
#4108=EDGE_CURVE('',#2653,#2654,#941,.T.);
#4110=EDGE_CURVE('',#2683,#2653,#1474,.T.);
#4112=EDGE_CURVE('',#2683,#2684,#1486,.T.);
#4114=EDGE_CURVE('',#2662,#2684,#997,.T.);
#4116=EDGE_CURVE('',#2654,#2662,#1017,.T.);
#4120=ADVANCED_FACE('',(#4119),#4107,.F.);
#4127=EDGE_CURVE('',#2588,#2639,#901,.T.);
#4130=EDGE_CURVE('',#2586,#2602,#845,.T.);
#4133=EDGE_CURVE('',#2648,#2604,#869,.T.);
#4135=EDGE_CURVE('',#2648,#2646,#849,.T.);
#4137=EDGE_CURVE('',#2644,#2646,#853,.T.);
#4139=EDGE_CURVE('',#2642,#2644,#857,.T.);
#4141=EDGE_CURVE('',#2640,#2642,#861,.T.);
#4145=ADVANCED_FACE('',(#4144),#4125,.T.);
#4151=EDGE_CURVE('',#2648,#2656,#865,.T.);
#4155=EDGE_CURVE('',#2660,#2606,#1037,.T.);
#4157=EDGE_CURVE('',#2659,#2660,#873,.T.);
#4159=EDGE_CURVE('',#2628,#2659,#877,.T.);
#4165=ADVANCED_FACE('',(#4164),#4150,.T.);
#4171=EDGE_CURVE('',#2739,#2740,#889,.T.);
#4173=EDGE_CURVE('',#2768,#2739,#893,.T.);
#4175=EDGE_CURVE('',#2770,#2768,#897,.T.);
#4181=EDGE_CURVE('',#2740,#2634,#913,.T.);
#4185=ADVANCED_FACE('',(#4184),#4170,.T.);
#4191=EDGE_CURVE('',#2730,#2742,#917,.T.);
#4193=EDGE_CURVE('',#2744,#2742,#921,.T.);
#4195=EDGE_CURVE('',#2733,#2744,#925,.T.);
#4200=ADVANCED_FACE('',(#4199),#4190,.T.);
#4206=EDGE_CURVE('',#2747,#2748,#929,.T.);
#4208=EDGE_CURVE('',#2636,#2748,#933,.T.);
#4210=EDGE_CURVE('',#2653,#2636,#937,.T.);
#4213=EDGE_CURVE('',#2591,#2654,#1041,.T.);
#4216=EDGE_CURVE('',#2773,#2784,#945,.T.);
#4218=EDGE_CURVE('',#2747,#2773,#949,.T.);
#4222=ADVANCED_FACE('',(#4221),#4205,.T.);
#4231=EDGE_CURVE('',#2680,#2678,#977,.T.);
#4233=EDGE_CURVE('',#2678,#2646,#953,.T.);
#4237=ADVANCED_FACE('',(#4236),#4227,.F.);
#4244=EDGE_CURVE('',#2660,#2668,#1033,.T.);
#4246=EDGE_CURVE('',#2668,#2690,#957,.T.);
#4248=EDGE_CURVE('',#2692,#2690,#1502,.T.);
#4250=EDGE_CURVE('',#2692,#2659,#1482,.T.);
#4254=ADVANCED_FACE('',(#4253),#4242,.F.);
#4261=EDGE_CURVE('',#2672,#2674,#965,.T.);
#4263=EDGE_CURVE('',#2674,#2676,#969,.T.);
#4265=EDGE_CURVE('',#2676,#2678,#973,.T.);
#4270=EDGE_CURVE('',#2615,#2616,#1242,.T.);
#4272=EDGE_CURVE('',#2630,#2616,#1390,.T.);
#4277=ADVANCED_FACE('',(#4276),#4259,.F.);
#4284=EDGE_CURVE('',#2674,#2642,#1001,.T.);
#4290=ADVANCED_FACE('',(#4289),#4282,.F.);
#4296=EDGE_CURVE('',#2662,#2664,#1021,.T.);
#4299=EDGE_CURVE('',#2684,#2686,#1514,.T.);
#4301=EDGE_CURVE('',#2664,#2686,#1005,.T.);
#4305=ADVANCED_FACE('',(#4304),#4295,.F.);
#4312=EDGE_CURVE('',#2676,#2644,#1009,.T.);
#4318=ADVANCED_FACE('',(#4317),#4310,.F.);
#4324=EDGE_CURVE('',#2664,#2666,#1025,.T.);
#4327=EDGE_CURVE('',#2686,#2688,#1510,.T.);
#4329=EDGE_CURVE('',#2666,#2688,#1013,.T.);
#4333=ADVANCED_FACE('',(#4332),#4323,.F.);
#4345=ADVANCED_FACE('',(#4344),#4338,.F.);
#4351=EDGE_CURVE('',#2666,#2668,#1029,.T.);
#4354=EDGE_CURVE('',#2688,#2690,#1506,.T.);
#4359=ADVANCED_FACE('',(#4358),#4350,.F.);
#4372=EDGE_CURVE('',#2592,#2608,#1045,.T.);
#4378=ADVANCED_FACE('',(#4377),#4364,.T.);
#4387=EDGE_CURVE('',#2594,#2610,#1049,.T.);
#4391=ADVANCED_FACE('',(#4390),#4383,.T.);
#4400=EDGE_CURVE('',#2596,#2612,#1117,.T.);
#4404=ADVANCED_FACE('',(#4403),#4396,.T.);
#4410=EDGE_CURVE('',#2837,#2845,#1053,.T.);
#4413=EDGE_CURVE('',#2583,#2599,#2559,.T.);
#4418=ADVANCED_FACE('',(#4417),#4409,.T.);
#4424=EDGE_CURVE('',#2863,#2871,#1057,.T.);
#4427=EDGE_CURVE('',#2842,#2854,#1061,.T.);
#4432=ADVANCED_FACE('',(#4431),#4423,.T.);
#4438=EDGE_CURVE('',#2939,#2947,#1065,.T.);
#4441=EDGE_CURVE('',#2868,#2880,#1069,.T.);
#4446=ADVANCED_FACE('',(#4445),#4437,.T.);
#4452=EDGE_CURVE('',#3086,#3090,#1073,.T.);
#4455=EDGE_CURVE('',#2944,#2956,#1077,.T.);
#4460=ADVANCED_FACE('',(#4459),#4451,.T.);
#4466=EDGE_CURVE('',#3166,#3170,#1081,.T.);
#4469=EDGE_CURVE('',#3088,#3096,#1085,.T.);
#4474=ADVANCED_FACE('',(#4473),#4465,.T.);
#4480=EDGE_CURVE('',#3246,#3250,#1089,.T.);
#4483=EDGE_CURVE('',#3168,#3176,#1093,.T.);
#4488=ADVANCED_FACE('',(#4487),#4479,.T.);
#4494=EDGE_CURVE('',#3326,#3330,#1097,.T.);
#4497=EDGE_CURVE('',#3248,#3256,#1101,.T.);
#4502=ADVANCED_FACE('',(#4501),#4493,.T.);
#4508=EDGE_CURVE('',#3406,#3410,#1105,.T.);
#4511=EDGE_CURVE('',#3328,#3336,#1109,.T.);
#4516=ADVANCED_FACE('',(#4515),#4507,.T.);
#4522=EDGE_CURVE('',#3408,#3416,#1113,.T.);
#4529=ADVANCED_FACE('',(#4528),#4521,.T.);
#4536=EDGE_CURVE('',#2846,#2838,#1130,.T.);
#4542=ADVANCED_FACE('',(#4541),#4534,.F.);
#4549=EDGE_CURVE('',#2818,#3014,#1121,.T.);
#4551=EDGE_CURVE('',#3014,#2858,#1126,.T.);
#4553=EDGE_CURVE('',#2848,#2858,#2547,.T.);
#4559=ADVANCED_FACE('',(#4558),#4547,.F.);
#4566=EDGE_CURVE('',#2808,#2816,#1146,.T.);
#4568=EDGE_CURVE('',#2796,#2808,#1134,.T.);
#4570=EDGE_CURVE('',#2796,#2812,#1178,.T.);
#4573=EDGE_CURVE('',#2856,#3016,#2539,.T.);
#4575=EDGE_CURVE('',#3016,#3014,#2555,.T.);
#4580=ADVANCED_FACE('',(#4579),#4564,.T.);
#4587=EDGE_CURVE('',#2815,#2807,#1138,.T.);
#4589=EDGE_CURVE('',#2807,#2808,#1142,.T.);
#4594=ADVANCED_FACE('',(#4593),#4585,.F.);
#4600=EDGE_CURVE('',#2825,#2826,#1262,.T.);
#4602=EDGE_CURVE('',#2826,#2834,#1150,.T.);
#4604=EDGE_CURVE('',#2834,#2799,#1154,.T.);
#4606=EDGE_CURVE('',#2799,#2800,#1158,.T.);
#4608=EDGE_CURVE('',#2800,#2802,#1162,.T.);
#4610=EDGE_CURVE('',#2802,#2804,#1166,.T.);
#4612=EDGE_CURVE('',#2804,#2832,#1170,.T.);
#4614=EDGE_CURVE('',#2832,#2825,#1174,.T.);
#4618=ADVANCED_FACE('',(#4617),#4599,.F.);
#4625=EDGE_CURVE('',#2811,#2795,#1186,.T.);
#4627=EDGE_CURVE('',#2795,#2807,#1218,.T.);
#4632=ADVANCED_FACE('',(#4631),#4623,.T.);
#4640=EDGE_CURVE('',#2795,#2796,#1182,.T.);
#4645=ADVANCED_FACE('',(#4644),#4637,.T.);
#4651=EDGE_CURVE('',#2821,#2822,#1254,.T.);
#4653=EDGE_CURVE('',#2828,#2821,#1190,.T.);
#4655=EDGE_CURVE('',#2792,#2828,#1194,.T.);
#4657=EDGE_CURVE('',#2790,#2792,#1198,.T.);
#4659=EDGE_CURVE('',#2788,#2790,#1202,.T.);
#4661=EDGE_CURVE('',#2787,#2788,#1206,.T.);
#4663=EDGE_CURVE('',#2830,#2787,#1210,.T.);
#4665=EDGE_CURVE('',#2822,#2830,#1214,.T.);
#4669=ADVANCED_FACE('',(#4668),#4650,.T.);
#4681=ADVANCED_FACE('',(#4680),#4674,.T.);
#4687=EDGE_CURVE('',#2763,#2619,#1222,.T.);
#4689=EDGE_CURVE('',#2736,#2763,#1438,.T.);
#4692=EDGE_CURVE('',#2734,#2759,#1226,.T.);
#4694=EDGE_CURVE('',#2755,#2759,#1230,.T.);
#4696=EDGE_CURVE('',#2728,#2755,#1434,.T.);
#4699=EDGE_CURVE('',#2727,#2751,#1234,.T.);
#4701=EDGE_CURVE('',#2616,#2751,#1238,.T.);
#4705=EDGE_CURVE('',#2619,#2620,#1250,.T.);
#4710=EDGE_CURVE('',#2826,#2822,#1258,.T.);
#4713=EDGE_CURVE('',#2825,#2821,#1266,.T.);
#4717=EDGE_CURVE('',#2927,#2928,#1270,.T.);
#4719=EDGE_CURVE('',#2932,#2928,#1274,.T.);
#4721=EDGE_CURVE('',#2931,#2932,#1278,.T.);
#4723=EDGE_CURVE('',#2931,#2927,#1282,.T.);
#4727=EDGE_CURVE('',#3003,#3004,#1286,.T.);
#4729=EDGE_CURVE('',#3008,#3004,#1290,.T.);
#4731=EDGE_CURVE('',#3007,#3008,#1294,.T.);
#4733=EDGE_CURVE('',#3007,#3003,#1298,.T.);
#4737=EDGE_CURVE('',#3074,#3076,#1302,.T.);
#4739=EDGE_CURVE('',#3080,#3076,#1306,.T.);
#4741=EDGE_CURVE('',#3078,#3080,#1310,.T.);
#4743=EDGE_CURVE('',#3078,#3074,#1314,.T.);
#4747=EDGE_CURVE('',#3154,#3156,#1318,.T.);
#4749=EDGE_CURVE('',#3160,#3156,#1322,.T.);
#4751=EDGE_CURVE('',#3158,#3160,#1326,.T.);
#4753=EDGE_CURVE('',#3158,#3154,#1330,.T.);
#4757=EDGE_CURVE('',#3234,#3236,#1334,.T.);
#4759=EDGE_CURVE('',#3240,#3236,#1338,.T.);
#4761=EDGE_CURVE('',#3238,#3240,#1342,.T.);
#4763=EDGE_CURVE('',#3238,#3234,#1346,.T.);
#4767=EDGE_CURVE('',#3314,#3316,#1350,.T.);
#4769=EDGE_CURVE('',#3320,#3316,#1354,.T.);
#4771=EDGE_CURVE('',#3318,#3320,#1358,.T.);
#4773=EDGE_CURVE('',#3318,#3314,#1362,.T.);
#4778=EDGE_CURVE('',#3400,#3396,#1370,.T.);
#4780=EDGE_CURVE('',#3398,#3400,#1374,.T.);
#4782=EDGE_CURVE('',#3398,#3394,#1378,.T.);
#4786=ADVANCED_FACE('',(#4708,#4716,#4726,#4736,#4746,#4756,#4766,#4776,#4785),
#4686,.T.);
#4792=EDGE_CURVE('',#2751,#2752,#1382,.T.);
#4794=EDGE_CURVE('',#2752,#2630,#1386,.T.);
#4800=ADVANCED_FACE('',(#4799),#4791,.F.);
#4806=EDGE_CURVE('',#2755,#2756,#1394,.T.);
#4809=EDGE_CURVE('',#2759,#2760,#1398,.T.);
#4811=EDGE_CURVE('',#2760,#2756,#1402,.T.);
#4815=ADVANCED_FACE('',(#4814),#4805,.F.);
#4821=EDGE_CURVE('',#2763,#2764,#1406,.T.);
#4824=EDGE_CURVE('',#2632,#2619,#1494,.T.);
#4826=EDGE_CURVE('',#2632,#2764,#1410,.T.);
#4830=ADVANCED_FACE('',(#4829),#4820,.F.);
#4837=EDGE_CURVE('',#2752,#2740,#1414,.T.);
#4841=EDGE_CURVE('',#2739,#2727,#1466,.T.);
#4845=ADVANCED_FACE('',(#4844),#4835,.F.);
#4857=ADVANCED_FACE('',(#4856),#4850,.T.);
#4863=EDGE_CURVE('',#2756,#2742,#1422,.T.);
#4866=EDGE_CURVE('',#2760,#2744,#1426,.T.);
#4871=ADVANCED_FACE('',(#4870),#4862,.T.);
#4877=EDGE_CURVE('',#2764,#2748,#1430,.T.);
#4880=EDGE_CURVE('',#2632,#2636,#1478,.T.);
#4885=ADVANCED_FACE('',(#4884),#4876,.T.);
#4898=ADVANCED_FACE('',(#4897),#4890,.F.);
#4911=ADVANCED_FACE('',(#4910),#4903,.F.);
#4918=EDGE_CURVE('',#2747,#2736,#1442,.T.);
#4925=ADVANCED_FACE('',(#4924),#4916,.F.);
#4933=EDGE_CURVE('',#2773,#2774,#1446,.T.);
#4935=EDGE_CURVE('',#2781,#2774,#1458,.T.);
#4940=ADVANCED_FACE('',(#4939),#4930,.T.);
#4947=EDGE_CURVE('',#2774,#2782,#1462,.T.);
#4953=ADVANCED_FACE('',(#4952),#4945,.T.);
#4960=EDGE_CURVE('',#2777,#2767,#1450,.T.);
#4962=EDGE_CURVE('',#2767,#2778,#1454,.T.);
#4966=ADVANCED_FACE('',(#4965),#4958,.F.);
#4977=ADVANCED_FACE('',(#4976),#4971,.F.);
#4984=EDGE_CURVE('',#2767,#2768,#1470,.T.);
#4990=ADVANCED_FACE('',(#4989),#4982,.T.);
#5003=ADVANCED_FACE('',(#5002),#4995,.T.);
#5012=EDGE_CURVE('',#2683,#2632,#1490,.T.);
#5016=ADVANCED_FACE('',(#5015),#5008,.T.);
#5023=EDGE_CURVE('',#2624,#2692,#1498,.T.);
#5029=ADVANCED_FACE('',(#5028),#5021,.T.);
#5047=ADVANCED_FACE('',(#5046),#5034,.F.);
#5055=EDGE_CURVE('',#2830,#2834,#1518,.T.);
#5060=ADVANCED_FACE('',(#5059),#5052,.T.);
#5067=EDGE_CURVE('',#2787,#2799,#1522,.T.);
#5073=ADVANCED_FACE('',(#5072),#5065,.T.);
#5080=EDGE_CURVE('',#2788,#2800,#1526,.T.);
#5086=ADVANCED_FACE('',(#5085),#5078,.T.);
#5093=EDGE_CURVE('',#2790,#2802,#1530,.T.);
#5099=ADVANCED_FACE('',(#5098),#5091,.T.);
#5106=EDGE_CURVE('',#2792,#2804,#1534,.T.);
#5112=ADVANCED_FACE('',(#5111),#5104,.T.);
#5119=EDGE_CURVE('',#2828,#2832,#1538,.T.);
#5125=ADVANCED_FACE('',(#5124),#5117,.T.);
#5137=ADVANCED_FACE('',(#5136),#5130,.T.);
#5144=EDGE_CURVE('',#2896,#2916,#1542,.T.);
#5146=EDGE_CURVE('',#2895,#2896,#1546,.T.);
#5148=EDGE_CURVE('',#2915,#2895,#1550,.T.);
#5152=ADVANCED_FACE('',(#5151),#5142,.T.);
#5159=EDGE_CURVE('',#2890,#2927,#1554,.T.);
#5161=EDGE_CURVE('',#2888,#2890,#1558,.T.);
#5163=EDGE_CURVE('',#2886,#2888,#1562,.T.);
#5165=EDGE_CURVE('',#2884,#2886,#1566,.T.);
#5167=EDGE_CURVE('',#2883,#2884,#1570,.T.);
#5169=EDGE_CURVE('',#2892,#2883,#1574,.T.);
#5171=EDGE_CURVE('',#2928,#2892,#1578,.T.);
#5175=ADVANCED_FACE('',(#5174),#5157,.T.);
#5182=EDGE_CURVE('',#2912,#2920,#1594,.T.);
#5184=EDGE_CURVE('',#2896,#2912,#1582,.T.);
#5188=EDGE_CURVE('',#2924,#3020,#1663,.T.);
#5190=EDGE_CURVE('',#3020,#3018,#1692,.T.);
#5192=EDGE_CURVE('',#2922,#3018,#1679,.T.);
#5196=ADVANCED_FACE('',(#5195),#5180,.T.);
#5203=EDGE_CURVE('',#2919,#2911,#1586,.T.);
#5205=EDGE_CURVE('',#2911,#2912,#1590,.T.);
#5210=ADVANCED_FACE('',(#5209),#5201,.F.);
#5217=EDGE_CURVE('',#2932,#2908,#1598,.T.);
#5219=EDGE_CURVE('',#2908,#2899,#1602,.T.);
#5221=EDGE_CURVE('',#2899,#2900,#1606,.T.);
#5223=EDGE_CURVE('',#2900,#2902,#1610,.T.);
#5225=EDGE_CURVE('',#2902,#2904,#1614,.T.);
#5227=EDGE_CURVE('',#2904,#2906,#1618,.T.);
#5229=EDGE_CURVE('',#2906,#2931,#1622,.T.);
#5233=ADVANCED_FACE('',(#5232),#5215,.F.);
#5241=EDGE_CURVE('',#2895,#2911,#1626,.T.);
#5246=ADVANCED_FACE('',(#5245),#5238,.T.);
#5258=ADVANCED_FACE('',(#5257),#5251,.T.);
#5266=EDGE_CURVE('',#2892,#2908,#1630,.T.);
#5271=ADVANCED_FACE('',(#5270),#5263,.T.);
#5278=EDGE_CURVE('',#2883,#2899,#1634,.T.);
#5284=ADVANCED_FACE('',(#5283),#5276,.T.);
#5291=EDGE_CURVE('',#2884,#2900,#1638,.T.);
#5297=ADVANCED_FACE('',(#5296),#5289,.T.);
#5304=EDGE_CURVE('',#2886,#2902,#1642,.T.);
#5310=ADVANCED_FACE('',(#5309),#5302,.T.);
#5317=EDGE_CURVE('',#2888,#2904,#1646,.T.);
#5323=ADVANCED_FACE('',(#5322),#5315,.T.);
#5330=EDGE_CURVE('',#2890,#2906,#1650,.T.);
#5336=ADVANCED_FACE('',(#5335),#5328,.T.);
#5348=ADVANCED_FACE('',(#5347),#5341,.T.);
#5355=EDGE_CURVE('',#2878,#2867,#1667,.T.);
#5358=EDGE_CURVE('',#2876,#2936,#1654,.T.);
#5360=EDGE_CURVE('',#3020,#2936,#1659,.T.);
#5365=ADVANCED_FACE('',(#5364),#5353,.F.);
#5377=ADVANCED_FACE('',(#5376),#5370,.F.);
#5383=EDGE_CURVE('',#2874,#2934,#1671,.T.);
#5385=EDGE_CURVE('',#2934,#2936,#1675,.T.);
#5391=ADVANCED_FACE('',(#5390),#5382,.F.);
#5399=EDGE_CURVE('',#3018,#2934,#1684,.T.);
#5403=EDGE_CURVE('',#2872,#2864,#1688,.T.);
#5407=ADVANCED_FACE('',(#5406),#5396,.F.);
#5419=ADVANCED_FACE('',(#5418),#5412,.T.);
#5431=ADVANCED_FACE('',(#5430),#5424,.F.);
#5438=EDGE_CURVE('',#2972,#2992,#1696,.T.);
#5440=EDGE_CURVE('',#2971,#2972,#1700,.T.);
#5442=EDGE_CURVE('',#2991,#2971,#1704,.T.);
#5446=ADVANCED_FACE('',(#5445),#5436,.T.);
#5453=EDGE_CURVE('',#2966,#3003,#1708,.T.);
#5455=EDGE_CURVE('',#2964,#2966,#1712,.T.);
#5457=EDGE_CURVE('',#2962,#2964,#1716,.T.);
#5459=EDGE_CURVE('',#2960,#2962,#1720,.T.);
#5461=EDGE_CURVE('',#2959,#2960,#1724,.T.);
#5463=EDGE_CURVE('',#2968,#2959,#1728,.T.);
#5465=EDGE_CURVE('',#3004,#2968,#1732,.T.);
#5469=ADVANCED_FACE('',(#5468),#5451,.T.);
#5476=EDGE_CURVE('',#2988,#2996,#1748,.T.);
#5478=EDGE_CURVE('',#2972,#2988,#1736,.T.);
#5482=EDGE_CURVE('',#3000,#3024,#1817,.T.);
#5484=EDGE_CURVE('',#3024,#3022,#1846,.T.);
#5486=EDGE_CURVE('',#2998,#3022,#1833,.T.);
#5490=ADVANCED_FACE('',(#5489),#5474,.T.);
#5497=EDGE_CURVE('',#2995,#2987,#1740,.T.);
#5499=EDGE_CURVE('',#2987,#2988,#1744,.T.);
#5504=ADVANCED_FACE('',(#5503),#5495,.F.);
#5511=EDGE_CURVE('',#3008,#2984,#1752,.T.);
#5513=EDGE_CURVE('',#2984,#2975,#1756,.T.);
#5515=EDGE_CURVE('',#2975,#2976,#1760,.T.);
#5517=EDGE_CURVE('',#2976,#2978,#1764,.T.);
#5519=EDGE_CURVE('',#2978,#2980,#1768,.T.);
#5521=EDGE_CURVE('',#2980,#2982,#1772,.T.);
#5523=EDGE_CURVE('',#2982,#3007,#1776,.T.);
#5527=ADVANCED_FACE('',(#5526),#5509,.F.);
#5535=EDGE_CURVE('',#2971,#2987,#1780,.T.);
#5540=ADVANCED_FACE('',(#5539),#5532,.T.);
#5552=ADVANCED_FACE('',(#5551),#5545,.T.);
#5560=EDGE_CURVE('',#2968,#2984,#1784,.T.);
#5565=ADVANCED_FACE('',(#5564),#5557,.T.);
#5572=EDGE_CURVE('',#2959,#2975,#1788,.T.);
#5578=ADVANCED_FACE('',(#5577),#5570,.T.);
#5585=EDGE_CURVE('',#2960,#2976,#1792,.T.);
#5591=ADVANCED_FACE('',(#5590),#5583,.T.);
#5598=EDGE_CURVE('',#2962,#2978,#1796,.T.);
#5604=ADVANCED_FACE('',(#5603),#5596,.T.);
#5611=EDGE_CURVE('',#2964,#2980,#1800,.T.);
#5617=ADVANCED_FACE('',(#5616),#5609,.T.);
#5624=EDGE_CURVE('',#2966,#2982,#1804,.T.);
#5630=ADVANCED_FACE('',(#5629),#5622,.T.);
#5642=ADVANCED_FACE('',(#5641),#5635,.T.);
#5649=EDGE_CURVE('',#2954,#2943,#1821,.T.);
#5652=EDGE_CURVE('',#2952,#3012,#1808,.T.);
#5654=EDGE_CURVE('',#3024,#3012,#1813,.T.);
#5659=ADVANCED_FACE('',(#5658),#5647,.F.);
#5671=ADVANCED_FACE('',(#5670),#5664,.F.);
#5677=EDGE_CURVE('',#2950,#3010,#1825,.T.);
#5679=EDGE_CURVE('',#3010,#3012,#1829,.T.);
#5685=ADVANCED_FACE('',(#5684),#5676,.F.);
#5693=EDGE_CURVE('',#3022,#3010,#1838,.T.);
#5697=EDGE_CURVE('',#2948,#2940,#1842,.T.);
#5701=ADVANCED_FACE('',(#5700),#5690,.F.);
#5713=ADVANCED_FACE('',(#5712),#5706,.T.);
#5725=ADVANCED_FACE('',(#5724),#5718,.F.);
#5731=EDGE_CURVE('',#3058,#3043,#1850,.T.);
#5734=EDGE_CURVE('',#3044,#3060,#1854,.T.);
#5736=EDGE_CURVE('',#3043,#3044,#1858,.T.);
#5740=ADVANCED_FACE('',(#5739),#5730,.T.);
#5746=EDGE_CURVE('',#3066,#3074,#1862,.T.);
#5748=EDGE_CURVE('',#3040,#3066,#1866,.T.);
#5750=EDGE_CURVE('',#3038,#3040,#1870,.T.);
#5752=EDGE_CURVE('',#3036,#3038,#1874,.T.);
#5754=EDGE_CURVE('',#3035,#3036,#1878,.T.);
#5756=EDGE_CURVE('',#3068,#3035,#1882,.T.);
#5758=EDGE_CURVE('',#3076,#3068,#1886,.T.);
#5763=ADVANCED_FACE('',(#5762),#5745,.T.);
#5770=EDGE_CURVE('',#3043,#3055,#1890,.T.);
#5772=EDGE_CURVE('',#3062,#3055,#1940,.T.);
#5777=ADVANCED_FACE('',(#5776),#5768,.T.);
#5784=EDGE_CURVE('',#3044,#3056,#1894,.T.);
#5786=EDGE_CURVE('',#3055,#3056,#1944,.T.);
#5791=ADVANCED_FACE('',(#5790),#5782,.T.);
#5799=EDGE_CURVE('',#3100,#3083,#1903,.T.);
#5801=EDGE_CURVE('',#3083,#3084,#1911,.T.);
#5803=EDGE_CURVE('',#3098,#3084,#1932,.T.);
#5806=EDGE_CURVE('',#3056,#3064,#1948,.T.);
#5811=ADVANCED_FACE('',(#5810),#5796,.T.);
#5817=EDGE_CURVE('',#3083,#3104,#1899,.T.);
#5821=EDGE_CURVE('',#3031,#3032,#1936,.T.);
#5824=EDGE_CURVE('',#3094,#3104,#1907,.T.);
#5828=ADVANCED_FACE('',(#5827),#5816,.F.);
#5836=EDGE_CURVE('',#3102,#3104,#1915,.T.);
#5838=EDGE_CURVE('',#3084,#3102,#1924,.T.);
#5842=ADVANCED_FACE('',(#5841),#5833,.T.);
#5851=EDGE_CURVE('',#3092,#3102,#1919,.T.);
#5855=ADVANCED_FACE('',(#5854),#5847,.F.);
#5864=EDGE_CURVE('',#3027,#3028,#1928,.T.);
#5870=ADVANCED_FACE('',(#5869),#5860,.F.);
#5882=ADVANCED_FACE('',(#5881),#5875,.F.);
#5894=ADVANCED_FACE('',(#5893),#5887,.F.);
#5906=ADVANCED_FACE('',(#5905),#5899,.F.);
#5912=EDGE_CURVE('',#3070,#3078,#1952,.T.);
#5915=EDGE_CURVE('',#3080,#3072,#1956,.T.);
#5917=EDGE_CURVE('',#3072,#3047,#1960,.T.);
#5919=EDGE_CURVE('',#3047,#3048,#1964,.T.);
#5921=EDGE_CURVE('',#3048,#3050,#1968,.T.);
#5923=EDGE_CURVE('',#3050,#3052,#1972,.T.);
#5925=EDGE_CURVE('',#3052,#3070,#1976,.T.);
#5929=ADVANCED_FACE('',(#5928),#5911,.F.);
#5938=EDGE_CURVE('',#3066,#3070,#1980,.T.);
#5942=ADVANCED_FACE('',(#5941),#5934,.T.);
#5951=EDGE_CURVE('',#3040,#3052,#1984,.T.);
#5955=ADVANCED_FACE('',(#5954),#5947,.T.);
#5964=EDGE_CURVE('',#3038,#3050,#1988,.T.);
#5968=ADVANCED_FACE('',(#5967),#5960,.T.);
#5977=EDGE_CURVE('',#3036,#3048,#1992,.T.);
#5981=ADVANCED_FACE('',(#5980),#5973,.T.);
#5990=EDGE_CURVE('',#3035,#3047,#1996,.T.);
#5994=ADVANCED_FACE('',(#5993),#5986,.T.);
#6003=EDGE_CURVE('',#3068,#3072,#2000,.T.);
#6007=ADVANCED_FACE('',(#6006),#5999,.T.);
#6019=ADVANCED_FACE('',(#6018),#6012,.T.);
#6025=EDGE_CURVE('',#3138,#3123,#2004,.T.);
#6028=EDGE_CURVE('',#3124,#3140,#2008,.T.);
#6030=EDGE_CURVE('',#3123,#3124,#2012,.T.);
#6034=ADVANCED_FACE('',(#6033),#6024,.T.);
#6040=EDGE_CURVE('',#3146,#3154,#2016,.T.);
#6042=EDGE_CURVE('',#3120,#3146,#2020,.T.);
#6044=EDGE_CURVE('',#3118,#3120,#2024,.T.);
#6046=EDGE_CURVE('',#3116,#3118,#2028,.T.);
#6048=EDGE_CURVE('',#3115,#3116,#2032,.T.);
#6050=EDGE_CURVE('',#3148,#3115,#2036,.T.);
#6052=EDGE_CURVE('',#3156,#3148,#2040,.T.);
#6057=ADVANCED_FACE('',(#6056),#6039,.T.);
#6064=EDGE_CURVE('',#3123,#3135,#2044,.T.);
#6066=EDGE_CURVE('',#3142,#3135,#2094,.T.);
#6071=ADVANCED_FACE('',(#6070),#6062,.T.);
#6078=EDGE_CURVE('',#3124,#3136,#2048,.T.);
#6080=EDGE_CURVE('',#3135,#3136,#2098,.T.);
#6085=ADVANCED_FACE('',(#6084),#6076,.T.);
#6093=EDGE_CURVE('',#3180,#3163,#2057,.T.);
#6095=EDGE_CURVE('',#3163,#3164,#2065,.T.);
#6097=EDGE_CURVE('',#3178,#3164,#2086,.T.);
#6100=EDGE_CURVE('',#3136,#3144,#2102,.T.);
#6105=ADVANCED_FACE('',(#6104),#6090,.T.);
#6111=EDGE_CURVE('',#3163,#3184,#2053,.T.);
#6115=EDGE_CURVE('',#3111,#3112,#2090,.T.);
#6118=EDGE_CURVE('',#3174,#3184,#2061,.T.);
#6122=ADVANCED_FACE('',(#6121),#6110,.F.);
#6130=EDGE_CURVE('',#3182,#3184,#2069,.T.);
#6132=EDGE_CURVE('',#3164,#3182,#2078,.T.);
#6136=ADVANCED_FACE('',(#6135),#6127,.T.);
#6145=EDGE_CURVE('',#3172,#3182,#2073,.T.);
#6149=ADVANCED_FACE('',(#6148),#6141,.F.);
#6158=EDGE_CURVE('',#3107,#3108,#2082,.T.);
#6164=ADVANCED_FACE('',(#6163),#6154,.F.);
#6176=ADVANCED_FACE('',(#6175),#6169,.F.);
#6188=ADVANCED_FACE('',(#6187),#6181,.F.);
#6200=ADVANCED_FACE('',(#6199),#6193,.F.);
#6206=EDGE_CURVE('',#3150,#3158,#2106,.T.);
#6209=EDGE_CURVE('',#3160,#3152,#2110,.T.);
#6211=EDGE_CURVE('',#3152,#3127,#2114,.T.);
#6213=EDGE_CURVE('',#3127,#3128,#2118,.T.);
#6215=EDGE_CURVE('',#3128,#3130,#2122,.T.);
#6217=EDGE_CURVE('',#3130,#3132,#2126,.T.);
#6219=EDGE_CURVE('',#3132,#3150,#2130,.T.);
#6223=ADVANCED_FACE('',(#6222),#6205,.F.);
#6232=EDGE_CURVE('',#3146,#3150,#2134,.T.);
#6236=ADVANCED_FACE('',(#6235),#6228,.T.);
#6245=EDGE_CURVE('',#3120,#3132,#2138,.T.);
#6249=ADVANCED_FACE('',(#6248),#6241,.T.);
#6258=EDGE_CURVE('',#3118,#3130,#2142,.T.);
#6262=ADVANCED_FACE('',(#6261),#6254,.T.);
#6271=EDGE_CURVE('',#3116,#3128,#2146,.T.);
#6275=ADVANCED_FACE('',(#6274),#6267,.T.);
#6284=EDGE_CURVE('',#3115,#3127,#2150,.T.);
#6288=ADVANCED_FACE('',(#6287),#6280,.T.);
#6297=EDGE_CURVE('',#3148,#3152,#2154,.T.);
#6301=ADVANCED_FACE('',(#6300),#6293,.T.);
#6313=ADVANCED_FACE('',(#6312),#6306,.T.);
#6319=EDGE_CURVE('',#3218,#3203,#2158,.T.);
#6322=EDGE_CURVE('',#3204,#3220,#2162,.T.);
#6324=EDGE_CURVE('',#3203,#3204,#2166,.T.);
#6328=ADVANCED_FACE('',(#6327),#6318,.T.);
#6334=EDGE_CURVE('',#3226,#3234,#2170,.T.);
#6336=EDGE_CURVE('',#3200,#3226,#2174,.T.);
#6338=EDGE_CURVE('',#3198,#3200,#2178,.T.);
#6340=EDGE_CURVE('',#3196,#3198,#2182,.T.);
#6342=EDGE_CURVE('',#3195,#3196,#2186,.T.);
#6344=EDGE_CURVE('',#3228,#3195,#2190,.T.);
#6346=EDGE_CURVE('',#3236,#3228,#2194,.T.);
#6351=ADVANCED_FACE('',(#6350),#6333,.T.);
#6358=EDGE_CURVE('',#3203,#3215,#2198,.T.);
#6360=EDGE_CURVE('',#3222,#3215,#2248,.T.);
#6365=ADVANCED_FACE('',(#6364),#6356,.T.);
#6372=EDGE_CURVE('',#3204,#3216,#2202,.T.);
#6374=EDGE_CURVE('',#3215,#3216,#2252,.T.);
#6379=ADVANCED_FACE('',(#6378),#6370,.T.);
#6387=EDGE_CURVE('',#3260,#3243,#2211,.T.);
#6389=EDGE_CURVE('',#3243,#3244,#2219,.T.);
#6391=EDGE_CURVE('',#3258,#3244,#2240,.T.);
#6394=EDGE_CURVE('',#3216,#3224,#2256,.T.);
#6399=ADVANCED_FACE('',(#6398),#6384,.T.);
#6405=EDGE_CURVE('',#3243,#3264,#2207,.T.);
#6409=EDGE_CURVE('',#3191,#3192,#2244,.T.);
#6412=EDGE_CURVE('',#3254,#3264,#2215,.T.);
#6416=ADVANCED_FACE('',(#6415),#6404,.F.);
#6424=EDGE_CURVE('',#3262,#3264,#2223,.T.);
#6426=EDGE_CURVE('',#3244,#3262,#2232,.T.);
#6430=ADVANCED_FACE('',(#6429),#6421,.T.);
#6439=EDGE_CURVE('',#3252,#3262,#2227,.T.);
#6443=ADVANCED_FACE('',(#6442),#6435,.F.);
#6452=EDGE_CURVE('',#3187,#3188,#2236,.T.);
#6458=ADVANCED_FACE('',(#6457),#6448,.F.);
#6470=ADVANCED_FACE('',(#6469),#6463,.F.);
#6482=ADVANCED_FACE('',(#6481),#6475,.F.);
#6494=ADVANCED_FACE('',(#6493),#6487,.F.);
#6500=EDGE_CURVE('',#3230,#3238,#2260,.T.);
#6503=EDGE_CURVE('',#3240,#3232,#2264,.T.);
#6505=EDGE_CURVE('',#3232,#3207,#2268,.T.);
#6507=EDGE_CURVE('',#3207,#3208,#2272,.T.);
#6509=EDGE_CURVE('',#3208,#3210,#2276,.T.);
#6511=EDGE_CURVE('',#3210,#3212,#2280,.T.);
#6513=EDGE_CURVE('',#3212,#3230,#2284,.T.);
#6517=ADVANCED_FACE('',(#6516),#6499,.F.);
#6526=EDGE_CURVE('',#3226,#3230,#2288,.T.);
#6530=ADVANCED_FACE('',(#6529),#6522,.T.);
#6539=EDGE_CURVE('',#3200,#3212,#2292,.T.);
#6543=ADVANCED_FACE('',(#6542),#6535,.T.);
#6552=EDGE_CURVE('',#3198,#3210,#2296,.T.);
#6556=ADVANCED_FACE('',(#6555),#6548,.T.);
#6565=EDGE_CURVE('',#3196,#3208,#2300,.T.);
#6569=ADVANCED_FACE('',(#6568),#6561,.T.);
#6578=EDGE_CURVE('',#3195,#3207,#2304,.T.);
#6582=ADVANCED_FACE('',(#6581),#6574,.T.);
#6591=EDGE_CURVE('',#3228,#3232,#2308,.T.);
#6595=ADVANCED_FACE('',(#6594),#6587,.T.);
#6607=ADVANCED_FACE('',(#6606),#6600,.T.);
#6613=EDGE_CURVE('',#3298,#3283,#2312,.T.);
#6616=EDGE_CURVE('',#3284,#3300,#2316,.T.);
#6618=EDGE_CURVE('',#3283,#3284,#2320,.T.);
#6622=ADVANCED_FACE('',(#6621),#6612,.T.);
#6628=EDGE_CURVE('',#3306,#3314,#2324,.T.);
#6630=EDGE_CURVE('',#3280,#3306,#2328,.T.);
#6632=EDGE_CURVE('',#3278,#3280,#2332,.T.);
#6634=EDGE_CURVE('',#3276,#3278,#2336,.T.);
#6636=EDGE_CURVE('',#3275,#3276,#2340,.T.);
#6638=EDGE_CURVE('',#3308,#3275,#2344,.T.);
#6640=EDGE_CURVE('',#3316,#3308,#2348,.T.);
#6645=ADVANCED_FACE('',(#6644),#6627,.T.);
#6652=EDGE_CURVE('',#3283,#3295,#2352,.T.);
#6654=EDGE_CURVE('',#3302,#3295,#2402,.T.);
#6659=ADVANCED_FACE('',(#6658),#6650,.T.);
#6666=EDGE_CURVE('',#3284,#3296,#2356,.T.);
#6668=EDGE_CURVE('',#3295,#3296,#2406,.T.);
#6673=ADVANCED_FACE('',(#6672),#6664,.T.);
#6681=EDGE_CURVE('',#3340,#3323,#2365,.T.);
#6683=EDGE_CURVE('',#3323,#3324,#2373,.T.);
#6685=EDGE_CURVE('',#3338,#3324,#2394,.T.);
#6688=EDGE_CURVE('',#3296,#3304,#2410,.T.);
#6693=ADVANCED_FACE('',(#6692),#6678,.T.);
#6699=EDGE_CURVE('',#3323,#3344,#2361,.T.);
#6703=EDGE_CURVE('',#3271,#3272,#2398,.T.);
#6706=EDGE_CURVE('',#3334,#3344,#2369,.T.);
#6710=ADVANCED_FACE('',(#6709),#6698,.F.);
#6718=EDGE_CURVE('',#3342,#3344,#2377,.T.);
#6720=EDGE_CURVE('',#3324,#3342,#2386,.T.);
#6724=ADVANCED_FACE('',(#6723),#6715,.T.);
#6733=EDGE_CURVE('',#3332,#3342,#2381,.T.);
#6737=ADVANCED_FACE('',(#6736),#6729,.F.);
#6746=EDGE_CURVE('',#3267,#3268,#2390,.T.);
#6752=ADVANCED_FACE('',(#6751),#6742,.F.);
#6764=ADVANCED_FACE('',(#6763),#6757,.F.);
#6776=ADVANCED_FACE('',(#6775),#6769,.F.);
#6788=ADVANCED_FACE('',(#6787),#6781,.F.);
#6794=EDGE_CURVE('',#3310,#3318,#2414,.T.);
#6797=EDGE_CURVE('',#3320,#3312,#2418,.T.);
#6799=EDGE_CURVE('',#3312,#3287,#2422,.T.);
#6801=EDGE_CURVE('',#3287,#3288,#2426,.T.);
#6803=EDGE_CURVE('',#3288,#3290,#2430,.T.);
#6805=EDGE_CURVE('',#3290,#3292,#2434,.T.);
#6807=EDGE_CURVE('',#3292,#3310,#2438,.T.);
#6811=ADVANCED_FACE('',(#6810),#6793,.F.);
#6820=EDGE_CURVE('',#3306,#3310,#2442,.T.);
#6824=ADVANCED_FACE('',(#6823),#6816,.T.);
#6833=EDGE_CURVE('',#3280,#3292,#2446,.T.);
#6837=ADVANCED_FACE('',(#6836),#6829,.T.);
#6846=EDGE_CURVE('',#3278,#3290,#2450,.T.);
#6850=ADVANCED_FACE('',(#6849),#6842,.T.);
#6859=EDGE_CURVE('',#3276,#3288,#2454,.T.);
#6863=ADVANCED_FACE('',(#6862),#6855,.T.);
#6872=EDGE_CURVE('',#3275,#3287,#2458,.T.);
#6876=ADVANCED_FACE('',(#6875),#6868,.T.);
#6885=EDGE_CURVE('',#3308,#3312,#2462,.T.);
#6889=ADVANCED_FACE('',(#6888),#6881,.T.);
#6901=ADVANCED_FACE('',(#6900),#6894,.T.);
#6908=EDGE_CURVE('',#3388,#3392,#2466,.T.);
#6910=EDGE_CURVE('',#3400,#3392,#2506,.T.);
#6915=ADVANCED_FACE('',(#6914),#6906,.T.);
#6922=EDGE_CURVE('',#3355,#3367,#2470,.T.);
#6924=EDGE_CURVE('',#3392,#3367,#2510,.T.);
#6929=ADVANCED_FACE('',(#6928),#6920,.T.);
#6936=EDGE_CURVE('',#3356,#3368,#2474,.T.);
#6938=EDGE_CURVE('',#3367,#3368,#2514,.T.);
#6943=ADVANCED_FACE('',(#6942),#6934,.T.);
#6950=EDGE_CURVE('',#3358,#3370,#2478,.T.);
#6952=EDGE_CURVE('',#3368,#3370,#2518,.T.);
#6957=ADVANCED_FACE('',(#6956),#6948,.T.);
#6964=EDGE_CURVE('',#3360,#3372,#2482,.T.);
#6966=EDGE_CURVE('',#3370,#3372,#2522,.T.);
#6971=ADVANCED_FACE('',(#6970),#6962,.T.);
#6978=EDGE_CURVE('',#3386,#3390,#2486,.T.);
#6980=EDGE_CURVE('',#3372,#3390,#2526,.T.);
#6985=ADVANCED_FACE('',(#6984),#6976,.T.);
#6993=EDGE_CURVE('',#3390,#3398,#2502,.T.);
#6998=ADVANCED_FACE('',(#6997),#6990,.T.);
#7010=ADVANCED_FACE('',(#7009),#7003,.F.);
#7026=ADVANCED_FACE('',(#7025),#7015,.F.);
#7033=EDGE_CURVE('',#2852,#2841,#2543,.T.);
#7036=EDGE_CURVE('',#2850,#2860,#2530,.T.);
#7038=EDGE_CURVE('',#3016,#2860,#2535,.T.);
#7043=ADVANCED_FACE('',(#7042),#7031,.F.);
#7055=ADVANCED_FACE('',(#7054),#7048,.F.);
#7062=EDGE_CURVE('',#2858,#2860,#2551,.T.);
#7068=ADVANCED_FACE('',(#7067),#7060,.F.);
#7080=ADVANCED_FACE('',(#7079),#7073,.T.);
#7089=EDGE_CURVE('',#2584,#2600,#2563,.T.);
#7093=ADVANCED_FACE('',(#7092),#7085,.T.);
#7105=ADVANCED_FACE('',(#7104),#7098,.T.);
#7111=EDGE_CURVE('',#3347,#3348,#2572,.T.);
#7118=ADVANCED_FACE('',(#7117),#7110,.F.);
#7132=ADVANCED_FACE('',(#7131),#7123,.F.);
#7144=ADVANCED_FACE('',(#7143),#7137,.F.);
#7154=(GEOMETRIC_REPRESENTATION_CONTEXT(3)GLOBAL_UNCERTAINTY_ASSIGNED_CONTEXT((
#7153))GLOBAL_UNIT_ASSIGNED_CONTEXT((#7147,#7151,#7152))REPRESENTATION_CONTEXT(
'ID1','3'));
#7155=ADVANCED_BREP_SHAPE_REPRESENTATION('',(#7146),#7154);
#7162=PRODUCT_DEFINITION('part definition','',#7161,#7158);
#7163=PRODUCT_DEFINITION_SHAPE('','SHAPE FOR C-5-103361-6.',#7162);
#7164=SHAPE_REPRESENTATION('',(#7146),#7154);
#7165=SHAPE_ASPECT('','solid data associated with C-5-103361-6',#7163,.F.);
#7166=PROPERTY_DEFINITION('',
'shape for solid data with which properties are associated',#7165);
#7167=SHAPE_DEFINITION_REPRESENTATION(#7166,#7164);
#7172=PROPERTY_DEFINITION('geometric_validation_property',
'area of C-5-103361-6',#7165);
#7173=REPRESENTATION('surface area',(#7171),#7154);
#7174=PROPERTY_DEFINITION_REPRESENTATION(#7172,#7173);
#7179=PROPERTY_DEFINITION('geometric_validation_property',
'volume of C-5-103361-6',#7165);
#7180=REPRESENTATION('volume',(#7178),#7154);
#7181=PROPERTY_DEFINITION_REPRESENTATION(#7179,#7180);
#7183=PROPERTY_DEFINITION('geometric_validation_property',
'centroid of C-5-103361-6',#7165);
#7184=REPRESENTATION('centroid',(#7182),#7154);
#7185=PROPERTY_DEFINITION_REPRESENTATION(#7183,#7184);
#7186=SHAPE_DEFINITION_REPRESENTATION(#7163,#7155);
ENDSEC;
END-ISO-10303-21;
