ISO-10303-21;
HEADER;
FILE_DESCRIPTION( ( 'STEP AP214' ), '1' );
FILE_NAME( 'C:/Users/KMIROS~1/AppData/Local/Temp/psolqas_12584_32.stp', '2020-05-07T21:37:34', ( 'License CC BY-ND 4.0' ), ( 'CADENAS' ), ' ', 'PARTsolutions', ' ' );
FILE_SCHEMA( ( 'AUTOMOTIVE_DESIGN { 1 0 10303 214 1 1 1 1 }' ) );
ENDSEC;
DATA;
#1 = PRODUCT_DEFINITION_CONTEXT( '', #9, 'design' );
#2 = APPLICATION_PROTOCOL_DEFINITION( 'international standard', 'automotive_design', 2001, #9 );
#3 = PRODUCT_CATEGORY_RELATIONSHIP( 'NONE', 'NONE', #10, #11 );
#4 = SHAPE_DEFINITION_REPRESENTATION( #12, #13 );
#5 =  ( GEOMETRIC_REPRESENTATION_CONTEXT( 3 )GLOBAL_UNCERTAINTY_ASSIGNED_CONTEXT( ( #16 ) )GLOBAL_UNIT_ASSIGNED_CONTEXT( ( #18, #19, #20 ) )REPRESENTATION_CONTEXT( 'NONE', 'WORKSPACE' ) );
#9 = APPLICATION_CONTEXT( 'core data for automotive mechanical design processes' );
#10 = PRODUCT_CATEGORY( 'part', 'NONE' );
#11 = PRODUCT_RELATED_PRODUCT_CATEGORY( 'detail', ' ', ( #22 ) );
#12 = PRODUCT_DEFINITION_SHAPE( 'NONE', 'NONE', #23 );
#13 = ADVANCED_BREP_SHAPE_REPRESENTATION( '1', ( #24, #25 ), #5 );
#16 = UNCERTAINTY_MEASURE_WITH_UNIT( LENGTH_MEASURE( 1.00000000000000E-06 ), #18, '', '' );
#18 =  ( CONVERSION_BASED_UNIT( 'METRE', #28 )LENGTH_UNIT(  )NAMED_UNIT( #31 ) );
#19 =  ( NAMED_UNIT( #33 )PLANE_ANGLE_UNIT(  )SI_UNIT( $, .RADIAN. ) );
#20 =  ( NAMED_UNIT( #33 )SI_UNIT( $, .STERADIAN. )SOLID_ANGLE_UNIT(  ) );
#22 = PRODUCT( '1', '1', 'PART-1-DESC', ( #39 ) );
#23 = PRODUCT_DEFINITION( 'NONE', 'NONE', #40, #1 );
#24 = MANIFOLD_SOLID_BREP( '1', #41 );
#25 = AXIS2_PLACEMENT_3D( '', #42, #43, #44 );
#28 = LENGTH_MEASURE_WITH_UNIT( LENGTH_MEASURE( 1.00000000000000 ), #45 );
#31 = DIMENSIONAL_EXPONENTS( 1.00000000000000, 0.000000000000000, 0.000000000000000, 0.000000000000000, 0.000000000000000, 0.000000000000000, 0.000000000000000 );
#33 = DIMENSIONAL_EXPONENTS( 0.000000000000000, 0.000000000000000, 0.000000000000000, 0.000000000000000, 0.000000000000000, 0.000000000000000, 0.000000000000000 );
#39 = PRODUCT_CONTEXT( '', #9, 'mechanical' );
#40 = PRODUCT_DEFINITION_FORMATION_WITH_SPECIFIED_SOURCE( ' ', 'NONE', #22, .NOT_KNOWN. );
#41 = CLOSED_SHELL( '', ( #46, #47, #48, #49, #50, #51, #52, #53, #54, #55, #56, #57, #58, #59, #60, #61, #62, #63, #64, #65, #66, #67, #68, #69, #70, #71, #72, #73, #74, #75, #76, #77, #78, #79, #80, #81, #82, #83, #84, #85, #86, #87, #88, #89, #90, #91, #92, #93, #94, #95, #96, #97, #98, #99, #100, #101, #102, #103, #104, #105, #106, #107, #108, #109, #110, #111, #112, #113, #114, #115, #116, #117, #118, #119, #120, #121, #122, #123, #124, #125, #126, #127, #128 ) );
#42 = CARTESIAN_POINT( '', ( 0.000000000000000, 0.000000000000000, 0.000000000000000 ) );
#43 = DIRECTION( '', ( 0.000000000000000, 0.000000000000000, 1.00000000000000 ) );
#44 = DIRECTION( '', ( 1.00000000000000, 0.000000000000000, 0.000000000000000 ) );
#45 =  ( LENGTH_UNIT(  )NAMED_UNIT( #31 )SI_UNIT( $, .METRE. ) );
#46 = ADVANCED_FACE( '', ( #130, #131 ), #132, .T. );
#47 = ADVANCED_FACE( '', ( #133, #134 ), #135, .T. );
#48 = ADVANCED_FACE( '', ( #136 ), #137, .F. );
#49 = ADVANCED_FACE( '', ( #138 ), #139, .T. );
#50 = ADVANCED_FACE( '', ( #140 ), #141, .T. );
#51 = ADVANCED_FACE( '', ( #142 ), #143, .T. );
#52 = ADVANCED_FACE( '', ( #144 ), #145, .T. );
#53 = ADVANCED_FACE( '', ( #146 ), #147, .T. );
#54 = ADVANCED_FACE( '', ( #148 ), #149, .F. );
#55 = ADVANCED_FACE( '', ( #150 ), #151, .F. );
#56 = ADVANCED_FACE( '', ( #152 ), #153, .F. );
#57 = ADVANCED_FACE( '', ( #154 ), #155, .F. );
#58 = ADVANCED_FACE( '', ( #156 ), #157, .F. );
#59 = ADVANCED_FACE( '', ( #158 ), #159, .T. );
#60 = ADVANCED_FACE( '', ( #160 ), #161, .F. );
#61 = ADVANCED_FACE( '', ( #162 ), #163, .F. );
#62 = ADVANCED_FACE( '', ( #164 ), #165, .T. );
#63 = ADVANCED_FACE( '', ( #166 ), #167, .T. );
#64 = ADVANCED_FACE( '', ( #168 ), #169, .F. );
#65 = ADVANCED_FACE( '', ( #170 ), #171, .T. );
#66 = ADVANCED_FACE( '', ( #172 ), #173, .T. );
#67 = ADVANCED_FACE( '', ( #174 ), #175, .F. );
#68 = ADVANCED_FACE( '', ( #176 ), #177, .T. );
#69 = ADVANCED_FACE( '', ( #178 ), #179, .F. );
#70 = ADVANCED_FACE( '', ( #180 ), #181, .T. );
#71 = ADVANCED_FACE( '', ( #182 ), #183, .T. );
#72 = ADVANCED_FACE( '', ( #184 ), #185, .T. );
#73 = ADVANCED_FACE( '', ( #186, #187 ), #188, .F. );
#74 = ADVANCED_FACE( '', ( #189 ), #190, .F. );
#75 = ADVANCED_FACE( '', ( #191 ), #192, .F. );
#76 = ADVANCED_FACE( '', ( #193, #194 ), #195, .T. );
#77 = ADVANCED_FACE( '', ( #196 ), #197, .T. );
#78 = ADVANCED_FACE( '', ( #198 ), #199, .T. );
#79 = ADVANCED_FACE( '', ( #200 ), #201, .F. );
#80 = ADVANCED_FACE( '', ( #202 ), #203, .T. );
#81 = ADVANCED_FACE( '', ( #204 ), #205, .T. );
#82 = ADVANCED_FACE( '', ( #206 ), #207, .T. );
#83 = ADVANCED_FACE( '', ( #208 ), #209, .T. );
#84 = ADVANCED_FACE( '', ( #210 ), #211, .T. );
#85 = ADVANCED_FACE( '', ( #212 ), #213, .F. );
#86 = ADVANCED_FACE( '', ( #214 ), #215, .T. );
#87 = ADVANCED_FACE( '', ( #216 ), #217, .T. );
#88 = ADVANCED_FACE( '', ( #218 ), #219, .T. );
#89 = ADVANCED_FACE( '', ( #220 ), #221, .T. );
#90 = ADVANCED_FACE( '', ( #222 ), #223, .T. );
#91 = ADVANCED_FACE( '', ( #224 ), #225, .T. );
#92 = ADVANCED_FACE( '', ( #226 ), #227, .F. );
#93 = ADVANCED_FACE( '', ( #228 ), #229, .F. );
#94 = ADVANCED_FACE( '', ( #230 ), #231, .T. );
#95 = ADVANCED_FACE( '', ( #232 ), #233, .F. );
#96 = ADVANCED_FACE( '', ( #234 ), #235, .T. );
#97 = ADVANCED_FACE( '', ( #236 ), #237, .F. );
#98 = ADVANCED_FACE( '', ( #238 ), #239, .T. );
#99 = ADVANCED_FACE( '', ( #240 ), #241, .T. );
#100 = ADVANCED_FACE( '', ( #242 ), #243, .T. );
#101 = ADVANCED_FACE( '', ( #244, #245 ), #246, .T. );
#102 = ADVANCED_FACE( '', ( #247 ), #248, .F. );
#103 = ADVANCED_FACE( '', ( #249 ), #250, .F. );
#104 = ADVANCED_FACE( '', ( #251 ), #252, .F. );
#105 = ADVANCED_FACE( '', ( #253 ), #254, .F. );
#106 = ADVANCED_FACE( '', ( #255 ), #256, .F. );
#107 = ADVANCED_FACE( '', ( #257 ), #258, .T. );
#108 = ADVANCED_FACE( '', ( #259 ), #260, .F. );
#109 = ADVANCED_FACE( '', ( #261 ), #262, .F. );
#110 = ADVANCED_FACE( '', ( #263 ), #264, .T. );
#111 = ADVANCED_FACE( '', ( #265 ), #266, .F. );
#112 = ADVANCED_FACE( '', ( #267 ), #268, .T. );
#113 = ADVANCED_FACE( '', ( #269, #270, #271 ), #272, .F. );
#114 = ADVANCED_FACE( '', ( #273 ), #274, .T. );
#115 = ADVANCED_FACE( '', ( #275 ), #276, .F. );
#116 = ADVANCED_FACE( '', ( #277 ), #278, .T. );
#117 = ADVANCED_FACE( '', ( #279 ), #280, .T. );
#118 = ADVANCED_FACE( '', ( #281 ), #282, .T. );
#119 = ADVANCED_FACE( '', ( #283, #284 ), #285, .F. );
#120 = ADVANCED_FACE( '', ( #286 ), #287, .F. );
#121 = ADVANCED_FACE( '', ( #288 ), #289, .F. );
#122 = ADVANCED_FACE( '', ( #290 ), #291, .T. );
#123 = ADVANCED_FACE( '', ( #292 ), #293, .F. );
#124 = ADVANCED_FACE( '', ( #294 ), #295, .T. );
#125 = ADVANCED_FACE( '', ( #296 ), #297, .F. );
#126 = ADVANCED_FACE( '', ( #298 ), #299, .T. );
#127 = ADVANCED_FACE( '', ( #300, #301 ), #302, .T. );
#128 = ADVANCED_FACE( '', ( #303, #304 ), #305, .T. );
#130 = FACE_OUTER_BOUND( '', #306, .T. );
#131 = FACE_OUTER_BOUND( '', #307, .T. );
#132 = TOROIDAL_SURFACE( '', #308, 0.00254000000000000, 0.00127000000000000 );
#133 = FACE_OUTER_BOUND( '', #309, .T. );
#134 = FACE_OUTER_BOUND( '', #310, .T. );
#135 = TOROIDAL_SURFACE( '', #311, 0.00254000000000000, 0.00127000000000000 );
#136 = FACE_OUTER_BOUND( '', #312, .T. );
#137 = PLANE( '', #313 );
#138 = FACE_OUTER_BOUND( '', #314, .T. );
#139 = PLANE( '', #315 );
#140 = FACE_OUTER_BOUND( '', #316, .T. );
#141 = CONICAL_SURFACE( '', #317, 0.000647691700000000, 0.785372721900000 );
#142 = FACE_OUTER_BOUND( '', #318, .T. );
#143 = CONICAL_SURFACE( '', #319, 0.000647691700000000, 0.785372721900000 );
#144 = FACE_OUTER_BOUND( '', #320, .T. );
#145 = PLANE( '', #321 );
#146 = FACE_OUTER_BOUND( '', #322, .T. );
#147 = CONICAL_SURFACE( '', #323, 0.000647691700000000, 0.785372721900000 );
#148 = FACE_OUTER_BOUND( '', #324, .T. );
#149 = PLANE( '', #325 );
#150 = FACE_OUTER_BOUND( '', #326, .T. );
#151 = PLANE( '', #327 );
#152 = FACE_OUTER_BOUND( '', #328, .T. );
#153 = PLANE( '', #329 );
#154 = FACE_OUTER_BOUND( '', #330, .T. );
#155 = PLANE( '', #331 );
#156 = FACE_OUTER_BOUND( '', #332, .T. );
#157 = PLANE( '', #333 );
#158 = FACE_OUTER_BOUND( '', #334, .T. );
#159 = PLANE( '', #335 );
#160 = FACE_OUTER_BOUND( '', #336, .T. );
#161 = PLANE( '', #337 );
#162 = FACE_OUTER_BOUND( '', #338, .T. );
#163 = PLANE( '', #339 );
#164 = FACE_OUTER_BOUND( '', #340, .T. );
#165 = CYLINDRICAL_SURFACE( '', #341, 0.000901700000000000 );
#166 = FACE_OUTER_BOUND( '', #342, .T. );
#167 = PLANE( '', #343 );
#168 = FACE_OUTER_BOUND( '', #344, .T. );
#169 = PLANE( '', #345 );
#170 = FACE_OUTER_BOUND( '', #346, .T. );
#171 = PLANE( '', #347 );
#172 = FACE_OUTER_BOUND( '', #348, .T. );
#173 = PLANE( '', #349 );
#174 = FACE_OUTER_BOUND( '', #350, .T. );
#175 = PLANE( '', #351 );
#176 = FACE_OUTER_BOUND( '', #352, .T. );
#177 = CYLINDRICAL_SURFACE( '', #353, 0.000381000000000000 );
#178 = FACE_OUTER_BOUND( '', #354, .T. );
#179 = PLANE( '', #355 );
#180 = FACE_OUTER_BOUND( '', #356, .T. );
#181 = CYLINDRICAL_SURFACE( '', #357, 0.000381000000000000 );
#182 = FACE_OUTER_BOUND( '', #358, .T. );
#183 = PLANE( '', #359 );
#184 = FACE_OUTER_BOUND( '', #360, .T. );
#185 = CYLINDRICAL_SURFACE( '', #361, 0.00304800000000000 );
#186 = FACE_OUTER_BOUND( '', #362, .T. );
#187 = FACE_BOUND( '', #363, .T. );
#188 = PLANE( '', #364 );
#189 = FACE_OUTER_BOUND( '', #365, .T. );
#190 = PLANE( '', #366 );
#191 = FACE_OUTER_BOUND( '', #367, .T. );
#192 = PLANE( '', #368 );
#193 = FACE_OUTER_BOUND( '', #369, .T. );
#194 = FACE_BOUND( '', #370, .T. );
#195 = PLANE( '', #371 );
#196 = FACE_OUTER_BOUND( '', #372, .T. );
#197 = PLANE( '', #373 );
#198 = FACE_OUTER_BOUND( '', #374, .T. );
#199 = PLANE( '', #375 );
#200 = FACE_OUTER_BOUND( '', #376, .T. );
#201 = PLANE( '', #377 );
#202 = FACE_OUTER_BOUND( '', #378, .T. );
#203 = PLANE( '', #379 );
#204 = FACE_OUTER_BOUND( '', #380, .T. );
#205 = PLANE( '', #381 );
#206 = FACE_OUTER_BOUND( '', #382, .T. );
#207 = PLANE( '', #383 );
#208 = FACE_OUTER_BOUND( '', #384, .T. );
#209 = CYLINDRICAL_SURFACE( '', #385, 0.000381000000000000 );
#210 = FACE_OUTER_BOUND( '', #386, .T. );
#211 = PLANE( '', #387 );
#212 = FACE_OUTER_BOUND( '', #388, .T. );
#213 = PLANE( '', #389 );
#214 = FACE_OUTER_BOUND( '', #390, .T. );
#215 = CYLINDRICAL_SURFACE( '', #391, 0.000901700000000000 );
#216 = FACE_OUTER_BOUND( '', #392, .T. );
#217 = CYLINDRICAL_SURFACE( '', #393, 0.000901700000000000 );
#218 = FACE_OUTER_BOUND( '', #394, .T. );
#219 = CYLINDRICAL_SURFACE( '', #395, 0.000901700000000000 );
#220 = FACE_OUTER_BOUND( '', #396, .T. );
#221 = PLANE( '', #397 );
#222 = FACE_OUTER_BOUND( '', #398, .T. );
#223 = PLANE( '', #399 );
#224 = FACE_OUTER_BOUND( '', #400, .T. );
#225 = PLANE( '', #401 );
#226 = FACE_OUTER_BOUND( '', #402, .T. );
#227 = PLANE( '', #403 );
#228 = FACE_OUTER_BOUND( '', #404, .T. );
#229 = PLANE( '', #405 );
#230 = FACE_OUTER_BOUND( '', #406, .T. );
#231 = PLANE( '', #407 );
#232 = FACE_OUTER_BOUND( '', #408, .T. );
#233 = PLANE( '', #409 );
#234 = FACE_OUTER_BOUND( '', #410, .T. );
#235 = PLANE( '', #411 );
#236 = FACE_OUTER_BOUND( '', #412, .T. );
#237 = PLANE( '', #413 );
#238 = FACE_OUTER_BOUND( '', #414, .T. );
#239 = CYLINDRICAL_SURFACE( '', #415, 0.000381000000000000 );
#240 = FACE_OUTER_BOUND( '', #416, .T. );
#241 = PLANE( '', #417 );
#242 = FACE_OUTER_BOUND( '', #418, .T. );
#243 = PLANE( '', #419 );
#244 = FACE_OUTER_BOUND( '', #420, .T. );
#245 = FACE_BOUND( '', #421, .T. );
#246 = PLANE( '', #422 );
#247 = FACE_OUTER_BOUND( '', #423, .T. );
#248 = PLANE( '', #424 );
#249 = FACE_OUTER_BOUND( '', #425, .T. );
#250 = PLANE( '', #426 );
#251 = FACE_OUTER_BOUND( '', #427, .T. );
#252 = PLANE( '', #428 );
#253 = FACE_OUTER_BOUND( '', #429, .T. );
#254 = PLANE( '', #430 );
#255 = FACE_OUTER_BOUND( '', #431, .T. );
#256 = PLANE( '', #432 );
#257 = FACE_OUTER_BOUND( '', #433, .T. );
#258 = PLANE( '', #434 );
#259 = FACE_OUTER_BOUND( '', #435, .T. );
#260 = PLANE( '', #436 );
#261 = FACE_OUTER_BOUND( '', #437, .T. );
#262 = PLANE( '', #438 );
#263 = FACE_OUTER_BOUND( '', #439, .T. );
#264 = PLANE( '', #440 );
#265 = FACE_OUTER_BOUND( '', #441, .T. );
#266 = PLANE( '', #442 );
#267 = FACE_OUTER_BOUND( '', #443, .T. );
#268 = PLANE( '', #444 );
#269 = FACE_OUTER_BOUND( '', #445, .T. );
#270 = FACE_BOUND( '', #446, .T. );
#271 = FACE_BOUND( '', #447, .T. );
#272 = PLANE( '', #448 );
#273 = FACE_OUTER_BOUND( '', #449, .T. );
#274 = PLANE( '', #450 );
#275 = FACE_OUTER_BOUND( '', #451, .T. );
#276 = PLANE( '', #452 );
#277 = FACE_OUTER_BOUND( '', #453, .T. );
#278 = PLANE( '', #454 );
#279 = FACE_OUTER_BOUND( '', #455, .T. );
#280 = PLANE( '', #456 );
#281 = FACE_OUTER_BOUND( '', #457, .T. );
#282 = PLANE( '', #458 );
#283 = FACE_OUTER_BOUND( '', #459, .T. );
#284 = FACE_BOUND( '', #460, .T. );
#285 = PLANE( '', #461 );
#286 = FACE_OUTER_BOUND( '', #462, .T. );
#287 = PLANE( '', #463 );
#288 = FACE_OUTER_BOUND( '', #464, .T. );
#289 = PLANE( '', #465 );
#290 = FACE_OUTER_BOUND( '', #466, .T. );
#291 = CYLINDRICAL_SURFACE( '', #467, 0.00304800000000000 );
#292 = FACE_OUTER_BOUND( '', #468, .T. );
#293 = PLANE( '', #469 );
#294 = FACE_OUTER_BOUND( '', #470, .T. );
#295 = CYLINDRICAL_SURFACE( '', #471, 0.00304800000000000 );
#296 = FACE_OUTER_BOUND( '', #472, .T. );
#297 = PLANE( '', #473 );
#298 = FACE_OUTER_BOUND( '', #474, .T. );
#299 = CONICAL_SURFACE( '', #475, 0.000647691700000000, 0.785372721900000 );
#300 = FACE_OUTER_BOUND( '', #476, .T. );
#301 = FACE_OUTER_BOUND( '', #477, .T. );
#302 = CYLINDRICAL_SURFACE( '', #478, 0.00381000000000000 );
#303 = FACE_OUTER_BOUND( '', #479, .T. );
#304 = FACE_OUTER_BOUND( '', #480, .T. );
#305 = CYLINDRICAL_SURFACE( '', #481, 0.00381000000000000 );
#306 = EDGE_LOOP( '', ( #482, #483, #484, #485, #486, #487, #488, #489 ) );
#307 = EDGE_LOOP( '', ( #490 ) );
#308 = AXIS2_PLACEMENT_3D( '', #491, #492, #493 );
#309 = EDGE_LOOP( '', ( #494, #495, #496, #497, #498, #499, #500, #501 ) );
#310 = EDGE_LOOP( '', ( #502 ) );
#311 = AXIS2_PLACEMENT_3D( '', #503, #504, #505 );
#312 = EDGE_LOOP( '', ( #506, #507, #508, #509 ) );
#313 = AXIS2_PLACEMENT_3D( '', #510, #511, #512 );
#314 = EDGE_LOOP( '', ( #513, #514, #515, #516 ) );
#315 = AXIS2_PLACEMENT_3D( '', #517, #518, #519 );
#316 = EDGE_LOOP( '', ( #520, #521, #522, #523 ) );
#317 = AXIS2_PLACEMENT_3D( '', #524, #525, #526 );
#318 = EDGE_LOOP( '', ( #527, #528, #529, #530 ) );
#319 = AXIS2_PLACEMENT_3D( '', #531, #532, #533 );
#320 = EDGE_LOOP( '', ( #534, #535, #536, #537 ) );
#321 = AXIS2_PLACEMENT_3D( '', #538, #539, #540 );
#322 = EDGE_LOOP( '', ( #541, #542, #543, #544 ) );
#323 = AXIS2_PLACEMENT_3D( '', #545, #546, #547 );
#324 = EDGE_LOOP( '', ( #548, #549, #550, #551 ) );
#325 = AXIS2_PLACEMENT_3D( '', #552, #553, #554 );
#326 = EDGE_LOOP( '', ( #555, #556, #557, #558 ) );
#327 = AXIS2_PLACEMENT_3D( '', #559, #560, #561 );
#328 = EDGE_LOOP( '', ( #562, #563, #564, #565 ) );
#329 = AXIS2_PLACEMENT_3D( '', #566, #567, #568 );
#330 = EDGE_LOOP( '', ( #569, #570, #571, #572 ) );
#331 = AXIS2_PLACEMENT_3D( '', #573, #574, #575 );
#332 = EDGE_LOOP( '', ( #576, #577, #578, #579, #580, #581 ) );
#333 = AXIS2_PLACEMENT_3D( '', #582, #583, #584 );
#334 = EDGE_LOOP( '', ( #585, #586, #587, #588 ) );
#335 = AXIS2_PLACEMENT_3D( '', #589, #590, #591 );
#336 = EDGE_LOOP( '', ( #592, #593, #594, #595 ) );
#337 = AXIS2_PLACEMENT_3D( '', #596, #597, #598 );
#338 = EDGE_LOOP( '', ( #599, #600, #601, #602 ) );
#339 = AXIS2_PLACEMENT_3D( '', #603, #604, #605 );
#340 = EDGE_LOOP( '', ( #606, #607, #608, #609 ) );
#341 = AXIS2_PLACEMENT_3D( '', #610, #611, #612 );
#342 = EDGE_LOOP( '', ( #613, #614, #615, #616 ) );
#343 = AXIS2_PLACEMENT_3D( '', #617, #618, #619 );
#344 = EDGE_LOOP( '', ( #620, #621, #622, #623 ) );
#345 = AXIS2_PLACEMENT_3D( '', #624, #625, #626 );
#346 = EDGE_LOOP( '', ( #627, #628, #629, #630, #631, #632 ) );
#347 = AXIS2_PLACEMENT_3D( '', #633, #634, #635 );
#348 = EDGE_LOOP( '', ( #636, #637, #638, #639 ) );
#349 = AXIS2_PLACEMENT_3D( '', #640, #641, #642 );
#350 = EDGE_LOOP( '', ( #643, #644, #645, #646 ) );
#351 = AXIS2_PLACEMENT_3D( '', #647, #648, #649 );
#352 = EDGE_LOOP( '', ( #650, #651, #652, #653 ) );
#353 = AXIS2_PLACEMENT_3D( '', #654, #655, #656 );
#354 = EDGE_LOOP( '', ( #657, #658, #659, #660, #661 ) );
#355 = AXIS2_PLACEMENT_3D( '', #662, #663, #664 );
#356 = EDGE_LOOP( '', ( #665, #666, #667, #668 ) );
#357 = AXIS2_PLACEMENT_3D( '', #669, #670, #671 );
#358 = EDGE_LOOP( '', ( #672, #673, #674, #675, #676, #677 ) );
#359 = AXIS2_PLACEMENT_3D( '', #678, #679, #680 );
#360 = EDGE_LOOP( '', ( #681, #682, #683, #684 ) );
#361 = AXIS2_PLACEMENT_3D( '', #685, #686, #687 );
#362 = EDGE_LOOP( '', ( #688, #689, #690, #691 ) );
#363 = EDGE_LOOP( '', ( #692, #693, #694, #695 ) );
#364 = AXIS2_PLACEMENT_3D( '', #696, #697, #698 );
#365 = EDGE_LOOP( '', ( #699, #700, #701, #702, #703, #704 ) );
#366 = AXIS2_PLACEMENT_3D( '', #705, #706, #707 );
#367 = EDGE_LOOP( '', ( #708, #709, #710, #711, #712, #713 ) );
#368 = AXIS2_PLACEMENT_3D( '', #714, #715, #716 );
#369 = EDGE_LOOP( '', ( #717, #718, #719, #720 ) );
#370 = EDGE_LOOP( '', ( #721 ) );
#371 = AXIS2_PLACEMENT_3D( '', #722, #723, #724 );
#372 = EDGE_LOOP( '', ( #725, #726, #727, #728 ) );
#373 = AXIS2_PLACEMENT_3D( '', #729, #730, #731 );
#374 = EDGE_LOOP( '', ( #732, #733, #734, #735 ) );
#375 = AXIS2_PLACEMENT_3D( '', #736, #737, #738 );
#376 = EDGE_LOOP( '', ( #739, #740, #741, #742 ) );
#377 = AXIS2_PLACEMENT_3D( '', #743, #744, #745 );
#378 = EDGE_LOOP( '', ( #746, #747, #748, #749 ) );
#379 = AXIS2_PLACEMENT_3D( '', #750, #751, #752 );
#380 = EDGE_LOOP( '', ( #753, #754, #755, #756, #757 ) );
#381 = AXIS2_PLACEMENT_3D( '', #758, #759, #760 );
#382 = EDGE_LOOP( '', ( #761, #762, #763, #764, #765, #766, #767 ) );
#383 = AXIS2_PLACEMENT_3D( '', #768, #769, #770 );
#384 = EDGE_LOOP( '', ( #771, #772, #773, #774 ) );
#385 = AXIS2_PLACEMENT_3D( '', #775, #776, #777 );
#386 = EDGE_LOOP( '', ( #778, #779, #780, #781 ) );
#387 = AXIS2_PLACEMENT_3D( '', #782, #783, #784 );
#388 = EDGE_LOOP( '', ( #785, #786, #787, #788, #789, #790 ) );
#389 = AXIS2_PLACEMENT_3D( '', #791, #792, #793 );
#390 = EDGE_LOOP( '', ( #794, #795, #796, #797 ) );
#391 = AXIS2_PLACEMENT_3D( '', #798, #799, #800 );
#392 = EDGE_LOOP( '', ( #801, #802, #803, #804 ) );
#393 = AXIS2_PLACEMENT_3D( '', #805, #806, #807 );
#394 = EDGE_LOOP( '', ( #808, #809, #810, #811 ) );
#395 = AXIS2_PLACEMENT_3D( '', #812, #813, #814 );
#396 = EDGE_LOOP( '', ( #815, #816, #817, #818, #819, #820, #821, #822, #823, #824, #825, #826 ) );
#397 = AXIS2_PLACEMENT_3D( '', #827, #828, #829 );
#398 = EDGE_LOOP( '', ( #830, #831, #832, #833 ) );
#399 = AXIS2_PLACEMENT_3D( '', #834, #835, #836 );
#400 = EDGE_LOOP( '', ( #837, #838, #839, #840 ) );
#401 = AXIS2_PLACEMENT_3D( '', #841, #842, #843 );
#402 = EDGE_LOOP( '', ( #844, #845, #846, #847, #848, #849, #850 ) );
#403 = AXIS2_PLACEMENT_3D( '', #851, #852, #853 );
#404 = EDGE_LOOP( '', ( #854, #855, #856, #857 ) );
#405 = AXIS2_PLACEMENT_3D( '', #858, #859, #860 );
#406 = EDGE_LOOP( '', ( #861, #862, #863, #864, #865, #866, #867 ) );
#407 = AXIS2_PLACEMENT_3D( '', #868, #869, #870 );
#408 = EDGE_LOOP( '', ( #871, #872, #873, #874 ) );
#409 = AXIS2_PLACEMENT_3D( '', #875, #876, #877 );
#410 = EDGE_LOOP( '', ( #878, #879, #880, #881 ) );
#411 = AXIS2_PLACEMENT_3D( '', #882, #883, #884 );
#412 = EDGE_LOOP( '', ( #885, #886 ) );
#413 = AXIS2_PLACEMENT_3D( '', #887, #888, #889 );
#414 = EDGE_LOOP( '', ( #890, #891, #892, #893 ) );
#415 = AXIS2_PLACEMENT_3D( '', #894, #895, #896 );
#416 = EDGE_LOOP( '', ( #897, #898, #899, #900 ) );
#417 = AXIS2_PLACEMENT_3D( '', #901, #902, #903 );
#418 = EDGE_LOOP( '', ( #904, #905, #906, #907 ) );
#419 = AXIS2_PLACEMENT_3D( '', #908, #909, #910 );
#420 = EDGE_LOOP( '', ( #911, #912, #913, #914 ) );
#421 = EDGE_LOOP( '', ( #915 ) );
#422 = AXIS2_PLACEMENT_3D( '', #916, #917, #918 );
#423 = EDGE_LOOP( '', ( #919, #920, #921, #922 ) );
#424 = AXIS2_PLACEMENT_3D( '', #923, #924, #925 );
#425 = EDGE_LOOP( '', ( #926, #927, #928, #929, #930, #931, #932 ) );
#426 = AXIS2_PLACEMENT_3D( '', #933, #934, #935 );
#427 = EDGE_LOOP( '', ( #936, #937, #938, #939 ) );
#428 = AXIS2_PLACEMENT_3D( '', #940, #941, #942 );
#429 = EDGE_LOOP( '', ( #943, #944, #945, #946 ) );
#430 = AXIS2_PLACEMENT_3D( '', #947, #948, #949 );
#431 = EDGE_LOOP( '', ( #950, #951 ) );
#432 = AXIS2_PLACEMENT_3D( '', #952, #953, #954 );
#433 = EDGE_LOOP( '', ( #955, #956, #957, #958 ) );
#434 = AXIS2_PLACEMENT_3D( '', #959, #960, #961 );
#435 = EDGE_LOOP( '', ( #962, #963, #964, #965, #966, #967, #968, #969 ) );
#436 = AXIS2_PLACEMENT_3D( '', #970, #971, #972 );
#437 = EDGE_LOOP( '', ( #973, #974, #975, #976, #977, #978 ) );
#438 = AXIS2_PLACEMENT_3D( '', #979, #980, #981 );
#439 = EDGE_LOOP( '', ( #982, #983, #984, #985, #986, #987, #988, #989 ) );
#440 = AXIS2_PLACEMENT_3D( '', #990, #991, #992 );
#441 = EDGE_LOOP( '', ( #993, #994, #995, #996, #997, #998 ) );
#442 = AXIS2_PLACEMENT_3D( '', #999, #1000, #1001 );
#443 = EDGE_LOOP( '', ( #1002, #1003, #1004, #1005, #1006, #1007, #1008, #1009, #1010, #1011, #1012, #1013, #1014, #1015, #1016, #1017 ) );
#444 = AXIS2_PLACEMENT_3D( '', #1018, #1019, #1020 );
#445 = EDGE_LOOP( '', ( #1021, #1022, #1023, #1024, #1025, #1026, #1027, #1028 ) );
#446 = EDGE_LOOP( '', ( #1029, #1030, #1031, #1032 ) );
#447 = EDGE_LOOP( '', ( #1033, #1034, #1035, #1036 ) );
#448 = AXIS2_PLACEMENT_3D( '', #1037, #1038, #1039 );
#449 = EDGE_LOOP( '', ( #1040, #1041, #1042, #1043 ) );
#450 = AXIS2_PLACEMENT_3D( '', #1044, #1045, #1046 );
#451 = EDGE_LOOP( '', ( #1047, #1048, #1049, #1050 ) );
#452 = AXIS2_PLACEMENT_3D( '', #1051, #1052, #1053 );
#453 = EDGE_LOOP( '', ( #1054, #1055, #1056, #1057 ) );
#454 = AXIS2_PLACEMENT_3D( '', #1058, #1059, #1060 );
#455 = EDGE_LOOP( '', ( #1061, #1062, #1063, #1064 ) );
#456 = AXIS2_PLACEMENT_3D( '', #1065, #1066, #1067 );
#457 = EDGE_LOOP( '', ( #1068, #1069, #1070, #1071 ) );
#458 = AXIS2_PLACEMENT_3D( '', #1072, #1073, #1074 );
#459 = EDGE_LOOP( '', ( #1075, #1076, #1077, #1078 ) );
#460 = EDGE_LOOP( '', ( #1079, #1080, #1081, #1082 ) );
#461 = AXIS2_PLACEMENT_3D( '', #1083, #1084, #1085 );
#462 = EDGE_LOOP( '', ( #1086, #1087, #1088, #1089, #1090, #1091, #1092, #1093 ) );
#463 = AXIS2_PLACEMENT_3D( '', #1094, #1095, #1096 );
#464 = EDGE_LOOP( '', ( #1097, #1098, #1099, #1100 ) );
#465 = AXIS2_PLACEMENT_3D( '', #1101, #1102, #1103 );
#466 = EDGE_LOOP( '', ( #1104, #1105, #1106, #1107 ) );
#467 = AXIS2_PLACEMENT_3D( '', #1108, #1109, #1110 );
#468 = EDGE_LOOP( '', ( #1111, #1112, #1113, #1114 ) );
#469 = AXIS2_PLACEMENT_3D( '', #1115, #1116, #1117 );
#470 = EDGE_LOOP( '', ( #1118, #1119, #1120, #1121 ) );
#471 = AXIS2_PLACEMENT_3D( '', #1122, #1123, #1124 );
#472 = EDGE_LOOP( '', ( #1125, #1126, #1127, #1128 ) );
#473 = AXIS2_PLACEMENT_3D( '', #1129, #1130, #1131 );
#474 = EDGE_LOOP( '', ( #1132, #1133, #1134, #1135 ) );
#475 = AXIS2_PLACEMENT_3D( '', #1136, #1137, #1138 );
#476 = EDGE_LOOP( '', ( #1139 ) );
#477 = EDGE_LOOP( '', ( #1140 ) );
#478 = AXIS2_PLACEMENT_3D( '', #1141, #1142, #1143 );
#479 = EDGE_LOOP( '', ( #1144 ) );
#480 = EDGE_LOOP( '', ( #1145 ) );
#481 = AXIS2_PLACEMENT_3D( '', #1146, #1147, #1148 );
#482 = ORIENTED_EDGE( '', *, *, #1149, .F. );
#483 = ORIENTED_EDGE( '', *, *, #1150, .T. );
#484 = ORIENTED_EDGE( '', *, *, #1151, .T. );
#485 = ORIENTED_EDGE( '', *, *, #1152, .T. );
#486 = ORIENTED_EDGE( '', *, *, #1153, .F. );
#487 = ORIENTED_EDGE( '', *, *, #1154, .T. );
#488 = ORIENTED_EDGE( '', *, *, #1155, .T. );
#489 = ORIENTED_EDGE( '', *, *, #1156, .T. );
#490 = ORIENTED_EDGE( '', *, *, #1157, .F. );
#491 = CARTESIAN_POINT( '', ( 0.00635000000000000, 0.0122174000000000, 0.000000000000000 ) );
#492 = DIRECTION( '', ( 0.000000000000000, -1.00000000000000, 0.000000000000000 ) );
#493 = DIRECTION( '', ( 0.000000000000000, 0.000000000000000, 1.00000000000000 ) );
#494 = ORIENTED_EDGE( '', *, *, #1158, .F. );
#495 = ORIENTED_EDGE( '', *, *, #1159, .T. );
#496 = ORIENTED_EDGE( '', *, *, #1160, .T. );
#497 = ORIENTED_EDGE( '', *, *, #1161, .T. );
#498 = ORIENTED_EDGE( '', *, *, #1162, .F. );
#499 = ORIENTED_EDGE( '', *, *, #1163, .T. );
#500 = ORIENTED_EDGE( '', *, *, #1164, .T. );
#501 = ORIENTED_EDGE( '', *, *, #1165, .T. );
#502 = ORIENTED_EDGE( '', *, *, #1166, .F. );
#503 = CARTESIAN_POINT( '', ( -0.00635000000000000, 0.0122174000000000, 0.000000000000000 ) );
#504 = DIRECTION( '', ( 0.000000000000000, -1.00000000000000, 0.000000000000000 ) );
#505 = DIRECTION( '', ( 0.000000000000000, 0.000000000000000, 1.00000000000000 ) );
#506 = ORIENTED_EDGE( '', *, *, #1167, .T. );
#507 = ORIENTED_EDGE( '', *, *, #1163, .F. );
#508 = ORIENTED_EDGE( '', *, *, #1168, .F. );
#509 = ORIENTED_EDGE( '', *, *, #1161, .F. );
#510 = CARTESIAN_POINT( '', ( -0.00254000000000000, 0.0135636000000000, 0.000635000000000000 ) );
#511 = DIRECTION( '', ( 0.000000000000000, 0.000000000000000, 1.00000000000000 ) );
#512 = DIRECTION( '', ( 1.00000000000000, -0.000000000000000, 0.000000000000000 ) );
#513 = ORIENTED_EDGE( '', *, *, #1169, .T. );
#514 = ORIENTED_EDGE( '', *, *, #1170, .T. );
#515 = ORIENTED_EDGE( '', *, *, #1171, .F. );
#516 = ORIENTED_EDGE( '', *, *, #1172, .F. );
#517 = CARTESIAN_POINT( '', ( -0.00635000000000000, -0.00381000000000000, -0.00715010000000000 ) );
#518 = DIRECTION( '', ( 0.000000000000000, -0.707106781186548, -0.707106781186548 ) );
#519 = DIRECTION( '', ( 0.000000000000000, -0.707106781186548, 0.707106781186548 ) );
#520 = ORIENTED_EDGE( '', *, *, #1171, .T. );
#521 = ORIENTED_EDGE( '', *, *, #1173, .T. );
#522 = ORIENTED_EDGE( '', *, *, #1174, .F. );
#523 = ORIENTED_EDGE( '', *, *, #1175, .F. );
#524 = CARTESIAN_POINT( '', ( -0.00560070000000000, -0.00380997531647304, -0.00650240000000000 ) );
#525 = DIRECTION( '', ( 0.000000000000000, 1.00000000000000, 0.000000000000000 ) );
#526 = DIRECTION( '', ( 0.000000000000000, 0.000000000000000, -1.00000000000000 ) );
#527 = ORIENTED_EDGE( '', *, *, #1176, .T. );
#528 = ORIENTED_EDGE( '', *, *, #1177, .T. );
#529 = ORIENTED_EDGE( '', *, *, #1178, .F. );
#530 = ORIENTED_EDGE( '', *, *, #1179, .F. );
#531 = CARTESIAN_POINT( '', ( 0.00560070000000000, -0.00380997531647304, 0.00650240000000000 ) );
#532 = DIRECTION( '', ( 0.000000000000000, 1.00000000000000, 0.000000000000000 ) );
#533 = DIRECTION( '', ( 0.000000000000000, 0.000000000000000, -1.00000000000000 ) );
#534 = ORIENTED_EDGE( '', *, *, #1180, .T. );
#535 = ORIENTED_EDGE( '', *, *, #1181, .T. );
#536 = ORIENTED_EDGE( '', *, *, #1176, .F. );
#537 = ORIENTED_EDGE( '', *, *, #1182, .F. );
#538 = CARTESIAN_POINT( '', ( 0.00635000000000000, -0.00381000000000000, 0.00715010000000000 ) );
#539 = DIRECTION( '', ( 0.000000000000000, -0.707106781186548, 0.707106781186548 ) );
#540 = DIRECTION( '', ( -1.00000000000000, 0.000000000000000, 0.000000000000000 ) );
#541 = ORIENTED_EDGE( '', *, *, #1183, .T. );
#542 = ORIENTED_EDGE( '', *, *, #1184, .T. );
#543 = ORIENTED_EDGE( '', *, *, #1180, .F. );
#544 = ORIENTED_EDGE( '', *, *, #1185, .F. );
#545 = CARTESIAN_POINT( '', ( 0.00709930000000000, -0.00380997531647304, 0.00650240000000000 ) );
#546 = DIRECTION( '', ( 0.000000000000000, 1.00000000000000, 0.000000000000000 ) );
#547 = DIRECTION( '', ( 0.000000000000000, 0.000000000000000, -1.00000000000000 ) );
#548 = ORIENTED_EDGE( '', *, *, #1186, .T. );
#549 = ORIENTED_EDGE( '', *, *, #1187, .F. );
#550 = ORIENTED_EDGE( '', *, *, #1188, .F. );
#551 = ORIENTED_EDGE( '', *, *, #1189, .F. );
#552 = CARTESIAN_POINT( '', ( 0.0114554000000000, 0.0226060000000000, -0.00746760000000000 ) );
#553 = DIRECTION( '', ( 0.000000000000000, 0.000000000000000, -1.00000000000000 ) );
#554 = DIRECTION( '', ( 0.000000000000000, -1.00000000000000, 0.000000000000000 ) );
#555 = ORIENTED_EDGE( '', *, *, #1190, .T. );
#556 = ORIENTED_EDGE( '', *, *, #1191, .T. );
#557 = ORIENTED_EDGE( '', *, *, #1192, .F. );
#558 = ORIENTED_EDGE( '', *, *, #1193, .F. );
#559 = CARTESIAN_POINT( '', ( 0.00571500000000000, 0.0134874000000000, -0.00228600000000000 ) );
#560 = DIRECTION( '', ( -1.00000000000000, 0.000000000000000, 0.000000000000000 ) );
#561 = DIRECTION( '', ( 0.000000000000000, 0.000000000000000, 1.00000000000000 ) );
#562 = ORIENTED_EDGE( '', *, *, #1194, .T. );
#563 = ORIENTED_EDGE( '', *, *, #1195, .T. );
#564 = ORIENTED_EDGE( '', *, *, #1196, .F. );
#565 = ORIENTED_EDGE( '', *, *, #1197, .F. );
#566 = CARTESIAN_POINT( '', ( 0.00698500000000000, 0.0134874000000000, -0.00101600000000000 ) );
#567 = DIRECTION( '', ( 1.00000000000000, 0.000000000000000, 0.000000000000000 ) );
#568 = DIRECTION( '', ( 0.000000000000000, 1.00000000000000, -0.000000000000000 ) );
#569 = ORIENTED_EDGE( '', *, *, #1198, .T. );
#570 = ORIENTED_EDGE( '', *, *, #1199, .T. );
#571 = ORIENTED_EDGE( '', *, *, #1200, .F. );
#572 = ORIENTED_EDGE( '', *, *, #1201, .F. );
#573 = CARTESIAN_POINT( '', ( 0.00571500000000000, 0.0134874000000000, 0.00101600000000000 ) );
#574 = DIRECTION( '', ( -1.00000000000000, 0.000000000000000, 0.000000000000000 ) );
#575 = DIRECTION( '', ( 0.000000000000000, 0.000000000000000, 1.00000000000000 ) );
#576 = ORIENTED_EDGE( '', *, *, #1202, .F. );
#577 = ORIENTED_EDGE( '', *, *, #1203, .T. );
#578 = ORIENTED_EDGE( '', *, *, #1204, .T. );
#579 = ORIENTED_EDGE( '', *, *, #1205, .F. );
#580 = ORIENTED_EDGE( '', *, *, #1206, .F. );
#581 = ORIENTED_EDGE( '', *, *, #1207, .T. );
#582 = CARTESIAN_POINT( '', ( 0.0114554000000000, 0.00810260000000000, 0.0100584000000000 ) );
#583 = DIRECTION( '', ( 0.000000000000000, 0.000000000000000, -1.00000000000000 ) );
#584 = DIRECTION( '', ( 0.000000000000000, -1.00000000000000, 0.000000000000000 ) );
#585 = ORIENTED_EDGE( '', *, *, #1208, .F. );
#586 = ORIENTED_EDGE( '', *, *, #1209, .T. );
#587 = ORIENTED_EDGE( '', *, *, #1210, .T. );
#588 = ORIENTED_EDGE( '', *, *, #1211, .F. );
#589 = CARTESIAN_POINT( '', ( -0.0139700000000000, 0.0195580000000000, 0.0120904000000000 ) );
#590 = DIRECTION( '', ( 0.000000000000000, 0.000000000000000, 1.00000000000000 ) );
#591 = DIRECTION( '', ( 1.00000000000000, -0.000000000000000, 0.000000000000000 ) );
#592 = ORIENTED_EDGE( '', *, *, #1212, .T. );
#593 = ORIENTED_EDGE( '', *, *, #1164, .F. );
#594 = ORIENTED_EDGE( '', *, *, #1167, .F. );
#595 = ORIENTED_EDGE( '', *, *, #1160, .F. );
#596 = CARTESIAN_POINT( '', ( -0.00254000000000000, 0.0122936000000000, 0.000635000000000000 ) );
#597 = DIRECTION( '', ( 0.000000000000000, -1.00000000000000, 0.000000000000000 ) );
#598 = DIRECTION( '', ( 0.000000000000000, 0.000000000000000, -1.00000000000000 ) );
#599 = ORIENTED_EDGE( '', *, *, #1213, .T. );
#600 = ORIENTED_EDGE( '', *, *, #1214, .F. );
#601 = ORIENTED_EDGE( '', *, *, #1215, .F. );
#602 = ORIENTED_EDGE( '', *, *, #1216, .T. );
#603 = CARTESIAN_POINT( '', ( -0.00124460000000000, 0.0226060000000000, -0.00746760000000000 ) );
#604 = DIRECTION( '', ( 0.000000000000000, 0.000000000000000, -1.00000000000000 ) );
#605 = DIRECTION( '', ( 0.000000000000000, -1.00000000000000, 0.000000000000000 ) );
#606 = ORIENTED_EDGE( '', *, *, #1217, .T. );
#607 = ORIENTED_EDGE( '', *, *, #1218, .T. );
#608 = ORIENTED_EDGE( '', *, *, #1219, .F. );
#609 = ORIENTED_EDGE( '', *, *, #1220, .F. );
#610 = CARTESIAN_POINT( '', ( -0.00709930000000000, 0.000508000000000000, -0.00650240000000000 ) );
#611 = DIRECTION( '', ( -0.000000000000000, 1.00000000000000, -0.000000000000000 ) );
#612 = DIRECTION( '', ( 1.00000000000000, 0.000000000000000, 0.000000000000000 ) );
#613 = ORIENTED_EDGE( '', *, *, #1174, .T. );
#614 = ORIENTED_EDGE( '', *, *, #1221, .T. );
#615 = ORIENTED_EDGE( '', *, *, #1222, .F. );
#616 = ORIENTED_EDGE( '', *, *, #1223, .F. );
#617 = CARTESIAN_POINT( '', ( -0.00635000000000000, -0.00381000000000000, -0.00585470000000000 ) );
#618 = DIRECTION( '', ( 0.000000000000000, -0.707106781186548, 0.707106781186548 ) );
#619 = DIRECTION( '', ( -1.00000000000000, 0.000000000000000, 0.000000000000000 ) );
#620 = ORIENTED_EDGE( '', *, *, #1224, .F. );
#621 = ORIENTED_EDGE( '', *, *, #1151, .F. );
#622 = ORIENTED_EDGE( '', *, *, #1225, .T. );
#623 = ORIENTED_EDGE( '', *, *, #1226, .F. );
#624 = CARTESIAN_POINT( '', ( 0.0101600000000000, 0.0122936000000000, 0.000635000000000000 ) );
#625 = DIRECTION( '', ( 0.000000000000000, -1.00000000000000, 0.000000000000000 ) );
#626 = DIRECTION( '', ( 0.000000000000000, 0.000000000000000, -1.00000000000000 ) );
#627 = ORIENTED_EDGE( '', *, *, #1210, .F. );
#628 = ORIENTED_EDGE( '', *, *, #1227, .T. );
#629 = ORIENTED_EDGE( '', *, *, #1228, .T. );
#630 = ORIENTED_EDGE( '', *, *, #1229, .F. );
#631 = ORIENTED_EDGE( '', *, *, #1230, .T. );
#632 = ORIENTED_EDGE( '', *, *, #1231, .F. );
#633 = CARTESIAN_POINT( '', ( -0.0139700000000000, 0.000000000000000, 0.0120904000000000 ) );
#634 = DIRECTION( '', ( 0.000000000000000, -1.00000000000000, 0.000000000000000 ) );
#635 = DIRECTION( '', ( 0.000000000000000, 0.000000000000000, -1.00000000000000 ) );
#636 = ORIENTED_EDGE( '', *, *, #1232, .T. );
#637 = ORIENTED_EDGE( '', *, *, #1233, .T. );
#638 = ORIENTED_EDGE( '', *, *, #1234, .F. );
#639 = ORIENTED_EDGE( '', *, *, #1235, .F. );
#640 = CARTESIAN_POINT( '', ( 0.00160020000000000, 0.000508000000000000, -0.00474980000000000 ) );
#641 = DIRECTION( '', ( 0.000000000000000, 0.000000000000000, -1.00000000000000 ) );
#642 = DIRECTION( '', ( 0.000000000000000, -1.00000000000000, 0.000000000000000 ) );
#643 = ORIENTED_EDGE( '', *, *, #1226, .T. );
#644 = ORIENTED_EDGE( '', *, *, #1236, .T. );
#645 = ORIENTED_EDGE( '', *, *, #1237, .F. );
#646 = ORIENTED_EDGE( '', *, *, #1238, .F. );
#647 = CARTESIAN_POINT( '', ( 0.00863600000000000, 0.0134874000000000, 0.000635000000000000 ) );
#648 = DIRECTION( '', ( 1.00000000000000, 0.000000000000000, 0.000000000000000 ) );
#649 = DIRECTION( '', ( 0.000000000000000, 1.00000000000000, -0.000000000000000 ) );
#650 = ORIENTED_EDGE( '', *, *, #1201, .T. );
#651 = ORIENTED_EDGE( '', *, *, #1239, .F. );
#652 = ORIENTED_EDGE( '', *, *, #1240, .T. );
#653 = ORIENTED_EDGE( '', *, *, #1241, .F. );
#654 = CARTESIAN_POINT( '', ( 0.00533400000000000, 0.0134874000000000, 0.00101600000000000 ) );
#655 = DIRECTION( '', ( 0.000000000000000, -1.00000000000000, -0.000000000000000 ) );
#656 = DIRECTION( '', ( 1.00000000000000, 0.000000000000000, 0.000000000000000 ) );
#657 = ORIENTED_EDGE( '', *, *, #1209, .F. );
#658 = ORIENTED_EDGE( '', *, *, #1242, .F. );
#659 = ORIENTED_EDGE( '', *, *, #1243, .F. );
#660 = ORIENTED_EDGE( '', *, *, #1244, .F. );
#661 = ORIENTED_EDGE( '', *, *, #1227, .F. );
#662 = CARTESIAN_POINT( '', ( -0.0139700000000000, 0.000000000000000, 0.000000000000000 ) );
#663 = DIRECTION( '', ( 1.00000000000000, 0.000000000000000, 0.000000000000000 ) );
#664 = DIRECTION( '', ( 0.000000000000000, 1.00000000000000, -0.000000000000000 ) );
#665 = ORIENTED_EDGE( '', *, *, #1197, .T. );
#666 = ORIENTED_EDGE( '', *, *, #1245, .F. );
#667 = ORIENTED_EDGE( '', *, *, #1246, .T. );
#668 = ORIENTED_EDGE( '', *, *, #1247, .F. );
#669 = CARTESIAN_POINT( '', ( 0.00736600000000000, 0.0134874000000000, -0.00101600000000000 ) );
#670 = DIRECTION( '', ( 0.000000000000000, -1.00000000000000, -0.000000000000000 ) );
#671 = DIRECTION( '', ( 1.00000000000000, 0.000000000000000, 0.000000000000000 ) );
#672 = ORIENTED_EDGE( '', *, *, #1207, .F. );
#673 = ORIENTED_EDGE( '', *, *, #1248, .T. );
#674 = ORIENTED_EDGE( '', *, *, #1249, .T. );
#675 = ORIENTED_EDGE( '', *, *, #1250, .F. );
#676 = ORIENTED_EDGE( '', *, *, #1251, .F. );
#677 = ORIENTED_EDGE( '', *, *, #1252, .F. );
#678 = CARTESIAN_POINT( '', ( -0.0139700000000000, 0.000000000000000, 0.0120904000000000 ) );
#679 = DIRECTION( '', ( 0.000000000000000, -1.00000000000000, 0.000000000000000 ) );
#680 = DIRECTION( '', ( 0.000000000000000, 0.000000000000000, -1.00000000000000 ) );
#681 = ORIENTED_EDGE( '', *, *, #1253, .T. );
#682 = ORIENTED_EDGE( '', *, *, #1254, .F. );
#683 = ORIENTED_EDGE( '', *, *, #1255, .F. );
#684 = ORIENTED_EDGE( '', *, *, #1256, .T. );
#685 = CARTESIAN_POINT( '', ( -0.0139700000000000, 0.0195580000000000, 0.00904240000000000 ) );
#686 = DIRECTION( '', ( -1.00000000000000, 0.000000000000000, -0.000000000000000 ) );
#687 = DIRECTION( '', ( 0.000000000000000, 0.000000000000000, -1.00000000000000 ) );
#688 = ORIENTED_EDGE( '', *, *, #1187, .T. );
#689 = ORIENTED_EDGE( '', *, *, #1257, .F. );
#690 = ORIENTED_EDGE( '', *, *, #1203, .F. );
#691 = ORIENTED_EDGE( '', *, *, #1258, .T. );
#692 = ORIENTED_EDGE( '', *, *, #1235, .T. );
#693 = ORIENTED_EDGE( '', *, *, #1259, .F. );
#694 = ORIENTED_EDGE( '', *, *, #1260, .F. );
#695 = ORIENTED_EDGE( '', *, *, #1261, .T. );
#696 = CARTESIAN_POINT( '', ( 0.0114554000000000, 0.00810260000000000, -0.00746760000000000 ) );
#697 = DIRECTION( '', ( 0.000000000000000, -1.00000000000000, 0.000000000000000 ) );
#698 = DIRECTION( '', ( 0.000000000000000, 0.000000000000000, -1.00000000000000 ) );
#699 = ORIENTED_EDGE( '', *, *, #1262, .F. );
#700 = ORIENTED_EDGE( '', *, *, #1263, .T. );
#701 = ORIENTED_EDGE( '', *, *, #1264, .T. );
#702 = ORIENTED_EDGE( '', *, *, #1230, .F. );
#703 = ORIENTED_EDGE( '', *, *, #1265, .T. );
#704 = ORIENTED_EDGE( '', *, *, #1266, .F. );
#705 = CARTESIAN_POINT( '', ( -0.00124460000000000, 0.00810260000000000, 0.0100584000000000 ) );
#706 = DIRECTION( '', ( 0.000000000000000, 0.000000000000000, -1.00000000000000 ) );
#707 = DIRECTION( '', ( 0.000000000000000, -1.00000000000000, 0.000000000000000 ) );
#708 = ORIENTED_EDGE( '', *, *, #1150, .F. );
#709 = ORIENTED_EDGE( '', *, *, #1267, .F. );
#710 = ORIENTED_EDGE( '', *, *, #1246, .F. );
#711 = ORIENTED_EDGE( '', *, *, #1268, .F. );
#712 = ORIENTED_EDGE( '', *, *, #1236, .F. );
#713 = ORIENTED_EDGE( '', *, *, #1225, .F. );
#714 = CARTESIAN_POINT( '', ( 0.0101600000000000, 0.0122936000000000, -0.000635000000000000 ) );
#715 = DIRECTION( '', ( 0.000000000000000, 0.000000000000000, -1.00000000000000 ) );
#716 = DIRECTION( '', ( 0.000000000000000, -1.00000000000000, 0.000000000000000 ) );
#717 = ORIENTED_EDGE( '', *, *, #1269, .T. );
#718 = ORIENTED_EDGE( '', *, *, #1270, .F. );
#719 = ORIENTED_EDGE( '', *, *, #1233, .F. );
#720 = ORIENTED_EDGE( '', *, *, #1271, .T. );
#721 = ORIENTED_EDGE( '', *, *, #1272, .T. );
#722 = CARTESIAN_POINT( '', ( 0.00160020000000000, 0.0108966000000000, -0.00474980000000000 ) );
#723 = DIRECTION( '', ( 0.000000000000000, 1.00000000000000, 0.000000000000000 ) );
#724 = DIRECTION( '', ( 1.00000000000000, 0.000000000000000, -0.000000000000000 ) );
#725 = ORIENTED_EDGE( '', *, *, #1273, .T. );
#726 = ORIENTED_EDGE( '', *, *, #1274, .T. );
#727 = ORIENTED_EDGE( '', *, *, #1275, .F. );
#728 = ORIENTED_EDGE( '', *, *, #1276, .F. );
#729 = CARTESIAN_POINT( '', ( -0.0110998000000000, 0.000508000000000000, -0.00474980000000000 ) );
#730 = DIRECTION( '', ( 0.000000000000000, 0.000000000000000, -1.00000000000000 ) );
#731 = DIRECTION( '', ( 0.000000000000000, -1.00000000000000, 0.000000000000000 ) );
#732 = ORIENTED_EDGE( '', *, *, #1221, .F. );
#733 = ORIENTED_EDGE( '', *, *, #1277, .F. );
#734 = ORIENTED_EDGE( '', *, *, #1278, .T. );
#735 = ORIENTED_EDGE( '', *, *, #1220, .T. );
#736 = CARTESIAN_POINT( '', ( -0.00560070000000000, 0.000508000000000000, -0.00560070000000000 ) );
#737 = DIRECTION( '', ( 0.000000000000000, 0.000000000000000, 1.00000000000000 ) );
#738 = DIRECTION( '', ( 1.00000000000000, -0.000000000000000, 0.000000000000000 ) );
#739 = ORIENTED_EDGE( '', *, *, #1229, .T. );
#740 = ORIENTED_EDGE( '', *, *, #1279, .T. );
#741 = ORIENTED_EDGE( '', *, *, #1280, .T. );
#742 = ORIENTED_EDGE( '', *, *, #1265, .F. );
#743 = CARTESIAN_POINT( '', ( -0.0114300000000000, 0.000000000000000, -0.00949960000000000 ) );
#744 = DIRECTION( '', ( -1.00000000000000, 0.000000000000000, 0.000000000000000 ) );
#745 = DIRECTION( '', ( 0.000000000000000, 0.000000000000000, 1.00000000000000 ) );
#746 = ORIENTED_EDGE( '', *, *, #1281, .T. );
#747 = ORIENTED_EDGE( '', *, *, #1282, .T. );
#748 = ORIENTED_EDGE( '', *, *, #1253, .F. );
#749 = ORIENTED_EDGE( '', *, *, #1283, .T. );
#750 = CARTESIAN_POINT( '', ( -0.0139700000000000, 0.0195580000000000, 0.0120904000000000 ) );
#751 = DIRECTION( '', ( 0.000000000000000, 0.000000000000000, 1.00000000000000 ) );
#752 = DIRECTION( '', ( 1.00000000000000, -0.000000000000000, 0.000000000000000 ) );
#753 = ORIENTED_EDGE( '', *, *, #1284, .T. );
#754 = ORIENTED_EDGE( '', *, *, #1285, .T. );
#755 = ORIENTED_EDGE( '', *, *, #1286, .T. );
#756 = ORIENTED_EDGE( '', *, *, #1287, .T. );
#757 = ORIENTED_EDGE( '', *, *, #1250, .T. );
#758 = CARTESIAN_POINT( '', ( 0.0139700000000000, 0.000000000000000, 0.000000000000000 ) );
#759 = DIRECTION( '', ( 1.00000000000000, 0.000000000000000, 0.000000000000000 ) );
#760 = DIRECTION( '', ( 0.000000000000000, 1.00000000000000, -0.000000000000000 ) );
#761 = ORIENTED_EDGE( '', *, *, #1288, .T. );
#762 = ORIENTED_EDGE( '', *, *, #1289, .F. );
#763 = ORIENTED_EDGE( '', *, *, #1290, .F. );
#764 = ORIENTED_EDGE( '', *, *, #1188, .T. );
#765 = ORIENTED_EDGE( '', *, *, #1258, .F. );
#766 = ORIENTED_EDGE( '', *, *, #1202, .T. );
#767 = ORIENTED_EDGE( '', *, *, #1252, .T. );
#768 = CARTESIAN_POINT( '', ( 0.0114554000000000, 0.000000000000000, 0.000000000000000 ) );
#769 = DIRECTION( '', ( -1.00000000000000, 0.000000000000000, 0.000000000000000 ) );
#770 = DIRECTION( '', ( 0.000000000000000, 0.000000000000000, 1.00000000000000 ) );
#771 = ORIENTED_EDGE( '', *, *, #1291, .T. );
#772 = ORIENTED_EDGE( '', *, *, #1292, .F. );
#773 = ORIENTED_EDGE( '', *, *, #1191, .F. );
#774 = ORIENTED_EDGE( '', *, *, #1293, .F. );
#775 = CARTESIAN_POINT( '', ( 0.00533400000000000, 0.0134874000000000, -0.00101600000000000 ) );
#776 = DIRECTION( '', ( 0.000000000000000, -1.00000000000000, -0.000000000000000 ) );
#777 = DIRECTION( '', ( 1.00000000000000, 0.000000000000000, 0.000000000000000 ) );
#778 = ORIENTED_EDGE( '', *, *, #1275, .T. );
#779 = ORIENTED_EDGE( '', *, *, #1294, .T. );
#780 = ORIENTED_EDGE( '', *, *, #1295, .T. );
#781 = ORIENTED_EDGE( '', *, *, #1296, .T. );
#782 = CARTESIAN_POINT( '', ( -0.00160020000000000, 0.000000000000000, 0.000000000000000 ) );
#783 = DIRECTION( '', ( 1.00000000000000, 0.000000000000000, 0.000000000000000 ) );
#784 = DIRECTION( '', ( 0.000000000000000, 1.00000000000000, -0.000000000000000 ) );
#785 = ORIENTED_EDGE( '', *, *, #1154, .F. );
#786 = ORIENTED_EDGE( '', *, *, #1297, .T. );
#787 = ORIENTED_EDGE( '', *, *, #1240, .F. );
#788 = ORIENTED_EDGE( '', *, *, #1298, .F. );
#789 = ORIENTED_EDGE( '', *, *, #1299, .F. );
#790 = ORIENTED_EDGE( '', *, *, #1300, .T. );
#791 = CARTESIAN_POINT( '', ( 0.0101600000000000, 0.0135636000000000, 0.000635000000000000 ) );
#792 = DIRECTION( '', ( 0.000000000000000, 0.000000000000000, 1.00000000000000 ) );
#793 = DIRECTION( '', ( 1.00000000000000, -0.000000000000000, 0.000000000000000 ) );
#794 = ORIENTED_EDGE( '', *, *, #1301, .T. );
#795 = ORIENTED_EDGE( '', *, *, #1277, .T. );
#796 = ORIENTED_EDGE( '', *, *, #1173, .F. );
#797 = ORIENTED_EDGE( '', *, *, #1302, .F. );
#798 = CARTESIAN_POINT( '', ( -0.00560070000000000, 0.000508000000000000, -0.00650240000000000 ) );
#799 = DIRECTION( '', ( -0.000000000000000, 1.00000000000000, -0.000000000000000 ) );
#800 = DIRECTION( '', ( 1.00000000000000, 0.000000000000000, 0.000000000000000 ) );
#801 = ORIENTED_EDGE( '', *, *, #1303, .T. );
#802 = ORIENTED_EDGE( '', *, *, #1304, .T. );
#803 = ORIENTED_EDGE( '', *, *, #1184, .F. );
#804 = ORIENTED_EDGE( '', *, *, #1305, .F. );
#805 = CARTESIAN_POINT( '', ( 0.00709930000000000, 0.000508000000000000, 0.00650240000000000 ) );
#806 = DIRECTION( '', ( -0.000000000000000, 1.00000000000000, -0.000000000000000 ) );
#807 = DIRECTION( '', ( 1.00000000000000, 0.000000000000000, 0.000000000000000 ) );
#808 = ORIENTED_EDGE( '', *, *, #1306, .T. );
#809 = ORIENTED_EDGE( '', *, *, #1307, .T. );
#810 = ORIENTED_EDGE( '', *, *, #1177, .F. );
#811 = ORIENTED_EDGE( '', *, *, #1308, .F. );
#812 = CARTESIAN_POINT( '', ( 0.00560070000000000, 0.000508000000000000, 0.00650240000000000 ) );
#813 = DIRECTION( '', ( -0.000000000000000, 1.00000000000000, -0.000000000000000 ) );
#814 = DIRECTION( '', ( 1.00000000000000, 0.000000000000000, 0.000000000000000 ) );
#815 = ORIENTED_EDGE( '', *, *, #1255, .T. );
#816 = ORIENTED_EDGE( '', *, *, #1309, .F. );
#817 = ORIENTED_EDGE( '', *, *, #1189, .T. );
#818 = ORIENTED_EDGE( '', *, *, #1290, .T. );
#819 = ORIENTED_EDGE( '', *, *, #1310, .T. );
#820 = ORIENTED_EDGE( '', *, *, #1285, .F. );
#821 = ORIENTED_EDGE( '', *, *, #1311, .F. );
#822 = ORIENTED_EDGE( '', *, *, #1243, .T. );
#823 = ORIENTED_EDGE( '', *, *, #1312, .T. );
#824 = ORIENTED_EDGE( '', *, *, #1313, .T. );
#825 = ORIENTED_EDGE( '', *, *, #1216, .F. );
#826 = ORIENTED_EDGE( '', *, *, #1314, .F. );
#827 = CARTESIAN_POINT( '', ( -0.0139700000000000, 0.0226060000000000, -0.00949960000000000 ) );
#828 = DIRECTION( '', ( 0.000000000000000, 1.00000000000000, 0.000000000000000 ) );
#829 = DIRECTION( '', ( 1.00000000000000, 0.000000000000000, -0.000000000000000 ) );
#830 = ORIENTED_EDGE( '', *, *, #1315, .F. );
#831 = ORIENTED_EDGE( '', *, *, #1269, .F. );
#832 = ORIENTED_EDGE( '', *, *, #1316, .T. );
#833 = ORIENTED_EDGE( '', *, *, #1260, .T. );
#834 = CARTESIAN_POINT( '', ( 0.00160020000000000, 0.0108966000000000, 0.00474980000000000 ) );
#835 = DIRECTION( '', ( 0.000000000000000, 0.000000000000000, 1.00000000000000 ) );
#836 = DIRECTION( '', ( 1.00000000000000, -0.000000000000000, 0.000000000000000 ) );
#837 = ORIENTED_EDGE( '', *, *, #1317, .T. );
#838 = ORIENTED_EDGE( '', *, *, #1302, .T. );
#839 = ORIENTED_EDGE( '', *, *, #1170, .F. );
#840 = ORIENTED_EDGE( '', *, *, #1218, .F. );
#841 = CARTESIAN_POINT( '', ( -0.00709930000000000, 0.000508000000000000, -0.00740410000000000 ) );
#842 = DIRECTION( '', ( 0.000000000000000, 0.000000000000000, -1.00000000000000 ) );
#843 = DIRECTION( '', ( 0.000000000000000, -1.00000000000000, 0.000000000000000 ) );
#844 = ORIENTED_EDGE( '', *, *, #1318, .T. );
#845 = ORIENTED_EDGE( '', *, *, #1211, .T. );
#846 = ORIENTED_EDGE( '', *, *, #1231, .T. );
#847 = ORIENTED_EDGE( '', *, *, #1264, .F. );
#848 = ORIENTED_EDGE( '', *, *, #1319, .F. );
#849 = ORIENTED_EDGE( '', *, *, #1213, .F. );
#850 = ORIENTED_EDGE( '', *, *, #1313, .F. );
#851 = CARTESIAN_POINT( '', ( -0.0114554000000000, 0.000000000000000, 0.000000000000000 ) );
#852 = DIRECTION( '', ( -1.00000000000000, 0.000000000000000, 0.000000000000000 ) );
#853 = DIRECTION( '', ( 0.000000000000000, 0.000000000000000, 1.00000000000000 ) );
#854 = ORIENTED_EDGE( '', *, *, #1320, .T. );
#855 = ORIENTED_EDGE( '', *, *, #1165, .F. );
#856 = ORIENTED_EDGE( '', *, *, #1212, .F. );
#857 = ORIENTED_EDGE( '', *, *, #1159, .F. );
#858 = CARTESIAN_POINT( '', ( -0.00254000000000000, 0.0122936000000000, -0.000635000000000000 ) );
#859 = DIRECTION( '', ( 0.000000000000000, 0.000000000000000, -1.00000000000000 ) );
#860 = DIRECTION( '', ( 0.000000000000000, -1.00000000000000, 0.000000000000000 ) );
#861 = ORIENTED_EDGE( '', *, *, #1215, .T. );
#862 = ORIENTED_EDGE( '', *, *, #1321, .T. );
#863 = ORIENTED_EDGE( '', *, *, #1262, .T. );
#864 = ORIENTED_EDGE( '', *, *, #1322, .F. );
#865 = ORIENTED_EDGE( '', *, *, #1283, .F. );
#866 = ORIENTED_EDGE( '', *, *, #1256, .F. );
#867 = ORIENTED_EDGE( '', *, *, #1314, .T. );
#868 = CARTESIAN_POINT( '', ( -0.00124460000000000, 0.000000000000000, 0.000000000000000 ) );
#869 = DIRECTION( '', ( -1.00000000000000, 0.000000000000000, 0.000000000000000 ) );
#870 = DIRECTION( '', ( 0.000000000000000, 0.000000000000000, 1.00000000000000 ) );
#871 = ORIENTED_EDGE( '', *, *, #1323, .F. );
#872 = ORIENTED_EDGE( '', *, *, #1195, .F. );
#873 = ORIENTED_EDGE( '', *, *, #1324, .T. );
#874 = ORIENTED_EDGE( '', *, *, #1193, .T. );
#875 = CARTESIAN_POINT( '', ( 0.00698500000000000, 0.0134874000000000, -0.00228600000000000 ) );
#876 = DIRECTION( '', ( 0.000000000000000, 0.000000000000000, -1.00000000000000 ) );
#877 = DIRECTION( '', ( 0.000000000000000, -1.00000000000000, 0.000000000000000 ) );
#878 = ORIENTED_EDGE( '', *, *, #1295, .F. );
#879 = ORIENTED_EDGE( '', *, *, #1325, .F. );
#880 = ORIENTED_EDGE( '', *, *, #1326, .T. );
#881 = ORIENTED_EDGE( '', *, *, #1327, .T. );
#882 = CARTESIAN_POINT( '', ( -0.0110998000000000, 0.0108966000000000, 0.00474980000000000 ) );
#883 = DIRECTION( '', ( 0.000000000000000, 0.000000000000000, 1.00000000000000 ) );
#884 = DIRECTION( '', ( 1.00000000000000, -0.000000000000000, 0.000000000000000 ) );
#885 = ORIENTED_EDGE( '', *, *, #1162, .T. );
#886 = ORIENTED_EDGE( '', *, *, #1168, .T. );
#887 = CARTESIAN_POINT( '', ( -0.00635000000000000, 0.0134874000000000, 0.000000000000000 ) );
#888 = DIRECTION( '', ( 0.000000000000000, -1.00000000000000, 0.000000000000000 ) );
#889 = DIRECTION( '', ( 0.000000000000000, 0.000000000000000, -1.00000000000000 ) );
#890 = ORIENTED_EDGE( '', *, *, #1328, .T. );
#891 = ORIENTED_EDGE( '', *, *, #1329, .F. );
#892 = ORIENTED_EDGE( '', *, *, #1330, .F. );
#893 = ORIENTED_EDGE( '', *, *, #1331, .F. );
#894 = CARTESIAN_POINT( '', ( 0.00736600000000000, 0.0134874000000000, 0.00101600000000000 ) );
#895 = DIRECTION( '', ( 0.000000000000000, -1.00000000000000, -0.000000000000000 ) );
#896 = DIRECTION( '', ( 1.00000000000000, 0.000000000000000, 0.000000000000000 ) );
#897 = ORIENTED_EDGE( '', *, *, #1251, .T. );
#898 = ORIENTED_EDGE( '', *, *, #1287, .F. );
#899 = ORIENTED_EDGE( '', *, *, #1332, .F. );
#900 = ORIENTED_EDGE( '', *, *, #1288, .F. );
#901 = CARTESIAN_POINT( '', ( -0.0139700000000000, 0.0195580000000000, 0.0120904000000000 ) );
#902 = DIRECTION( '', ( 0.000000000000000, 0.000000000000000, 1.00000000000000 ) );
#903 = DIRECTION( '', ( 1.00000000000000, -0.000000000000000, 0.000000000000000 ) );
#904 = ORIENTED_EDGE( '', *, *, #1333, .T. );
#905 = ORIENTED_EDGE( '', *, *, #1305, .T. );
#906 = ORIENTED_EDGE( '', *, *, #1334, .F. );
#907 = ORIENTED_EDGE( '', *, *, #1307, .F. );
#908 = CARTESIAN_POINT( '', ( 0.00560070000000000, 0.000508000000000000, 0.00560070000000000 ) );
#909 = DIRECTION( '', ( 0.000000000000000, 0.000000000000000, -1.00000000000000 ) );
#910 = DIRECTION( '', ( 0.000000000000000, -1.00000000000000, 0.000000000000000 ) );
#911 = ORIENTED_EDGE( '', *, *, #1325, .T. );
#912 = ORIENTED_EDGE( '', *, *, #1294, .F. );
#913 = ORIENTED_EDGE( '', *, *, #1274, .F. );
#914 = ORIENTED_EDGE( '', *, *, #1335, .T. );
#915 = ORIENTED_EDGE( '', *, *, #1336, .T. );
#916 = CARTESIAN_POINT( '', ( -0.0110998000000000, 0.0108966000000000, -0.00474980000000000 ) );
#917 = DIRECTION( '', ( 0.000000000000000, 1.00000000000000, 0.000000000000000 ) );
#918 = DIRECTION( '', ( 1.00000000000000, 0.000000000000000, -0.000000000000000 ) );
#919 = ORIENTED_EDGE( '', *, *, #1337, .F. );
#920 = ORIENTED_EDGE( '', *, *, #1299, .T. );
#921 = ORIENTED_EDGE( '', *, *, #1338, .F. );
#922 = ORIENTED_EDGE( '', *, *, #1339, .F. );
#923 = CARTESIAN_POINT( '', ( 0.00406400000000000, 0.0134874000000000, -0.000635000000000000 ) );
#924 = DIRECTION( '', ( -1.00000000000000, 0.000000000000000, 0.000000000000000 ) );
#925 = DIRECTION( '', ( 0.000000000000000, 0.000000000000000, 1.00000000000000 ) );
#926 = ORIENTED_EDGE( '', *, *, #1254, .T. );
#927 = ORIENTED_EDGE( '', *, *, #1282, .F. );
#928 = ORIENTED_EDGE( '', *, *, #1340, .T. );
#929 = ORIENTED_EDGE( '', *, *, #1204, .F. );
#930 = ORIENTED_EDGE( '', *, *, #1257, .T. );
#931 = ORIENTED_EDGE( '', *, *, #1186, .F. );
#932 = ORIENTED_EDGE( '', *, *, #1309, .T. );
#933 = CARTESIAN_POINT( '', ( 0.00124460000000000, 0.000000000000000, 0.000000000000000 ) );
#934 = DIRECTION( '', ( -1.00000000000000, 0.000000000000000, 0.000000000000000 ) );
#935 = DIRECTION( '', ( 0.000000000000000, 0.000000000000000, 1.00000000000000 ) );
#936 = ORIENTED_EDGE( '', *, *, #1341, .T. );
#937 = ORIENTED_EDGE( '', *, *, #1330, .T. );
#938 = ORIENTED_EDGE( '', *, *, #1342, .F. );
#939 = ORIENTED_EDGE( '', *, *, #1343, .F. );
#940 = CARTESIAN_POINT( '', ( 0.00698500000000000, 0.0134874000000000, 0.00228600000000000 ) );
#941 = DIRECTION( '', ( 1.00000000000000, 0.000000000000000, 0.000000000000000 ) );
#942 = DIRECTION( '', ( 0.000000000000000, 1.00000000000000, -0.000000000000000 ) );
#943 = ORIENTED_EDGE( '', *, *, #1344, .T. );
#944 = ORIENTED_EDGE( '', *, *, #1343, .T. );
#945 = ORIENTED_EDGE( '', *, *, #1345, .F. );
#946 = ORIENTED_EDGE( '', *, *, #1199, .F. );
#947 = CARTESIAN_POINT( '', ( 0.00571500000000000, 0.0134874000000000, 0.00228600000000000 ) );
#948 = DIRECTION( '', ( 0.000000000000000, 0.000000000000000, 1.00000000000000 ) );
#949 = DIRECTION( '', ( 1.00000000000000, -0.000000000000000, 0.000000000000000 ) );
#950 = ORIENTED_EDGE( '', *, *, #1320, .F. );
#951 = ORIENTED_EDGE( '', *, *, #1158, .T. );
#952 = CARTESIAN_POINT( '', ( -0.00635000000000000, 0.0134874000000000, 0.000000000000000 ) );
#953 = DIRECTION( '', ( 0.000000000000000, -1.00000000000000, 0.000000000000000 ) );
#954 = DIRECTION( '', ( 0.000000000000000, 0.000000000000000, -1.00000000000000 ) );
#955 = ORIENTED_EDGE( '', *, *, #1172, .T. );
#956 = ORIENTED_EDGE( '', *, *, #1175, .T. );
#957 = ORIENTED_EDGE( '', *, *, #1223, .T. );
#958 = ORIENTED_EDGE( '', *, *, #1346, .T. );
#959 = CARTESIAN_POINT( '', ( 0.000000000000000, -0.00406400000000000, 0.000000000000000 ) );
#960 = DIRECTION( '', ( 0.000000000000000, -1.00000000000000, 0.000000000000000 ) );
#961 = DIRECTION( '', ( 0.000000000000000, 0.000000000000000, -1.00000000000000 ) );
#962 = ORIENTED_EDGE( '', *, *, #1297, .F. );
#963 = ORIENTED_EDGE( '', *, *, #1153, .T. );
#964 = ORIENTED_EDGE( '', *, *, #1347, .F. );
#965 = ORIENTED_EDGE( '', *, *, #1331, .T. );
#966 = ORIENTED_EDGE( '', *, *, #1341, .F. );
#967 = ORIENTED_EDGE( '', *, *, #1344, .F. );
#968 = ORIENTED_EDGE( '', *, *, #1198, .F. );
#969 = ORIENTED_EDGE( '', *, *, #1241, .T. );
#970 = CARTESIAN_POINT( '', ( 0.00635000000000000, 0.0134874000000000, 0.000000000000000 ) );
#971 = DIRECTION( '', ( 0.000000000000000, -1.00000000000000, 0.000000000000000 ) );
#972 = DIRECTION( '', ( 0.000000000000000, 0.000000000000000, -1.00000000000000 ) );
#973 = ORIENTED_EDGE( '', *, *, #1348, .F. );
#974 = ORIENTED_EDGE( '', *, *, #1156, .F. );
#975 = ORIENTED_EDGE( '', *, *, #1349, .F. );
#976 = ORIENTED_EDGE( '', *, *, #1339, .T. );
#977 = ORIENTED_EDGE( '', *, *, #1350, .F. );
#978 = ORIENTED_EDGE( '', *, *, #1291, .F. );
#979 = CARTESIAN_POINT( '', ( 0.0101600000000000, 0.0122936000000000, -0.000635000000000000 ) );
#980 = DIRECTION( '', ( 0.000000000000000, 0.000000000000000, -1.00000000000000 ) );
#981 = DIRECTION( '', ( 0.000000000000000, -1.00000000000000, 0.000000000000000 ) );
#982 = ORIENTED_EDGE( '', *, *, #1279, .F. );
#983 = ORIENTED_EDGE( '', *, *, #1228, .F. );
#984 = ORIENTED_EDGE( '', *, *, #1244, .T. );
#985 = ORIENTED_EDGE( '', *, *, #1311, .T. );
#986 = ORIENTED_EDGE( '', *, *, #1284, .F. );
#987 = ORIENTED_EDGE( '', *, *, #1249, .F. );
#988 = ORIENTED_EDGE( '', *, *, #1351, .T. );
#989 = ORIENTED_EDGE( '', *, *, #1352, .F. );
#990 = CARTESIAN_POINT( '', ( -0.0139700000000000, 0.000000000000000, -0.00949960000000000 ) );
#991 = DIRECTION( '', ( 0.000000000000000, 0.000000000000000, -1.00000000000000 ) );
#992 = DIRECTION( '', ( 0.000000000000000, -1.00000000000000, 0.000000000000000 ) );
#993 = ORIENTED_EDGE( '', *, *, #1347, .T. );
#994 = ORIENTED_EDGE( '', *, *, #1152, .F. );
#995 = ORIENTED_EDGE( '', *, *, #1224, .T. );
#996 = ORIENTED_EDGE( '', *, *, #1238, .T. );
#997 = ORIENTED_EDGE( '', *, *, #1353, .F. );
#998 = ORIENTED_EDGE( '', *, *, #1328, .F. );
#999 = CARTESIAN_POINT( '', ( 0.0101600000000000, 0.0135636000000000, 0.000635000000000000 ) );
#1000 = DIRECTION( '', ( 0.000000000000000, 0.000000000000000, 1.00000000000000 ) );
#1001 = DIRECTION( '', ( 1.00000000000000, -0.000000000000000, 0.000000000000000 ) );
#1002 = ORIENTED_EDGE( '', *, *, #1292, .T. );
#1003 = ORIENTED_EDGE( '', *, *, #1350, .T. );
#1004 = ORIENTED_EDGE( '', *, *, #1338, .T. );
#1005 = ORIENTED_EDGE( '', *, *, #1298, .T. );
#1006 = ORIENTED_EDGE( '', *, *, #1239, .T. );
#1007 = ORIENTED_EDGE( '', *, *, #1200, .T. );
#1008 = ORIENTED_EDGE( '', *, *, #1345, .T. );
#1009 = ORIENTED_EDGE( '', *, *, #1342, .T. );
#1010 = ORIENTED_EDGE( '', *, *, #1329, .T. );
#1011 = ORIENTED_EDGE( '', *, *, #1353, .T. );
#1012 = ORIENTED_EDGE( '', *, *, #1237, .T. );
#1013 = ORIENTED_EDGE( '', *, *, #1268, .T. );
#1014 = ORIENTED_EDGE( '', *, *, #1245, .T. );
#1015 = ORIENTED_EDGE( '', *, *, #1196, .T. );
#1016 = ORIENTED_EDGE( '', *, *, #1323, .T. );
#1017 = ORIENTED_EDGE( '', *, *, #1192, .T. );
#1018 = CARTESIAN_POINT( '', ( 0.00635000000000000, 0.0114554000000000, 0.000000000000000 ) );
#1019 = DIRECTION( '', ( 0.000000000000000, 1.00000000000000, 0.000000000000000 ) );
#1020 = DIRECTION( '', ( 1.00000000000000, 0.000000000000000, -0.000000000000000 ) );
#1021 = ORIENTED_EDGE( '', *, *, #1266, .T. );
#1022 = ORIENTED_EDGE( '', *, *, #1280, .F. );
#1023 = ORIENTED_EDGE( '', *, *, #1352, .T. );
#1024 = ORIENTED_EDGE( '', *, *, #1354, .F. );
#1025 = ORIENTED_EDGE( '', *, *, #1205, .T. );
#1026 = ORIENTED_EDGE( '', *, *, #1340, .F. );
#1027 = ORIENTED_EDGE( '', *, *, #1281, .F. );
#1028 = ORIENTED_EDGE( '', *, *, #1322, .T. );
#1029 = ORIENTED_EDGE( '', *, *, #1278, .F. );
#1030 = ORIENTED_EDGE( '', *, *, #1301, .F. );
#1031 = ORIENTED_EDGE( '', *, *, #1317, .F. );
#1032 = ORIENTED_EDGE( '', *, *, #1217, .F. );
#1033 = ORIENTED_EDGE( '', *, *, #1355, .F. );
#1034 = ORIENTED_EDGE( '', *, *, #1303, .F. );
#1035 = ORIENTED_EDGE( '', *, *, #1333, .F. );
#1036 = ORIENTED_EDGE( '', *, *, #1306, .F. );
#1037 = CARTESIAN_POINT( '', ( 0.000000000000000, 0.000508000000000000, 0.000000000000000 ) );
#1038 = DIRECTION( '', ( 0.000000000000000, 1.00000000000000, 0.000000000000000 ) );
#1039 = DIRECTION( '', ( 1.00000000000000, 0.000000000000000, -0.000000000000000 ) );
#1040 = ORIENTED_EDGE( '', *, *, #1356, .T. );
#1041 = ORIENTED_EDGE( '', *, *, #1185, .T. );
#1042 = ORIENTED_EDGE( '', *, *, #1182, .T. );
#1043 = ORIENTED_EDGE( '', *, *, #1179, .T. );
#1044 = CARTESIAN_POINT( '', ( 0.000000000000000, -0.00406400000000000, 0.000000000000000 ) );
#1045 = DIRECTION( '', ( 0.000000000000000, -1.00000000000000, 0.000000000000000 ) );
#1046 = DIRECTION( '', ( 0.000000000000000, 0.000000000000000, -1.00000000000000 ) );
#1047 = ORIENTED_EDGE( '', *, *, #1326, .F. );
#1048 = ORIENTED_EDGE( '', *, *, #1335, .F. );
#1049 = ORIENTED_EDGE( '', *, *, #1273, .F. );
#1050 = ORIENTED_EDGE( '', *, *, #1357, .F. );
#1051 = CARTESIAN_POINT( '', ( -0.0110998000000000, 0.000000000000000, 0.000000000000000 ) );
#1052 = DIRECTION( '', ( 1.00000000000000, 0.000000000000000, 0.000000000000000 ) );
#1053 = DIRECTION( '', ( 0.000000000000000, 1.00000000000000, -0.000000000000000 ) );
#1054 = ORIENTED_EDGE( '', *, *, #1234, .T. );
#1055 = ORIENTED_EDGE( '', *, *, #1270, .T. );
#1056 = ORIENTED_EDGE( '', *, *, #1315, .T. );
#1057 = ORIENTED_EDGE( '', *, *, #1259, .T. );
#1058 = CARTESIAN_POINT( '', ( 0.0110998000000000, 0.000000000000000, 0.000000000000000 ) );
#1059 = DIRECTION( '', ( 1.00000000000000, 0.000000000000000, 0.000000000000000 ) );
#1060 = DIRECTION( '', ( 0.000000000000000, 1.00000000000000, -0.000000000000000 ) );
#1061 = ORIENTED_EDGE( '', *, *, #1181, .F. );
#1062 = ORIENTED_EDGE( '', *, *, #1304, .F. );
#1063 = ORIENTED_EDGE( '', *, *, #1355, .T. );
#1064 = ORIENTED_EDGE( '', *, *, #1308, .T. );
#1065 = CARTESIAN_POINT( '', ( 0.00709930000000000, 0.000508000000000000, 0.00740410000000000 ) );
#1066 = DIRECTION( '', ( 0.000000000000000, 0.000000000000000, 1.00000000000000 ) );
#1067 = DIRECTION( '', ( 1.00000000000000, -0.000000000000000, 0.000000000000000 ) );
#1068 = ORIENTED_EDGE( '', *, *, #1178, .T. );
#1069 = ORIENTED_EDGE( '', *, *, #1334, .T. );
#1070 = ORIENTED_EDGE( '', *, *, #1183, .F. );
#1071 = ORIENTED_EDGE( '', *, *, #1356, .F. );
#1072 = CARTESIAN_POINT( '', ( 0.00635000000000000, -0.00381000000000000, 0.00585470000000000 ) );
#1073 = DIRECTION( '', ( 0.000000000000000, -0.707106781186548, -0.707106781186548 ) );
#1074 = DIRECTION( '', ( 0.000000000000000, -0.707106781186548, 0.707106781186548 ) );
#1075 = ORIENTED_EDGE( '', *, *, #1214, .T. );
#1076 = ORIENTED_EDGE( '', *, *, #1319, .T. );
#1077 = ORIENTED_EDGE( '', *, *, #1263, .F. );
#1078 = ORIENTED_EDGE( '', *, *, #1321, .F. );
#1079 = ORIENTED_EDGE( '', *, *, #1276, .T. );
#1080 = ORIENTED_EDGE( '', *, *, #1296, .F. );
#1081 = ORIENTED_EDGE( '', *, *, #1327, .F. );
#1082 = ORIENTED_EDGE( '', *, *, #1357, .T. );
#1083 = CARTESIAN_POINT( '', ( -0.00124460000000000, 0.00810260000000000, -0.00746760000000000 ) );
#1084 = DIRECTION( '', ( 0.000000000000000, -1.00000000000000, 0.000000000000000 ) );
#1085 = DIRECTION( '', ( 0.000000000000000, 0.000000000000000, -1.00000000000000 ) );
#1086 = ORIENTED_EDGE( '', *, *, #1190, .F. );
#1087 = ORIENTED_EDGE( '', *, *, #1324, .F. );
#1088 = ORIENTED_EDGE( '', *, *, #1194, .F. );
#1089 = ORIENTED_EDGE( '', *, *, #1247, .T. );
#1090 = ORIENTED_EDGE( '', *, *, #1267, .T. );
#1091 = ORIENTED_EDGE( '', *, *, #1149, .T. );
#1092 = ORIENTED_EDGE( '', *, *, #1348, .T. );
#1093 = ORIENTED_EDGE( '', *, *, #1293, .T. );
#1094 = CARTESIAN_POINT( '', ( 0.00635000000000000, 0.0134874000000000, 0.000000000000000 ) );
#1095 = DIRECTION( '', ( 0.000000000000000, -1.00000000000000, 0.000000000000000 ) );
#1096 = DIRECTION( '', ( 0.000000000000000, 0.000000000000000, -1.00000000000000 ) );
#1097 = ORIENTED_EDGE( '', *, *, #1349, .T. );
#1098 = ORIENTED_EDGE( '', *, *, #1155, .F. );
#1099 = ORIENTED_EDGE( '', *, *, #1300, .F. );
#1100 = ORIENTED_EDGE( '', *, *, #1337, .T. );
#1101 = CARTESIAN_POINT( '', ( 0.0101600000000000, 0.0122936000000000, 0.000635000000000000 ) );
#1102 = DIRECTION( '', ( 0.000000000000000, -1.00000000000000, 0.000000000000000 ) );
#1103 = DIRECTION( '', ( 0.000000000000000, 0.000000000000000, -1.00000000000000 ) );
#1104 = ORIENTED_EDGE( '', *, *, #1312, .F. );
#1105 = ORIENTED_EDGE( '', *, *, #1242, .T. );
#1106 = ORIENTED_EDGE( '', *, *, #1208, .T. );
#1107 = ORIENTED_EDGE( '', *, *, #1318, .F. );
#1108 = CARTESIAN_POINT( '', ( -0.0139700000000000, 0.0195580000000000, 0.00904240000000000 ) );
#1109 = DIRECTION( '', ( -1.00000000000000, 0.000000000000000, -0.000000000000000 ) );
#1110 = DIRECTION( '', ( 0.000000000000000, 0.000000000000000, -1.00000000000000 ) );
#1111 = ORIENTED_EDGE( '', *, *, #1351, .F. );
#1112 = ORIENTED_EDGE( '', *, *, #1248, .F. );
#1113 = ORIENTED_EDGE( '', *, *, #1206, .T. );
#1114 = ORIENTED_EDGE( '', *, *, #1354, .T. );
#1115 = CARTESIAN_POINT( '', ( 0.0114300000000000, 0.000000000000000, 0.0120904000000000 ) );
#1116 = DIRECTION( '', ( 1.00000000000000, 0.000000000000000, 0.000000000000000 ) );
#1117 = DIRECTION( '', ( 0.000000000000000, 1.00000000000000, -0.000000000000000 ) );
#1118 = ORIENTED_EDGE( '', *, *, #1332, .T. );
#1119 = ORIENTED_EDGE( '', *, *, #1286, .F. );
#1120 = ORIENTED_EDGE( '', *, *, #1310, .F. );
#1121 = ORIENTED_EDGE( '', *, *, #1289, .T. );
#1122 = CARTESIAN_POINT( '', ( -0.0139700000000000, 0.0195580000000000, 0.00904240000000000 ) );
#1123 = DIRECTION( '', ( -1.00000000000000, 0.000000000000000, -0.000000000000000 ) );
#1124 = DIRECTION( '', ( 0.000000000000000, 0.000000000000000, -1.00000000000000 ) );
#1125 = ORIENTED_EDGE( '', *, *, #1316, .F. );
#1126 = ORIENTED_EDGE( '', *, *, #1271, .F. );
#1127 = ORIENTED_EDGE( '', *, *, #1232, .F. );
#1128 = ORIENTED_EDGE( '', *, *, #1261, .F. );
#1129 = CARTESIAN_POINT( '', ( 0.00160020000000000, 0.000000000000000, 0.000000000000000 ) );
#1130 = DIRECTION( '', ( 1.00000000000000, 0.000000000000000, 0.000000000000000 ) );
#1131 = DIRECTION( '', ( 0.000000000000000, 1.00000000000000, -0.000000000000000 ) );
#1132 = ORIENTED_EDGE( '', *, *, #1222, .T. );
#1133 = ORIENTED_EDGE( '', *, *, #1219, .T. );
#1134 = ORIENTED_EDGE( '', *, *, #1169, .F. );
#1135 = ORIENTED_EDGE( '', *, *, #1346, .F. );
#1136 = CARTESIAN_POINT( '', ( -0.00709930000000000, -0.00380997531647304, -0.00650240000000000 ) );
#1137 = DIRECTION( '', ( 0.000000000000000, 1.00000000000000, 0.000000000000000 ) );
#1138 = DIRECTION( '', ( 0.000000000000000, 0.000000000000000, -1.00000000000000 ) );
#1139 = ORIENTED_EDGE( '', *, *, #1166, .T. );
#1140 = ORIENTED_EDGE( '', *, *, #1336, .F. );
#1141 = CARTESIAN_POINT( '', ( -0.00635000000000000, 0.0136779000000000, 0.000000000000000 ) );
#1142 = DIRECTION( '', ( -0.000000000000000, 1.00000000000000, -0.000000000000000 ) );
#1143 = DIRECTION( '', ( 0.000000000000000, 0.000000000000000, 1.00000000000000 ) );
#1144 = ORIENTED_EDGE( '', *, *, #1157, .T. );
#1145 = ORIENTED_EDGE( '', *, *, #1272, .F. );
#1146 = CARTESIAN_POINT( '', ( 0.00635000000000000, 0.0136779000000000, 0.000000000000000 ) );
#1147 = DIRECTION( '', ( -0.000000000000000, 1.00000000000000, -0.000000000000000 ) );
#1148 = DIRECTION( '', ( 0.000000000000000, 0.000000000000000, 1.00000000000000 ) );
#1149 = EDGE_CURVE( '', #1358, #1359, #1360, .T. );
#1150 = EDGE_CURVE( '', #1358, #1361, #1362, .T. );
#1151 = EDGE_CURVE( '', #1361, #1363, #1364, .T. );
#1152 = EDGE_CURVE( '', #1363, #1365, #1366, .T. );
#1153 = EDGE_CURVE( '', #1367, #1365, #1368, .T. );
#1154 = EDGE_CURVE( '', #1367, #1369, #1370, .T. );
#1155 = EDGE_CURVE( '', #1369, #1371, #1372, .T. );
#1156 = EDGE_CURVE( '', #1371, #1359, #1373, .T. );
#1157 = EDGE_CURVE( '', #1374, #1374, #1375, .T. );
#1158 = EDGE_CURVE( '', #1376, #1377, #1378, .T. );
#1159 = EDGE_CURVE( '', #1376, #1379, #1380, .T. );
#1160 = EDGE_CURVE( '', #1379, #1381, #1382, .T. );
#1161 = EDGE_CURVE( '', #1381, #1383, #1384, .T. );
#1162 = EDGE_CURVE( '', #1385, #1383, #1386, .T. );
#1163 = EDGE_CURVE( '', #1385, #1387, #1388, .T. );
#1164 = EDGE_CURVE( '', #1387, #1389, #1390, .T. );
#1165 = EDGE_CURVE( '', #1389, #1377, #1391, .T. );
#1166 = EDGE_CURVE( '', #1392, #1392, #1393, .T. );
#1167 = EDGE_CURVE( '', #1381, #1387, #1394, .T. );
#1168 = EDGE_CURVE( '', #1383, #1385, #1395, .T. );
#1169 = EDGE_CURVE( '', #1396, #1397, #1398, .T. );
#1170 = EDGE_CURVE( '', #1397, #1399, #1400, .T. );
#1171 = EDGE_CURVE( '', #1401, #1399, #1402, .T. );
#1172 = EDGE_CURVE( '', #1396, #1401, #1403, .T. );
#1173 = EDGE_CURVE( '', #1399, #1404, #1405, .T. );
#1174 = EDGE_CURVE( '', #1406, #1404, #1407, .T. );
#1175 = EDGE_CURVE( '', #1401, #1406, #1408, .T. );
#1176 = EDGE_CURVE( '', #1409, #1410, #1411, .T. );
#1177 = EDGE_CURVE( '', #1410, #1412, #1413, .T. );
#1178 = EDGE_CURVE( '', #1414, #1412, #1415, .T. );
#1179 = EDGE_CURVE( '', #1409, #1414, #1416, .T. );
#1180 = EDGE_CURVE( '', #1417, #1418, #1419, .T. );
#1181 = EDGE_CURVE( '', #1418, #1410, #1420, .T. );
#1182 = EDGE_CURVE( '', #1417, #1409, #1421, .T. );
#1183 = EDGE_CURVE( '', #1422, #1423, #1424, .T. );
#1184 = EDGE_CURVE( '', #1423, #1418, #1425, .T. );
#1185 = EDGE_CURVE( '', #1422, #1417, #1426, .T. );
#1186 = EDGE_CURVE( '', #1427, #1428, #1429, .T. );
#1187 = EDGE_CURVE( '', #1430, #1428, #1431, .T. );
#1188 = EDGE_CURVE( '', #1432, #1430, #1433, .T. );
#1189 = EDGE_CURVE( '', #1427, #1432, #1434, .T. );
#1190 = EDGE_CURVE( '', #1435, #1436, #1437, .T. );
#1191 = EDGE_CURVE( '', #1436, #1438, #1439, .T. );
#1192 = EDGE_CURVE( '', #1440, #1438, #1441, .T. );
#1193 = EDGE_CURVE( '', #1435, #1440, #1442, .T. );
#1194 = EDGE_CURVE( '', #1443, #1444, #1445, .T. );
#1195 = EDGE_CURVE( '', #1444, #1446, #1447, .T. );
#1196 = EDGE_CURVE( '', #1448, #1446, #1449, .T. );
#1197 = EDGE_CURVE( '', #1443, #1448, #1450, .T. );
#1198 = EDGE_CURVE( '', #1451, #1452, #1453, .T. );
#1199 = EDGE_CURVE( '', #1452, #1454, #1455, .T. );
#1200 = EDGE_CURVE( '', #1456, #1454, #1457, .T. );
#1201 = EDGE_CURVE( '', #1451, #1456, #1458, .T. );
#1202 = EDGE_CURVE( '', #1459, #1460, #1461, .T. );
#1203 = EDGE_CURVE( '', #1459, #1462, #1463, .T. );
#1204 = EDGE_CURVE( '', #1462, #1464, #1465, .T. );
#1205 = EDGE_CURVE( '', #1466, #1464, #1467, .T. );
#1206 = EDGE_CURVE( '', #1468, #1466, #1469, .T. );
#1207 = EDGE_CURVE( '', #1468, #1460, #1470, .T. );
#1208 = EDGE_CURVE( '', #1471, #1472, #1473, .T. );
#1209 = EDGE_CURVE( '', #1471, #1474, #1475, .T. );
#1210 = EDGE_CURVE( '', #1474, #1476, #1477, .T. );
#1211 = EDGE_CURVE( '', #1472, #1476, #1478, .T. );
#1212 = EDGE_CURVE( '', #1379, #1389, #1479, .T. );
#1213 = EDGE_CURVE( '', #1480, #1481, #1482, .T. );
#1214 = EDGE_CURVE( '', #1483, #1481, #1484, .T. );
#1215 = EDGE_CURVE( '', #1485, #1483, #1486, .T. );
#1216 = EDGE_CURVE( '', #1485, #1480, #1487, .T. );
#1217 = EDGE_CURVE( '', #1488, #1489, #1490, .T. );
#1218 = EDGE_CURVE( '', #1489, #1397, #1491, .T. );
#1219 = EDGE_CURVE( '', #1492, #1397, #1493, .T. );
#1220 = EDGE_CURVE( '', #1488, #1492, #1494, .T. );
#1221 = EDGE_CURVE( '', #1404, #1492, #1495, .T. );
#1222 = EDGE_CURVE( '', #1496, #1492, #1497, .T. );
#1223 = EDGE_CURVE( '', #1406, #1496, #1498, .T. );
#1224 = EDGE_CURVE( '', #1363, #1499, #1500, .T. );
#1225 = EDGE_CURVE( '', #1361, #1501, #1502, .T. );
#1226 = EDGE_CURVE( '', #1499, #1501, #1503, .T. );
#1227 = EDGE_CURVE( '', #1474, #1504, #1505, .T. );
#1228 = EDGE_CURVE( '', #1504, #1506, #1507, .T. );
#1229 = EDGE_CURVE( '', #1508, #1506, #1509, .T. );
#1230 = EDGE_CURVE( '', #1508, #1510, #1511, .T. );
#1231 = EDGE_CURVE( '', #1476, #1510, #1512, .T. );
#1232 = EDGE_CURVE( '', #1513, #1514, #1515, .T. );
#1233 = EDGE_CURVE( '', #1514, #1516, #1517, .T. );
#1234 = EDGE_CURVE( '', #1518, #1516, #1519, .T. );
#1235 = EDGE_CURVE( '', #1513, #1518, #1520, .T. );
#1236 = EDGE_CURVE( '', #1501, #1521, #1522, .T. );
#1237 = EDGE_CURVE( '', #1523, #1521, #1524, .T. );
#1238 = EDGE_CURVE( '', #1499, #1523, #1525, .T. );
#1239 = EDGE_CURVE( '', #1526, #1456, #1527, .T. );
#1240 = EDGE_CURVE( '', #1526, #1528, #1529, .T. );
#1241 = EDGE_CURVE( '', #1451, #1528, #1530, .T. );
#1242 = EDGE_CURVE( '', #1531, #1471, #1532, .T. );
#1243 = EDGE_CURVE( '', #1533, #1531, #1534, .T. );
#1244 = EDGE_CURVE( '', #1504, #1533, #1535, .T. );
#1245 = EDGE_CURVE( '', #1536, #1448, #1537, .T. );
#1246 = EDGE_CURVE( '', #1536, #1538, #1539, .T. );
#1247 = EDGE_CURVE( '', #1443, #1538, #1540, .T. );
#1248 = EDGE_CURVE( '', #1468, #1541, #1542, .T. );
#1249 = EDGE_CURVE( '', #1541, #1543, #1544, .T. );
#1250 = EDGE_CURVE( '', #1545, #1543, #1546, .T. );
#1251 = EDGE_CURVE( '', #1547, #1545, #1548, .T. );
#1252 = EDGE_CURVE( '', #1460, #1547, #1549, .T. );
#1253 = EDGE_CURVE( '', #1550, #1551, #1552, .T. );
#1254 = EDGE_CURVE( '', #1553, #1551, #1554, .T. );
#1255 = EDGE_CURVE( '', #1555, #1553, #1556, .T. );
#1256 = EDGE_CURVE( '', #1555, #1550, #1557, .T. );
#1257 = EDGE_CURVE( '', #1462, #1428, #1558, .T. );
#1258 = EDGE_CURVE( '', #1459, #1430, #1559, .T. );
#1259 = EDGE_CURVE( '', #1560, #1518, #1561, .T. );
#1260 = EDGE_CURVE( '', #1562, #1560, #1563, .T. );
#1261 = EDGE_CURVE( '', #1562, #1513, #1564, .T. );
#1262 = EDGE_CURVE( '', #1565, #1566, #1567, .T. );
#1263 = EDGE_CURVE( '', #1565, #1568, #1569, .T. );
#1264 = EDGE_CURVE( '', #1568, #1510, #1570, .T. );
#1265 = EDGE_CURVE( '', #1508, #1571, #1572, .T. );
#1266 = EDGE_CURVE( '', #1566, #1571, #1573, .T. );
#1267 = EDGE_CURVE( '', #1538, #1358, #1574, .T. );
#1268 = EDGE_CURVE( '', #1521, #1536, #1575, .T. );
#1269 = EDGE_CURVE( '', #1576, #1577, #1578, .T. );
#1270 = EDGE_CURVE( '', #1516, #1577, #1579, .T. );
#1271 = EDGE_CURVE( '', #1514, #1576, #1580, .T. );
#1272 = EDGE_CURVE( '', #1581, #1581, #1582, .T. );
#1273 = EDGE_CURVE( '', #1583, #1584, #1585, .T. );
#1274 = EDGE_CURVE( '', #1584, #1586, #1587, .T. );
#1275 = EDGE_CURVE( '', #1588, #1586, #1589, .T. );
#1276 = EDGE_CURVE( '', #1583, #1588, #1590, .T. );
#1277 = EDGE_CURVE( '', #1591, #1404, #1592, .T. );
#1278 = EDGE_CURVE( '', #1591, #1488, #1593, .T. );
#1279 = EDGE_CURVE( '', #1506, #1594, #1595, .T. );
#1280 = EDGE_CURVE( '', #1594, #1571, #1596, .T. );
#1281 = EDGE_CURVE( '', #1597, #1598, #1599, .T. );
#1282 = EDGE_CURVE( '', #1598, #1551, #1600, .T. );
#1283 = EDGE_CURVE( '', #1550, #1597, #1601, .T. );
#1284 = EDGE_CURVE( '', #1543, #1602, #1603, .T. );
#1285 = EDGE_CURVE( '', #1602, #1604, #1605, .T. );
#1286 = EDGE_CURVE( '', #1604, #1606, #1607, .T. );
#1287 = EDGE_CURVE( '', #1606, #1545, #1608, .T. );
#1288 = EDGE_CURVE( '', #1547, #1609, #1610, .T. );
#1289 = EDGE_CURVE( '', #1611, #1609, #1612, .T. );
#1290 = EDGE_CURVE( '', #1432, #1611, #1613, .T. );
#1291 = EDGE_CURVE( '', #1614, #1615, #1616, .T. );
#1292 = EDGE_CURVE( '', #1438, #1615, #1617, .T. );
#1293 = EDGE_CURVE( '', #1614, #1436, #1618, .T. );
#1294 = EDGE_CURVE( '', #1586, #1619, #1620, .T. );
#1295 = EDGE_CURVE( '', #1619, #1621, #1622, .T. );
#1296 = EDGE_CURVE( '', #1621, #1588, #1623, .T. );
#1297 = EDGE_CURVE( '', #1367, #1528, #1624, .T. );
#1298 = EDGE_CURVE( '', #1625, #1526, #1626, .T. );
#1299 = EDGE_CURVE( '', #1627, #1625, #1628, .T. );
#1300 = EDGE_CURVE( '', #1627, #1369, #1629, .T. );
#1301 = EDGE_CURVE( '', #1630, #1591, #1631, .T. );
#1302 = EDGE_CURVE( '', #1630, #1399, #1632, .T. );
#1303 = EDGE_CURVE( '', #1633, #1634, #1635, .T. );
#1304 = EDGE_CURVE( '', #1634, #1418, #1636, .T. );
#1305 = EDGE_CURVE( '', #1633, #1423, #1637, .T. );
#1306 = EDGE_CURVE( '', #1638, #1639, #1640, .T. );
#1307 = EDGE_CURVE( '', #1639, #1412, #1641, .T. );
#1308 = EDGE_CURVE( '', #1638, #1410, #1642, .T. );
#1309 = EDGE_CURVE( '', #1427, #1553, #1643, .T. );
#1310 = EDGE_CURVE( '', #1611, #1604, #1644, .T. );
#1311 = EDGE_CURVE( '', #1533, #1602, #1645, .T. );
#1312 = EDGE_CURVE( '', #1531, #1646, #1647, .T. );
#1313 = EDGE_CURVE( '', #1646, #1480, #1648, .T. );
#1314 = EDGE_CURVE( '', #1555, #1485, #1649, .T. );
#1315 = EDGE_CURVE( '', #1577, #1560, #1650, .T. );
#1316 = EDGE_CURVE( '', #1576, #1562, #1651, .T. );
#1317 = EDGE_CURVE( '', #1489, #1630, #1652, .T. );
#1318 = EDGE_CURVE( '', #1646, #1472, #1653, .T. );
#1319 = EDGE_CURVE( '', #1481, #1568, #1654, .T. );
#1320 = EDGE_CURVE( '', #1376, #1377, #1655, .T. );
#1321 = EDGE_CURVE( '', #1483, #1565, #1656, .T. );
#1322 = EDGE_CURVE( '', #1597, #1566, #1657, .T. );
#1323 = EDGE_CURVE( '', #1446, #1440, #1658, .T. );
#1324 = EDGE_CURVE( '', #1444, #1435, #1659, .T. );
#1325 = EDGE_CURVE( '', #1660, #1619, #1661, .T. );
#1326 = EDGE_CURVE( '', #1660, #1662, #1663, .T. );
#1327 = EDGE_CURVE( '', #1662, #1621, #1664, .T. );
#1328 = EDGE_CURVE( '', #1665, #1666, #1667, .T. );
#1329 = EDGE_CURVE( '', #1668, #1666, #1669, .T. );
#1330 = EDGE_CURVE( '', #1670, #1668, #1671, .T. );
#1331 = EDGE_CURVE( '', #1665, #1670, #1672, .T. );
#1332 = EDGE_CURVE( '', #1609, #1606, #1673, .T. );
#1333 = EDGE_CURVE( '', #1639, #1633, #1674, .T. );
#1334 = EDGE_CURVE( '', #1412, #1423, #1675, .T. );
#1335 = EDGE_CURVE( '', #1584, #1660, #1676, .T. );
#1336 = EDGE_CURVE( '', #1677, #1677, #1678, .T. );
#1337 = EDGE_CURVE( '', #1627, #1679, #1680, .T. );
#1338 = EDGE_CURVE( '', #1681, #1625, #1682, .T. );
#1339 = EDGE_CURVE( '', #1679, #1681, #1683, .T. );
#1340 = EDGE_CURVE( '', #1598, #1464, #1684, .T. );
#1341 = EDGE_CURVE( '', #1685, #1670, #1686, .T. );
#1342 = EDGE_CURVE( '', #1687, #1668, #1688, .T. );
#1343 = EDGE_CURVE( '', #1685, #1687, #1689, .T. );
#1344 = EDGE_CURVE( '', #1452, #1685, #1690, .T. );
#1345 = EDGE_CURVE( '', #1454, #1687, #1691, .T. );
#1346 = EDGE_CURVE( '', #1496, #1396, #1692, .T. );
#1347 = EDGE_CURVE( '', #1665, #1365, #1693, .T. );
#1348 = EDGE_CURVE( '', #1359, #1614, #1694, .T. );
#1349 = EDGE_CURVE( '', #1679, #1371, #1695, .T. );
#1350 = EDGE_CURVE( '', #1615, #1681, #1696, .T. );
#1351 = EDGE_CURVE( '', #1541, #1697, #1698, .T. );
#1352 = EDGE_CURVE( '', #1594, #1697, #1699, .T. );
#1353 = EDGE_CURVE( '', #1666, #1523, #1700, .T. );
#1354 = EDGE_CURVE( '', #1466, #1697, #1701, .T. );
#1355 = EDGE_CURVE( '', #1634, #1638, #1702, .T. );
#1356 = EDGE_CURVE( '', #1414, #1422, #1703, .T. );
#1357 = EDGE_CURVE( '', #1662, #1583, #1704, .T. );
#1358 = VERTEX_POINT( '', #1705 );
#1359 = VERTEX_POINT( '', #1706 );
#1360 = CIRCLE( '', #1707, 0.00254000000000000 );
#1361 = VERTEX_POINT( '', #1708 );
#1362 = B_SPLINE_CURVE_WITH_KNOTS( '', 3, ( #1709, #1710, #1711, #1712, #1713, #1714, #1715, #1716, #1717, #1718, #1719, #1720, #1721, #1722, #1723, #1724 ), .UNSPECIFIED., .F., .F., ( 4, 1, 1, 1, 1, 1, 1, 1, 1, 1, 1, 1, 1, 4 ), ( 0.000000000000000, 0.0588783128406505, 0.119091688854032, 0.180631947934967, 0.243491827472408, 0.307665639873448, 0.373149932827921, 0.439944114721742, 0.508051000995975, 0.602752468391684, 0.699252655871600, 0.797590730198223, 0.897819128714044, 1.00000000000000 ), .UNSPECIFIED. );
#1363 = VERTEX_POINT( '', #1725 );
#1364 = CIRCLE( '', #1726, 0.00380771190000000 );
#1365 = VERTEX_POINT( '', #1727 );
#1366 = B_SPLINE_CURVE_WITH_KNOTS( '', 3, ( #1728, #1729, #1730, #1731, #1732, #1733, #1734, #1735, #1736, #1737, #1738, #1739, #1740, #1741, #1742, #1743 ), .UNSPECIFIED., .F., .F., ( 4, 1, 1, 1, 1, 1, 1, 1, 1, 1, 1, 1, 1, 4 ), ( 0.000000000000000, 0.0573597313469781, 0.114100049932439, 0.170232522509436, 0.225768189834670, 0.280717280310978, 0.335088966890431, 0.388891173560782, 0.442130435046258, 0.494811810759092, 0.628880162093116, 0.757785012528865, 0.881509002461069, 1.00000000000000 ), .UNSPECIFIED. );
#1367 = VERTEX_POINT( '', #1744 );
#1368 = CIRCLE( '', #1745, 0.00254000000000000 );
#1369 = VERTEX_POINT( '', #1746 );
#1370 = B_SPLINE_CURVE_WITH_KNOTS( '', 3, ( #1747, #1748, #1749, #1750, #1751, #1752, #1753, #1754, #1755, #1756, #1757, #1758, #1759, #1760, #1761, #1762 ), .UNSPECIFIED., .F., .F., ( 4, 1, 1, 1, 1, 1, 1, 1, 1, 1, 1, 1, 1, 4 ), ( 0.000000000000000, 0.0586208775377400, 0.118563591762081, 0.179820053004361, 0.242383070647430, 0.306246996601260, 0.371408371805852, 0.437866539382687, 0.505624181644970, 0.600765466797759, 0.697727733885521, 0.796550514267172, 0.897286917057008, 1.00000000000000 ), .UNSPECIFIED. );
#1371 = VERTEX_POINT( '', #1763 );
#1372 = CIRCLE( '', #1764, 0.00380771190000000 );
#1373 = B_SPLINE_CURVE_WITH_KNOTS( '', 3, ( #1765, #1766, #1767, #1768, #1769, #1770, #1771, #1772, #1773, #1774, #1775, #1776, #1777, #1778, #1779, #1780, #1781 ), .UNSPECIFIED., .F., .F., ( 4, 1, 1, 1, 1, 1, 1, 1, 1, 1, 1, 1, 1, 1, 4 ), ( 0.000000000000000, 0.0570457336330065, 0.113479815557439, 0.169313635070126, 0.224558068616826, 0.279223200257014, 0.333318083949356, 0.386850553805818, 0.439827085879972, 0.492252712561564, 0.600511332717780, 0.705424875017601, 0.806992100700850, 0.905193906335466, 1.00000000000000 ), .UNSPECIFIED. );
#1374 = VERTEX_POINT( '', #1782 );
#1375 = CIRCLE( '', #1783, 0.00381000000000000 );
#1376 = VERTEX_POINT( '', #1784 );
#1377 = VERTEX_POINT( '', #1785 );
#1378 = CIRCLE( '', #1786, 0.00254000000000000 );
#1379 = VERTEX_POINT( '', #1787 );
#1380 = B_SPLINE_CURVE_WITH_KNOTS( '', 3, ( #1788, #1789, #1790, #1791, #1792, #1793, #1794, #1795, #1796, #1797, #1798, #1799, #1800, #1801, #1802, #1803 ), .UNSPECIFIED., .F., .F., ( 4, 1, 1, 1, 1, 1, 1, 1, 1, 1, 1, 1, 1, 4 ), ( 0.000000000000000, 0.0588783128177733, 0.119091688812889, 0.180631947880207, 0.243491827408713, 0.307665639805517, 0.373149932760467, 0.439944114659477, 0.508051000943604, 0.602752468324462, 0.699252655802164, 0.797590730139245, 0.897819128678212, 1.00000000000000 ), .UNSPECIFIED. );
#1381 = VERTEX_POINT( '', #1804 );
#1382 = CIRCLE( '', #1805, 0.00380771190000000 );
#1383 = VERTEX_POINT( '', #1806 );
#1384 = B_SPLINE_CURVE_WITH_KNOTS( '', 3, ( #1807, #1808, #1809, #1810, #1811, #1812, #1813, #1814, #1815, #1816, #1817, #1818, #1819, #1820, #1821, #1822 ), .UNSPECIFIED., .F., .F., ( 4, 1, 1, 1, 1, 1, 1, 1, 1, 1, 1, 1, 1, 4 ), ( 0.000000000000000, 0.0573597313557222, 0.114100049949205, 0.170232522533500, 0.225768189865305, 0.280717280347454, 0.335088966932019, 0.388891173606745, 0.442130435095860, 0.494811810811589, 0.628880162142395, 0.757785012568287, 0.881509002484042, 1.00000000000000 ), .UNSPECIFIED. );
#1385 = VERTEX_POINT( '', #1823 );
#1386 = CIRCLE( '', #1824, 0.00254000000000000 );
#1387 = VERTEX_POINT( '', #1825 );
#1388 = B_SPLINE_CURVE_WITH_KNOTS( '', 3, ( #1826, #1827, #1828, #1829, #1830, #1831, #1832, #1833, #1834, #1835, #1836, #1837, #1838, #1839, #1840, #1841 ), .UNSPECIFIED., .F., .F., ( 4, 1, 1, 1, 1, 1, 1, 1, 1, 1, 1, 1, 1, 4 ), ( 0.000000000000000, 0.0586208775527393, 0.118563591789691, 0.179820053042175, 0.242383070693027, 0.306246996652207, 0.371408371859709, 0.437866539437009, 0.505624181697309, 0.600765466849688, 0.697727733932004, 0.796550514303179, 0.897286917077517, 1.00000000000000 ), .UNSPECIFIED. );
#1389 = VERTEX_POINT( '', #1842 );
#1390 = CIRCLE( '', #1843, 0.00380771190000000 );
#1391 = B_SPLINE_CURVE_WITH_KNOTS( '', 3, ( #1844, #1845, #1846, #1847, #1848, #1849, #1850, #1851, #1852, #1853, #1854, #1855, #1856, #1857, #1858, #1859, #1860 ), .UNSPECIFIED., .F., .F., ( 4, 1, 1, 1, 1, 1, 1, 1, 1, 1, 1, 1, 1, 1, 4 ), ( 0.000000000000000, 0.0570457336238474, 0.113479815539950, 0.169313635045138, 0.224558068585171, 0.279223200219528, 0.333318083906877, 0.386850553759187, 0.439827085830031, 0.492252712509160, 0.600511332666687, 0.705424874972431, 0.806992100666193, 0.905193906315878, 1.00000000000000 ), .UNSPECIFIED. );
#1392 = VERTEX_POINT( '', #1861 );
#1393 = CIRCLE( '', #1862, 0.00381000000000000 );
#1394 = LINE( '', #1863, #1864 );
#1395 = LINE( '', #1865, #1866 );
#1396 = VERTEX_POINT( '', #1867 );
#1397 = VERTEX_POINT( '', #1868 );
#1398 = B_SPLINE_CURVE_WITH_KNOTS( '', 1, ( #1869, #1870 ), .UNSPECIFIED., .F., .F., ( 2, 2 ), ( 0.000000000000000, 1.00000000000000 ), .UNSPECIFIED. );
#1399 = VERTEX_POINT( '', #1871 );
#1400 = LINE( '', #1872, #1873 );
#1401 = VERTEX_POINT( '', #1874 );
#1402 = B_SPLINE_CURVE_WITH_KNOTS( '', 3, ( #1875, #1876, #1877, #1878, #1879 ), .UNSPECIFIED., .F., .F., ( 4, 1, 4 ), ( 0.000000000000000, 0.499999999999999, 1.00000000000000 ), .UNSPECIFIED. );
#1403 = LINE( '', #1880, #1881 );
#1404 = VERTEX_POINT( '', #1882 );
#1405 = B_SPLINE_CURVE_WITH_KNOTS( '', 3, ( #1883, #1884, #1885, #1886, #1887, #1888, #1889, #1890, #1891, #1892 ), .UNSPECIFIED., .F., .F., ( 4, 2, 2, 2, 4 ), ( 0.000000000000000, 0.250000000000000, 0.500000000000000, 0.750000000000000, 1.00000000000000 ), .UNSPECIFIED. );
#1406 = VERTEX_POINT( '', #1893 );
#1407 = B_SPLINE_CURVE_WITH_KNOTS( '', 1, ( #1894, #1895 ), .UNSPECIFIED., .F., .F., ( 2, 2 ), ( 0.000000000000000, 1.00000000000000 ), .UNSPECIFIED. );
#1408 = CIRCLE( '', #1896, 0.000393688000000000 );
#1409 = VERTEX_POINT( '', #1897 );
#1410 = VERTEX_POINT( '', #1898 );
#1411 = B_SPLINE_CURVE_WITH_KNOTS( '', 3, ( #1899, #1900, #1901, #1902 ), .UNSPECIFIED., .F., .F., ( 4, 4 ), ( 0.000000000000000, 1.00000000000000 ), .UNSPECIFIED. );
#1412 = VERTEX_POINT( '', #1903 );
#1413 = B_SPLINE_CURVE_WITH_KNOTS( '', 3, ( #1904, #1905, #1906, #1907, #1908, #1909, #1910, #1911, #1912, #1913 ), .UNSPECIFIED., .F., .F., ( 4, 2, 2, 2, 4 ), ( 0.000000000000000, 0.250000000000000, 0.500000000000000, 0.750000000000000, 1.00000000000000 ), .UNSPECIFIED. );
#1414 = VERTEX_POINT( '', #1914 );
#1415 = B_SPLINE_CURVE_WITH_KNOTS( '', 1, ( #1915, #1916 ), .UNSPECIFIED., .F., .F., ( 2, 2 ), ( 0.000000000000000, 1.00000000000000 ), .UNSPECIFIED. );
#1416 = CIRCLE( '', #1917, 0.000393688000000000 );
#1417 = VERTEX_POINT( '', #1918 );
#1418 = VERTEX_POINT( '', #1919 );
#1419 = B_SPLINE_CURVE_WITH_KNOTS( '', 1, ( #1920, #1921 ), .UNSPECIFIED., .F., .F., ( 2, 2 ), ( 0.000000000000000, 1.00000000000000 ), .UNSPECIFIED. );
#1420 = LINE( '', #1922, #1923 );
#1421 = LINE( '', #1924, #1925 );
#1422 = VERTEX_POINT( '', #1926 );
#1423 = VERTEX_POINT( '', #1927 );
#1424 = B_SPLINE_CURVE_WITH_KNOTS( '', 3, ( #1928, #1929, #1930, #1931, #1932 ), .UNSPECIFIED., .F., .F., ( 4, 1, 4 ), ( 0.000000000000000, 0.500000000000000, 1.00000000000000 ), .UNSPECIFIED. );
#1425 = B_SPLINE_CURVE_WITH_KNOTS( '', 3, ( #1933, #1934, #1935, #1936, #1937, #1938, #1939, #1940, #1941, #1942 ), .UNSPECIFIED., .F., .F., ( 4, 2, 2, 2, 4 ), ( 0.000000000000000, 0.250000000000000, 0.500000000000000, 0.750000000000000, 1.00000000000000 ), .UNSPECIFIED. );
#1426 = CIRCLE( '', #1943, 0.000393688000000000 );
#1427 = VERTEX_POINT( '', #1944 );
#1428 = VERTEX_POINT( '', #1945 );
#1429 = LINE( '', #1946, #1947 );
#1430 = VERTEX_POINT( '', #1948 );
#1431 = LINE( '', #1949, #1950 );
#1432 = VERTEX_POINT( '', #1951 );
#1433 = LINE( '', #1952, #1953 );
#1434 = LINE( '', #1954, #1955 );
#1435 = VERTEX_POINT( '', #1956 );
#1436 = VERTEX_POINT( '', #1957 );
#1437 = LINE( '', #1958, #1959 );
#1438 = VERTEX_POINT( '', #1960 );
#1439 = LINE( '', #1961, #1962 );
#1440 = VERTEX_POINT( '', #1963 );
#1441 = LINE( '', #1964, #1965 );
#1442 = LINE( '', #1966, #1967 );
#1443 = VERTEX_POINT( '', #1968 );
#1444 = VERTEX_POINT( '', #1969 );
#1445 = LINE( '', #1970, #1971 );
#1446 = VERTEX_POINT( '', #1972 );
#1447 = LINE( '', #1973, #1974 );
#1448 = VERTEX_POINT( '', #1975 );
#1449 = LINE( '', #1976, #1977 );
#1450 = LINE( '', #1978, #1979 );
#1451 = VERTEX_POINT( '', #1980 );
#1452 = VERTEX_POINT( '', #1981 );
#1453 = LINE( '', #1982, #1983 );
#1454 = VERTEX_POINT( '', #1984 );
#1455 = LINE( '', #1985, #1986 );
#1456 = VERTEX_POINT( '', #1987 );
#1457 = LINE( '', #1988, #1989 );
#1458 = LINE( '', #1990, #1991 );
#1459 = VERTEX_POINT( '', #1992 );
#1460 = VERTEX_POINT( '', #1993 );
#1461 = LINE( '', #1994, #1995 );
#1462 = VERTEX_POINT( '', #1996 );
#1463 = LINE( '', #1997, #1998 );
#1464 = VERTEX_POINT( '', #1999 );
#1465 = LINE( '', #2000, #2001 );
#1466 = VERTEX_POINT( '', #2002 );
#1467 = LINE( '', #2003, #2004 );
#1468 = VERTEX_POINT( '', #2005 );
#1469 = LINE( '', #2006, #2007 );
#1470 = LINE( '', #2008, #2009 );
#1471 = VERTEX_POINT( '', #2010 );
#1472 = VERTEX_POINT( '', #2011 );
#1473 = LINE( '', #2012, #2013 );
#1474 = VERTEX_POINT( '', #2014 );
#1475 = LINE( '', #2015, #2016 );
#1476 = VERTEX_POINT( '', #2017 );
#1477 = LINE( '', #2018, #2019 );
#1478 = LINE( '', #2020, #2021 );
#1479 = LINE( '', #2022, #2023 );
#1480 = VERTEX_POINT( '', #2024 );
#1481 = VERTEX_POINT( '', #2025 );
#1482 = LINE( '', #2026, #2027 );
#1483 = VERTEX_POINT( '', #2028 );
#1484 = LINE( '', #2029, #2030 );
#1485 = VERTEX_POINT( '', #2031 );
#1486 = LINE( '', #2032, #2033 );
#1487 = LINE( '', #2034, #2035 );
#1488 = VERTEX_POINT( '', #2036 );
#1489 = VERTEX_POINT( '', #2037 );
#1490 = CIRCLE( '', #2038, 0.000901700000000000 );
#1491 = LINE( '', #2039, #2040 );
#1492 = VERTEX_POINT( '', #2041 );
#1493 = B_SPLINE_CURVE_WITH_KNOTS( '', 3, ( #2042, #2043, #2044, #2045, #2046, #2047, #2048, #2049, #2050, #2051 ), .UNSPECIFIED., .F., .F., ( 4, 2, 2, 2, 4 ), ( 0.000000000000000, 0.250000000000000, 0.500000000000000, 0.750000000000000, 1.00000000000000 ), .UNSPECIFIED. );
#1494 = LINE( '', #2052, #2053 );
#1495 = LINE( '', #2054, #2055 );
#1496 = VERTEX_POINT( '', #2056 );
#1497 = B_SPLINE_CURVE_WITH_KNOTS( '', 3, ( #2057, #2058, #2059, #2060 ), .UNSPECIFIED., .F., .F., ( 4, 4 ), ( 0.000000000000000, 1.00000000000000 ), .UNSPECIFIED. );
#1498 = LINE( '', #2061, #2062 );
#1499 = VERTEX_POINT( '', #2063 );
#1500 = LINE( '', #2064, #2065 );
#1501 = VERTEX_POINT( '', #2066 );
#1502 = LINE( '', #2067, #2068 );
#1503 = LINE( '', #2069, #2070 );
#1504 = VERTEX_POINT( '', #2071 );
#1505 = LINE( '', #2072, #2073 );
#1506 = VERTEX_POINT( '', #2074 );
#1507 = LINE( '', #2075, #2076 );
#1508 = VERTEX_POINT( '', #2077 );
#1509 = LINE( '', #2078, #2079 );
#1510 = VERTEX_POINT( '', #2080 );
#1511 = LINE( '', #2081, #2082 );
#1512 = LINE( '', #2083, #2084 );
#1513 = VERTEX_POINT( '', #2085 );
#1514 = VERTEX_POINT( '', #2086 );
#1515 = LINE( '', #2087, #2088 );
#1516 = VERTEX_POINT( '', #2089 );
#1517 = LINE( '', #2090, #2091 );
#1518 = VERTEX_POINT( '', #2092 );
#1519 = LINE( '', #2093, #2094 );
#1520 = LINE( '', #2095, #2096 );
#1521 = VERTEX_POINT( '', #2097 );
#1522 = LINE( '', #2098, #2099 );
#1523 = VERTEX_POINT( '', #2100 );
#1524 = LINE( '', #2101, #2102 );
#1525 = LINE( '', #2103, #2104 );
#1526 = VERTEX_POINT( '', #2105 );
#1527 = CIRCLE( '', #2106, 0.000381000000000000 );
#1528 = VERTEX_POINT( '', #2107 );
#1529 = LINE( '', #2108, #2109 );
#1530 = CIRCLE( '', #2110, 0.000381000000000000 );
#1531 = VERTEX_POINT( '', #2111 );
#1532 = CIRCLE( '', #2112, 0.00304800000000000 );
#1533 = VERTEX_POINT( '', #2113 );
#1534 = LINE( '', #2114, #2115 );
#1535 = LINE( '', #2116, #2117 );
#1536 = VERTEX_POINT( '', #2118 );
#1537 = CIRCLE( '', #2119, 0.000381000000000000 );
#1538 = VERTEX_POINT( '', #2120 );
#1539 = LINE( '', #2121, #2122 );
#1540 = CIRCLE( '', #2123, 0.000381000000000000 );
#1541 = VERTEX_POINT( '', #2124 );
#1542 = LINE( '', #2125, #2126 );
#1543 = VERTEX_POINT( '', #2127 );
#1544 = LINE( '', #2128, #2129 );
#1545 = VERTEX_POINT( '', #2130 );
#1546 = LINE( '', #2131, #2132 );
#1547 = VERTEX_POINT( '', #2133 );
#1548 = LINE( '', #2134, #2135 );
#1549 = LINE( '', #2136, #2137 );
#1550 = VERTEX_POINT( '', #2138 );
#1551 = VERTEX_POINT( '', #2139 );
#1552 = LINE( '', #2140, #2141 );
#1553 = VERTEX_POINT( '', #2142 );
#1554 = CIRCLE( '', #2143, 0.00304800000000000 );
#1555 = VERTEX_POINT( '', #2144 );
#1556 = LINE( '', #2145, #2146 );
#1557 = CIRCLE( '', #2147, 0.00304800000000000 );
#1558 = LINE( '', #2148, #2149 );
#1559 = LINE( '', #2150, #2151 );
#1560 = VERTEX_POINT( '', #2152 );
#1561 = LINE( '', #2153, #2154 );
#1562 = VERTEX_POINT( '', #2155 );
#1563 = LINE( '', #2156, #2157 );
#1564 = LINE( '', #2158, #2159 );
#1565 = VERTEX_POINT( '', #2160 );
#1566 = VERTEX_POINT( '', #2161 );
#1567 = LINE( '', #2162, #2163 );
#1568 = VERTEX_POINT( '', #2164 );
#1569 = LINE( '', #2165, #2166 );
#1570 = LINE( '', #2167, #2168 );
#1571 = VERTEX_POINT( '', #2169 );
#1572 = LINE( '', #2170, #2171 );
#1573 = LINE( '', #2172, #2173 );
#1574 = LINE( '', #2174, #2175 );
#1575 = LINE( '', #2176, #2177 );
#1576 = VERTEX_POINT( '', #2178 );
#1577 = VERTEX_POINT( '', #2179 );
#1578 = LINE( '', #2180, #2181 );
#1579 = LINE( '', #2182, #2183 );
#1580 = LINE( '', #2184, #2185 );
#1581 = VERTEX_POINT( '', #2186 );
#1582 = CIRCLE( '', #2187, 0.00381000000000000 );
#1583 = VERTEX_POINT( '', #2188 );
#1584 = VERTEX_POINT( '', #2189 );
#1585 = LINE( '', #2190, #2191 );
#1586 = VERTEX_POINT( '', #2192 );
#1587 = LINE( '', #2193, #2194 );
#1588 = VERTEX_POINT( '', #2195 );
#1589 = LINE( '', #2196, #2197 );
#1590 = LINE( '', #2198, #2199 );
#1591 = VERTEX_POINT( '', #2200 );
#1592 = LINE( '', #2201, #2202 );
#1593 = LINE( '', #2203, #2204 );
#1594 = VERTEX_POINT( '', #2205 );
#1595 = LINE( '', #2206, #2207 );
#1596 = LINE( '', #2208, #2209 );
#1597 = VERTEX_POINT( '', #2210 );
#1598 = VERTEX_POINT( '', #2211 );
#1599 = LINE( '', #2212, #2213 );
#1600 = LINE( '', #2214, #2215 );
#1601 = LINE( '', #2216, #2217 );
#1602 = VERTEX_POINT( '', #2218 );
#1603 = LINE( '', #2219, #2220 );
#1604 = VERTEX_POINT( '', #2221 );
#1605 = LINE( '', #2222, #2223 );
#1606 = VERTEX_POINT( '', #2224 );
#1607 = CIRCLE( '', #2225, 0.00304800000000000 );
#1608 = LINE( '', #2226, #2227 );
#1609 = VERTEX_POINT( '', #2228 );
#1610 = LINE( '', #2229, #2230 );
#1611 = VERTEX_POINT( '', #2231 );
#1612 = CIRCLE( '', #2232, 0.00304800000000000 );
#1613 = LINE( '', #2233, #2234 );
#1614 = VERTEX_POINT( '', #2235 );
#1615 = VERTEX_POINT( '', #2236 );
#1616 = LINE( '', #2237, #2238 );
#1617 = CIRCLE( '', #2239, 0.000381000000000000 );
#1618 = CIRCLE( '', #2240, 0.000381000000000000 );
#1619 = VERTEX_POINT( '', #2241 );
#1620 = LINE( '', #2242, #2243 );
#1621 = VERTEX_POINT( '', #2244 );
#1622 = LINE( '', #2245, #2246 );
#1623 = LINE( '', #2247, #2248 );
#1624 = LINE( '', #2249, #2250 );
#1625 = VERTEX_POINT( '', #2251 );
#1626 = LINE( '', #2252, #2253 );
#1627 = VERTEX_POINT( '', #2254 );
#1628 = LINE( '', #2255, #2256 );
#1629 = LINE( '', #2257, #2258 );
#1630 = VERTEX_POINT( '', #2259 );
#1631 = CIRCLE( '', #2260, 0.000901700000000000 );
#1632 = LINE( '', #2261, #2262 );
#1633 = VERTEX_POINT( '', #2263 );
#1634 = VERTEX_POINT( '', #2264 );
#1635 = CIRCLE( '', #2265, 0.000901700000000000 );
#1636 = LINE( '', #2266, #2267 );
#1637 = LINE( '', #2268, #2269 );
#1638 = VERTEX_POINT( '', #2270 );
#1639 = VERTEX_POINT( '', #2271 );
#1640 = CIRCLE( '', #2272, 0.000901700000000000 );
#1641 = LINE( '', #2273, #2274 );
#1642 = LINE( '', #2275, #2276 );
#1643 = LINE( '', #2277, #2278 );
#1644 = LINE( '', #2279, #2280 );
#1645 = LINE( '', #2281, #2282 );
#1646 = VERTEX_POINT( '', #2283 );
#1647 = LINE( '', #2284, #2285 );
#1648 = LINE( '', #2286, #2287 );
#1649 = LINE( '', #2288, #2289 );
#1650 = LINE( '', #2290, #2291 );
#1651 = LINE( '', #2292, #2293 );
#1652 = LINE( '', #2294, #2295 );
#1653 = CIRCLE( '', #2296, 0.00304800000000000 );
#1654 = LINE( '', #2297, #2298 );
#1655 = LINE( '', #2299, #2300 );
#1656 = LINE( '', #2301, #2302 );
#1657 = LINE( '', #2303, #2304 );
#1658 = LINE( '', #2305, #2306 );
#1659 = LINE( '', #2307, #2308 );
#1660 = VERTEX_POINT( '', #2309 );
#1661 = LINE( '', #2310, #2311 );
#1662 = VERTEX_POINT( '', #2312 );
#1663 = LINE( '', #2313, #2314 );
#1664 = LINE( '', #2315, #2316 );
#1665 = VERTEX_POINT( '', #2317 );
#1666 = VERTEX_POINT( '', #2318 );
#1667 = LINE( '', #2319, #2320 );
#1668 = VERTEX_POINT( '', #2321 );
#1669 = CIRCLE( '', #2322, 0.000381000000000000 );
#1670 = VERTEX_POINT( '', #2323 );
#1671 = LINE( '', #2324, #2325 );
#1672 = CIRCLE( '', #2326, 0.000381000000000000 );
#1673 = LINE( '', #2327, #2328 );
#1674 = LINE( '', #2329, #2330 );
#1675 = LINE( '', #2331, #2332 );
#1676 = LINE( '', #2333, #2334 );
#1677 = VERTEX_POINT( '', #2335 );
#1678 = CIRCLE( '', #2336, 0.00381000000000000 );
#1679 = VERTEX_POINT( '', #2337 );
#1680 = LINE( '', #2338, #2339 );
#1681 = VERTEX_POINT( '', #2340 );
#1682 = LINE( '', #2341, #2342 );
#1683 = LINE( '', #2343, #2344 );
#1684 = LINE( '', #2345, #2346 );
#1685 = VERTEX_POINT( '', #2347 );
#1686 = LINE( '', #2348, #2349 );
#1687 = VERTEX_POINT( '', #2350 );
#1688 = LINE( '', #2351, #2352 );
#1689 = LINE( '', #2353, #2354 );
#1690 = LINE( '', #2355, #2356 );
#1691 = LINE( '', #2357, #2358 );
#1692 = CIRCLE( '', #2359, 0.000393688000000000 );
#1693 = LINE( '', #2360, #2361 );
#1694 = LINE( '', #2362, #2363 );
#1695 = LINE( '', #2364, #2365 );
#1696 = LINE( '', #2366, #2367 );
#1697 = VERTEX_POINT( '', #2368 );
#1698 = LINE( '', #2369, #2370 );
#1699 = LINE( '', #2371, #2372 );
#1700 = LINE( '', #2373, #2374 );
#1701 = LINE( '', #2375, #2376 );
#1702 = LINE( '', #2377, #2378 );
#1703 = LINE( '', #2379, #2380 );
#1704 = LINE( '', #2381, #2382 );
#1705 = CARTESIAN_POINT( '', ( 0.00880934442484208, 0.0134874000000000, -0.000635000000000000 ) );
#1706 = CARTESIAN_POINT( '', ( 0.00389065557515792, 0.0134874000000000, -0.000635000000000000 ) );
#1707 = AXIS2_PLACEMENT_3D( '', #2383, #2384, #2385 );
#1708 = CARTESIAN_POINT( '', ( 0.0101043901248471, 0.0122936000000000, -0.000635000000000000 ) );
#1709 = CARTESIAN_POINT( '', ( 0.00880934442509608, 0.0134874000000000, -0.000635000000254000 ) );
#1710 = CARTESIAN_POINT( '', ( 0.00884743422022562, 0.0134864703048884, -0.000635006526082453 ) );
#1711 = CARTESIAN_POINT( '', ( 0.00892447749492606, 0.0134845898338692, -0.000635019725712235 ) );
#1712 = CARTESIAN_POINT( '', ( 0.00904048610935331, 0.0134690666172354, -0.000635076115678205 ) );
#1713 = CARTESIAN_POINT( '', ( 0.00915723933744018, 0.0134434841565959, -0.000635114438097499 ) );
#1714 = CARTESIAN_POINT( '', ( 0.00927360947732934, 0.0134063727625347, -0.000635125114177879 ) );
#1715 = CARTESIAN_POINT( '', ( 0.00938834408661149, 0.0133575468175674, -0.000635103965149936 ) );
#1716 = CARTESIAN_POINT( '', ( 0.00950007362400573, 0.0132966319436645, -0.000635062893646665 ) );
#1717 = CARTESIAN_POINT( '', ( 0.00960732714529471, 0.0132234943165327, -0.000635014345317706 ) );
#1718 = CARTESIAN_POINT( '', ( 0.00972105124992747, 0.0131276258204664, -0.000635002955566984 ) );
#1719 = CARTESIAN_POINT( '', ( 0.00983533532040686, 0.0130040841832444, -0.000634951186856415 ) );
#1720 = CARTESIAN_POINT( '', ( 0.00994161002007675, 0.0128490128863018, -0.000634860143199955 ) );
#1721 = CARTESIAN_POINT( '', ( 0.0100245367403349, 0.0126765178592204, -0.000634850710908347 ) );
#1722 = CARTESIAN_POINT( '', ( 0.0100833891406907, 0.0124898805202668, -0.000634945793789896 ) );
#1723 = CARTESIAN_POINT( '', ( 0.0100973449235117, 0.0123594462370233, -0.000634981815574553 ) );
#1724 = CARTESIAN_POINT( '', ( 0.0101043901247989, 0.0122936000002356, -0.000635000000202881 ) );
#1725 = CARTESIAN_POINT( '', ( 0.0101043901248471, 0.0122936000000000, 0.000635000000000000 ) );
#1726 = AXIS2_PLACEMENT_3D( '', #2386, #2387, #2388 );
#1727 = CARTESIAN_POINT( '', ( 0.00880934442484208, 0.0134874000000000, 0.000635000000000000 ) );
#1728 = CARTESIAN_POINT( '', ( 0.0101043901247989, 0.0122936000002356, 0.000635000000202879 ) );
#1729 = CARTESIAN_POINT( '', ( 0.0101011837191399, 0.0123305733331134, 0.000634994112147959 ) );
#1730 = CARTESIAN_POINT( '', ( 0.0100948055329594, 0.0124041207335014, 0.000634982399621685 ) );
#1731 = CARTESIAN_POINT( '', ( 0.0100730519744045, 0.0125122389459820, 0.000634926437449530 ) );
#1732 = CARTESIAN_POINT( '', ( 0.0100429707856675, 0.0126170005933825, 0.000634880783072802 ) );
#1733 = CARTESIAN_POINT( '', ( 0.0100042072898637, 0.0127176706766770, 0.000634856571462163 ) );
#1734 = CARTESIAN_POINT( '', ( 0.00995756184028024, 0.0128136529900796, 0.000634861388046113 ) );
#1735 = CARTESIAN_POINT( '', ( 0.00990357606121307, 0.0129044068828173, 0.000634892400919871 ) );
#1736 = CARTESIAN_POINT( '', ( 0.00984290025849502, 0.0129894650778841, 0.000634937962528738 ) );
#1737 = CARTESIAN_POINT( '', ( 0.00977616743842563, 0.0130684453519112, 0.000634986388132434 ) );
#1738 = CARTESIAN_POINT( '', ( 0.00966671598001328, 0.0131785919790265, 0.000635005492743492 ) );
#1739 = CARTESIAN_POINT( '', ( 0.00950257323886512, 0.0133026792130307, 0.000635051571434229 ) );
#1740 = CARTESIAN_POINT( '', ( 0.00927594393581540, 0.0134111143063802, 0.000635142468324669 ) );
#1741 = CARTESIAN_POINT( '', ( 0.00904285417706425, 0.0134758846293276, 0.000635072465430819 ) );
#1742 = CARTESIAN_POINT( '', ( 0.00888605178398563, 0.0134836172300580, 0.000635023804880052 ) );
#1743 = CARTESIAN_POINT( '', ( 0.00880934442509608, 0.0134874000000000, 0.000635000000254000 ) );
#1744 = CARTESIAN_POINT( '', ( 0.00389065557515792, 0.0134874000000000, 0.000635000000000000 ) );
#1745 = AXIS2_PLACEMENT_3D( '', #2389, #2390, #2391 );
#1746 = CARTESIAN_POINT( '', ( 0.00259560987515290, 0.0122936000000000, 0.000635000000000000 ) );
#1747 = CARTESIAN_POINT( '', ( 0.00389065557541192, 0.0134874000000000, 0.000635000000254000 ) );
#1748 = CARTESIAN_POINT( '', ( 0.00385273257655586, 0.0134864784432844, 0.000635006418891476 ) );
#1749 = CARTESIAN_POINT( '', ( 0.00377603145668832, 0.0134846145497569, 0.000635019400899684 ) );
#1750 = CARTESIAN_POINT( '', ( 0.00366053761032762, 0.0134692297047852, 0.000635074840636858 ) );
#1751 = CARTESIAN_POINT( '', ( 0.00354429963134199, 0.0134438790457145, 0.000635112463512008 ) );
#1752 = CARTESIAN_POINT( '', ( 0.00342842891787409, 0.0134071081013980, 0.000635122839620450 ) );
#1753 = CARTESIAN_POINT( '', ( 0.00331415933603150, 0.0133587336396640, 0.000635101865295994 ) );
#1754 = CARTESIAN_POINT( '', ( 0.00320283985538073, 0.0132983839159295, 0.000635061343151287 ) );
#1755 = CARTESIAN_POINT( '', ( 0.00309591899256418, 0.0132259234724904, 0.000635013512181255 ) );
#1756 = CARTESIAN_POINT( '', ( 0.00298199271069445, 0.0131305488555472, 0.000635003089521686 ) );
#1757 = CARTESIAN_POINT( '', ( 0.00286704443763090, 0.0130071270442574, 0.000634951323142197 ) );
#1758 = CARTESIAN_POINT( '', ( 0.00275983673322830, 0.0128515972485093, 0.000634858756012931 ) );
#1759 = CARTESIAN_POINT( '', ( 0.00267615725247958, 0.0126784121708071, 0.000634848715810242 ) );
#1760 = CARTESIAN_POINT( '', ( 0.00261676668877550, 0.0124908922877110, 0.000634944949718527 ) );
#1761 = CARTESIAN_POINT( '', ( 0.00260270767804525, 0.0123597886894056, 0.000634981531622425 ) );
#1762 = CARTESIAN_POINT( '', ( 0.00259560987521704, 0.0122936000002656, 0.000635000000286111 ) );
#1763 = CARTESIAN_POINT( '', ( 0.00259560987515290, 0.0122936000000000, -0.000635000000000000 ) );
#1764 = AXIS2_PLACEMENT_3D( '', #2392, #2393, #2394 );
#1765 = CARTESIAN_POINT( '', ( 0.00259560987521704, 0.0122936000002656, -0.000635000000286111 ) );
#1766 = CARTESIAN_POINT( '', ( 0.00259879463637977, 0.0123303807802398, -0.000634994203305330 ) );
#1767 = CARTESIAN_POINT( '', ( 0.00260513001128556, 0.0124035479719247, -0.000634982671499743 ) );
#1768 = CARTESIAN_POINT( '', ( 0.00262669466119104, 0.0125111241140327, -0.000634927499962562 ) );
#1769 = CARTESIAN_POINT( '', ( 0.00265650593658436, 0.0126153883654518, -0.000634882382270319 ) );
#1770 = CARTESIAN_POINT( '', ( 0.00269491882712793, 0.0127156157473869, -0.000634858307724986 ) );
#1771 = CARTESIAN_POINT( '', ( 0.00274114548872619, 0.0128112179962341, -0.000634862816158039 ) );
#1772 = CARTESIAN_POINT( '', ( 0.00279465394366993, 0.0129016602440087, -0.000634893181613402 ) );
#1773 = CARTESIAN_POINT( '', ( 0.00285480605577372, 0.0129864821467523, -0.000634938107840063 ) );
#1774 = CARTESIAN_POINT( '', ( 0.00292097548702732, 0.0130652967719288, -0.000634985856352530 ) );
#1775 = CARTESIAN_POINT( '', ( 0.00301811141676973, 0.0131637512110347, -0.000635004366032449 ) );
#1776 = CARTESIAN_POINT( '', ( 0.00315342352489379, 0.0132709117862339, -0.000635034690114731 ) );
#1777 = CARTESIAN_POINT( '', ( 0.00333187488046513, 0.0133706531270694, -0.000635114977050741 ) );
#1778 = CARTESIAN_POINT( '', ( 0.00351732172047812, 0.0134390502961332, -0.000635128887936301 ) );
#1779 = CARTESIAN_POINT( '', ( 0.00370436595157188, 0.0134800601948970, -0.000635048932793248 ) );
#1780 = CARTESIAN_POINT( '', ( 0.00382929166692142, 0.0134849822640070, -0.000635016118660376 ) );
#1781 = CARTESIAN_POINT( '', ( 0.00389065557541192, 0.0134874000000000, -0.000635000000254000 ) );
#1782 = CARTESIAN_POINT( '', ( 0.00635000000025400, 0.0122174000002540, -0.00381000000025400 ) );
#1783 = AXIS2_PLACEMENT_3D( '', #2395, #2396, #2397 );
#1784 = CARTESIAN_POINT( '', ( -0.00389065557515792, 0.0134874000000000, -0.000635000000000000 ) );
#1785 = CARTESIAN_POINT( '', ( -0.00880934442484208, 0.0134874000000000, -0.000635000000000000 ) );
#1786 = AXIS2_PLACEMENT_3D( '', #2398, #2399, #2400 );
#1787 = CARTESIAN_POINT( '', ( -0.00259560987515290, 0.0122936000000000, -0.000635000000000000 ) );
#1788 = CARTESIAN_POINT( '', ( -0.00389065557541192, 0.0134874000000000, -0.000635000000254000 ) );
#1789 = CARTESIAN_POINT( '', ( -0.00385256578028768, 0.0134864703049030, -0.000635006526082724 ) );
#1790 = CARTESIAN_POINT( '', ( -0.00377552250559463, 0.0134845898339132, -0.000635019725713053 ) );
#1791 = CARTESIAN_POINT( '', ( -0.00365951389116858, 0.0134690666173262, -0.000635076115682899 ) );
#1792 = CARTESIAN_POINT( '', ( -0.00354276066306928, 0.0134434841567325, -0.000635114438107665 ) );
#1793 = CARTESIAN_POINT( '', ( -0.00342639052315406, 0.0134063727627134, -0.000635125114194823 ) );
#1794 = CARTESIAN_POINT( '', ( -0.00331165591383324, 0.0133575468177812, -0.000635103965174319 ) );
#1795 = CARTESIAN_POINT( '', ( -0.00319992637638922, 0.0132966319439036, -0.000635062893678497 ) );
#1796 = CARTESIAN_POINT( '', ( -0.00309267285504153, 0.0132234943167843, -0.000635014345356570 ) );
#1797 = CARTESIAN_POINT( '', ( -0.00297894875035227, 0.0131276258207290, -0.000635002955611755 ) );
#1798 = CARTESIAN_POINT( '', ( -0.00286466467981441, 0.0130040841835122, -0.000634951186908285 ) );
#1799 = CARTESIAN_POINT( '', ( -0.00275838998008203, 0.0128490128865624, -0.000634860143262246 ) );
#1800 = CARTESIAN_POINT( '', ( -0.00267546325975891, 0.0126765178594382, -0.000634850710980623 ) );
#1801 = CARTESIAN_POINT( '', ( -0.00261661085934650, 0.0124898805204046, -0.000634945793870574 ) );
#1802 = CARTESIAN_POINT( '', ( -0.00260265507651158, 0.0123594462370920, -0.000634981815656926 ) );
#1803 = CARTESIAN_POINT( '', ( -0.00259560987521704, 0.0122936000002656, -0.000635000000286111 ) );
#1804 = CARTESIAN_POINT( '', ( -0.00259560987515290, 0.0122936000000000, 0.000635000000000000 ) );
#1805 = AXIS2_PLACEMENT_3D( '', #2401, #2402, #2403 );
#1806 = CARTESIAN_POINT( '', ( -0.00389065557515792, 0.0134874000000000, 0.000635000000000000 ) );
#1807 = CARTESIAN_POINT( '', ( -0.00259560987521704, 0.0122936000002656, 0.000635000000286110 ) );
#1808 = CARTESIAN_POINT( '', ( -0.00259881628087851, 0.0123305733331578, 0.000634994112230931 ) );
#1809 = CARTESIAN_POINT( '', ( -0.00260519446706390, 0.0124041207335741, 0.000634982399704145 ) );
#1810 = CARTESIAN_POINT( '', ( -0.00262694802563527, 0.0125122389460946, 0.000634926437529877 ) );
#1811 = CARTESIAN_POINT( '', ( -0.00265702921439443, 0.0126170005935308, 0.000634880783150170 ) );
#1812 = CARTESIAN_POINT( '', ( -0.00269579271022574, 0.0127176706768563, 0.000634856571535660 ) );
#1813 = CARTESIAN_POINT( '', ( -0.00274243815984124, 0.0128136529902846, 0.000634861388114959 ) );
#1814 = CARTESIAN_POINT( '', ( -0.00279642393894395, 0.0129044068830424, 0.000634892400983363 ) );
#1815 = CARTESIAN_POINT( '', ( -0.00285709974170016, 0.0129894650781234, 0.000634937962586231 ) );
#1816 = CARTESIAN_POINT( '', ( -0.00292383256180944, 0.0130684453521586, 0.000634986388183425 ) );
#1817 = CARTESIAN_POINT( '', ( -0.00303328402027910, 0.0131785919792728, 0.000635005492783646 ) );
#1818 = CARTESIAN_POINT( '', ( -0.00319742676149938, 0.0133026792132538, 0.000635051571460204 ) );
#1819 = CARTESIAN_POINT( '', ( -0.00342405606462352, 0.0134111143065445, 0.000635142468336669 ) );
#1820 = CARTESIAN_POINT( '', ( -0.00365714582342364, 0.0134758846294142, 0.000635072465432929 ) );
#1821 = CARTESIAN_POINT( '', ( -0.00381394821651736, 0.0134836172300865, 0.000635023804880745 ) );
#1822 = CARTESIAN_POINT( '', ( -0.00389065557541192, 0.0134874000000000, 0.000635000000253999 ) );
#1823 = CARTESIAN_POINT( '', ( -0.00880934442484208, 0.0134874000000000, 0.000635000000000000 ) );
#1824 = AXIS2_PLACEMENT_3D( '', #2404, #2405, #2406 );
#1825 = CARTESIAN_POINT( '', ( -0.0101043901248471, 0.0122936000000000, 0.000635000000000000 ) );
#1826 = CARTESIAN_POINT( '', ( -0.00880934442509608, 0.0134874000000000, 0.000635000000254000 ) );
#1827 = CARTESIAN_POINT( '', ( -0.00884726742395238, 0.0134864784432701, 0.000635006418891280 ) );
#1828 = CARTESIAN_POINT( '', ( -0.00892396854381865, 0.0134846145497138, 0.000635019400899093 ) );
#1829 = CARTESIAN_POINT( '', ( -0.00903946239017003, 0.0134692297046988, 0.000635074840633361 ) );
#1830 = CARTESIAN_POINT( '', ( -0.00915570036913752, 0.0134438790455863, 0.000635112463504203 ) );
#1831 = CARTESIAN_POINT( '', ( -0.00927157108257840, 0.0134071081012314, 0.000635122839606987 ) );
#1832 = CARTESIAN_POINT( '', ( -0.00938584066438580, 0.0133587336394643, 0.000635101865275830 ) );
#1833 = CARTESIAN_POINT( '', ( -0.00949716014499422, 0.0132983839157038, 0.000635061343123635 ) );
#1834 = CARTESIAN_POINT( '', ( -0.00960408100776263, 0.0132259234722477, 0.000635013512145591 ) );
#1835 = CARTESIAN_POINT( '', ( -0.00971800728957590, 0.0131305488552948, 0.000635003089476716 ) );
#1836 = CARTESIAN_POINT( '', ( -0.00983295556257576, 0.0130071270440084, 0.000634951323086910 ) );
#1837 = CARTESIAN_POINT( '', ( -0.00994016326691156, 0.0128515972482829, 0.000634858755947116 ) );
#1838 = CARTESIAN_POINT( '', ( -0.0100238427476008, 0.0126784121706263, 0.000634848715735625 ) );
#1839 = CARTESIAN_POINT( '', ( -0.0100832333112579, 0.0124908922875977, 0.000634944949637316 ) );
#1840 = CARTESIAN_POINT( '', ( -0.0100972923219766, 0.0123597886893467, 0.000634981531539872 ) );
#1841 = CARTESIAN_POINT( '', ( -0.0101043901247989, 0.0122936000002356, 0.000635000000202881 ) );
#1842 = CARTESIAN_POINT( '', ( -0.0101043901248471, 0.0122936000000000, -0.000635000000000000 ) );
#1843 = AXIS2_PLACEMENT_3D( '', #2407, #2408, #2409 );
#1844 = CARTESIAN_POINT( '', ( -0.0101043901247989, 0.0122936000002356, -0.000635000000202881 ) );
#1845 = CARTESIAN_POINT( '', ( -0.0101012053636386, 0.0123303807801951, -0.000634994203222357 ) );
#1846 = CARTESIAN_POINT( '', ( -0.0100948699887378, 0.0124035479718513, -0.000634982671417281 ) );
#1847 = CARTESIAN_POINT( '', ( -0.0100733053388489, 0.0125111241139191, -0.000634927499882232 ) );
#1848 = CARTESIAN_POINT( '', ( -0.0100434940634778, 0.0126153883653021, -0.000634882382192986 ) );
#1849 = CARTESIAN_POINT( '', ( -0.0100050811729618, 0.0127156157472062, -0.000634858307651536 ) );
#1850 = CARTESIAN_POINT( '', ( -0.00995885451139544, 0.0128112179960277, -0.000634862816089235 ) );
#1851 = CARTESIAN_POINT( '', ( -0.00990534605648701, 0.0129016602437825, -0.000634893181549925 ) );
#1852 = CARTESIAN_POINT( '', ( -0.00984519394442099, 0.0129864821465122, -0.000634938107782520 ) );
#1853 = CARTESIAN_POINT( '', ( -0.00977902451320670, 0.0130652967716809, -0.000634985856301408 ) );
#1854 = CARTESIAN_POINT( '', ( -0.00968188858351599, 0.0131637512107869, -0.000635004365990782 ) );
#1855 = CARTESIAN_POINT( '', ( -0.00954657647545418, 0.0132709117860022, -0.000635034690084885 ) );
#1856 = CARTESIAN_POINT( '', ( -0.00936812511994893, 0.0133706531268781, -0.000635114977033178 ) );
#1857 = CARTESIAN_POINT( '', ( -0.00918267827998582, 0.0134390502959982, -0.000635128887928320 ) );
#1858 = CARTESIAN_POINT( '', ( -0.00899563404892365, 0.0134800601948275, -0.000635048932791866 ) );
#1859 = CARTESIAN_POINT( '', ( -0.00887070833358359, 0.0134849822639841, -0.000635016118659921 ) );
#1860 = CARTESIAN_POINT( '', ( -0.00880934442509608, 0.0134874000000000, -0.000635000000254000 ) );
#1861 = CARTESIAN_POINT( '', ( -0.00635000000025400, 0.0122174000002540, -0.00381000000025400 ) );
#1862 = AXIS2_PLACEMENT_3D( '', #2410, #2411, #2412 );
#1863 = CARTESIAN_POINT( '', ( -0.00259560987540690, 0.0122936000002540, 0.000635000000254000 ) );
#1864 = VECTOR( '', #2413, 1.00000000000000 );
#1865 = CARTESIAN_POINT( '', ( -0.00389065557541192, 0.0134874000002540, 0.000635000000254000 ) );
#1866 = VECTOR( '', #2414, 1.00000000000000 );
#1867 = CARTESIAN_POINT( '', ( -0.00709930000000000, -0.00406399201366342, -0.00689608795378076 ) );
#1868 = CARTESIAN_POINT( '', ( -0.00709930000159004, -0.00355599426653928, -0.00740409426314838 ) );
#1869 = CARTESIAN_POINT( '', ( -0.00709930000118110, -0.00406400202990983, -0.00689609797009017 ) );
#1870 = CARTESIAN_POINT( '', ( -0.00709930000210001, -0.00355600000169545, -0.00740409999830455 ) );
#1871 = CARTESIAN_POINT( '', ( -0.00560070000915416, -0.00355599426640466, -0.00740409426328554 ) );
#1872 = CARTESIAN_POINT( '', ( -0.00709930000184404, -0.00355599426679328, -0.00740409426340238 ) );
#1873 = VECTOR( '', #2415, 1.00000000000000 );
#1874 = CARTESIAN_POINT( '', ( -0.00560070000532892, -0.00406399666213266, -0.00689609666031656 ) );
#1875 = CARTESIAN_POINT( '', ( -0.00560070000000000, -0.00406398998474870, -0.00689608998259281 ) );
#1876 = CARTESIAN_POINT( '', ( -0.00560070000000000, -0.00397932116418598, -0.00698075449505697 ) );
#1877 = CARTESIAN_POINT( '', ( -0.00560070000000000, -0.00380998352306054, -0.00715008351998530 ) );
#1878 = CARTESIAN_POINT( '', ( -0.00560070000000000, -0.00364064588193510, -0.00731941254491362 ) );
#1879 = CARTESIAN_POINT( '', ( -0.00560070000000000, -0.00355597706137238, -0.00740407705737779 ) );
#1880 = CARTESIAN_POINT( '', ( -0.00709930000118110, -0.00406399666246540, -0.00689609666048928 ) );
#1881 = VECTOR( '', #2416, 1.00000000000000 );
#1882 = CARTESIAN_POINT( '', ( -0.00560069999840996, -0.00355599426653928, -0.00560070573685162 ) );
#1883 = CARTESIAN_POINT( '', ( -0.00560070000915384, -0.00355599066141060, -0.00740406345803156 ) );
#1884 = CARTESIAN_POINT( '', ( -0.00536464506720999, -0.00355599066141060, -0.00740406346042803 ) );
#1885 = CARTESIAN_POINT( '', ( -0.00513004371113900, -0.00355599066141060, -0.00730688839949445 ) );
#1886 = CARTESIAN_POINT( '', ( -0.00479621160808781, -0.00355599066141060, -0.00697305630182127 ) );
#1887 = CARTESIAN_POINT( '', ( -0.00469903654337480, -0.00355599066141060, -0.00673845494731577 ) );
#1888 = CARTESIAN_POINT( '', ( -0.00469903654056207, -0.00355599066141060, -0.00626634506342807 ) );
#1889 = CARTESIAN_POINT( '', ( -0.00479621160247967, -0.00355599066141060, -0.00603174370776466 ) );
#1890 = CARTESIAN_POINT( '', ( -0.00513004370155306, -0.00355599066141060, -0.00569791160611369 ) );
#1891 = CARTESIAN_POINT( '', ( -0.00536464505646616, -0.00355599066141060, -0.00560073654238470 ) );
#1892 = CARTESIAN_POINT( '', ( -0.00560069999841001, -0.00355599066141060, -0.00560073654196844 ) );
#1893 = CARTESIAN_POINT( '', ( -0.00560070000000000, -0.00406399201366342, -0.00610871204621924 ) );
#1894 = CARTESIAN_POINT( '', ( -0.00560069999932690, -0.00406400202990983, -0.00610870202990983 ) );
#1895 = CARTESIAN_POINT( '', ( -0.00560069999840800, -0.00355600000169545, -0.00560070000169545 ) );
#1896 = AXIS2_PLACEMENT_3D( '', #2417, #2418, #2419 );
#1897 = CARTESIAN_POINT( '', ( 0.00560070000000000, -0.00406399201366342, 0.00689608795378076 ) );
#1898 = CARTESIAN_POINT( '', ( 0.00560070000915416, -0.00355599426640466, 0.00740409426328554 ) );
#1899 = CARTESIAN_POINT( '', ( 0.00560070000558281, -0.00406399201380210, 0.00689608795364265 ) );
#1900 = CARTESIAN_POINT( '', ( 0.00560070000752929, -0.00389465369632552, 0.00706541765488770 ) );
#1901 = CARTESIAN_POINT( '', ( 0.00560070000888898, -0.00372531537884895, 0.00723474735613274 ) );
#1902 = CARTESIAN_POINT( '', ( 0.00560070000966189, -0.00355597706137238, 0.00740407705737779 ) );
#1903 = CARTESIAN_POINT( '', ( 0.00560069999840996, -0.00355599426653928, 0.00560070573685162 ) );
#1904 = CARTESIAN_POINT( '', ( 0.00560070000915384, -0.00355599066141060, 0.00740406345803156 ) );
#1905 = CARTESIAN_POINT( '', ( 0.00536464506721000, -0.00355599066141060, 0.00740406346042803 ) );
#1906 = CARTESIAN_POINT( '', ( 0.00513004371113900, -0.00355599066141060, 0.00730688839949445 ) );
#1907 = CARTESIAN_POINT( '', ( 0.00479621160808780, -0.00355599066141060, 0.00697305630182127 ) );
#1908 = CARTESIAN_POINT( '', ( 0.00469903654337480, -0.00355599066141060, 0.00673845494731577 ) );
#1909 = CARTESIAN_POINT( '', ( 0.00469903654056207, -0.00355599066141060, 0.00626634506342807 ) );
#1910 = CARTESIAN_POINT( '', ( 0.00479621160247967, -0.00355599066141060, 0.00603174370776466 ) );
#1911 = CARTESIAN_POINT( '', ( 0.00513004370155306, -0.00355599066141060, 0.00569791160611369 ) );
#1912 = CARTESIAN_POINT( '', ( 0.00536464505646616, -0.00355599066141060, 0.00560073654238470 ) );
#1913 = CARTESIAN_POINT( '', ( 0.00560069999841001, -0.00355599066141060, 0.00560073654196844 ) );
#1914 = CARTESIAN_POINT( '', ( 0.00560070000000000, -0.00406399201366342, 0.00610871204621924 ) );
#1915 = CARTESIAN_POINT( '', ( 0.00560069999932690, -0.00406400202990983, 0.00610870202990983 ) );
#1916 = CARTESIAN_POINT( '', ( 0.00560069999840800, -0.00355600000169545, 0.00560070000169545 ) );
#1917 = AXIS2_PLACEMENT_3D( '', #2420, #2421, #2422 );
#1918 = CARTESIAN_POINT( '', ( 0.00709930000000000, -0.00406399201366342, 0.00689608795378076 ) );
#1919 = CARTESIAN_POINT( '', ( 0.00709930000159004, -0.00355599426653928, 0.00740409426314838 ) );
#1920 = CARTESIAN_POINT( '', ( 0.00709930000118110, -0.00406400202990983, 0.00689609797009017 ) );
#1921 = CARTESIAN_POINT( '', ( 0.00709930000210000, -0.00355600000169545, 0.00740409999830455 ) );
#1922 = CARTESIAN_POINT( '', ( 0.00709930000184404, -0.00355599426679328, 0.00740409426340238 ) );
#1923 = VECTOR( '', #2423, 1.00000000000000 );
#1924 = CARTESIAN_POINT( '', ( 0.00709930000118110, -0.00406399666246540, 0.00689609666048928 ) );
#1925 = VECTOR( '', #2424, 1.00000000000000 );
#1926 = CARTESIAN_POINT( '', ( 0.00709929999467108, -0.00406399666213266, 0.00610870333968344 ) );
#1927 = CARTESIAN_POINT( '', ( 0.00709929999084584, -0.00355599426640466, 0.00560070573671446 ) );
#1928 = CARTESIAN_POINT( '', ( 0.00709930000000000, -0.00406398998474869, 0.00610871001740718 ) );
#1929 = CARTESIAN_POINT( '', ( 0.00709930000000000, -0.00397932116418597, 0.00602404550494302 ) );
#1930 = CARTESIAN_POINT( '', ( 0.00709930000000000, -0.00380998352306053, 0.00585471648001470 ) );
#1931 = CARTESIAN_POINT( '', ( 0.00709930000000000, -0.00364064588193510, 0.00568538745508637 ) );
#1932 = CARTESIAN_POINT( '', ( 0.00709930000000000, -0.00355597706137238, 0.00560072294262221 ) );
#1933 = CARTESIAN_POINT( '', ( 0.00709929999084615, -0.00355599066141060, 0.00560073654196844 ) );
#1934 = CARTESIAN_POINT( '', ( 0.00733535493279000, -0.00355599066141060, 0.00560073653957196 ) );
#1935 = CARTESIAN_POINT( '', ( 0.00756995628886100, -0.00355599066141060, 0.00569791160050555 ) );
#1936 = CARTESIAN_POINT( '', ( 0.00790378839191219, -0.00355599066141060, 0.00603174369817872 ) );
#1937 = CARTESIAN_POINT( '', ( 0.00800096345662520, -0.00355599066141060, 0.00626634505268424 ) );
#1938 = CARTESIAN_POINT( '', ( 0.00800096345943793, -0.00355599066141060, 0.00673845493657193 ) );
#1939 = CARTESIAN_POINT( '', ( 0.00790378839752033, -0.00355599066141060, 0.00697305629223534 ) );
#1940 = CARTESIAN_POINT( '', ( 0.00756995629844693, -0.00355599066141060, 0.00730688839388631 ) );
#1941 = CARTESIAN_POINT( '', ( 0.00733535494353383, -0.00355599066141060, 0.00740406345761530 ) );
#1942 = CARTESIAN_POINT( '', ( 0.00709930000158998, -0.00355599066141060, 0.00740406345803156 ) );
#1943 = AXIS2_PLACEMENT_3D( '', #2425, #2426, #2427 );
#1944 = CARTESIAN_POINT( '', ( 0.00124460000000000, 0.0226060000000000, -0.00746760000000000 ) );
#1945 = CARTESIAN_POINT( '', ( 0.00124460000000000, 0.00810260000000000, -0.00746760000000000 ) );
#1946 = CARTESIAN_POINT( '', ( 0.00124460000025400, 0.0226060000002540, -0.00746760000025400 ) );
#1947 = VECTOR( '', #2428, 1.00000000000000 );
#1948 = CARTESIAN_POINT( '', ( 0.0114554000000000, 0.00810260000000000, -0.00746760000000000 ) );
#1949 = CARTESIAN_POINT( '', ( 0.0114554000002540, 0.00810260000025400, -0.00746760000025400 ) );
#1950 = VECTOR( '', #2429, 1.00000000000000 );
#1951 = CARTESIAN_POINT( '', ( 0.0114554000000000, 0.0226060000000000, -0.00746760000000000 ) );
#1952 = CARTESIAN_POINT( '', ( 0.0114554000002540, 0.0226060000002540, -0.00746760000025400 ) );
#1953 = VECTOR( '', #2430, 1.00000000000000 );
#1954 = CARTESIAN_POINT( '', ( 0.00124460000025400, 0.0226060000002540, -0.00746760000025400 ) );
#1955 = VECTOR( '', #2431, 1.00000000000000 );
#1956 = CARTESIAN_POINT( '', ( 0.00571500000000000, 0.0134874000000000, -0.00228600000000000 ) );
#1957 = CARTESIAN_POINT( '', ( 0.00571500000000000, 0.0134874000000000, -0.00101600000000000 ) );
#1958 = CARTESIAN_POINT( '', ( 0.00571500000025400, 0.0134874000002540, -0.00228600000025400 ) );
#1959 = VECTOR( '', #2432, 1.00000000000000 );
#1960 = CARTESIAN_POINT( '', ( 0.00571500000000000, 0.0114554000000000, -0.00101600000000000 ) );
#1961 = CARTESIAN_POINT( '', ( 0.00571500000025400, 0.0134874000002540, -0.00101600000025400 ) );
#1962 = VECTOR( '', #2433, 1.00000000000000 );
#1963 = CARTESIAN_POINT( '', ( 0.00571500000000000, 0.0114554000000000, -0.00228600000000000 ) );
#1964 = CARTESIAN_POINT( '', ( 0.00571500000025400, 0.0114554000002540, -0.00228600000025400 ) );
#1965 = VECTOR( '', #2434, 1.00000000000000 );
#1966 = CARTESIAN_POINT( '', ( 0.00571500000025400, 0.0134874000002540, -0.00228600000025400 ) );
#1967 = VECTOR( '', #2435, 1.00000000000000 );
#1968 = CARTESIAN_POINT( '', ( 0.00698500000000000, 0.0134874000000000, -0.00101600000000000 ) );
#1969 = CARTESIAN_POINT( '', ( 0.00698500000000000, 0.0134874000000000, -0.00228600000000000 ) );
#1970 = CARTESIAN_POINT( '', ( 0.00698500000025400, 0.0134874000002540, -0.00101600000025400 ) );
#1971 = VECTOR( '', #2436, 1.00000000000000 );
#1972 = CARTESIAN_POINT( '', ( 0.00698500000000000, 0.0114554000000000, -0.00228600000000000 ) );
#1973 = CARTESIAN_POINT( '', ( 0.00698500000025400, 0.0134874000002540, -0.00228600000025400 ) );
#1974 = VECTOR( '', #2437, 1.00000000000000 );
#1975 = CARTESIAN_POINT( '', ( 0.00698500000000000, 0.0114554000000000, -0.00101600000000000 ) );
#1976 = CARTESIAN_POINT( '', ( 0.00698500000025400, 0.0114554000002540, -0.00101600000025400 ) );
#1977 = VECTOR( '', #2438, 1.00000000000000 );
#1978 = CARTESIAN_POINT( '', ( 0.00698500000025400, 0.0134874000002540, -0.00101600000025400 ) );
#1979 = VECTOR( '', #2439, 1.00000000000000 );
#1980 = CARTESIAN_POINT( '', ( 0.00571500000000000, 0.0134874000000000, 0.00101600000000000 ) );
#1981 = CARTESIAN_POINT( '', ( 0.00571500000000000, 0.0134874000000000, 0.00228600000000000 ) );
#1982 = CARTESIAN_POINT( '', ( 0.00571500000025400, 0.0134874000002540, 0.00101600000025400 ) );
#1983 = VECTOR( '', #2440, 1.00000000000000 );
#1984 = CARTESIAN_POINT( '', ( 0.00571500000000000, 0.0114554000000000, 0.00228600000000000 ) );
#1985 = CARTESIAN_POINT( '', ( 0.00571500000025400, 0.0134874000002540, 0.00228600000025400 ) );
#1986 = VECTOR( '', #2441, 1.00000000000000 );
#1987 = CARTESIAN_POINT( '', ( 0.00571500000000000, 0.0114554000000000, 0.00101600000000000 ) );
#1988 = CARTESIAN_POINT( '', ( 0.00571500000025400, 0.0114554000002540, 0.00101600000025400 ) );
#1989 = VECTOR( '', #2442, 1.00000000000000 );
#1990 = CARTESIAN_POINT( '', ( 0.00571500000025400, 0.0134874000002540, 0.00101600000025400 ) );
#1991 = VECTOR( '', #2443, 1.00000000000000 );
#1992 = CARTESIAN_POINT( '', ( 0.0114554000000000, 0.00810260000000000, 0.0100584000000000 ) );
#1993 = CARTESIAN_POINT( '', ( 0.0114554000000000, 0.000000000000000, 0.0100584000000000 ) );
#1994 = CARTESIAN_POINT( '', ( 0.0114554000002540, 0.00810260000025400, 0.0100584000002540 ) );
#1995 = VECTOR( '', #2444, 1.00000000000000 );
#1996 = CARTESIAN_POINT( '', ( 0.00124460000000000, 0.00810260000000000, 0.0100584000000000 ) );
#1997 = CARTESIAN_POINT( '', ( 0.0114554000002540, 0.00810260000025400, 0.0100584000002540 ) );
#1998 = VECTOR( '', #2445, 1.00000000000000 );
#1999 = CARTESIAN_POINT( '', ( 0.00124460000000000, 0.000508000000000000, 0.0100584000000000 ) );
#2000 = CARTESIAN_POINT( '', ( 0.00124460000025400, 0.00810260000025400, 0.0100584000002540 ) );
#2001 = VECTOR( '', #2446, 1.00000000000000 );
#2002 = CARTESIAN_POINT( '', ( 0.0114300000000000, 0.000508000000000000, 0.0100584000000000 ) );
#2003 = CARTESIAN_POINT( '', ( 0.0114300000002540, 0.000508000000254000, 0.0100584000002540 ) );
#2004 = VECTOR( '', #2447, 1.00000000000000 );
#2005 = CARTESIAN_POINT( '', ( 0.0114300000000000, 0.000000000000000, 0.0100584000000000 ) );
#2006 = CARTESIAN_POINT( '', ( 0.0114300000002540, 0.000000000000000, 0.0100584000002540 ) );
#2007 = VECTOR( '', #2448, 1.00000000000000 );
#2008 = CARTESIAN_POINT( '', ( 0.0114300000002540, 0.000000000000000, 0.0100584000002540 ) );
#2009 = VECTOR( '', #2449, 1.00000000000000 );
#2010 = CARTESIAN_POINT( '', ( -0.0139700000000000, 0.0195580000000000, 0.0120904000000000 ) );
#2011 = CARTESIAN_POINT( '', ( -0.0114554000000000, 0.0195580000000000, 0.0120904000000000 ) );
#2012 = CARTESIAN_POINT( '', ( -0.0139700000002540, 0.0195580000002540, 0.0120904000002540 ) );
#2013 = VECTOR( '', #2450, 1.00000000000000 );
#2014 = CARTESIAN_POINT( '', ( -0.0139700000000000, 0.000000000000000, 0.0120904000000000 ) );
#2015 = CARTESIAN_POINT( '', ( -0.0139700000002540, 0.0195580000002540, 0.0120904000002540 ) );
#2016 = VECTOR( '', #2451, 1.00000000000000 );
#2017 = CARTESIAN_POINT( '', ( -0.0114554000000000, 0.000000000000000, 0.0120904000000000 ) );
#2018 = CARTESIAN_POINT( '', ( -0.0139700000002540, 0.000000000000000, 0.0120904000002540 ) );
#2019 = VECTOR( '', #2452, 1.00000000000000 );
#2020 = CARTESIAN_POINT( '', ( -0.0114554000002540, 0.0195580000002540, 0.0120904000002540 ) );
#2021 = VECTOR( '', #2453, 1.00000000000000 );
#2022 = CARTESIAN_POINT( '', ( -0.00259560987540690, 0.0122936000002540, -0.000635000000254000 ) );
#2023 = VECTOR( '', #2454, 1.00000000000000 );
#2024 = CARTESIAN_POINT( '', ( -0.0114554000000000, 0.0226060000000000, -0.00746760000000000 ) );
#2025 = CARTESIAN_POINT( '', ( -0.0114554000000000, 0.00810260000000000, -0.00746760000000000 ) );
#2026 = CARTESIAN_POINT( '', ( -0.0114554000002540, 0.0226060000002540, -0.00746760000025400 ) );
#2027 = VECTOR( '', #2455, 1.00000000000000 );
#2028 = CARTESIAN_POINT( '', ( -0.00124460000000000, 0.00810260000000000, -0.00746760000000000 ) );
#2029 = CARTESIAN_POINT( '', ( -0.00124460000025400, 0.00810260000025400, -0.00746760000025400 ) );
#2030 = VECTOR( '', #2456, 1.00000000000000 );
#2031 = CARTESIAN_POINT( '', ( -0.00124460000000000, 0.0226060000000000, -0.00746760000000000 ) );
#2032 = CARTESIAN_POINT( '', ( -0.00124460000025400, 0.0226060000002540, -0.00746760000025400 ) );
#2033 = VECTOR( '', #2457, 1.00000000000000 );
#2034 = CARTESIAN_POINT( '', ( -0.00124460000025400, 0.0226060000002540, -0.00746760000025400 ) );
#2035 = VECTOR( '', #2458, 1.00000000000000 );
#2036 = CARTESIAN_POINT( '', ( -0.00709930000000000, 0.000508000000000000, -0.00560070000000000 ) );
#2037 = CARTESIAN_POINT( '', ( -0.00709930000000000, 0.000508000000000000, -0.00740410000000000 ) );
#2038 = AXIS2_PLACEMENT_3D( '', #2459, #2460, #2461 );
#2039 = CARTESIAN_POINT( '', ( -0.00709930000025400, 0.000508000000254000, -0.00740410000025400 ) );
#2040 = VECTOR( '', #2462, 1.00000000000000 );
#2041 = CARTESIAN_POINT( '', ( -0.00709929999084584, -0.00355599426640466, -0.00560070573671446 ) );
#2042 = CARTESIAN_POINT( '', ( -0.00709929999084615, -0.00355599066141060, -0.00560073654196844 ) );
#2043 = CARTESIAN_POINT( '', ( -0.00733535493279000, -0.00355599066141060, -0.00560073653957196 ) );
#2044 = CARTESIAN_POINT( '', ( -0.00756995628886100, -0.00355599066141060, -0.00569791160050555 ) );
#2045 = CARTESIAN_POINT( '', ( -0.00790378839191219, -0.00355599066141060, -0.00603174369817872 ) );
#2046 = CARTESIAN_POINT( '', ( -0.00800096345662520, -0.00355599066141060, -0.00626634505268424 ) );
#2047 = CARTESIAN_POINT( '', ( -0.00800096345943793, -0.00355599066141060, -0.00673845493657193 ) );
#2048 = CARTESIAN_POINT( '', ( -0.00790378839752033, -0.00355599066141060, -0.00697305629223534 ) );
#2049 = CARTESIAN_POINT( '', ( -0.00756995629844693, -0.00355599066141060, -0.00730688839388631 ) );
#2050 = CARTESIAN_POINT( '', ( -0.00733535494353383, -0.00355599066141060, -0.00740406345761530 ) );
#2051 = CARTESIAN_POINT( '', ( -0.00709930000158998, -0.00355599066141060, -0.00740406345803156 ) );
#2052 = CARTESIAN_POINT( '', ( -0.00709930000025400, 0.000508000000254000, -0.00560070000025400 ) );
#2053 = VECTOR( '', #2463, 1.00000000000000 );
#2054 = CARTESIAN_POINT( '', ( -0.00560069999866396, -0.00355599426679328, -0.00560070573710562 ) );
#2055 = VECTOR( '', #2464, 1.00000000000000 );
#2056 = CARTESIAN_POINT( '', ( -0.00709930000000000, -0.00406399201366342, -0.00610871204621924 ) );
#2057 = CARTESIAN_POINT( '', ( -0.00709929999492518, -0.00406399201380209, -0.00610871204635734 ) );
#2058 = CARTESIAN_POINT( '', ( -0.00709929999310180, -0.00389465369632552, -0.00593938234511230 ) );
#2059 = CARTESIAN_POINT( '', ( -0.00709929999174211, -0.00372531537884895, -0.00577005264386725 ) );
#2060 = CARTESIAN_POINT( '', ( -0.00709929999084610, -0.00355597706137238, -0.00560072294262221 ) );
#2061 = CARTESIAN_POINT( '', ( -0.00560069999932690, -0.00406399666246540, -0.00610870334001872 ) );
#2062 = VECTOR( '', #2465, 1.00000000000000 );
#2063 = CARTESIAN_POINT( '', ( 0.00863600000000000, 0.0122936000000000, 0.000635000000000000 ) );
#2064 = CARTESIAN_POINT( '', ( 0.0101043901251011, 0.0122936000002540, 0.000635000000254000 ) );
#2065 = VECTOR( '', #2466, 1.00000000000000 );
#2066 = CARTESIAN_POINT( '', ( 0.00863600000000000, 0.0122936000000000, -0.000635000000000000 ) );
#2067 = CARTESIAN_POINT( '', ( 0.0101043901251011, 0.0122936000002540, -0.000635000000254000 ) );
#2068 = VECTOR( '', #2467, 1.00000000000000 );
#2069 = CARTESIAN_POINT( '', ( 0.00863600000025400, 0.0122936000002540, 0.000635000000254000 ) );
#2070 = VECTOR( '', #2468, 1.00000000000000 );
#2071 = CARTESIAN_POINT( '', ( -0.0139700000000000, 0.000000000000000, -0.00949960000000000 ) );
#2072 = CARTESIAN_POINT( '', ( -0.0139700000002540, 0.000000000000000, 0.0120904000002540 ) );
#2073 = VECTOR( '', #2469, 1.00000000000000 );
#2074 = CARTESIAN_POINT( '', ( -0.0114300000000000, 0.000000000000000, -0.00949960000000000 ) );
#2075 = CARTESIAN_POINT( '', ( -0.0139700000002540, 0.000000000000000, -0.00949960000025400 ) );
#2076 = VECTOR( '', #2470, 1.00000000000000 );
#2077 = CARTESIAN_POINT( '', ( -0.0114300000000000, 0.000000000000000, 0.0100584000000000 ) );
#2078 = CARTESIAN_POINT( '', ( -0.0114300000002540, 0.000000000000000, 0.0100584000002540 ) );
#2079 = VECTOR( '', #2471, 1.00000000000000 );
#2080 = CARTESIAN_POINT( '', ( -0.0114554000000000, 0.000000000000000, 0.0100584000000000 ) );
#2081 = CARTESIAN_POINT( '', ( -0.0114300000002540, 0.000000000000000, 0.0100584000002540 ) );
#2082 = VECTOR( '', #2472, 1.00000000000000 );
#2083 = CARTESIAN_POINT( '', ( -0.0114554000002540, 0.000000000000000, 0.0120904000002540 ) );
#2084 = VECTOR( '', #2473, 1.00000000000000 );
#2085 = CARTESIAN_POINT( '', ( 0.00160020000000000, 0.00810260000000000, -0.00474980000000000 ) );
#2086 = CARTESIAN_POINT( '', ( 0.00160020000000000, 0.0108966000000000, -0.00474980000000000 ) );
#2087 = CARTESIAN_POINT( '', ( 0.00160020000025400, 0.00810260000025400, -0.00474980000025400 ) );
#2088 = VECTOR( '', #2474, 1.00000000000000 );
#2089 = CARTESIAN_POINT( '', ( 0.0110998000000000, 0.0108966000000000, -0.00474980000000000 ) );
#2090 = CARTESIAN_POINT( '', ( 0.00160020000025400, 0.0108966000002540, -0.00474980000025400 ) );
#2091 = VECTOR( '', #2475, 1.00000000000000 );
#2092 = CARTESIAN_POINT( '', ( 0.0110998000000000, 0.00810260000000000, -0.00474980000000000 ) );
#2093 = CARTESIAN_POINT( '', ( 0.0110998000002540, 0.00810260000025400, -0.00474980000025400 ) );
#2094 = VECTOR( '', #2476, 1.00000000000000 );
#2095 = CARTESIAN_POINT( '', ( 0.00160020000025400, 0.00810260000025400, -0.00474980000025400 ) );
#2096 = VECTOR( '', #2477, 1.00000000000000 );
#2097 = CARTESIAN_POINT( '', ( 0.00863600000000000, 0.0114554000000000, -0.000635000000000000 ) );
#2098 = CARTESIAN_POINT( '', ( 0.00863600000025400, 0.0122936000002540, -0.000635000000254000 ) );
#2099 = VECTOR( '', #2478, 1.00000000000000 );
#2100 = CARTESIAN_POINT( '', ( 0.00863600000000000, 0.0114554000000000, 0.000635000000000000 ) );
#2101 = CARTESIAN_POINT( '', ( 0.00863600000025400, 0.0114554000002540, 0.000635000000254000 ) );
#2102 = VECTOR( '', #2479, 1.00000000000000 );
#2103 = CARTESIAN_POINT( '', ( 0.00863600000025400, 0.0122936000002540, 0.000635000000254000 ) );
#2104 = VECTOR( '', #2480, 1.00000000000000 );
#2105 = CARTESIAN_POINT( '', ( 0.00533400000000000, 0.0114554000000000, 0.000635000000000000 ) );
#2106 = AXIS2_PLACEMENT_3D( '', #2481, #2482, #2483 );
#2107 = CARTESIAN_POINT( '', ( 0.00533400000000000, 0.0134874000000000, 0.000635000000000000 ) );
#2108 = CARTESIAN_POINT( '', ( 0.00533400000025400, 0.0114554000002540, 0.000635000000254000 ) );
#2109 = VECTOR( '', #2484, 1.00000000000000 );
#2110 = AXIS2_PLACEMENT_3D( '', #2485, #2486, #2487 );
#2111 = CARTESIAN_POINT( '', ( -0.0139700000000000, 0.0226060000000000, 0.00904240000000000 ) );
#2112 = AXIS2_PLACEMENT_3D( '', #2488, #2489, #2490 );
#2113 = CARTESIAN_POINT( '', ( -0.0139700000000000, 0.0226060000000000, -0.00949960000000000 ) );
#2114 = CARTESIAN_POINT( '', ( -0.0139700000002540, 0.0226060000002540, -0.00949960000025400 ) );
#2115 = VECTOR( '', #2491, 1.00000000000000 );
#2116 = CARTESIAN_POINT( '', ( -0.0139700000002540, 0.000000000000000, -0.00949960000025400 ) );
#2117 = VECTOR( '', #2492, 1.00000000000000 );
#2118 = CARTESIAN_POINT( '', ( 0.00736600000000000, 0.0114554000000000, -0.000635000000000000 ) );
#2119 = AXIS2_PLACEMENT_3D( '', #2493, #2494, #2495 );
#2120 = CARTESIAN_POINT( '', ( 0.00736600000000000, 0.0134874000000000, -0.000635000000000000 ) );
#2121 = CARTESIAN_POINT( '', ( 0.00736600000025400, 0.0114554000002540, -0.000635000000254000 ) );
#2122 = VECTOR( '', #2496, 1.00000000000000 );
#2123 = AXIS2_PLACEMENT_3D( '', #2497, #2498, #2499 );
#2124 = CARTESIAN_POINT( '', ( 0.0114300000000000, 0.000000000000000, -0.00949960000000000 ) );
#2125 = CARTESIAN_POINT( '', ( 0.0114300000002540, 0.000000000000000, 0.0100584000002540 ) );
#2126 = VECTOR( '', #2500, 1.00000000000000 );
#2127 = CARTESIAN_POINT( '', ( 0.0139700000000000, 0.000000000000000, -0.00949960000000000 ) );
#2128 = CARTESIAN_POINT( '', ( 0.0114300000002540, 0.000000000000000, -0.00949960000025400 ) );
#2129 = VECTOR( '', #2501, 1.00000000000000 );
#2130 = CARTESIAN_POINT( '', ( 0.0139700000000000, 0.000000000000000, 0.0120904000000000 ) );
#2131 = CARTESIAN_POINT( '', ( 0.0139700000002540, 0.000000000000000, 0.0120904000002540 ) );
#2132 = VECTOR( '', #2502, 1.00000000000000 );
#2133 = CARTESIAN_POINT( '', ( 0.0114554000000000, 0.000000000000000, 0.0120904000000000 ) );
#2134 = CARTESIAN_POINT( '', ( 0.0114554000002540, 0.000000000000000, 0.0120904000002540 ) );
#2135 = VECTOR( '', #2503, 1.00000000000000 );
#2136 = CARTESIAN_POINT( '', ( 0.0114554000002540, 0.000000000000000, 0.0100584000002540 ) );
#2137 = VECTOR( '', #2504, 1.00000000000000 );
#2138 = CARTESIAN_POINT( '', ( -0.00124460000000000, 0.0195580000000000, 0.0120904000000000 ) );
#2139 = CARTESIAN_POINT( '', ( 0.00124460000000000, 0.0195580000000000, 0.0120904000000000 ) );
#2140 = CARTESIAN_POINT( '', ( -0.00124460000025400, 0.0195580000002540, 0.0120904000002540 ) );
#2141 = VECTOR( '', #2505, 1.00000000000000 );
#2142 = CARTESIAN_POINT( '', ( 0.00124460000000000, 0.0226060000000000, 0.00904240000000000 ) );
#2143 = AXIS2_PLACEMENT_3D( '', #2506, #2507, #2508 );
#2144 = CARTESIAN_POINT( '', ( -0.00124460000000000, 0.0226060000000000, 0.00904240000000000 ) );
#2145 = CARTESIAN_POINT( '', ( -0.00124460000025400, 0.0226060000002540, 0.00904240000025400 ) );
#2146 = VECTOR( '', #2509, 1.00000000000000 );
#2147 = AXIS2_PLACEMENT_3D( '', #2510, #2511, #2512 );
#2148 = CARTESIAN_POINT( '', ( 0.00124460000025400, 0.00810260000025400, 0.0100584000002540 ) );
#2149 = VECTOR( '', #2513, 1.00000000000000 );
#2150 = CARTESIAN_POINT( '', ( 0.0114554000002540, 0.00810260000025400, 0.0100584000002540 ) );
#2151 = VECTOR( '', #2514, 1.00000000000000 );
#2152 = CARTESIAN_POINT( '', ( 0.0110998000000000, 0.00810260000000000, 0.00474980000000000 ) );
#2153 = CARTESIAN_POINT( '', ( 0.0110998000002540, 0.00810260000025400, 0.00474980000025400 ) );
#2154 = VECTOR( '', #2515, 1.00000000000000 );
#2155 = CARTESIAN_POINT( '', ( 0.00160020000000000, 0.00810260000000000, 0.00474980000000000 ) );
#2156 = CARTESIAN_POINT( '', ( 0.00160020000025400, 0.00810260000025400, 0.00474980000025400 ) );
#2157 = VECTOR( '', #2516, 1.00000000000000 );
#2158 = CARTESIAN_POINT( '', ( 0.00160020000025400, 0.00810260000025400, 0.00474980000025400 ) );
#2159 = VECTOR( '', #2517, 1.00000000000000 );
#2160 = CARTESIAN_POINT( '', ( -0.00124460000000000, 0.00810260000000000, 0.0100584000000000 ) );
#2161 = CARTESIAN_POINT( '', ( -0.00124460000000000, 0.000508000000000000, 0.0100584000000000 ) );
#2162 = CARTESIAN_POINT( '', ( -0.00124460000025400, 0.00810260000025400, 0.0100584000002540 ) );
#2163 = VECTOR( '', #2518, 1.00000000000000 );
#2164 = CARTESIAN_POINT( '', ( -0.0114554000000000, 0.00810260000000000, 0.0100584000000000 ) );
#2165 = CARTESIAN_POINT( '', ( -0.00124460000025400, 0.00810260000025400, 0.0100584000002540 ) );
#2166 = VECTOR( '', #2519, 1.00000000000000 );
#2167 = CARTESIAN_POINT( '', ( -0.0114554000002540, 0.00810260000025400, 0.0100584000002540 ) );
#2168 = VECTOR( '', #2520, 1.00000000000000 );
#2169 = CARTESIAN_POINT( '', ( -0.0114300000000000, 0.000508000000000000, 0.0100584000000000 ) );
#2170 = CARTESIAN_POINT( '', ( -0.0114300000002540, 0.000000000000000, 0.0100584000002540 ) );
#2171 = VECTOR( '', #2521, 1.00000000000000 );
#2172 = CARTESIAN_POINT( '', ( -0.00124460000025400, 0.000508000000254000, 0.0100584000002540 ) );
#2173 = VECTOR( '', #2522, 1.00000000000000 );
#2174 = CARTESIAN_POINT( '', ( 0.00736600000025400, 0.0134874000002540, -0.000635000000254000 ) );
#2175 = VECTOR( '', #2523, 1.00000000000000 );
#2176 = CARTESIAN_POINT( '', ( 0.00863600000025400, 0.0114554000002540, -0.000635000000254000 ) );
#2177 = VECTOR( '', #2524, 1.00000000000000 );
#2178 = CARTESIAN_POINT( '', ( 0.00160020000000000, 0.0108966000000000, 0.00474980000000000 ) );
#2179 = CARTESIAN_POINT( '', ( 0.0110998000000000, 0.0108966000000000, 0.00474980000000000 ) );
#2180 = CARTESIAN_POINT( '', ( 0.00160020000025400, 0.0108966000002540, 0.00474980000025400 ) );
#2181 = VECTOR( '', #2525, 1.00000000000000 );
#2182 = CARTESIAN_POINT( '', ( 0.0110998000002540, 0.0108966000002540, -0.00474980000025400 ) );
#2183 = VECTOR( '', #2526, 1.00000000000000 );
#2184 = CARTESIAN_POINT( '', ( 0.00160020000025400, 0.0108966000002540, -0.00474980000025400 ) );
#2185 = VECTOR( '', #2527, 1.00000000000000 );
#2186 = CARTESIAN_POINT( '', ( 0.00635000000025400, 0.0108966000002540, 0.00381000000025400 ) );
#2187 = AXIS2_PLACEMENT_3D( '', #2528, #2529, #2530 );
#2188 = CARTESIAN_POINT( '', ( -0.0110998000000000, 0.00810260000000000, -0.00474980000000000 ) );
#2189 = CARTESIAN_POINT( '', ( -0.0110998000000000, 0.0108966000000000, -0.00474980000000000 ) );
#2190 = CARTESIAN_POINT( '', ( -0.0110998000002540, 0.00810260000025400, -0.00474980000025400 ) );
#2191 = VECTOR( '', #2531, 1.00000000000000 );
#2192 = CARTESIAN_POINT( '', ( -0.00160020000000000, 0.0108966000000000, -0.00474980000000000 ) );
#2193 = CARTESIAN_POINT( '', ( -0.0110998000002540, 0.0108966000002540, -0.00474980000025400 ) );
#2194 = VECTOR( '', #2532, 1.00000000000000 );
#2195 = CARTESIAN_POINT( '', ( -0.00160020000000000, 0.00810260000000000, -0.00474980000000000 ) );
#2196 = CARTESIAN_POINT( '', ( -0.00160020000025400, 0.00810260000025400, -0.00474980000025400 ) );
#2197 = VECTOR( '', #2533, 1.00000000000000 );
#2198 = CARTESIAN_POINT( '', ( -0.0110998000002540, 0.00810260000025400, -0.00474980000025400 ) );
#2199 = VECTOR( '', #2534, 1.00000000000000 );
#2200 = CARTESIAN_POINT( '', ( -0.00560070000000000, 0.000508000000000000, -0.00560070000000000 ) );
#2201 = CARTESIAN_POINT( '', ( -0.00560070000025400, 0.000508000000254000, -0.00560070000025400 ) );
#2202 = VECTOR( '', #2535, 1.00000000000000 );
#2203 = CARTESIAN_POINT( '', ( -0.00560070000025400, 0.000508000000254000, -0.00560070000025400 ) );
#2204 = VECTOR( '', #2536, 1.00000000000000 );
#2205 = CARTESIAN_POINT( '', ( -0.0114300000000000, 0.000508000000000000, -0.00949960000000000 ) );
#2206 = CARTESIAN_POINT( '', ( -0.0114300000002540, 0.000000000000000, -0.00949960000025400 ) );
#2207 = VECTOR( '', #2537, 1.00000000000000 );
#2208 = CARTESIAN_POINT( '', ( -0.0114300000002540, 0.000508000000254000, -0.00949960000025400 ) );
#2209 = VECTOR( '', #2538, 1.00000000000000 );
#2210 = CARTESIAN_POINT( '', ( -0.00124460000000000, 0.000508000000000000, 0.0120904000000000 ) );
#2211 = CARTESIAN_POINT( '', ( 0.00124460000000000, 0.000508000000000000, 0.0120904000000000 ) );
#2212 = CARTESIAN_POINT( '', ( -0.00124460000025400, 0.000508000000254000, 0.0120904000002540 ) );
#2213 = VECTOR( '', #2539, 1.00000000000000 );
#2214 = CARTESIAN_POINT( '', ( 0.00124460000025400, 0.000508000000254000, 0.0120904000002540 ) );
#2215 = VECTOR( '', #2540, 1.00000000000000 );
#2216 = CARTESIAN_POINT( '', ( -0.00124460000025400, 0.0195580000002540, 0.0120904000002540 ) );
#2217 = VECTOR( '', #2541, 1.00000000000000 );
#2218 = CARTESIAN_POINT( '', ( 0.0139700000000000, 0.0226060000000000, -0.00949960000000000 ) );
#2219 = CARTESIAN_POINT( '', ( 0.0139700000002540, 0.000000000000000, -0.00949960000025400 ) );
#2220 = VECTOR( '', #2542, 1.00000000000000 );
#2221 = CARTESIAN_POINT( '', ( 0.0139700000000000, 0.0226060000000000, 0.00904240000000000 ) );
#2222 = CARTESIAN_POINT( '', ( 0.0139700000002540, 0.0226060000002540, -0.00949960000025400 ) );
#2223 = VECTOR( '', #2543, 1.00000000000000 );
#2224 = CARTESIAN_POINT( '', ( 0.0139700000000000, 0.0195580000000000, 0.0120904000000000 ) );
#2225 = AXIS2_PLACEMENT_3D( '', #2544, #2545, #2546 );
#2226 = CARTESIAN_POINT( '', ( 0.0139700000002540, 0.0195580000002540, 0.0120904000002540 ) );
#2227 = VECTOR( '', #2547, 1.00000000000000 );
#2228 = CARTESIAN_POINT( '', ( 0.0114554000000000, 0.0195580000000000, 0.0120904000000000 ) );
#2229 = CARTESIAN_POINT( '', ( 0.0114554000002540, 0.000000000000000, 0.0120904000002540 ) );
#2230 = VECTOR( '', #2548, 1.00000000000000 );
#2231 = CARTESIAN_POINT( '', ( 0.0114554000000000, 0.0226060000000000, 0.00904240000000000 ) );
#2232 = AXIS2_PLACEMENT_3D( '', #2549, #2550, #2551 );
#2233 = CARTESIAN_POINT( '', ( 0.0114554000002540, 0.0226060000002540, -0.00746760000025400 ) );
#2234 = VECTOR( '', #2552, 1.00000000000000 );
#2235 = CARTESIAN_POINT( '', ( 0.00533400000000000, 0.0134874000000000, -0.000635000000000000 ) );
#2236 = CARTESIAN_POINT( '', ( 0.00533400000000000, 0.0114554000000000, -0.000635000000000000 ) );
#2237 = CARTESIAN_POINT( '', ( 0.00533400000025400, 0.0134874000002540, -0.000635000000254000 ) );
#2238 = VECTOR( '', #2553, 1.00000000000000 );
#2239 = AXIS2_PLACEMENT_3D( '', #2554, #2555, #2556 );
#2240 = AXIS2_PLACEMENT_3D( '', #2557, #2558, #2559 );
#2241 = CARTESIAN_POINT( '', ( -0.00160020000000000, 0.0108966000000000, 0.00474980000000000 ) );
#2242 = CARTESIAN_POINT( '', ( -0.00160020000025400, 0.0108966000002540, -0.00474980000025400 ) );
#2243 = VECTOR( '', #2560, 1.00000000000000 );
#2244 = CARTESIAN_POINT( '', ( -0.00160020000000000, 0.00810260000000000, 0.00474980000000000 ) );
#2245 = CARTESIAN_POINT( '', ( -0.00160020000025400, 0.0108966000002540, 0.00474980000025400 ) );
#2246 = VECTOR( '', #2561, 1.00000000000000 );
#2247 = CARTESIAN_POINT( '', ( -0.00160020000025400, 0.00810260000025400, 0.00474980000025400 ) );
#2248 = VECTOR( '', #2562, 1.00000000000000 );
#2249 = CARTESIAN_POINT( '', ( 0.00389065557541192, 0.0134874000002540, 0.000635000000254000 ) );
#2250 = VECTOR( '', #2563, 1.00000000000000 );
#2251 = CARTESIAN_POINT( '', ( 0.00406400000000000, 0.0114554000000000, 0.000635000000000000 ) );
#2252 = CARTESIAN_POINT( '', ( 0.00406400000025400, 0.0114554000002540, 0.000635000000254000 ) );
#2253 = VECTOR( '', #2564, 1.00000000000000 );
#2254 = CARTESIAN_POINT( '', ( 0.00406400000000000, 0.0122936000000000, 0.000635000000000000 ) );
#2255 = CARTESIAN_POINT( '', ( 0.00406400000025400, 0.0122936000002540, 0.000635000000254000 ) );
#2256 = VECTOR( '', #2565, 1.00000000000000 );
#2257 = CARTESIAN_POINT( '', ( 0.00406400000025400, 0.0122936000002540, 0.000635000000254000 ) );
#2258 = VECTOR( '', #2566, 1.00000000000000 );
#2259 = CARTESIAN_POINT( '', ( -0.00560070000000000, 0.000508000000000000, -0.00740410000000000 ) );
#2260 = AXIS2_PLACEMENT_3D( '', #2567, #2568, #2569 );
#2261 = CARTESIAN_POINT( '', ( -0.00560070000025400, 0.000508000000254000, -0.00740410000025400 ) );
#2262 = VECTOR( '', #2570, 1.00000000000000 );
#2263 = CARTESIAN_POINT( '', ( 0.00709930000000000, 0.000508000000000000, 0.00560070000000000 ) );
#2264 = CARTESIAN_POINT( '', ( 0.00709930000000000, 0.000508000000000000, 0.00740410000000000 ) );
#2265 = AXIS2_PLACEMENT_3D( '', #2571, #2572, #2573 );
#2266 = CARTESIAN_POINT( '', ( 0.00709930000025400, 0.000508000000254000, 0.00740410000025400 ) );
#2267 = VECTOR( '', #2574, 1.00000000000000 );
#2268 = CARTESIAN_POINT( '', ( 0.00709930000025400, 0.000508000000254000, 0.00560070000025400 ) );
#2269 = VECTOR( '', #2575, 1.00000000000000 );
#2270 = CARTESIAN_POINT( '', ( 0.00560070000000000, 0.000508000000000000, 0.00740410000000000 ) );
#2271 = CARTESIAN_POINT( '', ( 0.00560070000000000, 0.000508000000000000, 0.00560070000000000 ) );
#2272 = AXIS2_PLACEMENT_3D( '', #2576, #2577, #2578 );
#2273 = CARTESIAN_POINT( '', ( 0.00560070000025400, 0.000508000000254000, 0.00560070000025400 ) );
#2274 = VECTOR( '', #2579, 1.00000000000000 );
#2275 = CARTESIAN_POINT( '', ( 0.00560070000025400, 0.000508000000254000, 0.00740410000025400 ) );
#2276 = VECTOR( '', #2580, 1.00000000000000 );
#2277 = CARTESIAN_POINT( '', ( 0.00124460000025400, 0.0226060000002540, -0.00746760000025400 ) );
#2278 = VECTOR( '', #2581, 1.00000000000000 );
#2279 = CARTESIAN_POINT( '', ( 0.0114554000002540, 0.0226060000002540, 0.00904240000025400 ) );
#2280 = VECTOR( '', #2582, 1.00000000000000 );
#2281 = CARTESIAN_POINT( '', ( -0.0139700000002540, 0.0226060000002540, -0.00949960000025400 ) );
#2282 = VECTOR( '', #2583, 1.00000000000000 );
#2283 = CARTESIAN_POINT( '', ( -0.0114554000000000, 0.0226060000000000, 0.00904240000000000 ) );
#2284 = CARTESIAN_POINT( '', ( -0.0139700000002540, 0.0226060000002540, 0.00904240000025400 ) );
#2285 = VECTOR( '', #2584, 1.00000000000000 );
#2286 = CARTESIAN_POINT( '', ( -0.0114554000002540, 0.0226060000002540, 0.00904240000025400 ) );
#2287 = VECTOR( '', #2585, 1.00000000000000 );
#2288 = CARTESIAN_POINT( '', ( -0.00124460000025400, 0.0226060000002540, 0.00904240000025400 ) );
#2289 = VECTOR( '', #2586, 1.00000000000000 );
#2290 = CARTESIAN_POINT( '', ( 0.0110998000002540, 0.0108966000002540, 0.00474980000025400 ) );
#2291 = VECTOR( '', #2587, 1.00000000000000 );
#2292 = CARTESIAN_POINT( '', ( 0.00160020000025400, 0.0108966000002540, 0.00474980000025400 ) );
#2293 = VECTOR( '', #2588, 1.00000000000000 );
#2294 = CARTESIAN_POINT( '', ( -0.00709930000025400, 0.000508000000254000, -0.00740410000025400 ) );
#2295 = VECTOR( '', #2589, 1.00000000000000 );
#2296 = AXIS2_PLACEMENT_3D( '', #2590, #2591, #2592 );
#2297 = CARTESIAN_POINT( '', ( -0.0114554000002540, 0.00810260000025400, -0.00746760000025400 ) );
#2298 = VECTOR( '', #2593, 1.00000000000000 );
#2299 = CARTESIAN_POINT( '', ( -0.00389065557541192, 0.0134874000002540, -0.000635000000254000 ) );
#2300 = VECTOR( '', #2594, 1.00000000000000 );
#2301 = CARTESIAN_POINT( '', ( -0.00124460000025400, 0.00810260000025400, -0.00746760000025400 ) );
#2302 = VECTOR( '', #2595, 1.00000000000000 );
#2303 = CARTESIAN_POINT( '', ( -0.00124460000025400, 0.000508000000254000, 0.0120904000002540 ) );
#2304 = VECTOR( '', #2596, 1.00000000000000 );
#2305 = CARTESIAN_POINT( '', ( 0.00698500000025400, 0.0114554000002540, -0.00228600000025400 ) );
#2306 = VECTOR( '', #2597, 1.00000000000000 );
#2307 = CARTESIAN_POINT( '', ( 0.00698500000025400, 0.0134874000002540, -0.00228600000025400 ) );
#2308 = VECTOR( '', #2598, 1.00000000000000 );
#2309 = CARTESIAN_POINT( '', ( -0.0110998000000000, 0.0108966000000000, 0.00474980000000000 ) );
#2310 = CARTESIAN_POINT( '', ( -0.0110998000002540, 0.0108966000002540, 0.00474980000025400 ) );
#2311 = VECTOR( '', #2599, 1.00000000000000 );
#2312 = CARTESIAN_POINT( '', ( -0.0110998000000000, 0.00810260000000000, 0.00474980000000000 ) );
#2313 = CARTESIAN_POINT( '', ( -0.0110998000002540, 0.0108966000002540, 0.00474980000025400 ) );
#2314 = VECTOR( '', #2600, 1.00000000000000 );
#2315 = CARTESIAN_POINT( '', ( -0.0110998000002540, 0.00810260000025400, 0.00474980000025400 ) );
#2316 = VECTOR( '', #2601, 1.00000000000000 );
#2317 = CARTESIAN_POINT( '', ( 0.00736600000000000, 0.0134874000000000, 0.000635000000000000 ) );
#2318 = CARTESIAN_POINT( '', ( 0.00736600000000000, 0.0114554000000000, 0.000635000000000000 ) );
#2319 = CARTESIAN_POINT( '', ( 0.00736600000025400, 0.0134874000002540, 0.000635000000254000 ) );
#2320 = VECTOR( '', #2602, 1.00000000000000 );
#2321 = CARTESIAN_POINT( '', ( 0.00698500000000000, 0.0114554000000000, 0.00101600000000000 ) );
#2322 = AXIS2_PLACEMENT_3D( '', #2603, #2604, #2605 );
#2323 = CARTESIAN_POINT( '', ( 0.00698500000000000, 0.0134874000000000, 0.00101600000000000 ) );
#2324 = CARTESIAN_POINT( '', ( 0.00698500000025400, 0.0134874000002540, 0.00101600000025400 ) );
#2325 = VECTOR( '', #2606, 1.00000000000000 );
#2326 = AXIS2_PLACEMENT_3D( '', #2607, #2608, #2609 );
#2327 = CARTESIAN_POINT( '', ( 0.0114554000002540, 0.0195580000002540, 0.0120904000002540 ) );
#2328 = VECTOR( '', #2610, 1.00000000000000 );
#2329 = CARTESIAN_POINT( '', ( 0.00560070000025400, 0.000508000000254000, 0.00560070000025400 ) );
#2330 = VECTOR( '', #2611, 1.00000000000000 );
#2331 = CARTESIAN_POINT( '', ( 0.00560069999866396, -0.00355599426679328, 0.00560070573710562 ) );
#2332 = VECTOR( '', #2612, 1.00000000000000 );
#2333 = CARTESIAN_POINT( '', ( -0.0110998000002540, 0.0108966000002540, -0.00474980000025400 ) );
#2334 = VECTOR( '', #2613, 1.00000000000000 );
#2335 = CARTESIAN_POINT( '', ( -0.00635000000025400, 0.0108966000002540, 0.00381000000025400 ) );
#2336 = AXIS2_PLACEMENT_3D( '', #2614, #2615, #2616 );
#2337 = CARTESIAN_POINT( '', ( 0.00406400000000000, 0.0122936000000000, -0.000635000000000000 ) );
#2338 = CARTESIAN_POINT( '', ( 0.00406400000025400, 0.0122936000002540, 0.000635000000254000 ) );
#2339 = VECTOR( '', #2617, 1.00000000000000 );
#2340 = CARTESIAN_POINT( '', ( 0.00406400000000000, 0.0114554000000000, -0.000635000000000000 ) );
#2341 = CARTESIAN_POINT( '', ( 0.00406400000025400, 0.0114554000002540, -0.000635000000254000 ) );
#2342 = VECTOR( '', #2618, 1.00000000000000 );
#2343 = CARTESIAN_POINT( '', ( 0.00406400000025400, 0.0122936000002540, -0.000635000000254000 ) );
#2344 = VECTOR( '', #2619, 1.00000000000000 );
#2345 = CARTESIAN_POINT( '', ( 0.00124460000025400, 0.000508000000254000, 0.0120904000002540 ) );
#2346 = VECTOR( '', #2620, 1.00000000000000 );
#2347 = CARTESIAN_POINT( '', ( 0.00698500000000000, 0.0134874000000000, 0.00228600000000000 ) );
#2348 = CARTESIAN_POINT( '', ( 0.00698500000025400, 0.0134874000002540, 0.00228600000025400 ) );
#2349 = VECTOR( '', #2621, 1.00000000000000 );
#2350 = CARTESIAN_POINT( '', ( 0.00698500000000000, 0.0114554000000000, 0.00228600000000000 ) );
#2351 = CARTESIAN_POINT( '', ( 0.00698500000025400, 0.0114554000002540, 0.00228600000025400 ) );
#2352 = VECTOR( '', #2622, 1.00000000000000 );
#2353 = CARTESIAN_POINT( '', ( 0.00698500000025400, 0.0134874000002540, 0.00228600000025400 ) );
#2354 = VECTOR( '', #2623, 1.00000000000000 );
#2355 = CARTESIAN_POINT( '', ( 0.00571500000025400, 0.0134874000002540, 0.00228600000025400 ) );
#2356 = VECTOR( '', #2624, 1.00000000000000 );
#2357 = CARTESIAN_POINT( '', ( 0.00571500000025400, 0.0114554000002540, 0.00228600000025400 ) );
#2358 = VECTOR( '', #2625, 1.00000000000000 );
#2359 = AXIS2_PLACEMENT_3D( '', #2626, #2627, #2628 );
#2360 = CARTESIAN_POINT( '', ( 0.00736600000025400, 0.0134874000002540, 0.000635000000254000 ) );
#2361 = VECTOR( '', #2629, 1.00000000000000 );
#2362 = CARTESIAN_POINT( '', ( 0.00389065557541192, 0.0134874000002540, -0.000635000000254000 ) );
#2363 = VECTOR( '', #2630, 1.00000000000000 );
#2364 = CARTESIAN_POINT( '', ( 0.00406400000025400, 0.0122936000002540, -0.000635000000254000 ) );
#2365 = VECTOR( '', #2631, 1.00000000000000 );
#2366 = CARTESIAN_POINT( '', ( 0.00533400000025400, 0.0114554000002540, -0.000635000000254000 ) );
#2367 = VECTOR( '', #2632, 1.00000000000000 );
#2368 = CARTESIAN_POINT( '', ( 0.0114300000000000, 0.000508000000000000, -0.00949960000000000 ) );
#2369 = CARTESIAN_POINT( '', ( 0.0114300000002540, 0.000000000000000, -0.00949960000025400 ) );
#2370 = VECTOR( '', #2633, 1.00000000000000 );
#2371 = CARTESIAN_POINT( '', ( -0.0114300000002540, 0.000508000000254000, -0.00949960000025400 ) );
#2372 = VECTOR( '', #2634, 1.00000000000000 );
#2373 = CARTESIAN_POINT( '', ( 0.00736600000025400, 0.0114554000002540, 0.000635000000254000 ) );
#2374 = VECTOR( '', #2635, 1.00000000000000 );
#2375 = CARTESIAN_POINT( '', ( 0.0114300000002540, 0.000508000000254000, 0.0100584000002540 ) );
#2376 = VECTOR( '', #2636, 1.00000000000000 );
#2377 = CARTESIAN_POINT( '', ( 0.00709930000025400, 0.000508000000254000, 0.00740410000025400 ) );
#2378 = VECTOR( '', #2637, 1.00000000000000 );
#2379 = CARTESIAN_POINT( '', ( 0.00560069999932690, -0.00406399666246540, 0.00610870334001872 ) );
#2380 = VECTOR( '', #2638, 1.00000000000000 );
#2381 = CARTESIAN_POINT( '', ( -0.0110998000002540, 0.00810260000025400, 0.00474980000025400 ) );
#2382 = VECTOR( '', #2639, 1.00000000000000 );
#2383 = CARTESIAN_POINT( '', ( 0.00635000000025400, 0.0134874000002540, 0.000000000000000 ) );
#2384 = DIRECTION( '', ( 0.000000000000000, 1.00000000000000, 0.000000000000000 ) );
#2385 = DIRECTION( '', ( 0.000000000000000, 0.000000000000000, -1.00000000000000 ) );
#2386 = CARTESIAN_POINT( '', ( 0.00635000000025400, 0.0122936000002540, 0.000000000000000 ) );
#2387 = DIRECTION( '', ( 0.000000000000000, -1.00000000000000, 0.000000000000000 ) );
#2388 = DIRECTION( '', ( 0.985996363450996, 0.000000000000000, -0.166766817027284 ) );
#2389 = CARTESIAN_POINT( '', ( 0.00635000000025400, 0.0134874000002540, 0.000000000000000 ) );
#2390 = DIRECTION( '', ( 0.000000000000000, 1.00000000000000, -0.000000000000000 ) );
#2391 = DIRECTION( '', ( -0.968245836533901, 0.000000000000000, 0.250000000069533 ) );
#2392 = CARTESIAN_POINT( '', ( 0.00635000000025400, 0.0122936000002540, 0.000000000000000 ) );
#2393 = DIRECTION( '', ( -0.000000000000000, -1.00000000000000, 0.000000000000000 ) );
#2394 = DIRECTION( '', ( -0.985996363450996, 0.000000000000000, 0.166766817027284 ) );
#2395 = CARTESIAN_POINT( '', ( 0.00635000000025400, 0.0122174000002540, 0.000000000000000 ) );
#2396 = DIRECTION( '', ( 0.000000000000000, -1.00000000000000, 0.000000000000000 ) );
#2397 = DIRECTION( '', ( 0.000000000000000, 0.000000000000000, -1.00000000000000 ) );
#2398 = CARTESIAN_POINT( '', ( -0.00635000000025400, 0.0134874000002540, 0.000000000000000 ) );
#2399 = DIRECTION( '', ( 0.000000000000000, 1.00000000000000, 0.000000000000000 ) );
#2400 = DIRECTION( '', ( 0.000000000000000, 0.000000000000000, -1.00000000000000 ) );
#2401 = CARTESIAN_POINT( '', ( -0.00635000000025400, 0.0122936000002540, 0.000000000000000 ) );
#2402 = DIRECTION( '', ( 0.000000000000000, -1.00000000000000, 0.000000000000000 ) );
#2403 = DIRECTION( '', ( 0.985996363450996, 0.000000000000000, -0.166766817027284 ) );
#2404 = CARTESIAN_POINT( '', ( -0.00635000000025400, 0.0134874000002540, 0.000000000000000 ) );
#2405 = DIRECTION( '', ( 0.000000000000000, 1.00000000000000, -0.000000000000000 ) );
#2406 = DIRECTION( '', ( -0.968245836533901, 0.000000000000000, 0.250000000069533 ) );
#2407 = CARTESIAN_POINT( '', ( -0.00635000000025400, 0.0122936000002540, 0.000000000000000 ) );
#2408 = DIRECTION( '', ( -0.000000000000000, -1.00000000000000, 0.000000000000000 ) );
#2409 = DIRECTION( '', ( -0.985996363450996, 0.000000000000000, 0.166766817027284 ) );
#2410 = CARTESIAN_POINT( '', ( -0.00635000000025400, 0.0122174000002540, 0.000000000000000 ) );
#2411 = DIRECTION( '', ( 0.000000000000000, -1.00000000000000, 0.000000000000000 ) );
#2412 = DIRECTION( '', ( 0.000000000000000, 0.000000000000000, -1.00000000000000 ) );
#2413 = DIRECTION( '', ( -1.00000000000000, 0.000000000000000, 0.000000000000000 ) );
#2414 = DIRECTION( '', ( -1.00000000000000, 0.000000000000000, 0.000000000000000 ) );
#2415 = DIRECTION( '', ( 1.00000000000000, 0.000000000000000, 0.000000000000000 ) );
#2416 = DIRECTION( '', ( 1.00000000000000, 0.000000000000000, 0.000000000000000 ) );
#2417 = CARTESIAN_POINT( '', ( -0.00560070000025400, -0.00406399201391742, -0.00650240000025400 ) );
#2418 = DIRECTION( '', ( 0.000000000000000, -1.00000000000000, 0.000000000000000 ) );
#2419 = DIRECTION( '', ( 0.000000000000000, 0.000000000000000, -1.00000000000000 ) );
#2420 = CARTESIAN_POINT( '', ( 0.00560070000025400, -0.00406399201391742, 0.00650240000025400 ) );
#2421 = DIRECTION( '', ( 0.000000000000000, -1.00000000000000, 0.000000000000000 ) );
#2422 = DIRECTION( '', ( 0.000000000000000, 0.000000000000000, 1.00000000000000 ) );
#2423 = DIRECTION( '', ( -1.00000000000000, 0.000000000000000, 0.000000000000000 ) );
#2424 = DIRECTION( '', ( -1.00000000000000, 0.000000000000000, 0.000000000000000 ) );
#2425 = CARTESIAN_POINT( '', ( 0.00709930000025400, -0.00406399201391742, 0.00650240000025400 ) );
#2426 = DIRECTION( '', ( 0.000000000000000, -1.00000000000000, 0.000000000000000 ) );
#2427 = DIRECTION( '', ( 0.000000000000000, 0.000000000000000, -1.00000000000000 ) );
#2428 = DIRECTION( '', ( 0.000000000000000, -1.00000000000000, 0.000000000000000 ) );
#2429 = DIRECTION( '', ( -1.00000000000000, 0.000000000000000, 0.000000000000000 ) );
#2430 = DIRECTION( '', ( 0.000000000000000, -1.00000000000000, 0.000000000000000 ) );
#2431 = DIRECTION( '', ( 1.00000000000000, 0.000000000000000, 0.000000000000000 ) );
#2432 = DIRECTION( '', ( 0.000000000000000, 0.000000000000000, 1.00000000000000 ) );
#2433 = DIRECTION( '', ( 0.000000000000000, -1.00000000000000, 0.000000000000000 ) );
#2434 = DIRECTION( '', ( 0.000000000000000, 0.000000000000000, 1.00000000000000 ) );
#2435 = DIRECTION( '', ( 0.000000000000000, -1.00000000000000, 0.000000000000000 ) );
#2436 = DIRECTION( '', ( 0.000000000000000, 0.000000000000000, -1.00000000000000 ) );
#2437 = DIRECTION( '', ( 0.000000000000000, -1.00000000000000, 0.000000000000000 ) );
#2438 = DIRECTION( '', ( 0.000000000000000, 0.000000000000000, -1.00000000000000 ) );
#2439 = DIRECTION( '', ( 0.000000000000000, -1.00000000000000, 0.000000000000000 ) );
#2440 = DIRECTION( '', ( 0.000000000000000, 0.000000000000000, 1.00000000000000 ) );
#2441 = DIRECTION( '', ( 0.000000000000000, -1.00000000000000, 0.000000000000000 ) );
#2442 = DIRECTION( '', ( 0.000000000000000, 0.000000000000000, 1.00000000000000 ) );
#2443 = DIRECTION( '', ( 0.000000000000000, -1.00000000000000, 0.000000000000000 ) );
#2444 = DIRECTION( '', ( 0.000000000000000, -1.00000000000000, 0.000000000000000 ) );
#2445 = DIRECTION( '', ( -1.00000000000000, 0.000000000000000, 0.000000000000000 ) );
#2446 = DIRECTION( '', ( 0.000000000000000, -1.00000000000000, 0.000000000000000 ) );
#2447 = DIRECTION( '', ( -1.00000000000000, 0.000000000000000, 0.000000000000000 ) );
#2448 = DIRECTION( '', ( 0.000000000000000, 1.00000000000000, 0.000000000000000 ) );
#2449 = DIRECTION( '', ( 1.00000000000000, 0.000000000000000, 0.000000000000000 ) );
#2450 = DIRECTION( '', ( 1.00000000000000, 0.000000000000000, 0.000000000000000 ) );
#2451 = DIRECTION( '', ( 0.000000000000000, -1.00000000000000, 0.000000000000000 ) );
#2452 = DIRECTION( '', ( 1.00000000000000, 0.000000000000000, 0.000000000000000 ) );
#2453 = DIRECTION( '', ( 0.000000000000000, -1.00000000000000, 0.000000000000000 ) );
#2454 = DIRECTION( '', ( -1.00000000000000, 0.000000000000000, 0.000000000000000 ) );
#2455 = DIRECTION( '', ( 0.000000000000000, -1.00000000000000, 0.000000000000000 ) );
#2456 = DIRECTION( '', ( -1.00000000000000, 0.000000000000000, 0.000000000000000 ) );
#2457 = DIRECTION( '', ( 0.000000000000000, -1.00000000000000, 0.000000000000000 ) );
#2458 = DIRECTION( '', ( -1.00000000000000, 0.000000000000000, 0.000000000000000 ) );
#2459 = CARTESIAN_POINT( '', ( -0.00709930000025400, 0.000508000000254000, -0.00650240000025400 ) );
#2460 = DIRECTION( '', ( 0.000000000000000, -1.00000000000000, 0.000000000000000 ) );
#2461 = DIRECTION( '', ( 0.000000000000000, 0.000000000000000, 1.00000000000000 ) );
#2462 = DIRECTION( '', ( 0.000000000000000, -0.999999999999004, 1.41169160428495E-06 ) );
#2463 = DIRECTION( '', ( 0.000000000000000, -0.999999999999004, -1.41165792428195E-06 ) );
#2464 = DIRECTION( '', ( -1.00000000000000, 0.000000000000000, 0.000000000000000 ) );
#2465 = DIRECTION( '', ( -1.00000000000000, 0.000000000000000, 0.000000000000000 ) );
#2466 = DIRECTION( '', ( -1.00000000000000, 0.000000000000000, 0.000000000000000 ) );
#2467 = DIRECTION( '', ( -1.00000000000000, 0.000000000000000, 0.000000000000000 ) );
#2468 = DIRECTION( '', ( 0.000000000000000, 0.000000000000000, -1.00000000000000 ) );
#2469 = DIRECTION( '', ( 0.000000000000000, 0.000000000000000, -1.00000000000000 ) );
#2470 = DIRECTION( '', ( 1.00000000000000, 0.000000000000000, 0.000000000000000 ) );
#2471 = DIRECTION( '', ( 0.000000000000000, 0.000000000000000, -1.00000000000000 ) );
#2472 = DIRECTION( '', ( -1.00000000000000, 0.000000000000000, 0.000000000000000 ) );
#2473 = DIRECTION( '', ( 0.000000000000000, 0.000000000000000, -1.00000000000000 ) );
#2474 = DIRECTION( '', ( 0.000000000000000, 1.00000000000000, 0.000000000000000 ) );
#2475 = DIRECTION( '', ( 1.00000000000000, 0.000000000000000, 0.000000000000000 ) );
#2476 = DIRECTION( '', ( 0.000000000000000, 1.00000000000000, 0.000000000000000 ) );
#2477 = DIRECTION( '', ( 1.00000000000000, 0.000000000000000, 0.000000000000000 ) );
#2478 = DIRECTION( '', ( 0.000000000000000, -1.00000000000000, 0.000000000000000 ) );
#2479 = DIRECTION( '', ( 0.000000000000000, 0.000000000000000, -1.00000000000000 ) );
#2480 = DIRECTION( '', ( 0.000000000000000, -1.00000000000000, 0.000000000000000 ) );
#2481 = CARTESIAN_POINT( '', ( 0.00533400000025400, 0.0114554000002540, 0.00101600000025400 ) );
#2482 = DIRECTION( '', ( 0.000000000000000, -1.00000000000000, 0.000000000000000 ) );
#2483 = DIRECTION( '', ( 0.000000000000000, 0.000000000000000, -1.00000000000000 ) );
#2484 = DIRECTION( '', ( 0.000000000000000, 1.00000000000000, 0.000000000000000 ) );
#2485 = CARTESIAN_POINT( '', ( 0.00533400000025400, 0.0134874000002540, 0.00101600000025400 ) );
#2486 = DIRECTION( '', ( -0.000000000000000, 1.00000000000000, 0.000000000000000 ) );
#2487 = DIRECTION( '', ( 1.00000000000000, 0.000000000000000, 0.000000000000000 ) );
#2488 = CARTESIAN_POINT( '', ( -0.0139700000002540, 0.0195580000002540, 0.00904240000025400 ) );
#2489 = DIRECTION( '', ( 1.00000000000000, 0.000000000000000, 0.000000000000000 ) );
#2490 = DIRECTION( '', ( 0.000000000000000, 1.00000000000000, 0.000000000000000 ) );
#2491 = DIRECTION( '', ( 0.000000000000000, 0.000000000000000, 1.00000000000000 ) );
#2492 = DIRECTION( '', ( 0.000000000000000, 1.00000000000000, 0.000000000000000 ) );
#2493 = CARTESIAN_POINT( '', ( 0.00736600000025400, 0.0114554000002540, -0.00101600000025400 ) );
#2494 = DIRECTION( '', ( 0.000000000000000, -1.00000000000000, 0.000000000000000 ) );
#2495 = DIRECTION( '', ( 0.000000000000000, 0.000000000000000, 1.00000000000000 ) );
#2496 = DIRECTION( '', ( 0.000000000000000, 1.00000000000000, 0.000000000000000 ) );
#2497 = CARTESIAN_POINT( '', ( 0.00736600000025400, 0.0134874000002540, -0.00101600000025400 ) );
#2498 = DIRECTION( '', ( 0.000000000000000, 1.00000000000000, -0.000000000000000 ) );
#2499 = DIRECTION( '', ( -1.00000000000000, 0.000000000000000, 0.000000000000000 ) );
#2500 = DIRECTION( '', ( 0.000000000000000, 0.000000000000000, -1.00000000000000 ) );
#2501 = DIRECTION( '', ( 1.00000000000000, 0.000000000000000, 0.000000000000000 ) );
#2502 = DIRECTION( '', ( 0.000000000000000, 0.000000000000000, -1.00000000000000 ) );
#2503 = DIRECTION( '', ( 1.00000000000000, 0.000000000000000, 0.000000000000000 ) );
#2504 = DIRECTION( '', ( 0.000000000000000, 0.000000000000000, 1.00000000000000 ) );
#2505 = DIRECTION( '', ( 1.00000000000000, 0.000000000000000, 0.000000000000000 ) );
#2506 = CARTESIAN_POINT( '', ( 0.00124460000025400, 0.0195580000002540, 0.00904240000025400 ) );
#2507 = DIRECTION( '', ( 1.00000000000000, 0.000000000000000, 0.000000000000000 ) );
#2508 = DIRECTION( '', ( 0.000000000000000, 1.00000000000000, 0.000000000000000 ) );
#2509 = DIRECTION( '', ( 1.00000000000000, 0.000000000000000, 0.000000000000000 ) );
#2510 = CARTESIAN_POINT( '', ( -0.00124460000025400, 0.0195580000002540, 0.00904240000025400 ) );
#2511 = DIRECTION( '', ( 1.00000000000000, 0.000000000000000, 0.000000000000000 ) );
#2512 = DIRECTION( '', ( 0.000000000000000, 1.00000000000000, 0.000000000000000 ) );
#2513 = DIRECTION( '', ( 0.000000000000000, 0.000000000000000, -1.00000000000000 ) );
#2514 = DIRECTION( '', ( 0.000000000000000, 0.000000000000000, -1.00000000000000 ) );
#2515 = DIRECTION( '', ( 0.000000000000000, 0.000000000000000, -1.00000000000000 ) );
#2516 = DIRECTION( '', ( 1.00000000000000, 0.000000000000000, 0.000000000000000 ) );
#2517 = DIRECTION( '', ( 0.000000000000000, 0.000000000000000, -1.00000000000000 ) );
#2518 = DIRECTION( '', ( 0.000000000000000, -1.00000000000000, 0.000000000000000 ) );
#2519 = DIRECTION( '', ( -1.00000000000000, 0.000000000000000, 0.000000000000000 ) );
#2520 = DIRECTION( '', ( 0.000000000000000, -1.00000000000000, 0.000000000000000 ) );
#2521 = DIRECTION( '', ( 0.000000000000000, 1.00000000000000, 0.000000000000000 ) );
#2522 = DIRECTION( '', ( -1.00000000000000, 0.000000000000000, 0.000000000000000 ) );
#2523 = DIRECTION( '', ( 1.00000000000000, 0.000000000000000, 0.000000000000000 ) );
#2524 = DIRECTION( '', ( -1.00000000000000, 0.000000000000000, 0.000000000000000 ) );
#2525 = DIRECTION( '', ( 1.00000000000000, 0.000000000000000, 0.000000000000000 ) );
#2526 = DIRECTION( '', ( 0.000000000000000, 0.000000000000000, 1.00000000000000 ) );
#2527 = DIRECTION( '', ( 0.000000000000000, 0.000000000000000, 1.00000000000000 ) );
#2528 = CARTESIAN_POINT( '', ( 0.00635000000025400, 0.0108966000002540, 0.000000000000000 ) );
#2529 = DIRECTION( '', ( 0.000000000000000, -1.00000000000000, 0.000000000000000 ) );
#2530 = DIRECTION( '', ( 0.000000000000000, 0.000000000000000, 1.00000000000000 ) );
#2531 = DIRECTION( '', ( 0.000000000000000, 1.00000000000000, 0.000000000000000 ) );
#2532 = DIRECTION( '', ( 1.00000000000000, 0.000000000000000, 0.000000000000000 ) );
#2533 = DIRECTION( '', ( 0.000000000000000, 1.00000000000000, 0.000000000000000 ) );
#2534 = DIRECTION( '', ( 1.00000000000000, 0.000000000000000, 0.000000000000000 ) );
#2535 = DIRECTION( '', ( 0.000000000000000, -0.999999999999004, -1.41169160463195E-06 ) );
#2536 = DIRECTION( '', ( -1.00000000000000, 0.000000000000000, 0.000000000000000 ) );
#2537 = DIRECTION( '', ( 0.000000000000000, 1.00000000000000, 0.000000000000000 ) );
#2538 = DIRECTION( '', ( 0.000000000000000, 0.000000000000000, 1.00000000000000 ) );
#2539 = DIRECTION( '', ( 1.00000000000000, 0.000000000000000, 0.000000000000000 ) );
#2540 = DIRECTION( '', ( 0.000000000000000, 1.00000000000000, 0.000000000000000 ) );
#2541 = DIRECTION( '', ( 0.000000000000000, -1.00000000000000, 0.000000000000000 ) );
#2542 = DIRECTION( '', ( 0.000000000000000, 1.00000000000000, 0.000000000000000 ) );
#2543 = DIRECTION( '', ( 0.000000000000000, 0.000000000000000, 1.00000000000000 ) );
#2544 = CARTESIAN_POINT( '', ( 0.0139700000002540, 0.0195580000002540, 0.00904240000025400 ) );
#2545 = DIRECTION( '', ( 1.00000000000000, 0.000000000000000, 0.000000000000000 ) );
#2546 = DIRECTION( '', ( 0.000000000000000, 1.00000000000000, 0.000000000000000 ) );
#2547 = DIRECTION( '', ( 0.000000000000000, -1.00000000000000, 0.000000000000000 ) );
#2548 = DIRECTION( '', ( 0.000000000000000, 1.00000000000000, 0.000000000000000 ) );
#2549 = CARTESIAN_POINT( '', ( 0.0114554000002540, 0.0195580000002540, 0.00904240000025400 ) );
#2550 = DIRECTION( '', ( 1.00000000000000, 0.000000000000000, 0.000000000000000 ) );
#2551 = DIRECTION( '', ( 0.000000000000000, 1.00000000000000, 0.000000000000000 ) );
#2552 = DIRECTION( '', ( 0.000000000000000, 0.000000000000000, 1.00000000000000 ) );
#2553 = DIRECTION( '', ( 0.000000000000000, -1.00000000000000, 0.000000000000000 ) );
#2554 = CARTESIAN_POINT( '', ( 0.00533400000025400, 0.0114554000002540, -0.00101600000025400 ) );
#2555 = DIRECTION( '', ( 0.000000000000000, -1.00000000000000, 0.000000000000000 ) );
#2556 = DIRECTION( '', ( 1.00000000000000, 0.000000000000000, 0.000000000000000 ) );
#2557 = CARTESIAN_POINT( '', ( 0.00533400000025400, 0.0134874000002540, -0.00101600000025400 ) );
#2558 = DIRECTION( '', ( 0.000000000000000, 1.00000000000000, 0.000000000000000 ) );
#2559 = DIRECTION( '', ( 0.000000000000000, 0.000000000000000, 1.00000000000000 ) );
#2560 = DIRECTION( '', ( 0.000000000000000, 0.000000000000000, 1.00000000000000 ) );
#2561 = DIRECTION( '', ( 0.000000000000000, -1.00000000000000, 0.000000000000000 ) );
#2562 = DIRECTION( '', ( 0.000000000000000, 0.000000000000000, -1.00000000000000 ) );
#2563 = DIRECTION( '', ( 1.00000000000000, 0.000000000000000, 0.000000000000000 ) );
#2564 = DIRECTION( '', ( 1.00000000000000, 0.000000000000000, 0.000000000000000 ) );
#2565 = DIRECTION( '', ( 0.000000000000000, -1.00000000000000, 0.000000000000000 ) );
#2566 = DIRECTION( '', ( -1.00000000000000, 0.000000000000000, 0.000000000000000 ) );
#2567 = CARTESIAN_POINT( '', ( -0.00560070000025400, 0.000508000000254000, -0.00650240000025400 ) );
#2568 = DIRECTION( '', ( 0.000000000000000, -1.00000000000000, 0.000000000000000 ) );
#2569 = DIRECTION( '', ( 0.000000000000000, 0.000000000000000, -1.00000000000000 ) );
#2570 = DIRECTION( '', ( 0.000000000000000, -0.999999999999004, 1.41165792393495E-06 ) );
#2571 = CARTESIAN_POINT( '', ( 0.00709930000025400, 0.000508000000254000, 0.00650240000025400 ) );
#2572 = DIRECTION( '', ( 0.000000000000000, -1.00000000000000, 0.000000000000000 ) );
#2573 = DIRECTION( '', ( 0.000000000000000, 0.000000000000000, -1.00000000000000 ) );
#2574 = DIRECTION( '', ( 0.000000000000000, -0.999999999999004, -1.41169160567295E-06 ) );
#2575 = DIRECTION( '', ( 0.000000000000000, -0.999999999999004, 1.41165792549595E-06 ) );
#2576 = CARTESIAN_POINT( '', ( 0.00560070000025400, 0.000508000000254000, 0.00650240000025400 ) );
#2577 = DIRECTION( '', ( 0.000000000000000, -1.00000000000000, 0.000000000000000 ) );
#2578 = DIRECTION( '', ( 0.000000000000000, 0.000000000000000, 1.00000000000000 ) );
#2579 = DIRECTION( '', ( 0.000000000000000, -0.999999999999004, 1.41169160584595E-06 ) );
#2580 = DIRECTION( '', ( 0.000000000000000, -0.999999999999004, -1.41165792566995E-06 ) );
#2581 = DIRECTION( '', ( 0.000000000000000, 0.000000000000000, 1.00000000000000 ) );
#2582 = DIRECTION( '', ( 1.00000000000000, 0.000000000000000, 0.000000000000000 ) );
#2583 = DIRECTION( '', ( 1.00000000000000, 0.000000000000000, 0.000000000000000 ) );
#2584 = DIRECTION( '', ( 1.00000000000000, 0.000000000000000, 0.000000000000000 ) );
#2585 = DIRECTION( '', ( 0.000000000000000, 0.000000000000000, -1.00000000000000 ) );
#2586 = DIRECTION( '', ( 0.000000000000000, 0.000000000000000, -1.00000000000000 ) );
#2587 = DIRECTION( '', ( 0.000000000000000, -1.00000000000000, 0.000000000000000 ) );
#2588 = DIRECTION( '', ( 0.000000000000000, -1.00000000000000, 0.000000000000000 ) );
#2589 = DIRECTION( '', ( 1.00000000000000, 0.000000000000000, 0.000000000000000 ) );
#2590 = CARTESIAN_POINT( '', ( -0.0114554000002540, 0.0195580000002540, 0.00904240000025400 ) );
#2591 = DIRECTION( '', ( 1.00000000000000, 0.000000000000000, 0.000000000000000 ) );
#2592 = DIRECTION( '', ( 0.000000000000000, 1.00000000000000, 0.000000000000000 ) );
#2593 = DIRECTION( '', ( 0.000000000000000, 0.000000000000000, 1.00000000000000 ) );
#2594 = DIRECTION( '', ( -1.00000000000000, 0.000000000000000, 0.000000000000000 ) );
#2595 = DIRECTION( '', ( 0.000000000000000, 0.000000000000000, 1.00000000000000 ) );
#2596 = DIRECTION( '', ( 0.000000000000000, 0.000000000000000, -1.00000000000000 ) );
#2597 = DIRECTION( '', ( -1.00000000000000, 0.000000000000000, 0.000000000000000 ) );
#2598 = DIRECTION( '', ( -1.00000000000000, 0.000000000000000, 0.000000000000000 ) );
#2599 = DIRECTION( '', ( 1.00000000000000, 0.000000000000000, 0.000000000000000 ) );
#2600 = DIRECTION( '', ( 0.000000000000000, -1.00000000000000, 0.000000000000000 ) );
#2601 = DIRECTION( '', ( 1.00000000000000, 0.000000000000000, 0.000000000000000 ) );
#2602 = DIRECTION( '', ( 0.000000000000000, -1.00000000000000, 0.000000000000000 ) );
#2603 = CARTESIAN_POINT( '', ( 0.00736600000025400, 0.0114554000002540, 0.00101600000025400 ) );
#2604 = DIRECTION( '', ( -0.000000000000000, -1.00000000000000, -0.000000000000000 ) );
#2605 = DIRECTION( '', ( -1.00000000000000, 0.000000000000000, 0.000000000000000 ) );
#2606 = DIRECTION( '', ( 0.000000000000000, -1.00000000000000, 0.000000000000000 ) );
#2607 = CARTESIAN_POINT( '', ( 0.00736600000025400, 0.0134874000002540, 0.00101600000025400 ) );
#2608 = DIRECTION( '', ( 0.000000000000000, 1.00000000000000, 0.000000000000000 ) );
#2609 = DIRECTION( '', ( 0.000000000000000, 0.000000000000000, -1.00000000000000 ) );
#2610 = DIRECTION( '', ( 1.00000000000000, 0.000000000000000, 0.000000000000000 ) );
#2611 = DIRECTION( '', ( 1.00000000000000, 0.000000000000000, 0.000000000000000 ) );
#2612 = DIRECTION( '', ( 1.00000000000000, 0.000000000000000, 0.000000000000000 ) );
#2613 = DIRECTION( '', ( 0.000000000000000, 0.000000000000000, 1.00000000000000 ) );
#2614 = CARTESIAN_POINT( '', ( -0.00635000000025400, 0.0108966000002540, 0.000000000000000 ) );
#2615 = DIRECTION( '', ( 0.000000000000000, -1.00000000000000, 0.000000000000000 ) );
#2616 = DIRECTION( '', ( 0.000000000000000, 0.000000000000000, 1.00000000000000 ) );
#2617 = DIRECTION( '', ( 0.000000000000000, 0.000000000000000, -1.00000000000000 ) );
#2618 = DIRECTION( '', ( 0.000000000000000, 0.000000000000000, 1.00000000000000 ) );
#2619 = DIRECTION( '', ( 0.000000000000000, -1.00000000000000, 0.000000000000000 ) );
#2620 = DIRECTION( '', ( 0.000000000000000, 0.000000000000000, -1.00000000000000 ) );
#2621 = DIRECTION( '', ( 0.000000000000000, 0.000000000000000, -1.00000000000000 ) );
#2622 = DIRECTION( '', ( 0.000000000000000, 0.000000000000000, -1.00000000000000 ) );
#2623 = DIRECTION( '', ( 0.000000000000000, -1.00000000000000, 0.000000000000000 ) );
#2624 = DIRECTION( '', ( 1.00000000000000, 0.000000000000000, 0.000000000000000 ) );
#2625 = DIRECTION( '', ( 1.00000000000000, 0.000000000000000, 0.000000000000000 ) );
#2626 = CARTESIAN_POINT( '', ( -0.00709930000025400, -0.00406399201391742, -0.00650240000025400 ) );
#2627 = DIRECTION( '', ( 0.000000000000000, -1.00000000000000, 0.000000000000000 ) );
#2628 = DIRECTION( '', ( 0.000000000000000, 0.000000000000000, 1.00000000000000 ) );
#2629 = DIRECTION( '', ( 1.00000000000000, 0.000000000000000, 0.000000000000000 ) );
#2630 = DIRECTION( '', ( 1.00000000000000, 0.000000000000000, 0.000000000000000 ) );
#2631 = DIRECTION( '', ( -1.00000000000000, 0.000000000000000, 0.000000000000000 ) );
#2632 = DIRECTION( '', ( -1.00000000000000, 0.000000000000000, 0.000000000000000 ) );
#2633 = DIRECTION( '', ( 0.000000000000000, 1.00000000000000, 0.000000000000000 ) );
#2634 = DIRECTION( '', ( 1.00000000000000, 0.000000000000000, 0.000000000000000 ) );
#2635 = DIRECTION( '', ( 1.00000000000000, 0.000000000000000, 0.000000000000000 ) );
#2636 = DIRECTION( '', ( 0.000000000000000, 0.000000000000000, -1.00000000000000 ) );
#2637 = DIRECTION( '', ( -1.00000000000000, 0.000000000000000, 0.000000000000000 ) );
#2638 = DIRECTION( '', ( 1.00000000000000, 0.000000000000000, 0.000000000000000 ) );
#2639 = DIRECTION( '', ( 0.000000000000000, 0.000000000000000, -1.00000000000000 ) );
ENDSEC;
END-ISO-10303-21;
