ISO-10303-21;
HEADER;
FILE_DESCRIPTION( ( 'STEP AP214' ), '1' );
FILE_NAME( 'C:/Users/KMIROS~1/AppData/Local/Temp/psolqas_12584_36.stp', '2020-05-07T21:37:35', ( 'License CC BY-ND 4.0' ), ( 'CADENAS' ), ' ', 'PARTsolutions', ' ' );
FILE_SCHEMA( ( 'AUTOMOTIVE_DESIGN { 1 0 10303 214 1 1 1 1 }' ) );
ENDSEC;
DATA;
#1 = PRODUCT_DEFINITION_CONTEXT( '', #9, 'design' );
#2 = APPLICATION_PROTOCOL_DEFINITION( 'international standard', 'automotive_design', 2001, #9 );
#3 = PRODUCT_CATEGORY_RELATIONSHIP( 'NONE', 'NONE', #10, #11 );
#4 = SHAPE_DEFINITION_REPRESENTATION( #12, #13 );
#5 =  ( GEOMETRIC_REPRESENTATION_CONTEXT( 3 )GLOBAL_UNCERTAINTY_ASSIGNED_CONTEXT( ( #16 ) )GLOBAL_UNIT_ASSIGNED_CONTEXT( ( #18, #19, #20 ) )REPRESENTATION_CONTEXT( 'NONE', 'WORKSPACE' ) );
#9 = APPLICATION_CONTEXT( 'core data for automotive mechanical design processes' );
#10 = PRODUCT_CATEGORY( 'part', 'NONE' );
#11 = PRODUCT_RELATED_PRODUCT_CATEGORY( 'detail', ' ', ( #22 ) );
#12 = PRODUCT_DEFINITION_SHAPE( 'NONE', 'NONE', #23 );
#13 = ADVANCED_BREP_SHAPE_REPRESENTATION( '1', ( #24, #25 ), #5 );
#16 = UNCERTAINTY_MEASURE_WITH_UNIT( LENGTH_MEASURE( 1.00000000000000E-06 ), #18, '', '' );
#18 =  ( CONVERSION_BASED_UNIT( 'METRE', #28 )LENGTH_UNIT(  )NAMED_UNIT( #31 ) );
#19 =  ( NAMED_UNIT( #33 )PLANE_ANGLE_UNIT(  )SI_UNIT( $, .RADIAN. ) );
#20 =  ( NAMED_UNIT( #33 )SI_UNIT( $, .STERADIAN. )SOLID_ANGLE_UNIT(  ) );
#22 = PRODUCT( '1', '1', 'PART-1-DESC', ( #39 ) );
#23 = PRODUCT_DEFINITION( 'NONE', 'NONE', #40, #1 );
#24 = MANIFOLD_SOLID_BREP( '1', #41 );
#25 = AXIS2_PLACEMENT_3D( '', #42, #43, #44 );
#28 = LENGTH_MEASURE_WITH_UNIT( LENGTH_MEASURE( 1.00000000000000 ), #45 );
#31 = DIMENSIONAL_EXPONENTS( 1.00000000000000, 0.000000000000000, 0.000000000000000, 0.000000000000000, 0.000000000000000, 0.000000000000000, 0.000000000000000 );
#33 = DIMENSIONAL_EXPONENTS( 0.000000000000000, 0.000000000000000, 0.000000000000000, 0.000000000000000, 0.000000000000000, 0.000000000000000, 0.000000000000000 );
#39 = PRODUCT_CONTEXT( '', #9, 'mechanical' );
#40 = PRODUCT_DEFINITION_FORMATION_WITH_SPECIFIED_SOURCE( ' ', 'NONE', #22, .NOT_KNOWN. );
#41 = CLOSED_SHELL( '', ( #46, #47, #48, #49, #50, #51, #52, #53, #54, #55, #56, #57, #58, #59, #60, #61, #62, #63, #64, #65, #66, #67, #68, #69, #70, #71, #72, #73, #74, #75, #76, #77, #78, #79, #80, #81, #82, #83, #84, #85, #86, #87, #88, #89, #90, #91, #92, #93, #94, #95, #96, #97, #98, #99, #100, #101, #102, #103, #104, #105, #106, #107, #108, #109, #110, #111, #112, #113, #114, #115, #116, #117, #118, #119, #120, #121, #122, #123, #124, #125, #126, #127, #128, #129, #130, #131, #132, #133, #134, #135, #136, #137, #138, #139, #140, #141, #142, #143, #144, #145, #146, #147, #148, #149, #150, #151, #152, #153, #154, #155, #156, #157, #158, #159, #160, #161, #162, #163, #164, #165, #166, #167, #168, #169, #170, #171, #172, #173, #174, #175, #176, #177, #178, #179, #180, #181, #182, #183, #184 ) );
#42 = CARTESIAN_POINT( '', ( 0.000000000000000, 0.000000000000000, 0.000000000000000 ) );
#43 = DIRECTION( '', ( 0.000000000000000, 0.000000000000000, 1.00000000000000 ) );
#44 = DIRECTION( '', ( 1.00000000000000, 0.000000000000000, 0.000000000000000 ) );
#45 =  ( LENGTH_UNIT(  )NAMED_UNIT( #31 )SI_UNIT( $, .METRE. ) );
#46 = ADVANCED_FACE( '', ( #186, #187 ), #188, .T. );
#47 = ADVANCED_FACE( '', ( #189, #190 ), #191, .T. );
#48 = ADVANCED_FACE( '', ( #192 ), #193, .F. );
#49 = ADVANCED_FACE( '', ( #194 ), #195, .F. );
#50 = ADVANCED_FACE( '', ( #196 ), #197, .T. );
#51 = ADVANCED_FACE( '', ( #198 ), #199, .T. );
#52 = ADVANCED_FACE( '', ( #200 ), #201, .T. );
#53 = ADVANCED_FACE( '', ( #202 ), #203, .F. );
#54 = ADVANCED_FACE( '', ( #204 ), #205, .T. );
#55 = ADVANCED_FACE( '', ( #206 ), #207, .F. );
#56 = ADVANCED_FACE( '', ( #208 ), #209, .F. );
#57 = ADVANCED_FACE( '', ( #210 ), #211, .F. );
#58 = ADVANCED_FACE( '', ( #212 ), #213, .F. );
#59 = ADVANCED_FACE( '', ( #214, #215 ), #216, .T. );
#60 = ADVANCED_FACE( '', ( #217 ), #218, .F. );
#61 = ADVANCED_FACE( '', ( #219 ), #220, .F. );
#62 = ADVANCED_FACE( '', ( #221 ), #222, .T. );
#63 = ADVANCED_FACE( '', ( #223 ), #224, .F. );
#64 = ADVANCED_FACE( '', ( #225 ), #226, .F. );
#65 = ADVANCED_FACE( '', ( #227, #228 ), #229, .T. );
#66 = ADVANCED_FACE( '', ( #230 ), #231, .F. );
#67 = ADVANCED_FACE( '', ( #232 ), #233, .F. );
#68 = ADVANCED_FACE( '', ( #234, #235 ), #236, .T. );
#69 = ADVANCED_FACE( '', ( #237 ), #238, .T. );
#70 = ADVANCED_FACE( '', ( #239 ), #240, .T. );
#71 = ADVANCED_FACE( '', ( #241 ), #242, .T. );
#72 = ADVANCED_FACE( '', ( #243 ), #244, .T. );
#73 = ADVANCED_FACE( '', ( #245 ), #246, .T. );
#74 = ADVANCED_FACE( '', ( #247 ), #248, .T. );
#75 = ADVANCED_FACE( '', ( #249 ), #250, .T. );
#76 = ADVANCED_FACE( '', ( #251 ), #252, .T. );
#77 = ADVANCED_FACE( '', ( #253 ), #254, .T. );
#78 = ADVANCED_FACE( '', ( #255 ), #256, .T. );
#79 = ADVANCED_FACE( '', ( #257 ), #258, .T. );
#80 = ADVANCED_FACE( '', ( #259 ), #260, .T. );
#81 = ADVANCED_FACE( '', ( #261 ), #262, .T. );
#82 = ADVANCED_FACE( '', ( #263 ), #264, .F. );
#83 = ADVANCED_FACE( '', ( #265, #266 ), #267, .F. );
#84 = ADVANCED_FACE( '', ( #268 ), #269, .F. );
#85 = ADVANCED_FACE( '', ( #270, #271 ), #272, .F. );
#86 = ADVANCED_FACE( '', ( #273 ), #274, .F. );
#87 = ADVANCED_FACE( '', ( #275 ), #276, .F. );
#88 = ADVANCED_FACE( '', ( #277 ), #278, .F. );
#89 = ADVANCED_FACE( '', ( #279 ), #280, .T. );
#90 = ADVANCED_FACE( '', ( #281 ), #282, .T. );
#91 = ADVANCED_FACE( '', ( #283 ), #284, .T. );
#92 = ADVANCED_FACE( '', ( #285 ), #286, .T. );
#93 = ADVANCED_FACE( '', ( #287 ), #288, .T. );
#94 = ADVANCED_FACE( '', ( #289 ), #290, .T. );
#95 = ADVANCED_FACE( '', ( #291 ), #292, .F. );
#96 = ADVANCED_FACE( '', ( #293 ), #294, .F. );
#97 = ADVANCED_FACE( '', ( #295 ), #296, .F. );
#98 = ADVANCED_FACE( '', ( #297 ), #298, .F. );
#99 = ADVANCED_FACE( '', ( #299 ), #300, .F. );
#100 = ADVANCED_FACE( '', ( #301 ), #302, .F. );
#101 = ADVANCED_FACE( '', ( #303 ), #304, .T. );
#102 = ADVANCED_FACE( '', ( #305 ), #306, .F. );
#103 = ADVANCED_FACE( '', ( #307 ), #308, .F. );
#104 = ADVANCED_FACE( '', ( #309 ), #310, .T. );
#105 = ADVANCED_FACE( '', ( #311 ), #312, .F. );
#106 = ADVANCED_FACE( '', ( #313 ), #314, .T. );
#107 = ADVANCED_FACE( '', ( #315, #316, #317, #318, #319 ), #320, .F. );
#108 = ADVANCED_FACE( '', ( #321 ), #322, .F. );
#109 = ADVANCED_FACE( '', ( #323 ), #324, .T. );
#110 = ADVANCED_FACE( '', ( #325 ), #326, .F. );
#111 = ADVANCED_FACE( '', ( #327 ), #328, .T. );
#112 = ADVANCED_FACE( '', ( #329 ), #330, .T. );
#113 = ADVANCED_FACE( '', ( #331 ), #332, .F. );
#114 = ADVANCED_FACE( '', ( #333 ), #334, .T. );
#115 = ADVANCED_FACE( '', ( #335 ), #336, .F. );
#116 = ADVANCED_FACE( '', ( #337, #338 ), #339, .F. );
#117 = ADVANCED_FACE( '', ( #340 ), #341, .T. );
#118 = ADVANCED_FACE( '', ( #342 ), #343, .T. );
#119 = ADVANCED_FACE( '', ( #344 ), #345, .T. );
#120 = ADVANCED_FACE( '', ( #346, #347 ), #348, .T. );
#121 = ADVANCED_FACE( '', ( #349 ), #350, .F. );
#122 = ADVANCED_FACE( '', ( #351 ), #352, .F. );
#123 = ADVANCED_FACE( '', ( #353 ), #354, .F. );
#124 = ADVANCED_FACE( '', ( #355 ), #356, .T. );
#125 = ADVANCED_FACE( '', ( #357 ), #358, .T. );
#126 = ADVANCED_FACE( '', ( #359 ), #360, .T. );
#127 = ADVANCED_FACE( '', ( #361 ), #362, .F. );
#128 = ADVANCED_FACE( '', ( #363 ), #364, .T. );
#129 = ADVANCED_FACE( '', ( #365 ), #366, .F. );
#130 = ADVANCED_FACE( '', ( #367 ), #368, .T. );
#131 = ADVANCED_FACE( '', ( #369 ), #370, .F. );
#132 = ADVANCED_FACE( '', ( #371 ), #372, .T. );
#133 = ADVANCED_FACE( '', ( #373 ), #374, .T. );
#134 = ADVANCED_FACE( '', ( #375 ), #376, .T. );
#135 = ADVANCED_FACE( '', ( #377 ), #378, .T. );
#136 = ADVANCED_FACE( '', ( #379 ), #380, .T. );
#137 = ADVANCED_FACE( '', ( #381, #382 ), #383, .T. );
#138 = ADVANCED_FACE( '', ( #384 ), #385, .T. );
#139 = ADVANCED_FACE( '', ( #386 ), #387, .T. );
#140 = ADVANCED_FACE( '', ( #388 ), #389, .T. );
#141 = ADVANCED_FACE( '', ( #390 ), #391, .T. );
#142 = ADVANCED_FACE( '', ( #392 ), #393, .F. );
#143 = ADVANCED_FACE( '', ( #394 ), #395, .T. );
#144 = ADVANCED_FACE( '', ( #396 ), #397, .T. );
#145 = ADVANCED_FACE( '', ( #398 ), #399, .T. );
#146 = ADVANCED_FACE( '', ( #400 ), #401, .T. );
#147 = ADVANCED_FACE( '', ( #402 ), #403, .T. );
#148 = ADVANCED_FACE( '', ( #404 ), #405, .T. );
#149 = ADVANCED_FACE( '', ( #406 ), #407, .T. );
#150 = ADVANCED_FACE( '', ( #408 ), #409, .T. );
#151 = ADVANCED_FACE( '', ( #410 ), #411, .T. );
#152 = ADVANCED_FACE( '', ( #412 ), #413, .T. );
#153 = ADVANCED_FACE( '', ( #414 ), #415, .T. );
#154 = ADVANCED_FACE( '', ( #416 ), #417, .T. );
#155 = ADVANCED_FACE( '', ( #418 ), #419, .T. );
#156 = ADVANCED_FACE( '', ( #420 ), #421, .T. );
#157 = ADVANCED_FACE( '', ( #422 ), #423, .T. );
#158 = ADVANCED_FACE( '', ( #424, #425 ), #426, .F. );
#159 = ADVANCED_FACE( '', ( #427 ), #428, .T. );
#160 = ADVANCED_FACE( '', ( #429 ), #430, .T. );
#161 = ADVANCED_FACE( '', ( #431 ), #432, .T. );
#162 = ADVANCED_FACE( '', ( #433 ), #434, .F. );
#163 = ADVANCED_FACE( '', ( #435 ), #436, .T. );
#164 = ADVANCED_FACE( '', ( #437 ), #438, .F. );
#165 = ADVANCED_FACE( '', ( #439, #440 ), #441, .T. );
#166 = ADVANCED_FACE( '', ( #442 ), #443, .F. );
#167 = ADVANCED_FACE( '', ( #444 ), #445, .F. );
#168 = ADVANCED_FACE( '', ( #446 ), #447, .T. );
#169 = ADVANCED_FACE( '', ( #448 ), #449, .T. );
#170 = ADVANCED_FACE( '', ( #450, #451 ), #452, .T. );
#171 = ADVANCED_FACE( '', ( #453 ), #454, .F. );
#172 = ADVANCED_FACE( '', ( #455 ), #456, .T. );
#173 = ADVANCED_FACE( '', ( #457 ), #458, .T. );
#174 = ADVANCED_FACE( '', ( #459 ), #460, .F. );
#175 = ADVANCED_FACE( '', ( #461, #462 ), #463, .T. );
#176 = ADVANCED_FACE( '', ( #464, #465 ), #466, .T. );
#177 = ADVANCED_FACE( '', ( #467 ), #468, .F. );
#178 = ADVANCED_FACE( '', ( #469 ), #470, .F. );
#179 = ADVANCED_FACE( '', ( #471 ), #472, .F. );
#180 = ADVANCED_FACE( '', ( #473 ), #474, .F. );
#181 = ADVANCED_FACE( '', ( #475 ), #476, .T. );
#182 = ADVANCED_FACE( '', ( #477, #478 ), #479, .T. );
#183 = ADVANCED_FACE( '', ( #480 ), #481, .F. );
#184 = ADVANCED_FACE( '', ( #482 ), #483, .F. );
#186 = FACE_OUTER_BOUND( '', #484, .T. );
#187 = FACE_OUTER_BOUND( '', #485, .T. );
#188 = TOROIDAL_SURFACE( '', #486, 0.00254000000000000, 0.00127000000000000 );
#189 = FACE_OUTER_BOUND( '', #487, .T. );
#190 = FACE_OUTER_BOUND( '', #488, .T. );
#191 = TOROIDAL_SURFACE( '', #489, 0.00254000000000000, 0.00127000000000000 );
#192 = FACE_OUTER_BOUND( '', #490, .T. );
#193 = PLANE( '', #491 );
#194 = FACE_OUTER_BOUND( '', #492, .T. );
#195 = PLANE( '', #493 );
#196 = FACE_OUTER_BOUND( '', #494, .T. );
#197 = PLANE( '', #495 );
#198 = FACE_OUTER_BOUND( '', #496, .T. );
#199 = PLANE( '', #497 );
#200 = FACE_OUTER_BOUND( '', #498, .T. );
#201 = CONICAL_SURFACE( '', #499, 0.000647701300000000, 0.785386729800000 );
#202 = FACE_OUTER_BOUND( '', #500, .T. );
#203 = PLANE( '', #501 );
#204 = FACE_OUTER_BOUND( '', #502, .T. );
#205 = PLANE( '', #503 );
#206 = FACE_OUTER_BOUND( '', #504, .T. );
#207 = PLANE( '', #505 );
#208 = FACE_OUTER_BOUND( '', #506, .T. );
#209 = PLANE( '', #507 );
#210 = FACE_OUTER_BOUND( '', #508, .T. );
#211 = PLANE( '', #509 );
#212 = FACE_OUTER_BOUND( '', #510, .T. );
#213 = PLANE( '', #511 );
#214 = FACE_OUTER_BOUND( '', #512, .T. );
#215 = FACE_OUTER_BOUND( '', #513, .T. );
#216 = TOROIDAL_SURFACE( '', #514, 0.00254000000000000, 0.00127000000000000 );
#217 = FACE_OUTER_BOUND( '', #515, .T. );
#218 = PLANE( '', #516 );
#219 = FACE_OUTER_BOUND( '', #517, .T. );
#220 = PLANE( '', #518 );
#221 = FACE_OUTER_BOUND( '', #519, .T. );
#222 = CYLINDRICAL_SURFACE( '', #520, 0.000901700000000000 );
#223 = FACE_OUTER_BOUND( '', #521, .T. );
#224 = PLANE( '', #522 );
#225 = FACE_OUTER_BOUND( '', #523, .T. );
#226 = PLANE( '', #524 );
#227 = FACE_OUTER_BOUND( '', #525, .T. );
#228 = FACE_OUTER_BOUND( '', #526, .T. );
#229 = TOROIDAL_SURFACE( '', #527, 0.00254000000000000, 0.00127000000000000 );
#230 = FACE_OUTER_BOUND( '', #528, .T. );
#231 = PLANE( '', #529 );
#232 = FACE_OUTER_BOUND( '', #530, .T. );
#233 = PLANE( '', #531 );
#234 = FACE_OUTER_BOUND( '', #532, .T. );
#235 = FACE_BOUND( '', #533, .T. );
#236 = PLANE( '', #534 );
#237 = FACE_OUTER_BOUND( '', #535, .T. );
#238 = CYLINDRICAL_SURFACE( '', #536, 0.000901700000000000 );
#239 = FACE_OUTER_BOUND( '', #537, .T. );
#240 = PLANE( '', #538 );
#241 = FACE_OUTER_BOUND( '', #539, .T. );
#242 = PLANE( '', #540 );
#243 = FACE_OUTER_BOUND( '', #541, .T. );
#244 = PLANE( '', #542 );
#245 = FACE_OUTER_BOUND( '', #543, .T. );
#246 = PLANE( '', #544 );
#247 = FACE_OUTER_BOUND( '', #545, .T. );
#248 = PLANE( '', #546 );
#249 = FACE_OUTER_BOUND( '', #547, .T. );
#250 = CYLINDRICAL_SURFACE( '', #548, 0.00304800000000000 );
#251 = FACE_OUTER_BOUND( '', #549, .T. );
#252 = PLANE( '', #550 );
#253 = FACE_OUTER_BOUND( '', #551, .T. );
#254 = CYLINDRICAL_SURFACE( '', #552, 0.00304800000000000 );
#255 = FACE_OUTER_BOUND( '', #553, .T. );
#256 = PLANE( '', #554 );
#257 = FACE_OUTER_BOUND( '', #555, .T. );
#258 = CYLINDRICAL_SURFACE( '', #556, 0.00304800000000000 );
#259 = FACE_OUTER_BOUND( '', #557, .T. );
#260 = CYLINDRICAL_SURFACE( '', #558, 0.00304800000000000 );
#261 = FACE_OUTER_BOUND( '', #559, .T. );
#262 = CYLINDRICAL_SURFACE( '', #560, 0.00304800000000000 );
#263 = FACE_OUTER_BOUND( '', #561, .T. );
#264 = PLANE( '', #562 );
#265 = FACE_OUTER_BOUND( '', #563, .T. );
#266 = FACE_BOUND( '', #564, .T. );
#267 = PLANE( '', #565 );
#268 = FACE_OUTER_BOUND( '', #566, .T. );
#269 = PLANE( '', #567 );
#270 = FACE_OUTER_BOUND( '', #568, .T. );
#271 = FACE_BOUND( '', #569, .T. );
#272 = PLANE( '', #570 );
#273 = FACE_OUTER_BOUND( '', #571, .T. );
#274 = PLANE( '', #572 );
#275 = FACE_OUTER_BOUND( '', #573, .T. );
#276 = PLANE( '', #574 );
#277 = FACE_OUTER_BOUND( '', #575, .T. );
#278 = PLANE( '', #576 );
#279 = FACE_OUTER_BOUND( '', #577, .T. );
#280 = PLANE( '', #578 );
#281 = FACE_OUTER_BOUND( '', #579, .T. );
#282 = PLANE( '', #580 );
#283 = FACE_OUTER_BOUND( '', #581, .T. );
#284 = PLANE( '', #582 );
#285 = FACE_OUTER_BOUND( '', #583, .T. );
#286 = PLANE( '', #584 );
#287 = FACE_OUTER_BOUND( '', #585, .T. );
#288 = PLANE( '', #586 );
#289 = FACE_OUTER_BOUND( '', #587, .T. );
#290 = PLANE( '', #588 );
#291 = FACE_OUTER_BOUND( '', #589, .T. );
#292 = PLANE( '', #590 );
#293 = FACE_OUTER_BOUND( '', #591, .T. );
#294 = PLANE( '', #592 );
#295 = FACE_OUTER_BOUND( '', #593, .T. );
#296 = PLANE( '', #594 );
#297 = FACE_OUTER_BOUND( '', #595, .T. );
#298 = PLANE( '', #596 );
#299 = FACE_OUTER_BOUND( '', #597, .T. );
#300 = PLANE( '', #598 );
#301 = FACE_OUTER_BOUND( '', #599, .T. );
#302 = PLANE( '', #600 );
#303 = FACE_OUTER_BOUND( '', #601, .T. );
#304 = PLANE( '', #602 );
#305 = FACE_OUTER_BOUND( '', #603, .T. );
#306 = PLANE( '', #604 );
#307 = FACE_OUTER_BOUND( '', #605, .T. );
#308 = PLANE( '', #606 );
#309 = FACE_OUTER_BOUND( '', #607, .T. );
#310 = PLANE( '', #608 );
#311 = FACE_OUTER_BOUND( '', #609, .T. );
#312 = PLANE( '', #610 );
#313 = FACE_OUTER_BOUND( '', #611, .T. );
#314 = PLANE( '', #612 );
#315 = FACE_OUTER_BOUND( '', #613, .T. );
#316 = FACE_BOUND( '', #614, .T. );
#317 = FACE_BOUND( '', #615, .T. );
#318 = FACE_BOUND( '', #616, .T. );
#319 = FACE_BOUND( '', #617, .T. );
#320 = PLANE( '', #618 );
#321 = FACE_OUTER_BOUND( '', #619, .T. );
#322 = PLANE( '', #620 );
#323 = FACE_OUTER_BOUND( '', #621, .T. );
#324 = CYLINDRICAL_SURFACE( '', #622, 0.000381000000000000 );
#325 = FACE_OUTER_BOUND( '', #623, .T. );
#326 = PLANE( '', #624 );
#327 = FACE_OUTER_BOUND( '', #625, .T. );
#328 = PLANE( '', #626 );
#329 = FACE_OUTER_BOUND( '', #627, .T. );
#330 = CONICAL_SURFACE( '', #628, 0.000647701300000000, 0.785386729800000 );
#331 = FACE_OUTER_BOUND( '', #629, .T. );
#332 = PLANE( '', #630 );
#333 = FACE_OUTER_BOUND( '', #631, .T. );
#334 = CYLINDRICAL_SURFACE( '', #632, 0.000381000000000000 );
#335 = FACE_OUTER_BOUND( '', #633, .T. );
#336 = PLANE( '', #634 );
#337 = FACE_OUTER_BOUND( '', #635, .T. );
#338 = FACE_BOUND( '', #636, .T. );
#339 = PLANE( '', #637 );
#340 = FACE_OUTER_BOUND( '', #638, .T. );
#341 = PLANE( '', #639 );
#342 = FACE_OUTER_BOUND( '', #640, .T. );
#343 = PLANE( '', #641 );
#344 = FACE_OUTER_BOUND( '', #642, .T. );
#345 = CONICAL_SURFACE( '', #643, 0.000647701300000000, 0.785386729800000 );
#346 = FACE_OUTER_BOUND( '', #644, .T. );
#347 = FACE_BOUND( '', #645, .T. );
#348 = PLANE( '', #646 );
#349 = FACE_OUTER_BOUND( '', #647, .T. );
#350 = PLANE( '', #648 );
#351 = FACE_OUTER_BOUND( '', #649, .T. );
#352 = PLANE( '', #650 );
#353 = FACE_OUTER_BOUND( '', #651, .T. );
#354 = PLANE( '', #652 );
#355 = FACE_OUTER_BOUND( '', #653, .T. );
#356 = CYLINDRICAL_SURFACE( '', #654, 0.000901700000000000 );
#357 = FACE_OUTER_BOUND( '', #655, .T. );
#358 = PLANE( '', #656 );
#359 = FACE_OUTER_BOUND( '', #657, .T. );
#360 = PLANE( '', #658 );
#361 = FACE_OUTER_BOUND( '', #659, .T. );
#362 = PLANE( '', #660 );
#363 = FACE_OUTER_BOUND( '', #661, .T. );
#364 = PLANE( '', #662 );
#365 = FACE_OUTER_BOUND( '', #663, .T. );
#366 = PLANE( '', #664 );
#367 = FACE_OUTER_BOUND( '', #665, .T. );
#368 = PLANE( '', #666 );
#369 = FACE_OUTER_BOUND( '', #667, .T. );
#370 = PLANE( '', #668 );
#371 = FACE_OUTER_BOUND( '', #669, .T. );
#372 = CYLINDRICAL_SURFACE( '', #670, 0.000901700000000000 );
#373 = FACE_OUTER_BOUND( '', #671, .T. );
#374 = CONICAL_SURFACE( '', #672, 0.000647701300000000, 0.785386729800000 );
#375 = FACE_OUTER_BOUND( '', #673, .T. );
#376 = PLANE( '', #674 );
#377 = FACE_OUTER_BOUND( '', #675, .T. );
#378 = CYLINDRICAL_SURFACE( '', #676, 0.000901700000000000 );
#379 = FACE_OUTER_BOUND( '', #677, .T. );
#380 = CYLINDRICAL_SURFACE( '', #678, 0.000381000000000000 );
#381 = FACE_OUTER_BOUND( '', #679, .T. );
#382 = FACE_OUTER_BOUND( '', #680, .T. );
#383 = CYLINDRICAL_SURFACE( '', #681, 0.00381000000000000 );
#384 = FACE_OUTER_BOUND( '', #682, .T. );
#385 = CONICAL_SURFACE( '', #683, 0.000647701300000000, 0.785386729800000 );
#386 = FACE_OUTER_BOUND( '', #684, .T. );
#387 = PLANE( '', #685 );
#388 = FACE_OUTER_BOUND( '', #686, .T. );
#389 = PLANE( '', #687 );
#390 = FACE_OUTER_BOUND( '', #688, .T. );
#391 = CONICAL_SURFACE( '', #689, 0.000647701300000000, 0.785386729800000 );
#392 = FACE_OUTER_BOUND( '', #690, .T. );
#393 = PLANE( '', #691 );
#394 = FACE_OUTER_BOUND( '', #692, .T. );
#395 = PLANE( '', #693 );
#396 = FACE_OUTER_BOUND( '', #694, .T. );
#397 = PLANE( '', #695 );
#398 = FACE_OUTER_BOUND( '', #696, .T. );
#399 = CONICAL_SURFACE( '', #697, 0.000647701300000000, 0.785386729800000 );
#400 = FACE_OUTER_BOUND( '', #698, .T. );
#401 = CYLINDRICAL_SURFACE( '', #699, 0.000901700000000000 );
#402 = FACE_OUTER_BOUND( '', #700, .T. );
#403 = CYLINDRICAL_SURFACE( '', #701, 0.000901700000000000 );
#404 = FACE_OUTER_BOUND( '', #702, .T. );
#405 = PLANE( '', #703 );
#406 = FACE_OUTER_BOUND( '', #704, .T. );
#407 = CYLINDRICAL_SURFACE( '', #705, 0.000901700000000000 );
#408 = FACE_OUTER_BOUND( '', #706, .T. );
#409 = PLANE( '', #707 );
#410 = FACE_OUTER_BOUND( '', #708, .T. );
#411 = PLANE( '', #709 );
#412 = FACE_OUTER_BOUND( '', #710, .T. );
#413 = PLANE( '', #711 );
#414 = FACE_OUTER_BOUND( '', #712, .T. );
#415 = PLANE( '', #713 );
#416 = FACE_OUTER_BOUND( '', #714, .T. );
#417 = CONICAL_SURFACE( '', #715, 0.000647701300000000, 0.785386729800000 );
#418 = FACE_OUTER_BOUND( '', #716, .T. );
#419 = PLANE( '', #717 );
#420 = FACE_OUTER_BOUND( '', #718, .T. );
#421 = PLANE( '', #719 );
#422 = FACE_OUTER_BOUND( '', #720, .T. );
#423 = PLANE( '', #721 );
#424 = FACE_OUTER_BOUND( '', #722, .T. );
#425 = FACE_BOUND( '', #723, .T. );
#426 = PLANE( '', #724 );
#427 = FACE_OUTER_BOUND( '', #725, .T. );
#428 = PLANE( '', #726 );
#429 = FACE_OUTER_BOUND( '', #727, .T. );
#430 = CYLINDRICAL_SURFACE( '', #728, 0.000381000000000000 );
#431 = FACE_OUTER_BOUND( '', #729, .T. );
#432 = PLANE( '', #730 );
#433 = FACE_OUTER_BOUND( '', #731, .T. );
#434 = PLANE( '', #732 );
#435 = FACE_OUTER_BOUND( '', #733, .T. );
#436 = PLANE( '', #734 );
#437 = FACE_OUTER_BOUND( '', #735, .T. );
#438 = PLANE( '', #736 );
#439 = FACE_OUTER_BOUND( '', #737, .T. );
#440 = FACE_OUTER_BOUND( '', #738, .T. );
#441 = CYLINDRICAL_SURFACE( '', #739, 0.00381000000000000 );
#442 = FACE_OUTER_BOUND( '', #740, .T. );
#443 = PLANE( '', #741 );
#444 = FACE_OUTER_BOUND( '', #742, .T. );
#445 = PLANE( '', #743 );
#446 = FACE_OUTER_BOUND( '', #744, .T. );
#447 = PLANE( '', #745 );
#448 = FACE_OUTER_BOUND( '', #746, .T. );
#449 = PLANE( '', #747 );
#450 = FACE_OUTER_BOUND( '', #748, .T. );
#451 = FACE_BOUND( '', #749, .T. );
#452 = PLANE( '', #750 );
#453 = FACE_OUTER_BOUND( '', #751, .T. );
#454 = PLANE( '', #752 );
#455 = FACE_OUTER_BOUND( '', #753, .T. );
#456 = PLANE( '', #754 );
#457 = FACE_OUTER_BOUND( '', #755, .T. );
#458 = PLANE( '', #756 );
#459 = FACE_OUTER_BOUND( '', #757, .T. );
#460 = PLANE( '', #758 );
#461 = FACE_OUTER_BOUND( '', #759, .T. );
#462 = FACE_BOUND( '', #760, .T. );
#463 = PLANE( '', #761 );
#464 = FACE_OUTER_BOUND( '', #762, .T. );
#465 = FACE_OUTER_BOUND( '', #763, .T. );
#466 = CYLINDRICAL_SURFACE( '', #764, 0.00381000000000000 );
#467 = FACE_OUTER_BOUND( '', #765, .T. );
#468 = PLANE( '', #766 );
#469 = FACE_OUTER_BOUND( '', #767, .T. );
#470 = PLANE( '', #768 );
#471 = FACE_OUTER_BOUND( '', #769, .T. );
#472 = PLANE( '', #770 );
#473 = FACE_OUTER_BOUND( '', #771, .T. );
#474 = PLANE( '', #772 );
#475 = FACE_OUTER_BOUND( '', #773, .T. );
#476 = PLANE( '', #774 );
#477 = FACE_OUTER_BOUND( '', #775, .T. );
#478 = FACE_OUTER_BOUND( '', #776, .T. );
#479 = CYLINDRICAL_SURFACE( '', #777, 0.00381000000000000 );
#480 = FACE_OUTER_BOUND( '', #778, .T. );
#481 = PLANE( '', #779 );
#482 = FACE_OUTER_BOUND( '', #780, .T. );
#483 = PLANE( '', #781 );
#484 = EDGE_LOOP( '', ( #782, #783, #784, #785, #786, #787, #788, #789 ) );
#485 = EDGE_LOOP( '', ( #790 ) );
#486 = AXIS2_PLACEMENT_3D( '', #791, #792, #793 );
#487 = EDGE_LOOP( '', ( #794, #795, #796, #797, #798, #799, #800, #801 ) );
#488 = EDGE_LOOP( '', ( #802 ) );
#489 = AXIS2_PLACEMENT_3D( '', #803, #804, #805 );
#490 = EDGE_LOOP( '', ( #806, #807, #808, #809, #810, #811 ) );
#491 = AXIS2_PLACEMENT_3D( '', #812, #813, #814 );
#492 = EDGE_LOOP( '', ( #815, #816, #817, #818, #819, #820 ) );
#493 = AXIS2_PLACEMENT_3D( '', #821, #822, #823 );
#494 = EDGE_LOOP( '', ( #824, #825, #826, #827 ) );
#495 = AXIS2_PLACEMENT_3D( '', #828, #829, #830 );
#496 = EDGE_LOOP( '', ( #831, #832, #833, #834 ) );
#497 = AXIS2_PLACEMENT_3D( '', #835, #836, #837 );
#498 = EDGE_LOOP( '', ( #838, #839, #840, #841 ) );
#499 = AXIS2_PLACEMENT_3D( '', #842, #843, #844 );
#500 = EDGE_LOOP( '', ( #845, #846, #847, #848, #849 ) );
#501 = AXIS2_PLACEMENT_3D( '', #850, #851, #852 );
#502 = EDGE_LOOP( '', ( #853, #854, #855, #856, #857, #858 ) );
#503 = AXIS2_PLACEMENT_3D( '', #859, #860, #861 );
#504 = EDGE_LOOP( '', ( #862, #863, #864, #865, #866, #867, #868, #869 ) );
#505 = AXIS2_PLACEMENT_3D( '', #870, #871, #872 );
#506 = EDGE_LOOP( '', ( #873, #874, #875, #876 ) );
#507 = AXIS2_PLACEMENT_3D( '', #877, #878, #879 );
#508 = EDGE_LOOP( '', ( #880, #881, #882, #883 ) );
#509 = AXIS2_PLACEMENT_3D( '', #884, #885, #886 );
#510 = EDGE_LOOP( '', ( #887, #888, #889, #890 ) );
#511 = AXIS2_PLACEMENT_3D( '', #891, #892, #893 );
#512 = EDGE_LOOP( '', ( #894, #895, #896, #897, #898, #899, #900, #901 ) );
#513 = EDGE_LOOP( '', ( #902 ) );
#514 = AXIS2_PLACEMENT_3D( '', #903, #904, #905 );
#515 = EDGE_LOOP( '', ( #906, #907 ) );
#516 = AXIS2_PLACEMENT_3D( '', #908, #909, #910 );
#517 = EDGE_LOOP( '', ( #911, #912 ) );
#518 = AXIS2_PLACEMENT_3D( '', #913, #914, #915 );
#519 = EDGE_LOOP( '', ( #916, #917, #918, #919 ) );
#520 = AXIS2_PLACEMENT_3D( '', #920, #921, #922 );
#521 = EDGE_LOOP( '', ( #923, #924, #925, #926 ) );
#522 = AXIS2_PLACEMENT_3D( '', #927, #928, #929 );
#523 = EDGE_LOOP( '', ( #930, #931, #932, #933 ) );
#524 = AXIS2_PLACEMENT_3D( '', #934, #935, #936 );
#525 = EDGE_LOOP( '', ( #937, #938, #939, #940, #941, #942, #943, #944 ) );
#526 = EDGE_LOOP( '', ( #945 ) );
#527 = AXIS2_PLACEMENT_3D( '', #946, #947, #948 );
#528 = EDGE_LOOP( '', ( #949, #950 ) );
#529 = AXIS2_PLACEMENT_3D( '', #951, #952, #953 );
#530 = EDGE_LOOP( '', ( #954, #955 ) );
#531 = AXIS2_PLACEMENT_3D( '', #956, #957, #958 );
#532 = EDGE_LOOP( '', ( #959, #960, #961, #962 ) );
#533 = EDGE_LOOP( '', ( #963 ) );
#534 = AXIS2_PLACEMENT_3D( '', #964, #965, #966 );
#535 = EDGE_LOOP( '', ( #967, #968, #969, #970 ) );
#536 = AXIS2_PLACEMENT_3D( '', #971, #972, #973 );
#537 = EDGE_LOOP( '', ( #974, #975, #976, #977 ) );
#538 = AXIS2_PLACEMENT_3D( '', #978, #979, #980 );
#539 = EDGE_LOOP( '', ( #981, #982, #983, #984 ) );
#540 = AXIS2_PLACEMENT_3D( '', #985, #986, #987 );
#541 = EDGE_LOOP( '', ( #988, #989, #990, #991 ) );
#542 = AXIS2_PLACEMENT_3D( '', #992, #993, #994 );
#543 = EDGE_LOOP( '', ( #995, #996, #997, #998, #999 ) );
#544 = AXIS2_PLACEMENT_3D( '', #1000, #1001, #1002 );
#545 = EDGE_LOOP( '', ( #1003, #1004, #1005, #1006 ) );
#546 = AXIS2_PLACEMENT_3D( '', #1007, #1008, #1009 );
#547 = EDGE_LOOP( '', ( #1010, #1011, #1012, #1013 ) );
#548 = AXIS2_PLACEMENT_3D( '', #1014, #1015, #1016 );
#549 = EDGE_LOOP( '', ( #1017, #1018, #1019, #1020 ) );
#550 = AXIS2_PLACEMENT_3D( '', #1021, #1022, #1023 );
#551 = EDGE_LOOP( '', ( #1024, #1025, #1026, #1027 ) );
#552 = AXIS2_PLACEMENT_3D( '', #1028, #1029, #1030 );
#553 = EDGE_LOOP( '', ( #1031, #1032, #1033, #1034, #1035, #1036, #1037 ) );
#554 = AXIS2_PLACEMENT_3D( '', #1038, #1039, #1040 );
#555 = EDGE_LOOP( '', ( #1041, #1042, #1043, #1044 ) );
#556 = AXIS2_PLACEMENT_3D( '', #1045, #1046, #1047 );
#557 = EDGE_LOOP( '', ( #1048, #1049, #1050, #1051 ) );
#558 = AXIS2_PLACEMENT_3D( '', #1052, #1053, #1054 );
#559 = EDGE_LOOP( '', ( #1055, #1056, #1057, #1058 ) );
#560 = AXIS2_PLACEMENT_3D( '', #1059, #1060, #1061 );
#561 = EDGE_LOOP( '', ( #1062, #1063, #1064, #1065, #1066, #1067, #1068 ) );
#562 = AXIS2_PLACEMENT_3D( '', #1069, #1070, #1071 );
#563 = EDGE_LOOP( '', ( #1072, #1073, #1074, #1075 ) );
#564 = EDGE_LOOP( '', ( #1076, #1077, #1078, #1079 ) );
#565 = AXIS2_PLACEMENT_3D( '', #1080, #1081, #1082 );
#566 = EDGE_LOOP( '', ( #1083, #1084 ) );
#567 = AXIS2_PLACEMENT_3D( '', #1085, #1086, #1087 );
#568 = EDGE_LOOP( '', ( #1088, #1089, #1090, #1091 ) );
#569 = EDGE_LOOP( '', ( #1092, #1093, #1094, #1095 ) );
#570 = AXIS2_PLACEMENT_3D( '', #1096, #1097, #1098 );
#571 = EDGE_LOOP( '', ( #1099, #1100, #1101, #1102 ) );
#572 = AXIS2_PLACEMENT_3D( '', #1103, #1104, #1105 );
#573 = EDGE_LOOP( '', ( #1106, #1107, #1108, #1109 ) );
#574 = AXIS2_PLACEMENT_3D( '', #1110, #1111, #1112 );
#575 = EDGE_LOOP( '', ( #1113, #1114, #1115, #1116 ) );
#576 = AXIS2_PLACEMENT_3D( '', #1117, #1118, #1119 );
#577 = EDGE_LOOP( '', ( #1120, #1121, #1122, #1123, #1124, #1125, #1126 ) );
#578 = AXIS2_PLACEMENT_3D( '', #1127, #1128, #1129 );
#579 = EDGE_LOOP( '', ( #1130, #1131, #1132, #1133, #1134, #1135, #1136, #1137, #1138, #1139, #1140, #1141, #1142, #1143, #1144, #1145, #1146, #1147, #1148, #1149 ) );
#580 = AXIS2_PLACEMENT_3D( '', #1150, #1151, #1152 );
#581 = EDGE_LOOP( '', ( #1153, #1154, #1155, #1156 ) );
#582 = AXIS2_PLACEMENT_3D( '', #1157, #1158, #1159 );
#583 = EDGE_LOOP( '', ( #1160, #1161, #1162, #1163 ) );
#584 = AXIS2_PLACEMENT_3D( '', #1164, #1165, #1166 );
#585 = EDGE_LOOP( '', ( #1167, #1168, #1169, #1170 ) );
#586 = AXIS2_PLACEMENT_3D( '', #1171, #1172, #1173 );
#587 = EDGE_LOOP( '', ( #1174, #1175, #1176, #1177 ) );
#588 = AXIS2_PLACEMENT_3D( '', #1178, #1179, #1180 );
#589 = EDGE_LOOP( '', ( #1181, #1182, #1183, #1184 ) );
#590 = AXIS2_PLACEMENT_3D( '', #1185, #1186, #1187 );
#591 = EDGE_LOOP( '', ( #1188, #1189, #1190, #1191 ) );
#592 = AXIS2_PLACEMENT_3D( '', #1192, #1193, #1194 );
#593 = EDGE_LOOP( '', ( #1195, #1196, #1197, #1198, #1199, #1200, #1201 ) );
#594 = AXIS2_PLACEMENT_3D( '', #1202, #1203, #1204 );
#595 = EDGE_LOOP( '', ( #1205, #1206, #1207, #1208 ) );
#596 = AXIS2_PLACEMENT_3D( '', #1209, #1210, #1211 );
#597 = EDGE_LOOP( '', ( #1212, #1213, #1214, #1215, #1216, #1217 ) );
#598 = AXIS2_PLACEMENT_3D( '', #1218, #1219, #1220 );
#599 = EDGE_LOOP( '', ( #1221, #1222, #1223, #1224 ) );
#600 = AXIS2_PLACEMENT_3D( '', #1225, #1226, #1227 );
#601 = EDGE_LOOP( '', ( #1228, #1229, #1230, #1231, #1232, #1233, #1234, #1235 ) );
#602 = AXIS2_PLACEMENT_3D( '', #1236, #1237, #1238 );
#603 = EDGE_LOOP( '', ( #1239, #1240, #1241, #1242, #1243, #1244, #1245 ) );
#604 = AXIS2_PLACEMENT_3D( '', #1246, #1247, #1248 );
#605 = EDGE_LOOP( '', ( #1249, #1250, #1251, #1252 ) );
#606 = AXIS2_PLACEMENT_3D( '', #1253, #1254, #1255 );
#607 = EDGE_LOOP( '', ( #1256, #1257, #1258, #1259 ) );
#608 = AXIS2_PLACEMENT_3D( '', #1260, #1261, #1262 );
#609 = EDGE_LOOP( '', ( #1263, #1264, #1265, #1266 ) );
#610 = AXIS2_PLACEMENT_3D( '', #1267, #1268, #1269 );
#611 = EDGE_LOOP( '', ( #1270, #1271, #1272, #1273, #1274, #1275, #1276 ) );
#612 = AXIS2_PLACEMENT_3D( '', #1277, #1278, #1279 );
#613 = EDGE_LOOP( '', ( #1280, #1281, #1282, #1283, #1284, #1285, #1286, #1287, #1288, #1289, #1290, #1291, #1292, #1293, #1294, #1295 ) );
#614 = EDGE_LOOP( '', ( #1296, #1297, #1298, #1299 ) );
#615 = EDGE_LOOP( '', ( #1300, #1301, #1302, #1303 ) );
#616 = EDGE_LOOP( '', ( #1304, #1305, #1306, #1307 ) );
#617 = EDGE_LOOP( '', ( #1308, #1309, #1310, #1311 ) );
#618 = AXIS2_PLACEMENT_3D( '', #1312, #1313, #1314 );
#619 = EDGE_LOOP( '', ( #1315, #1316, #1317, #1318 ) );
#620 = AXIS2_PLACEMENT_3D( '', #1319, #1320, #1321 );
#621 = EDGE_LOOP( '', ( #1322, #1323, #1324, #1325 ) );
#622 = AXIS2_PLACEMENT_3D( '', #1326, #1327, #1328 );
#623 = EDGE_LOOP( '', ( #1329, #1330, #1331, #1332 ) );
#624 = AXIS2_PLACEMENT_3D( '', #1333, #1334, #1335 );
#625 = EDGE_LOOP( '', ( #1336, #1337, #1338, #1339 ) );
#626 = AXIS2_PLACEMENT_3D( '', #1340, #1341, #1342 );
#627 = EDGE_LOOP( '', ( #1343, #1344, #1345, #1346 ) );
#628 = AXIS2_PLACEMENT_3D( '', #1347, #1348, #1349 );
#629 = EDGE_LOOP( '', ( #1350, #1351, #1352, #1353 ) );
#630 = AXIS2_PLACEMENT_3D( '', #1354, #1355, #1356 );
#631 = EDGE_LOOP( '', ( #1357, #1358, #1359, #1360 ) );
#632 = AXIS2_PLACEMENT_3D( '', #1361, #1362, #1363 );
#633 = EDGE_LOOP( '', ( #1364, #1365, #1366, #1367 ) );
#634 = AXIS2_PLACEMENT_3D( '', #1368, #1369, #1370 );
#635 = EDGE_LOOP( '', ( #1371, #1372, #1373, #1374 ) );
#636 = EDGE_LOOP( '', ( #1375, #1376, #1377, #1378 ) );
#637 = AXIS2_PLACEMENT_3D( '', #1379, #1380, #1381 );
#638 = EDGE_LOOP( '', ( #1382, #1383, #1384, #1385, #1386, #1387, #1388 ) );
#639 = AXIS2_PLACEMENT_3D( '', #1389, #1390, #1391 );
#640 = EDGE_LOOP( '', ( #1392, #1393, #1394, #1395 ) );
#641 = AXIS2_PLACEMENT_3D( '', #1396, #1397, #1398 );
#642 = EDGE_LOOP( '', ( #1399, #1400, #1401, #1402 ) );
#643 = AXIS2_PLACEMENT_3D( '', #1403, #1404, #1405 );
#644 = EDGE_LOOP( '', ( #1406, #1407, #1408, #1409 ) );
#645 = EDGE_LOOP( '', ( #1410 ) );
#646 = AXIS2_PLACEMENT_3D( '', #1411, #1412, #1413 );
#647 = EDGE_LOOP( '', ( #1414, #1415, #1416, #1417 ) );
#648 = AXIS2_PLACEMENT_3D( '', #1418, #1419, #1420 );
#649 = EDGE_LOOP( '', ( #1421, #1422 ) );
#650 = AXIS2_PLACEMENT_3D( '', #1423, #1424, #1425 );
#651 = EDGE_LOOP( '', ( #1426, #1427, #1428, #1429, #1430, #1431, #1432 ) );
#652 = AXIS2_PLACEMENT_3D( '', #1433, #1434, #1435 );
#653 = EDGE_LOOP( '', ( #1436, #1437, #1438, #1439 ) );
#654 = AXIS2_PLACEMENT_3D( '', #1440, #1441, #1442 );
#655 = EDGE_LOOP( '', ( #1443, #1444, #1445, #1446 ) );
#656 = AXIS2_PLACEMENT_3D( '', #1447, #1448, #1449 );
#657 = EDGE_LOOP( '', ( #1450, #1451, #1452, #1453 ) );
#658 = AXIS2_PLACEMENT_3D( '', #1454, #1455, #1456 );
#659 = EDGE_LOOP( '', ( #1457, #1458, #1459, #1460 ) );
#660 = AXIS2_PLACEMENT_3D( '', #1461, #1462, #1463 );
#661 = EDGE_LOOP( '', ( #1464, #1465, #1466, #1467 ) );
#662 = AXIS2_PLACEMENT_3D( '', #1468, #1469, #1470 );
#663 = EDGE_LOOP( '', ( #1471, #1472, #1473, #1474 ) );
#664 = AXIS2_PLACEMENT_3D( '', #1475, #1476, #1477 );
#665 = EDGE_LOOP( '', ( #1478, #1479, #1480, #1481 ) );
#666 = AXIS2_PLACEMENT_3D( '', #1482, #1483, #1484 );
#667 = EDGE_LOOP( '', ( #1485, #1486, #1487, #1488 ) );
#668 = AXIS2_PLACEMENT_3D( '', #1489, #1490, #1491 );
#669 = EDGE_LOOP( '', ( #1492, #1493, #1494, #1495 ) );
#670 = AXIS2_PLACEMENT_3D( '', #1496, #1497, #1498 );
#671 = EDGE_LOOP( '', ( #1499, #1500, #1501, #1502 ) );
#672 = AXIS2_PLACEMENT_3D( '', #1503, #1504, #1505 );
#673 = EDGE_LOOP( '', ( #1506, #1507, #1508, #1509 ) );
#674 = AXIS2_PLACEMENT_3D( '', #1510, #1511, #1512 );
#675 = EDGE_LOOP( '', ( #1513, #1514, #1515, #1516 ) );
#676 = AXIS2_PLACEMENT_3D( '', #1517, #1518, #1519 );
#677 = EDGE_LOOP( '', ( #1520, #1521, #1522, #1523 ) );
#678 = AXIS2_PLACEMENT_3D( '', #1524, #1525, #1526 );
#679 = EDGE_LOOP( '', ( #1527 ) );
#680 = EDGE_LOOP( '', ( #1528 ) );
#681 = AXIS2_PLACEMENT_3D( '', #1529, #1530, #1531 );
#682 = EDGE_LOOP( '', ( #1532, #1533, #1534, #1535 ) );
#683 = AXIS2_PLACEMENT_3D( '', #1536, #1537, #1538 );
#684 = EDGE_LOOP( '', ( #1539, #1540, #1541, #1542 ) );
#685 = AXIS2_PLACEMENT_3D( '', #1543, #1544, #1545 );
#686 = EDGE_LOOP( '', ( #1546, #1547, #1548, #1549, #1550, #1551, #1552, #1553, #1554, #1555, #1556, #1557, #1558, #1559, #1560, #1561 ) );
#687 = AXIS2_PLACEMENT_3D( '', #1562, #1563, #1564 );
#688 = EDGE_LOOP( '', ( #1565, #1566, #1567, #1568 ) );
#689 = AXIS2_PLACEMENT_3D( '', #1569, #1570, #1571 );
#690 = EDGE_LOOP( '', ( #1572, #1573, #1574, #1575 ) );
#691 = AXIS2_PLACEMENT_3D( '', #1576, #1577, #1578 );
#692 = EDGE_LOOP( '', ( #1579, #1580, #1581, #1582 ) );
#693 = AXIS2_PLACEMENT_3D( '', #1583, #1584, #1585 );
#694 = EDGE_LOOP( '', ( #1586, #1587, #1588, #1589 ) );
#695 = AXIS2_PLACEMENT_3D( '', #1590, #1591, #1592 );
#696 = EDGE_LOOP( '', ( #1593, #1594, #1595, #1596 ) );
#697 = AXIS2_PLACEMENT_3D( '', #1597, #1598, #1599 );
#698 = EDGE_LOOP( '', ( #1600, #1601, #1602, #1603 ) );
#699 = AXIS2_PLACEMENT_3D( '', #1604, #1605, #1606 );
#700 = EDGE_LOOP( '', ( #1607, #1608, #1609, #1610 ) );
#701 = AXIS2_PLACEMENT_3D( '', #1611, #1612, #1613 );
#702 = EDGE_LOOP( '', ( #1614, #1615, #1616, #1617 ) );
#703 = AXIS2_PLACEMENT_3D( '', #1618, #1619, #1620 );
#704 = EDGE_LOOP( '', ( #1621, #1622, #1623, #1624 ) );
#705 = AXIS2_PLACEMENT_3D( '', #1625, #1626, #1627 );
#706 = EDGE_LOOP( '', ( #1628, #1629, #1630, #1631 ) );
#707 = AXIS2_PLACEMENT_3D( '', #1632, #1633, #1634 );
#708 = EDGE_LOOP( '', ( #1635, #1636, #1637, #1638 ) );
#709 = AXIS2_PLACEMENT_3D( '', #1639, #1640, #1641 );
#710 = EDGE_LOOP( '', ( #1642, #1643, #1644, #1645 ) );
#711 = AXIS2_PLACEMENT_3D( '', #1646, #1647, #1648 );
#712 = EDGE_LOOP( '', ( #1649, #1650, #1651, #1652 ) );
#713 = AXIS2_PLACEMENT_3D( '', #1653, #1654, #1655 );
#714 = EDGE_LOOP( '', ( #1656, #1657, #1658, #1659 ) );
#715 = AXIS2_PLACEMENT_3D( '', #1660, #1661, #1662 );
#716 = EDGE_LOOP( '', ( #1663, #1664, #1665, #1666 ) );
#717 = AXIS2_PLACEMENT_3D( '', #1667, #1668, #1669 );
#718 = EDGE_LOOP( '', ( #1670, #1671, #1672, #1673 ) );
#719 = AXIS2_PLACEMENT_3D( '', #1674, #1675, #1676 );
#720 = EDGE_LOOP( '', ( #1677, #1678, #1679, #1680 ) );
#721 = AXIS2_PLACEMENT_3D( '', #1681, #1682, #1683 );
#722 = EDGE_LOOP( '', ( #1684, #1685, #1686, #1687 ) );
#723 = EDGE_LOOP( '', ( #1688, #1689, #1690, #1691 ) );
#724 = AXIS2_PLACEMENT_3D( '', #1692, #1693, #1694 );
#725 = EDGE_LOOP( '', ( #1695, #1696, #1697, #1698 ) );
#726 = AXIS2_PLACEMENT_3D( '', #1699, #1700, #1701 );
#727 = EDGE_LOOP( '', ( #1702, #1703, #1704, #1705 ) );
#728 = AXIS2_PLACEMENT_3D( '', #1706, #1707, #1708 );
#729 = EDGE_LOOP( '', ( #1709, #1710, #1711, #1712 ) );
#730 = AXIS2_PLACEMENT_3D( '', #1713, #1714, #1715 );
#731 = EDGE_LOOP( '', ( #1716, #1717, #1718, #1719, #1720, #1721 ) );
#732 = AXIS2_PLACEMENT_3D( '', #1722, #1723, #1724 );
#733 = EDGE_LOOP( '', ( #1725, #1726, #1727, #1728 ) );
#734 = AXIS2_PLACEMENT_3D( '', #1729, #1730, #1731 );
#735 = EDGE_LOOP( '', ( #1732, #1733, #1734, #1735 ) );
#736 = AXIS2_PLACEMENT_3D( '', #1736, #1737, #1738 );
#737 = EDGE_LOOP( '', ( #1739 ) );
#738 = EDGE_LOOP( '', ( #1740 ) );
#739 = AXIS2_PLACEMENT_3D( '', #1741, #1742, #1743 );
#740 = EDGE_LOOP( '', ( #1744, #1745, #1746, #1747 ) );
#741 = AXIS2_PLACEMENT_3D( '', #1748, #1749, #1750 );
#742 = EDGE_LOOP( '', ( #1751, #1752, #1753, #1754 ) );
#743 = AXIS2_PLACEMENT_3D( '', #1755, #1756, #1757 );
#744 = EDGE_LOOP( '', ( #1758, #1759, #1760, #1761 ) );
#745 = AXIS2_PLACEMENT_3D( '', #1762, #1763, #1764 );
#746 = EDGE_LOOP( '', ( #1765, #1766, #1767, #1768 ) );
#747 = AXIS2_PLACEMENT_3D( '', #1769, #1770, #1771 );
#748 = EDGE_LOOP( '', ( #1772, #1773, #1774, #1775 ) );
#749 = EDGE_LOOP( '', ( #1776 ) );
#750 = AXIS2_PLACEMENT_3D( '', #1777, #1778, #1779 );
#751 = EDGE_LOOP( '', ( #1780, #1781, #1782, #1783 ) );
#752 = AXIS2_PLACEMENT_3D( '', #1784, #1785, #1786 );
#753 = EDGE_LOOP( '', ( #1787, #1788, #1789, #1790 ) );
#754 = AXIS2_PLACEMENT_3D( '', #1791, #1792, #1793 );
#755 = EDGE_LOOP( '', ( #1794, #1795, #1796, #1797 ) );
#756 = AXIS2_PLACEMENT_3D( '', #1798, #1799, #1800 );
#757 = EDGE_LOOP( '', ( #1801, #1802, #1803, #1804 ) );
#758 = AXIS2_PLACEMENT_3D( '', #1805, #1806, #1807 );
#759 = EDGE_LOOP( '', ( #1808, #1809, #1810, #1811 ) );
#760 = EDGE_LOOP( '', ( #1812 ) );
#761 = AXIS2_PLACEMENT_3D( '', #1813, #1814, #1815 );
#762 = EDGE_LOOP( '', ( #1816 ) );
#763 = EDGE_LOOP( '', ( #1817 ) );
#764 = AXIS2_PLACEMENT_3D( '', #1818, #1819, #1820 );
#765 = EDGE_LOOP( '', ( #1821, #1822, #1823, #1824 ) );
#766 = AXIS2_PLACEMENT_3D( '', #1825, #1826, #1827 );
#767 = EDGE_LOOP( '', ( #1828, #1829, #1830, #1831 ) );
#768 = AXIS2_PLACEMENT_3D( '', #1832, #1833, #1834 );
#769 = EDGE_LOOP( '', ( #1835, #1836, #1837, #1838, #1839, #1840, #1841, #1842 ) );
#770 = AXIS2_PLACEMENT_3D( '', #1843, #1844, #1845 );
#771 = EDGE_LOOP( '', ( #1846, #1847, #1848, #1849 ) );
#772 = AXIS2_PLACEMENT_3D( '', #1850, #1851, #1852 );
#773 = EDGE_LOOP( '', ( #1853, #1854, #1855, #1856, #1857, #1858 ) );
#774 = AXIS2_PLACEMENT_3D( '', #1859, #1860, #1861 );
#775 = EDGE_LOOP( '', ( #1862 ) );
#776 = EDGE_LOOP( '', ( #1863 ) );
#777 = AXIS2_PLACEMENT_3D( '', #1864, #1865, #1866 );
#778 = EDGE_LOOP( '', ( #1867, #1868, #1869, #1870, #1871, #1872 ) );
#779 = AXIS2_PLACEMENT_3D( '', #1873, #1874, #1875 );
#780 = EDGE_LOOP( '', ( #1876, #1877, #1878, #1879, #1880, #1881 ) );
#781 = AXIS2_PLACEMENT_3D( '', #1882, #1883, #1884 );
#782 = ORIENTED_EDGE( '', *, *, #1885, .F. );
#783 = ORIENTED_EDGE( '', *, *, #1886, .T. );
#784 = ORIENTED_EDGE( '', *, *, #1887, .T. );
#785 = ORIENTED_EDGE( '', *, *, #1888, .T. );
#786 = ORIENTED_EDGE( '', *, *, #1889, .F. );
#787 = ORIENTED_EDGE( '', *, *, #1890, .T. );
#788 = ORIENTED_EDGE( '', *, *, #1891, .T. );
#789 = ORIENTED_EDGE( '', *, *, #1892, .T. );
#790 = ORIENTED_EDGE( '', *, *, #1893, .F. );
#791 = CARTESIAN_POINT( '', ( 0.00635000000000000, 0.0122174000000000, 0.000000000000000 ) );
#792 = DIRECTION( '', ( 0.000000000000000, -1.00000000000000, 0.000000000000000 ) );
#793 = DIRECTION( '', ( 0.000000000000000, 0.000000000000000, 1.00000000000000 ) );
#794 = ORIENTED_EDGE( '', *, *, #1894, .F. );
#795 = ORIENTED_EDGE( '', *, *, #1895, .T. );
#796 = ORIENTED_EDGE( '', *, *, #1896, .T. );
#797 = ORIENTED_EDGE( '', *, *, #1897, .T. );
#798 = ORIENTED_EDGE( '', *, *, #1898, .F. );
#799 = ORIENTED_EDGE( '', *, *, #1899, .T. );
#800 = ORIENTED_EDGE( '', *, *, #1900, .T. );
#801 = ORIENTED_EDGE( '', *, *, #1901, .T. );
#802 = ORIENTED_EDGE( '', *, *, #1902, .F. );
#803 = CARTESIAN_POINT( '', ( 0.0190500000000000, 0.0122174000000000, 0.000000000000000 ) );
#804 = DIRECTION( '', ( 0.000000000000000, -1.00000000000000, 0.000000000000000 ) );
#805 = DIRECTION( '', ( 0.000000000000000, 0.000000000000000, 1.00000000000000 ) );
#806 = ORIENTED_EDGE( '', *, *, #1903, .F. );
#807 = ORIENTED_EDGE( '', *, *, #1901, .F. );
#808 = ORIENTED_EDGE( '', *, *, #1904, .F. );
#809 = ORIENTED_EDGE( '', *, *, #1905, .T. );
#810 = ORIENTED_EDGE( '', *, *, #1906, .F. );
#811 = ORIENTED_EDGE( '', *, *, #1907, .F. );
#812 = CARTESIAN_POINT( '', ( 0.0228600000000000, 0.0122936000000000, -0.000635000000000000 ) );
#813 = DIRECTION( '', ( 0.000000000000000, 0.000000000000000, -1.00000000000000 ) );
#814 = DIRECTION( '', ( 0.000000000000000, -1.00000000000000, 0.000000000000000 ) );
#815 = ORIENTED_EDGE( '', *, *, #1899, .F. );
#816 = ORIENTED_EDGE( '', *, *, #1908, .T. );
#817 = ORIENTED_EDGE( '', *, *, #1909, .F. );
#818 = ORIENTED_EDGE( '', *, *, #1910, .F. );
#819 = ORIENTED_EDGE( '', *, *, #1911, .F. );
#820 = ORIENTED_EDGE( '', *, *, #1912, .T. );
#821 = CARTESIAN_POINT( '', ( 0.0228600000000000, 0.0135636000000000, 0.000635000000000000 ) );
#822 = DIRECTION( '', ( 0.000000000000000, 0.000000000000000, 1.00000000000000 ) );
#823 = DIRECTION( '', ( 1.00000000000000, -0.000000000000000, 0.000000000000000 ) );
#824 = ORIENTED_EDGE( '', *, *, #1913, .T. );
#825 = ORIENTED_EDGE( '', *, *, #1914, .T. );
#826 = ORIENTED_EDGE( '', *, *, #1915, .F. );
#827 = ORIENTED_EDGE( '', *, *, #1916, .F. );
#828 = CARTESIAN_POINT( '', ( 0.0190500000000000, -0.00381000000000000, 0.00585470000000000 ) );
#829 = DIRECTION( '', ( 0.000000000000000, -0.707106781186548, -0.707106781186548 ) );
#830 = DIRECTION( '', ( 0.000000000000000, -0.707106781186548, 0.707106781186548 ) );
#831 = ORIENTED_EDGE( '', *, *, #1917, .F. );
#832 = ORIENTED_EDGE( '', *, *, #1918, .T. );
#833 = ORIENTED_EDGE( '', *, *, #1919, .T. );
#834 = ORIENTED_EDGE( '', *, *, #1914, .F. );
#835 = CARTESIAN_POINT( '', ( 0.0183007000000000, 0.000508000000000000, 0.00560070000000000 ) );
#836 = DIRECTION( '', ( 0.000000000000000, 0.000000000000000, -1.00000000000000 ) );
#837 = DIRECTION( '', ( 0.000000000000000, -1.00000000000000, 0.000000000000000 ) );
#838 = ORIENTED_EDGE( '', *, *, #1915, .T. );
#839 = ORIENTED_EDGE( '', *, *, #1920, .T. );
#840 = ORIENTED_EDGE( '', *, *, #1921, .F. );
#841 = ORIENTED_EDGE( '', *, *, #1922, .F. );
#842 = CARTESIAN_POINT( '', ( 0.0197993000000000, -0.00380998386387276, 0.00650240000000000 ) );
#843 = DIRECTION( '', ( 0.000000000000000, 1.00000000000000, 0.000000000000000 ) );
#844 = DIRECTION( '', ( 0.000000000000000, 0.000000000000000, -1.00000000000000 ) );
#845 = ORIENTED_EDGE( '', *, *, #1923, .F. );
#846 = ORIENTED_EDGE( '', *, *, #1924, .F. );
#847 = ORIENTED_EDGE( '', *, *, #1925, .F. );
#848 = ORIENTED_EDGE( '', *, *, #1926, .F. );
#849 = ORIENTED_EDGE( '', *, *, #1927, .F. );
#850 = CARTESIAN_POINT( '', ( -0.0266700000000000, 0.000000000000000, 0.000000000000000 ) );
#851 = DIRECTION( '', ( 1.00000000000000, 0.000000000000000, 0.000000000000000 ) );
#852 = DIRECTION( '', ( 0.000000000000000, 1.00000000000000, -0.000000000000000 ) );
#853 = ORIENTED_EDGE( '', *, *, #1928, .F. );
#854 = ORIENTED_EDGE( '', *, *, #1929, .T. );
#855 = ORIENTED_EDGE( '', *, *, #1930, .T. );
#856 = ORIENTED_EDGE( '', *, *, #1931, .F. );
#857 = ORIENTED_EDGE( '', *, *, #1932, .F. );
#858 = ORIENTED_EDGE( '', *, *, #1933, .F. );
#859 = CARTESIAN_POINT( '', ( -0.0266700000000000, 0.000000000000000, 0.0120904000000000 ) );
#860 = DIRECTION( '', ( 0.000000000000000, -1.00000000000000, 0.000000000000000 ) );
#861 = DIRECTION( '', ( 0.000000000000000, 0.000000000000000, -1.00000000000000 ) );
#862 = ORIENTED_EDGE( '', *, *, #1908, .F. );
#863 = ORIENTED_EDGE( '', *, *, #1898, .T. );
#864 = ORIENTED_EDGE( '', *, *, #1934, .F. );
#865 = ORIENTED_EDGE( '', *, *, #1935, .T. );
#866 = ORIENTED_EDGE( '', *, *, #1936, .F. );
#867 = ORIENTED_EDGE( '', *, *, #1937, .F. );
#868 = ORIENTED_EDGE( '', *, *, #1938, .F. );
#869 = ORIENTED_EDGE( '', *, *, #1939, .T. );
#870 = CARTESIAN_POINT( '', ( 0.0190500000000000, 0.0134874000000000, 0.000000000000000 ) );
#871 = DIRECTION( '', ( 0.000000000000000, -1.00000000000000, 0.000000000000000 ) );
#872 = DIRECTION( '', ( 0.000000000000000, 0.000000000000000, -1.00000000000000 ) );
#873 = ORIENTED_EDGE( '', *, *, #1940, .T. );
#874 = ORIENTED_EDGE( '', *, *, #1941, .T. );
#875 = ORIENTED_EDGE( '', *, *, #1942, .F. );
#876 = ORIENTED_EDGE( '', *, *, #1943, .F. );
#877 = CARTESIAN_POINT( '', ( 0.0213360000000000, 0.0134874000000000, 0.000635000000000000 ) );
#878 = DIRECTION( '', ( 1.00000000000000, 0.000000000000000, 0.000000000000000 ) );
#879 = DIRECTION( '', ( 0.000000000000000, 1.00000000000000, -0.000000000000000 ) );
#880 = ORIENTED_EDGE( '', *, *, #1944, .T. );
#881 = ORIENTED_EDGE( '', *, *, #1945, .F. );
#882 = ORIENTED_EDGE( '', *, *, #1946, .F. );
#883 = ORIENTED_EDGE( '', *, *, #1947, .F. );
#884 = CARTESIAN_POINT( '', ( -0.0152400000000000, 0.0122936000000000, -0.000635000000000000 ) );
#885 = DIRECTION( '', ( 0.000000000000000, 0.000000000000000, -1.00000000000000 ) );
#886 = DIRECTION( '', ( 0.000000000000000, -1.00000000000000, 0.000000000000000 ) );
#887 = ORIENTED_EDGE( '', *, *, #1948, .T. );
#888 = ORIENTED_EDGE( '', *, *, #1949, .F. );
#889 = ORIENTED_EDGE( '', *, *, #1950, .F. );
#890 = ORIENTED_EDGE( '', *, *, #1951, .F. );
#891 = CARTESIAN_POINT( '', ( -0.0152400000000000, 0.0135636000000000, 0.000635000000000000 ) );
#892 = DIRECTION( '', ( 0.000000000000000, 0.000000000000000, 1.00000000000000 ) );
#893 = DIRECTION( '', ( 1.00000000000000, -0.000000000000000, 0.000000000000000 ) );
#894 = ORIENTED_EDGE( '', *, *, #1952, .F. );
#895 = ORIENTED_EDGE( '', *, *, #1947, .T. );
#896 = ORIENTED_EDGE( '', *, *, #1953, .T. );
#897 = ORIENTED_EDGE( '', *, *, #1951, .T. );
#898 = ORIENTED_EDGE( '', *, *, #1954, .F. );
#899 = ORIENTED_EDGE( '', *, *, #1949, .T. );
#900 = ORIENTED_EDGE( '', *, *, #1955, .T. );
#901 = ORIENTED_EDGE( '', *, *, #1945, .T. );
#902 = ORIENTED_EDGE( '', *, *, #1956, .F. );
#903 = CARTESIAN_POINT( '', ( -0.0190500000000000, 0.0122174000000000, 0.000000000000000 ) );
#904 = DIRECTION( '', ( 0.000000000000000, -1.00000000000000, 0.000000000000000 ) );
#905 = DIRECTION( '', ( 0.000000000000000, 0.000000000000000, 1.00000000000000 ) );
#906 = ORIENTED_EDGE( '', *, *, #1954, .T. );
#907 = ORIENTED_EDGE( '', *, *, #1950, .T. );
#908 = CARTESIAN_POINT( '', ( -0.0190500000000000, 0.0134874000000000, 0.000000000000000 ) );
#909 = DIRECTION( '', ( 0.000000000000000, -1.00000000000000, 0.000000000000000 ) );
#910 = DIRECTION( '', ( 0.000000000000000, 0.000000000000000, -1.00000000000000 ) );
#911 = ORIENTED_EDGE( '', *, *, #1944, .F. );
#912 = ORIENTED_EDGE( '', *, *, #1952, .T. );
#913 = CARTESIAN_POINT( '', ( -0.0190500000000000, 0.0134874000000000, 0.000000000000000 ) );
#914 = DIRECTION( '', ( 0.000000000000000, -1.00000000000000, 0.000000000000000 ) );
#915 = DIRECTION( '', ( 0.000000000000000, 0.000000000000000, -1.00000000000000 ) );
#916 = ORIENTED_EDGE( '', *, *, #1957, .T. );
#917 = ORIENTED_EDGE( '', *, *, #1958, .T. );
#918 = ORIENTED_EDGE( '', *, *, #1959, .F. );
#919 = ORIENTED_EDGE( '', *, *, #1960, .F. );
#920 = CARTESIAN_POINT( '', ( -0.0197993000000000, 0.000508000000000000, -0.00650240000000000 ) );
#921 = DIRECTION( '', ( -0.000000000000000, 1.00000000000000, -0.000000000000000 ) );
#922 = DIRECTION( '', ( 1.00000000000000, 0.000000000000000, 0.000000000000000 ) );
#923 = ORIENTED_EDGE( '', *, *, #1961, .T. );
#924 = ORIENTED_EDGE( '', *, *, #1962, .F. );
#925 = ORIENTED_EDGE( '', *, *, #1963, .F. );
#926 = ORIENTED_EDGE( '', *, *, #1964, .F. );
#927 = CARTESIAN_POINT( '', ( -0.00254000000000000, 0.0135636000000000, 0.000635000000000000 ) );
#928 = DIRECTION( '', ( 0.000000000000000, 0.000000000000000, 1.00000000000000 ) );
#929 = DIRECTION( '', ( 1.00000000000000, -0.000000000000000, 0.000000000000000 ) );
#930 = ORIENTED_EDGE( '', *, *, #1965, .T. );
#931 = ORIENTED_EDGE( '', *, *, #1966, .F. );
#932 = ORIENTED_EDGE( '', *, *, #1967, .F. );
#933 = ORIENTED_EDGE( '', *, *, #1968, .F. );
#934 = CARTESIAN_POINT( '', ( -0.00254000000000000, 0.0122936000000000, -0.000635000000000000 ) );
#935 = DIRECTION( '', ( 0.000000000000000, 0.000000000000000, -1.00000000000000 ) );
#936 = DIRECTION( '', ( 0.000000000000000, -1.00000000000000, 0.000000000000000 ) );
#937 = ORIENTED_EDGE( '', *, *, #1969, .F. );
#938 = ORIENTED_EDGE( '', *, *, #1968, .T. );
#939 = ORIENTED_EDGE( '', *, *, #1970, .T. );
#940 = ORIENTED_EDGE( '', *, *, #1964, .T. );
#941 = ORIENTED_EDGE( '', *, *, #1971, .F. );
#942 = ORIENTED_EDGE( '', *, *, #1962, .T. );
#943 = ORIENTED_EDGE( '', *, *, #1972, .T. );
#944 = ORIENTED_EDGE( '', *, *, #1966, .T. );
#945 = ORIENTED_EDGE( '', *, *, #1973, .F. );
#946 = CARTESIAN_POINT( '', ( -0.00635000000000000, 0.0122174000000000, 0.000000000000000 ) );
#947 = DIRECTION( '', ( 0.000000000000000, -1.00000000000000, 0.000000000000000 ) );
#948 = DIRECTION( '', ( 0.000000000000000, 0.000000000000000, 1.00000000000000 ) );
#949 = ORIENTED_EDGE( '', *, *, #1971, .T. );
#950 = ORIENTED_EDGE( '', *, *, #1963, .T. );
#951 = CARTESIAN_POINT( '', ( -0.00635000000000000, 0.0134874000000000, 0.000000000000000 ) );
#952 = DIRECTION( '', ( 0.000000000000000, -1.00000000000000, 0.000000000000000 ) );
#953 = DIRECTION( '', ( 0.000000000000000, 0.000000000000000, -1.00000000000000 ) );
#954 = ORIENTED_EDGE( '', *, *, #1965, .F. );
#955 = ORIENTED_EDGE( '', *, *, #1969, .T. );
#956 = CARTESIAN_POINT( '', ( -0.00635000000000000, 0.0134874000000000, 0.000000000000000 ) );
#957 = DIRECTION( '', ( 0.000000000000000, -1.00000000000000, 0.000000000000000 ) );
#958 = DIRECTION( '', ( 0.000000000000000, 0.000000000000000, -1.00000000000000 ) );
#959 = ORIENTED_EDGE( '', *, *, #1974, .T. );
#960 = ORIENTED_EDGE( '', *, *, #1975, .F. );
#961 = ORIENTED_EDGE( '', *, *, #1976, .F. );
#962 = ORIENTED_EDGE( '', *, *, #1977, .T. );
#963 = ORIENTED_EDGE( '', *, *, #1978, .T. );
#964 = CARTESIAN_POINT( '', ( 0.0143002000000000, 0.0108966000000000, -0.00474980000000000 ) );
#965 = DIRECTION( '', ( 0.000000000000000, 1.00000000000000, 0.000000000000000 ) );
#966 = DIRECTION( '', ( 1.00000000000000, 0.000000000000000, -0.000000000000000 ) );
#967 = ORIENTED_EDGE( '', *, *, #1919, .F. );
#968 = ORIENTED_EDGE( '', *, *, #1979, .T. );
#969 = ORIENTED_EDGE( '', *, *, #1980, .T. );
#970 = ORIENTED_EDGE( '', *, *, #1920, .F. );
#971 = CARTESIAN_POINT( '', ( 0.0197993000000000, 0.000508000000000000, 0.00650240000000000 ) );
#972 = DIRECTION( '', ( -0.000000000000000, 1.00000000000000, -0.000000000000000 ) );
#973 = DIRECTION( '', ( 1.00000000000000, 0.000000000000000, 0.000000000000000 ) );
#974 = ORIENTED_EDGE( '', *, *, #1980, .F. );
#975 = ORIENTED_EDGE( '', *, *, #1981, .T. );
#976 = ORIENTED_EDGE( '', *, *, #1982, .T. );
#977 = ORIENTED_EDGE( '', *, *, #1983, .F. );
#978 = CARTESIAN_POINT( '', ( 0.0197993000000000, 0.000508000000000000, 0.00740410000000000 ) );
#979 = DIRECTION( '', ( 0.000000000000000, 0.000000000000000, 1.00000000000000 ) );
#980 = DIRECTION( '', ( 1.00000000000000, -0.000000000000000, 0.000000000000000 ) );
#981 = ORIENTED_EDGE( '', *, *, #1932, .T. );
#982 = ORIENTED_EDGE( '', *, *, #1984, .F. );
#983 = ORIENTED_EDGE( '', *, *, #1985, .F. );
#984 = ORIENTED_EDGE( '', *, *, #1986, .F. );
#985 = CARTESIAN_POINT( '', ( -0.0266700000000000, 0.0195580000000000, 0.0120904000000000 ) );
#986 = DIRECTION( '', ( 0.000000000000000, 0.000000000000000, 1.00000000000000 ) );
#987 = DIRECTION( '', ( 1.00000000000000, -0.000000000000000, 0.000000000000000 ) );
#988 = ORIENTED_EDGE( '', *, *, #1987, .T. );
#989 = ORIENTED_EDGE( '', *, *, #1988, .T. );
#990 = ORIENTED_EDGE( '', *, *, #1989, .F. );
#991 = ORIENTED_EDGE( '', *, *, #1990, .T. );
#992 = CARTESIAN_POINT( '', ( -0.0266700000000000, 0.0195580000000000, 0.0120904000000000 ) );
#993 = DIRECTION( '', ( 0.000000000000000, 0.000000000000000, 1.00000000000000 ) );
#994 = DIRECTION( '', ( 1.00000000000000, -0.000000000000000, 0.000000000000000 ) );
#995 = ORIENTED_EDGE( '', *, *, #1991, .T. );
#996 = ORIENTED_EDGE( '', *, *, #1992, .T. );
#997 = ORIENTED_EDGE( '', *, *, #1993, .T. );
#998 = ORIENTED_EDGE( '', *, *, #1984, .T. );
#999 = ORIENTED_EDGE( '', *, *, #1931, .T. );
#1000 = CARTESIAN_POINT( '', ( 0.0266700000000000, 0.000000000000000, 0.000000000000000 ) );
#1001 = DIRECTION( '', ( 1.00000000000000, 0.000000000000000, 0.000000000000000 ) );
#1002 = DIRECTION( '', ( 0.000000000000000, 1.00000000000000, -0.000000000000000 ) );
#1003 = ORIENTED_EDGE( '', *, *, #1994, .F. );
#1004 = ORIENTED_EDGE( '', *, *, #1923, .T. );
#1005 = ORIENTED_EDGE( '', *, *, #1995, .T. );
#1006 = ORIENTED_EDGE( '', *, *, #1996, .F. );
#1007 = CARTESIAN_POINT( '', ( -0.0266700000000000, 0.0195580000000000, 0.0120904000000000 ) );
#1008 = DIRECTION( '', ( 0.000000000000000, 0.000000000000000, 1.00000000000000 ) );
#1009 = DIRECTION( '', ( 1.00000000000000, -0.000000000000000, 0.000000000000000 ) );
#1010 = ORIENTED_EDGE( '', *, *, #1985, .T. );
#1011 = ORIENTED_EDGE( '', *, *, #1993, .F. );
#1012 = ORIENTED_EDGE( '', *, *, #1997, .F. );
#1013 = ORIENTED_EDGE( '', *, *, #1998, .T. );
#1014 = CARTESIAN_POINT( '', ( -0.0266700000000000, 0.0195580000000000, 0.00904240000000000 ) );
#1015 = DIRECTION( '', ( -1.00000000000000, 0.000000000000000, -0.000000000000000 ) );
#1016 = DIRECTION( '', ( 0.000000000000000, 0.000000000000000, -1.00000000000000 ) );
#1017 = ORIENTED_EDGE( '', *, *, #1999, .T. );
#1018 = ORIENTED_EDGE( '', *, *, #2000, .F. );
#1019 = ORIENTED_EDGE( '', *, *, #2001, .F. );
#1020 = ORIENTED_EDGE( '', *, *, #2002, .T. );
#1021 = CARTESIAN_POINT( '', ( -0.0266700000000000, 0.0195580000000000, 0.0120904000000000 ) );
#1022 = DIRECTION( '', ( 0.000000000000000, 0.000000000000000, 1.00000000000000 ) );
#1023 = DIRECTION( '', ( 1.00000000000000, -0.000000000000000, 0.000000000000000 ) );
#1024 = ORIENTED_EDGE( '', *, *, #2003, .F. );
#1025 = ORIENTED_EDGE( '', *, *, #1924, .T. );
#1026 = ORIENTED_EDGE( '', *, *, #1994, .T. );
#1027 = ORIENTED_EDGE( '', *, *, #2004, .F. );
#1028 = CARTESIAN_POINT( '', ( -0.0266700000000000, 0.0195580000000000, 0.00904240000000000 ) );
#1029 = DIRECTION( '', ( -1.00000000000000, 0.000000000000000, -0.000000000000000 ) );
#1030 = DIRECTION( '', ( 0.000000000000000, 0.000000000000000, -1.00000000000000 ) );
#1031 = ORIENTED_EDGE( '', *, *, #2005, .T. );
#1032 = ORIENTED_EDGE( '', *, *, #2006, .T. );
#1033 = ORIENTED_EDGE( '', *, *, #2007, .T. );
#1034 = ORIENTED_EDGE( '', *, *, #2008, .F. );
#1035 = ORIENTED_EDGE( '', *, *, #1990, .F. );
#1036 = ORIENTED_EDGE( '', *, *, #2009, .F. );
#1037 = ORIENTED_EDGE( '', *, *, #2010, .T. );
#1038 = CARTESIAN_POINT( '', ( 0.0114554000000000, 0.000000000000000, 0.000000000000000 ) );
#1039 = DIRECTION( '', ( -1.00000000000000, 0.000000000000000, 0.000000000000000 ) );
#1040 = DIRECTION( '', ( 0.000000000000000, 0.000000000000000, 1.00000000000000 ) );
#1041 = ORIENTED_EDGE( '', *, *, #2001, .T. );
#1042 = ORIENTED_EDGE( '', *, *, #2011, .F. );
#1043 = ORIENTED_EDGE( '', *, *, #2012, .F. );
#1044 = ORIENTED_EDGE( '', *, *, #2013, .T. );
#1045 = CARTESIAN_POINT( '', ( -0.0266700000000000, 0.0195580000000000, 0.00904240000000000 ) );
#1046 = DIRECTION( '', ( -1.00000000000000, 0.000000000000000, -0.000000000000000 ) );
#1047 = DIRECTION( '', ( 0.000000000000000, 0.000000000000000, -1.00000000000000 ) );
#1048 = ORIENTED_EDGE( '', *, *, #1989, .T. );
#1049 = ORIENTED_EDGE( '', *, *, #2014, .F. );
#1050 = ORIENTED_EDGE( '', *, *, #2015, .F. );
#1051 = ORIENTED_EDGE( '', *, *, #2009, .T. );
#1052 = CARTESIAN_POINT( '', ( -0.0266700000000000, 0.0195580000000000, 0.00904240000000000 ) );
#1053 = DIRECTION( '', ( -1.00000000000000, 0.000000000000000, -0.000000000000000 ) );
#1054 = DIRECTION( '', ( 0.000000000000000, 0.000000000000000, -1.00000000000000 ) );
#1055 = ORIENTED_EDGE( '', *, *, #2016, .T. );
#1056 = ORIENTED_EDGE( '', *, *, #2017, .F. );
#1057 = ORIENTED_EDGE( '', *, *, #2018, .F. );
#1058 = ORIENTED_EDGE( '', *, *, #2019, .T. );
#1059 = CARTESIAN_POINT( '', ( -0.0266700000000000, 0.0195580000000000, 0.00904240000000000 ) );
#1060 = DIRECTION( '', ( -1.00000000000000, 0.000000000000000, -0.000000000000000 ) );
#1061 = DIRECTION( '', ( 0.000000000000000, 0.000000000000000, -1.00000000000000 ) );
#1062 = ORIENTED_EDGE( '', *, *, #2004, .T. );
#1063 = ORIENTED_EDGE( '', *, *, #1996, .T. );
#1064 = ORIENTED_EDGE( '', *, *, #2020, .T. );
#1065 = ORIENTED_EDGE( '', *, *, #2021, .F. );
#1066 = ORIENTED_EDGE( '', *, *, #2022, .F. );
#1067 = ORIENTED_EDGE( '', *, *, #2023, .F. );
#1068 = ORIENTED_EDGE( '', *, *, #2024, .F. );
#1069 = CARTESIAN_POINT( '', ( -0.0241554000000000, 0.000000000000000, 0.000000000000000 ) );
#1070 = DIRECTION( '', ( -1.00000000000000, 0.000000000000000, 0.000000000000000 ) );
#1071 = DIRECTION( '', ( 0.000000000000000, 0.000000000000000, 1.00000000000000 ) );
#1072 = ORIENTED_EDGE( '', *, *, #2025, .T. );
#1073 = ORIENTED_EDGE( '', *, *, #2022, .T. );
#1074 = ORIENTED_EDGE( '', *, *, #2026, .F. );
#1075 = ORIENTED_EDGE( '', *, *, #2027, .F. );
#1076 = ORIENTED_EDGE( '', *, *, #2028, .T. );
#1077 = ORIENTED_EDGE( '', *, *, #2029, .F. );
#1078 = ORIENTED_EDGE( '', *, *, #2030, .F. );
#1079 = ORIENTED_EDGE( '', *, *, #2031, .T. );
#1080 = CARTESIAN_POINT( '', ( -0.0139446000000000, 0.00810260000000000, -0.00746760000000000 ) );
#1081 = DIRECTION( '', ( 0.000000000000000, -1.00000000000000, 0.000000000000000 ) );
#1082 = DIRECTION( '', ( 0.000000000000000, 0.000000000000000, -1.00000000000000 ) );
#1083 = ORIENTED_EDGE( '', *, *, #1889, .T. );
#1084 = ORIENTED_EDGE( '', *, *, #2032, .T. );
#1085 = CARTESIAN_POINT( '', ( 0.00635000000000000, 0.0134874000000000, 0.000000000000000 ) );
#1086 = DIRECTION( '', ( 0.000000000000000, -1.00000000000000, 0.000000000000000 ) );
#1087 = DIRECTION( '', ( 0.000000000000000, 0.000000000000000, -1.00000000000000 ) );
#1088 = ORIENTED_EDGE( '', *, *, #2033, .T. );
#1089 = ORIENTED_EDGE( '', *, *, #2034, .T. );
#1090 = ORIENTED_EDGE( '', *, *, #2035, .F. );
#1091 = ORIENTED_EDGE( '', *, *, #2006, .F. );
#1092 = ORIENTED_EDGE( '', *, *, #2036, .T. );
#1093 = ORIENTED_EDGE( '', *, *, #2037, .F. );
#1094 = ORIENTED_EDGE( '', *, *, #2038, .F. );
#1095 = ORIENTED_EDGE( '', *, *, #2039, .T. );
#1096 = CARTESIAN_POINT( '', ( 0.0114554000000000, 0.00810260000000000, -0.00746760000000000 ) );
#1097 = DIRECTION( '', ( 0.000000000000000, -1.00000000000000, 0.000000000000000 ) );
#1098 = DIRECTION( '', ( 0.000000000000000, 0.000000000000000, -1.00000000000000 ) );
#1099 = ORIENTED_EDGE( '', *, *, #2040, .F. );
#1100 = ORIENTED_EDGE( '', *, *, #2041, .F. );
#1101 = ORIENTED_EDGE( '', *, *, #2042, .T. );
#1102 = ORIENTED_EDGE( '', *, *, #2043, .T. );
#1103 = CARTESIAN_POINT( '', ( 0.0196850000000000, 0.0134874000000000, -0.00228600000000000 ) );
#1104 = DIRECTION( '', ( 0.000000000000000, 0.000000000000000, -1.00000000000000 ) );
#1105 = DIRECTION( '', ( 0.000000000000000, -1.00000000000000, 0.000000000000000 ) );
#1106 = ORIENTED_EDGE( '', *, *, #2044, .T. );
#1107 = ORIENTED_EDGE( '', *, *, #2041, .T. );
#1108 = ORIENTED_EDGE( '', *, *, #2045, .F. );
#1109 = ORIENTED_EDGE( '', *, *, #2046, .F. );
#1110 = CARTESIAN_POINT( '', ( 0.0196850000000000, 0.0134874000000000, -0.00101600000000000 ) );
#1111 = DIRECTION( '', ( 1.00000000000000, 0.000000000000000, 0.000000000000000 ) );
#1112 = DIRECTION( '', ( 0.000000000000000, 1.00000000000000, -0.000000000000000 ) );
#1113 = ORIENTED_EDGE( '', *, *, #2047, .T. );
#1114 = ORIENTED_EDGE( '', *, *, #2048, .T. );
#1115 = ORIENTED_EDGE( '', *, *, #2049, .F. );
#1116 = ORIENTED_EDGE( '', *, *, #2043, .F. );
#1117 = CARTESIAN_POINT( '', ( 0.0184150000000000, 0.0134874000000000, -0.00228600000000000 ) );
#1118 = DIRECTION( '', ( -1.00000000000000, 0.000000000000000, 0.000000000000000 ) );
#1119 = DIRECTION( '', ( 0.000000000000000, 0.000000000000000, 1.00000000000000 ) );
#1120 = ORIENTED_EDGE( '', *, *, #2050, .T. );
#1121 = ORIENTED_EDGE( '', *, *, #2051, .T. );
#1122 = ORIENTED_EDGE( '', *, *, #2052, .T. );
#1123 = ORIENTED_EDGE( '', *, *, #2053, .F. );
#1124 = ORIENTED_EDGE( '', *, *, #2054, .F. );
#1125 = ORIENTED_EDGE( '', *, *, #2019, .F. );
#1126 = ORIENTED_EDGE( '', *, *, #2055, .T. );
#1127 = CARTESIAN_POINT( '', ( -0.00124460000000000, 0.000000000000000, 0.000000000000000 ) );
#1128 = DIRECTION( '', ( -1.00000000000000, 0.000000000000000, 0.000000000000000 ) );
#1129 = DIRECTION( '', ( 0.000000000000000, 0.000000000000000, 1.00000000000000 ) );
#1130 = ORIENTED_EDGE( '', *, *, #2012, .T. );
#1131 = ORIENTED_EDGE( '', *, *, #2056, .T. );
#1132 = ORIENTED_EDGE( '', *, *, #2057, .F. );
#1133 = ORIENTED_EDGE( '', *, *, #2055, .F. );
#1134 = ORIENTED_EDGE( '', *, *, #2018, .T. );
#1135 = ORIENTED_EDGE( '', *, *, #2058, .T. );
#1136 = ORIENTED_EDGE( '', *, *, #2059, .F. );
#1137 = ORIENTED_EDGE( '', *, *, #2010, .F. );
#1138 = ORIENTED_EDGE( '', *, *, #2015, .T. );
#1139 = ORIENTED_EDGE( '', *, *, #2060, .F. );
#1140 = ORIENTED_EDGE( '', *, *, #2061, .T. );
#1141 = ORIENTED_EDGE( '', *, *, #2062, .T. );
#1142 = ORIENTED_EDGE( '', *, *, #1997, .T. );
#1143 = ORIENTED_EDGE( '', *, *, #1992, .F. );
#1144 = ORIENTED_EDGE( '', *, *, #2063, .F. );
#1145 = ORIENTED_EDGE( '', *, *, #1925, .T. );
#1146 = ORIENTED_EDGE( '', *, *, #2003, .T. );
#1147 = ORIENTED_EDGE( '', *, *, #2024, .T. );
#1148 = ORIENTED_EDGE( '', *, *, #2064, .F. );
#1149 = ORIENTED_EDGE( '', *, *, #2065, .F. );
#1150 = CARTESIAN_POINT( '', ( -0.0266700000000000, 0.0226060000000000, -0.00949960000000000 ) );
#1151 = DIRECTION( '', ( 0.000000000000000, 1.00000000000000, 0.000000000000000 ) );
#1152 = DIRECTION( '', ( 1.00000000000000, 0.000000000000000, -0.000000000000000 ) );
#1153 = ORIENTED_EDGE( '', *, *, #2066, .F. );
#1154 = ORIENTED_EDGE( '', *, *, #2067, .F. );
#1155 = ORIENTED_EDGE( '', *, *, #2068, .T. );
#1156 = ORIENTED_EDGE( '', *, *, #2069, .T. );
#1157 = CARTESIAN_POINT( '', ( -0.0110998000000000, 0.0108966000000000, 0.00474980000000000 ) );
#1158 = DIRECTION( '', ( 0.000000000000000, 0.000000000000000, 1.00000000000000 ) );
#1159 = DIRECTION( '', ( 1.00000000000000, -0.000000000000000, 0.000000000000000 ) );
#1160 = ORIENTED_EDGE( '', *, *, #2070, .T. );
#1161 = ORIENTED_EDGE( '', *, *, #2071, .T. );
#1162 = ORIENTED_EDGE( '', *, *, #2072, .T. );
#1163 = ORIENTED_EDGE( '', *, *, #2037, .T. );
#1164 = CARTESIAN_POINT( '', ( 0.0110998000000000, 0.000000000000000, 0.000000000000000 ) );
#1165 = DIRECTION( '', ( 1.00000000000000, 0.000000000000000, 0.000000000000000 ) );
#1166 = DIRECTION( '', ( 0.000000000000000, 1.00000000000000, -0.000000000000000 ) );
#1167 = ORIENTED_EDGE( '', *, *, #2072, .F. );
#1168 = ORIENTED_EDGE( '', *, *, #2073, .F. );
#1169 = ORIENTED_EDGE( '', *, *, #2074, .T. );
#1170 = ORIENTED_EDGE( '', *, *, #2038, .T. );
#1171 = CARTESIAN_POINT( '', ( 0.00160020000000000, 0.0108966000000000, 0.00474980000000000 ) );
#1172 = DIRECTION( '', ( 0.000000000000000, 0.000000000000000, 1.00000000000000 ) );
#1173 = DIRECTION( '', ( 1.00000000000000, -0.000000000000000, 0.000000000000000 ) );
#1174 = ORIENTED_EDGE( '', *, *, #2075, .T. );
#1175 = ORIENTED_EDGE( '', *, *, #2076, .T. );
#1176 = ORIENTED_EDGE( '', *, *, #2070, .F. );
#1177 = ORIENTED_EDGE( '', *, *, #2036, .F. );
#1178 = CARTESIAN_POINT( '', ( 0.00160020000000000, 0.000508000000000000, -0.00474980000000000 ) );
#1179 = DIRECTION( '', ( 0.000000000000000, 0.000000000000000, -1.00000000000000 ) );
#1180 = DIRECTION( '', ( 0.000000000000000, -1.00000000000000, 0.000000000000000 ) );
#1181 = ORIENTED_EDGE( '', *, *, #2074, .F. );
#1182 = ORIENTED_EDGE( '', *, *, #2077, .F. );
#1183 = ORIENTED_EDGE( '', *, *, #2075, .F. );
#1184 = ORIENTED_EDGE( '', *, *, #2039, .F. );
#1185 = CARTESIAN_POINT( '', ( 0.00160020000000000, 0.000000000000000, 0.000000000000000 ) );
#1186 = DIRECTION( '', ( 1.00000000000000, 0.000000000000000, 0.000000000000000 ) );
#1187 = DIRECTION( '', ( 0.000000000000000, 1.00000000000000, -0.000000000000000 ) );
#1188 = ORIENTED_EDGE( '', *, *, #2007, .F. );
#1189 = ORIENTED_EDGE( '', *, *, #2035, .T. );
#1190 = ORIENTED_EDGE( '', *, *, #2078, .T. );
#1191 = ORIENTED_EDGE( '', *, *, #2079, .F. );
#1192 = CARTESIAN_POINT( '', ( 0.0114554000000000, 0.00810260000000000, 0.0100584000000000 ) );
#1193 = DIRECTION( '', ( 0.000000000000000, 0.000000000000000, -1.00000000000000 ) );
#1194 = DIRECTION( '', ( 0.000000000000000, -1.00000000000000, 0.000000000000000 ) );
#1195 = ORIENTED_EDGE( '', *, *, #2017, .T. );
#1196 = ORIENTED_EDGE( '', *, *, #2080, .T. );
#1197 = ORIENTED_EDGE( '', *, *, #2081, .T. );
#1198 = ORIENTED_EDGE( '', *, *, #2078, .F. );
#1199 = ORIENTED_EDGE( '', *, *, #2034, .F. );
#1200 = ORIENTED_EDGE( '', *, *, #2082, .F. );
#1201 = ORIENTED_EDGE( '', *, *, #2058, .F. );
#1202 = CARTESIAN_POINT( '', ( 0.00124460000000000, 0.000000000000000, 0.000000000000000 ) );
#1203 = DIRECTION( '', ( -1.00000000000000, 0.000000000000000, 0.000000000000000 ) );
#1204 = DIRECTION( '', ( 0.000000000000000, 0.000000000000000, 1.00000000000000 ) );
#1205 = ORIENTED_EDGE( '', *, *, #2082, .T. );
#1206 = ORIENTED_EDGE( '', *, *, #2033, .F. );
#1207 = ORIENTED_EDGE( '', *, *, #2005, .F. );
#1208 = ORIENTED_EDGE( '', *, *, #2059, .T. );
#1209 = CARTESIAN_POINT( '', ( 0.0114554000000000, 0.0226060000000000, -0.00746760000000000 ) );
#1210 = DIRECTION( '', ( 0.000000000000000, 0.000000000000000, -1.00000000000000 ) );
#1211 = DIRECTION( '', ( 0.000000000000000, -1.00000000000000, 0.000000000000000 ) );
#1212 = ORIENTED_EDGE( '', *, *, #2083, .F. );
#1213 = ORIENTED_EDGE( '', *, *, #2026, .T. );
#1214 = ORIENTED_EDGE( '', *, *, #2021, .T. );
#1215 = ORIENTED_EDGE( '', *, *, #2084, .F. );
#1216 = ORIENTED_EDGE( '', *, *, #2085, .T. );
#1217 = ORIENTED_EDGE( '', *, *, #2086, .F. );
#1218 = CARTESIAN_POINT( '', ( -0.0139446000000000, 0.00810260000000000, 0.0100584000000000 ) );
#1219 = DIRECTION( '', ( 0.000000000000000, 0.000000000000000, -1.00000000000000 ) );
#1220 = DIRECTION( '', ( 0.000000000000000, -1.00000000000000, 0.000000000000000 ) );
#1221 = ORIENTED_EDGE( '', *, *, #2087, .T. );
#1222 = ORIENTED_EDGE( '', *, *, #2088, .T. );
#1223 = ORIENTED_EDGE( '', *, *, #2089, .T. );
#1224 = ORIENTED_EDGE( '', *, *, #2085, .F. );
#1225 = CARTESIAN_POINT( '', ( -0.0241300000000000, 0.000000000000000, -0.00949960000000000 ) );
#1226 = DIRECTION( '', ( -1.00000000000000, 0.000000000000000, 0.000000000000000 ) );
#1227 = DIRECTION( '', ( 0.000000000000000, 0.000000000000000, 1.00000000000000 ) );
#1228 = ORIENTED_EDGE( '', *, *, #2088, .F. );
#1229 = ORIENTED_EDGE( '', *, *, #2090, .F. );
#1230 = ORIENTED_EDGE( '', *, *, #1926, .T. );
#1231 = ORIENTED_EDGE( '', *, *, #2063, .T. );
#1232 = ORIENTED_EDGE( '', *, *, #1991, .F. );
#1233 = ORIENTED_EDGE( '', *, *, #1930, .F. );
#1234 = ORIENTED_EDGE( '', *, *, #2091, .T. );
#1235 = ORIENTED_EDGE( '', *, *, #2092, .F. );
#1236 = CARTESIAN_POINT( '', ( -0.0266700000000000, 0.000000000000000, -0.00949960000000000 ) );
#1237 = DIRECTION( '', ( 0.000000000000000, 0.000000000000000, -1.00000000000000 ) );
#1238 = DIRECTION( '', ( 0.000000000000000, -1.00000000000000, 0.000000000000000 ) );
#1239 = ORIENTED_EDGE( '', *, *, #2011, .T. );
#1240 = ORIENTED_EDGE( '', *, *, #2000, .T. );
#1241 = ORIENTED_EDGE( '', *, *, #2093, .T. );
#1242 = ORIENTED_EDGE( '', *, *, #2094, .F. );
#1243 = ORIENTED_EDGE( '', *, *, #2095, .F. );
#1244 = ORIENTED_EDGE( '', *, *, #2096, .F. );
#1245 = ORIENTED_EDGE( '', *, *, #2056, .F. );
#1246 = CARTESIAN_POINT( '', ( -0.0114554000000000, 0.000000000000000, 0.000000000000000 ) );
#1247 = DIRECTION( '', ( -1.00000000000000, 0.000000000000000, 0.000000000000000 ) );
#1248 = DIRECTION( '', ( 0.000000000000000, 0.000000000000000, 1.00000000000000 ) );
#1249 = ORIENTED_EDGE( '', *, *, #1967, .T. );
#1250 = ORIENTED_EDGE( '', *, *, #1972, .F. );
#1251 = ORIENTED_EDGE( '', *, *, #1961, .F. );
#1252 = ORIENTED_EDGE( '', *, *, #1970, .F. );
#1253 = CARTESIAN_POINT( '', ( -0.00254000000000000, 0.0122936000000000, 0.000635000000000000 ) );
#1254 = DIRECTION( '', ( 0.000000000000000, -1.00000000000000, 0.000000000000000 ) );
#1255 = DIRECTION( '', ( 0.000000000000000, 0.000000000000000, -1.00000000000000 ) );
#1256 = ORIENTED_EDGE( '', *, *, #2097, .T. );
#1257 = ORIENTED_EDGE( '', *, *, #2098, .T. );
#1258 = ORIENTED_EDGE( '', *, *, #2099, .F. );
#1259 = ORIENTED_EDGE( '', *, *, #2100, .F. );
#1260 = CARTESIAN_POINT( '', ( -0.0110998000000000, 0.000508000000000000, -0.00474980000000000 ) );
#1261 = DIRECTION( '', ( 0.000000000000000, 0.000000000000000, -1.00000000000000 ) );
#1262 = DIRECTION( '', ( 0.000000000000000, -1.00000000000000, 0.000000000000000 ) );
#1263 = ORIENTED_EDGE( '', *, *, #2052, .F. );
#1264 = ORIENTED_EDGE( '', *, *, #2101, .T. );
#1265 = ORIENTED_EDGE( '', *, *, #2094, .T. );
#1266 = ORIENTED_EDGE( '', *, *, #2102, .F. );
#1267 = CARTESIAN_POINT( '', ( -0.00124460000000000, 0.00810260000000000, 0.0100584000000000 ) );
#1268 = DIRECTION( '', ( 0.000000000000000, 0.000000000000000, -1.00000000000000 ) );
#1269 = DIRECTION( '', ( 0.000000000000000, -1.00000000000000, 0.000000000000000 ) );
#1270 = ORIENTED_EDGE( '', *, *, #2103, .T. );
#1271 = ORIENTED_EDGE( '', *, *, #2027, .T. );
#1272 = ORIENTED_EDGE( '', *, *, #2083, .T. );
#1273 = ORIENTED_EDGE( '', *, *, #2104, .F. );
#1274 = ORIENTED_EDGE( '', *, *, #2002, .F. );
#1275 = ORIENTED_EDGE( '', *, *, #2013, .F. );
#1276 = ORIENTED_EDGE( '', *, *, #2065, .T. );
#1277 = CARTESIAN_POINT( '', ( -0.0139446000000000, 0.000000000000000, 0.000000000000000 ) );
#1278 = DIRECTION( '', ( -1.00000000000000, 0.000000000000000, 0.000000000000000 ) );
#1279 = DIRECTION( '', ( 0.000000000000000, 0.000000000000000, 1.00000000000000 ) );
#1280 = ORIENTED_EDGE( '', *, *, #2086, .T. );
#1281 = ORIENTED_EDGE( '', *, *, #2089, .F. );
#1282 = ORIENTED_EDGE( '', *, *, #2092, .T. );
#1283 = ORIENTED_EDGE( '', *, *, #2105, .F. );
#1284 = ORIENTED_EDGE( '', *, *, #2106, .T. );
#1285 = ORIENTED_EDGE( '', *, *, #2107, .F. );
#1286 = ORIENTED_EDGE( '', *, *, #1987, .F. );
#1287 = ORIENTED_EDGE( '', *, *, #2008, .T. );
#1288 = ORIENTED_EDGE( '', *, *, #2079, .T. );
#1289 = ORIENTED_EDGE( '', *, *, #2081, .F. );
#1290 = ORIENTED_EDGE( '', *, *, #2108, .F. );
#1291 = ORIENTED_EDGE( '', *, *, #2053, .T. );
#1292 = ORIENTED_EDGE( '', *, *, #2102, .T. );
#1293 = ORIENTED_EDGE( '', *, *, #2093, .F. );
#1294 = ORIENTED_EDGE( '', *, *, #1999, .F. );
#1295 = ORIENTED_EDGE( '', *, *, #2104, .T. );
#1296 = ORIENTED_EDGE( '', *, *, #2109, .F. );
#1297 = ORIENTED_EDGE( '', *, *, #2110, .F. );
#1298 = ORIENTED_EDGE( '', *, *, #2111, .F. );
#1299 = ORIENTED_EDGE( '', *, *, #1957, .F. );
#1300 = ORIENTED_EDGE( '', *, *, #2112, .F. );
#1301 = ORIENTED_EDGE( '', *, *, #2113, .F. );
#1302 = ORIENTED_EDGE( '', *, *, #2114, .F. );
#1303 = ORIENTED_EDGE( '', *, *, #2115, .F. );
#1304 = ORIENTED_EDGE( '', *, *, #2116, .F. );
#1305 = ORIENTED_EDGE( '', *, *, #2117, .F. );
#1306 = ORIENTED_EDGE( '', *, *, #2118, .F. );
#1307 = ORIENTED_EDGE( '', *, *, #2119, .F. );
#1308 = ORIENTED_EDGE( '', *, *, #1981, .F. );
#1309 = ORIENTED_EDGE( '', *, *, #1979, .F. );
#1310 = ORIENTED_EDGE( '', *, *, #1918, .F. );
#1311 = ORIENTED_EDGE( '', *, *, #2120, .F. );
#1312 = CARTESIAN_POINT( '', ( 0.000000000000000, 0.000508000000000000, 0.000000000000000 ) );
#1313 = DIRECTION( '', ( 0.000000000000000, 1.00000000000000, 0.000000000000000 ) );
#1314 = DIRECTION( '', ( 1.00000000000000, 0.000000000000000, -0.000000000000000 ) );
#1315 = ORIENTED_EDGE( '', *, *, #2091, .F. );
#1316 = ORIENTED_EDGE( '', *, *, #1929, .F. );
#1317 = ORIENTED_EDGE( '', *, *, #2121, .T. );
#1318 = ORIENTED_EDGE( '', *, *, #2105, .T. );
#1319 = CARTESIAN_POINT( '', ( 0.0241300000000000, 0.000000000000000, 0.0120904000000000 ) );
#1320 = DIRECTION( '', ( 1.00000000000000, 0.000000000000000, 0.000000000000000 ) );
#1321 = DIRECTION( '', ( 0.000000000000000, 1.00000000000000, -0.000000000000000 ) );
#1322 = ORIENTED_EDGE( '', *, *, #2122, .T. );
#1323 = ORIENTED_EDGE( '', *, *, #2123, .F. );
#1324 = ORIENTED_EDGE( '', *, *, #2124, .F. );
#1325 = ORIENTED_EDGE( '', *, *, #1935, .F. );
#1326 = CARTESIAN_POINT( '', ( 0.0200660000000000, 0.0134874000000000, 0.00101600000000000 ) );
#1327 = DIRECTION( '', ( 0.000000000000000, -1.00000000000000, -0.000000000000000 ) );
#1328 = DIRECTION( '', ( 1.00000000000000, 0.000000000000000, 0.000000000000000 ) );
#1329 = ORIENTED_EDGE( '', *, *, #1936, .T. );
#1330 = ORIENTED_EDGE( '', *, *, #2124, .T. );
#1331 = ORIENTED_EDGE( '', *, *, #2125, .F. );
#1332 = ORIENTED_EDGE( '', *, *, #2126, .F. );
#1333 = CARTESIAN_POINT( '', ( 0.0196850000000000, 0.0134874000000000, 0.00228600000000000 ) );
#1334 = DIRECTION( '', ( 1.00000000000000, 0.000000000000000, 0.000000000000000 ) );
#1335 = DIRECTION( '', ( 0.000000000000000, 1.00000000000000, -0.000000000000000 ) );
#1336 = ORIENTED_EDGE( '', *, *, #2127, .F. );
#1337 = ORIENTED_EDGE( '', *, *, #2128, .F. );
#1338 = ORIENTED_EDGE( '', *, *, #2116, .T. );
#1339 = ORIENTED_EDGE( '', *, *, #2129, .T. );
#1340 = CARTESIAN_POINT( '', ( -0.00560070000000000, 0.000508000000000000, 0.00740410000000000 ) );
#1341 = DIRECTION( '', ( 0.000000000000000, 0.000000000000000, 1.00000000000000 ) );
#1342 = DIRECTION( '', ( 1.00000000000000, -0.000000000000000, 0.000000000000000 ) );
#1343 = ORIENTED_EDGE( '', *, *, #2130, .T. );
#1344 = ORIENTED_EDGE( '', *, *, #1959, .T. );
#1345 = ORIENTED_EDGE( '', *, *, #2131, .F. );
#1346 = ORIENTED_EDGE( '', *, *, #2132, .F. );
#1347 = CARTESIAN_POINT( '', ( -0.0197993000000000, -0.00380998386387530, -0.00650240000000000 ) );
#1348 = DIRECTION( '', ( 0.000000000000000, 1.00000000000000, 0.000000000000000 ) );
#1349 = DIRECTION( '', ( 0.000000000000000, 0.000000000000000, -1.00000000000000 ) );
#1350 = ORIENTED_EDGE( '', *, *, #1938, .T. );
#1351 = ORIENTED_EDGE( '', *, *, #2133, .T. );
#1352 = ORIENTED_EDGE( '', *, *, #2134, .F. );
#1353 = ORIENTED_EDGE( '', *, *, #2135, .F. );
#1354 = CARTESIAN_POINT( '', ( 0.0184150000000000, 0.0134874000000000, 0.00101600000000000 ) );
#1355 = DIRECTION( '', ( -1.00000000000000, 0.000000000000000, 0.000000000000000 ) );
#1356 = DIRECTION( '', ( 0.000000000000000, 0.000000000000000, 1.00000000000000 ) );
#1357 = ORIENTED_EDGE( '', *, *, #1907, .T. );
#1358 = ORIENTED_EDGE( '', *, *, #2136, .F. );
#1359 = ORIENTED_EDGE( '', *, *, #2048, .F. );
#1360 = ORIENTED_EDGE( '', *, *, #2137, .F. );
#1361 = CARTESIAN_POINT( '', ( 0.0180340000000000, 0.0134874000000000, -0.00101600000000000 ) );
#1362 = DIRECTION( '', ( 0.000000000000000, -1.00000000000000, -0.000000000000000 ) );
#1363 = DIRECTION( '', ( 1.00000000000000, 0.000000000000000, 0.000000000000000 ) );
#1364 = ORIENTED_EDGE( '', *, *, #1946, .T. );
#1365 = ORIENTED_EDGE( '', *, *, #1955, .F. );
#1366 = ORIENTED_EDGE( '', *, *, #1948, .F. );
#1367 = ORIENTED_EDGE( '', *, *, #1953, .F. );
#1368 = CARTESIAN_POINT( '', ( -0.0152400000000000, 0.0122936000000000, 0.000635000000000000 ) );
#1369 = DIRECTION( '', ( 0.000000000000000, -1.00000000000000, 0.000000000000000 ) );
#1370 = DIRECTION( '', ( 0.000000000000000, 0.000000000000000, -1.00000000000000 ) );
#1371 = ORIENTED_EDGE( '', *, *, #2138, .T. );
#1372 = ORIENTED_EDGE( '', *, *, #2139, .F. );
#1373 = ORIENTED_EDGE( '', *, *, #2140, .F. );
#1374 = ORIENTED_EDGE( '', *, *, #2141, .T. );
#1375 = ORIENTED_EDGE( '', *, *, #2142, .T. );
#1376 = ORIENTED_EDGE( '', *, *, #2143, .F. );
#1377 = ORIENTED_EDGE( '', *, *, #2144, .F. );
#1378 = ORIENTED_EDGE( '', *, *, #2145, .T. );
#1379 = CARTESIAN_POINT( '', ( 0.0241554000000000, 0.00810260000000000, -0.00746760000000000 ) );
#1380 = DIRECTION( '', ( 0.000000000000000, -1.00000000000000, 0.000000000000000 ) );
#1381 = DIRECTION( '', ( 0.000000000000000, 0.000000000000000, -1.00000000000000 ) );
#1382 = ORIENTED_EDGE( '', *, *, #1986, .T. );
#1383 = ORIENTED_EDGE( '', *, *, #1998, .F. );
#1384 = ORIENTED_EDGE( '', *, *, #2062, .F. );
#1385 = ORIENTED_EDGE( '', *, *, #2146, .T. );
#1386 = ORIENTED_EDGE( '', *, *, #2141, .F. );
#1387 = ORIENTED_EDGE( '', *, *, #2147, .T. );
#1388 = ORIENTED_EDGE( '', *, *, #1933, .T. );
#1389 = CARTESIAN_POINT( '', ( 0.0241554000000000, 0.000000000000000, 0.000000000000000 ) );
#1390 = DIRECTION( '', ( -1.00000000000000, 0.000000000000000, 0.000000000000000 ) );
#1391 = DIRECTION( '', ( 0.000000000000000, 0.000000000000000, 1.00000000000000 ) );
#1392 = ORIENTED_EDGE( '', *, *, #2148, .F. );
#1393 = ORIENTED_EDGE( '', *, *, #2114, .T. );
#1394 = ORIENTED_EDGE( '', *, *, #2149, .T. );
#1395 = ORIENTED_EDGE( '', *, *, #2150, .F. );
#1396 = CARTESIAN_POINT( '', ( 0.00560070000000000, 0.000508000000000000, -0.00740410000000000 ) );
#1397 = DIRECTION( '', ( 0.000000000000000, 0.000000000000000, -1.00000000000000 ) );
#1398 = DIRECTION( '', ( 0.000000000000000, -1.00000000000000, 0.000000000000000 ) );
#1399 = ORIENTED_EDGE( '', *, *, #2151, .T. );
#1400 = ORIENTED_EDGE( '', *, *, #2152, .T. );
#1401 = ORIENTED_EDGE( '', *, *, #1913, .F. );
#1402 = ORIENTED_EDGE( '', *, *, #2153, .F. );
#1403 = CARTESIAN_POINT( '', ( 0.0183007000000000, -0.00380998386387276, 0.00650240000000000 ) );
#1404 = DIRECTION( '', ( 0.000000000000000, 1.00000000000000, 0.000000000000000 ) );
#1405 = DIRECTION( '', ( 0.000000000000000, 0.000000000000000, -1.00000000000000 ) );
#1406 = ORIENTED_EDGE( '', *, *, #2073, .T. );
#1407 = ORIENTED_EDGE( '', *, *, #2071, .F. );
#1408 = ORIENTED_EDGE( '', *, *, #2076, .F. );
#1409 = ORIENTED_EDGE( '', *, *, #2077, .T. );
#1410 = ORIENTED_EDGE( '', *, *, #2154, .T. );
#1411 = CARTESIAN_POINT( '', ( 0.00160020000000000, 0.0108966000000000, -0.00474980000000000 ) );
#1412 = DIRECTION( '', ( 0.000000000000000, 1.00000000000000, 0.000000000000000 ) );
#1413 = DIRECTION( '', ( 1.00000000000000, 0.000000000000000, -0.000000000000000 ) );
#1414 = ORIENTED_EDGE( '', *, *, #2155, .T. );
#1415 = ORIENTED_EDGE( '', *, *, #1890, .F. );
#1416 = ORIENTED_EDGE( '', *, *, #2032, .F. );
#1417 = ORIENTED_EDGE( '', *, *, #1888, .F. );
#1418 = CARTESIAN_POINT( '', ( 0.0101600000000000, 0.0135636000000000, 0.000635000000000000 ) );
#1419 = DIRECTION( '', ( 0.000000000000000, 0.000000000000000, 1.00000000000000 ) );
#1420 = DIRECTION( '', ( 1.00000000000000, -0.000000000000000, 0.000000000000000 ) );
#1421 = ORIENTED_EDGE( '', *, *, #2156, .F. );
#1422 = ORIENTED_EDGE( '', *, *, #1885, .T. );
#1423 = CARTESIAN_POINT( '', ( 0.00635000000000000, 0.0134874000000000, 0.000000000000000 ) );
#1424 = DIRECTION( '', ( 0.000000000000000, -1.00000000000000, 0.000000000000000 ) );
#1425 = DIRECTION( '', ( 0.000000000000000, 0.000000000000000, -1.00000000000000 ) );
#1426 = ORIENTED_EDGE( '', *, *, #2014, .T. );
#1427 = ORIENTED_EDGE( '', *, *, #1988, .F. );
#1428 = ORIENTED_EDGE( '', *, *, #2107, .T. );
#1429 = ORIENTED_EDGE( '', *, *, #2157, .F. );
#1430 = ORIENTED_EDGE( '', *, *, #2139, .T. );
#1431 = ORIENTED_EDGE( '', *, *, #2158, .F. );
#1432 = ORIENTED_EDGE( '', *, *, #2060, .T. );
#1433 = CARTESIAN_POINT( '', ( 0.0139446000000000, 0.000000000000000, 0.000000000000000 ) );
#1434 = DIRECTION( '', ( -1.00000000000000, 0.000000000000000, 0.000000000000000 ) );
#1435 = DIRECTION( '', ( 0.000000000000000, 0.000000000000000, 1.00000000000000 ) );
#1436 = ORIENTED_EDGE( '', *, *, #2117, .T. );
#1437 = ORIENTED_EDGE( '', *, *, #2128, .T. );
#1438 = ORIENTED_EDGE( '', *, *, #2159, .F. );
#1439 = ORIENTED_EDGE( '', *, *, #2160, .F. );
#1440 = CARTESIAN_POINT( '', ( -0.00560070000000000, 0.000508000000000000, 0.00650240000000000 ) );
#1441 = DIRECTION( '', ( -0.000000000000000, 1.00000000000000, -0.000000000000000 ) );
#1442 = DIRECTION( '', ( 1.00000000000000, 0.000000000000000, 0.000000000000000 ) );
#1443 = ORIENTED_EDGE( '', *, *, #2161, .T. );
#1444 = ORIENTED_EDGE( '', *, *, #1976, .T. );
#1445 = ORIENTED_EDGE( '', *, *, #2162, .F. );
#1446 = ORIENTED_EDGE( '', *, *, #2142, .F. );
#1447 = CARTESIAN_POINT( '', ( 0.0143002000000000, 0.000508000000000000, -0.00474980000000000 ) );
#1448 = DIRECTION( '', ( 0.000000000000000, 0.000000000000000, -1.00000000000000 ) );
#1449 = DIRECTION( '', ( 0.000000000000000, -1.00000000000000, 0.000000000000000 ) );
#1450 = ORIENTED_EDGE( '', *, *, #2162, .T. );
#1451 = ORIENTED_EDGE( '', *, *, #1975, .T. );
#1452 = ORIENTED_EDGE( '', *, *, #2163, .T. );
#1453 = ORIENTED_EDGE( '', *, *, #2143, .T. );
#1454 = CARTESIAN_POINT( '', ( 0.0237998000000000, 0.000000000000000, 0.000000000000000 ) );
#1455 = DIRECTION( '', ( 1.00000000000000, 0.000000000000000, 0.000000000000000 ) );
#1456 = DIRECTION( '', ( 0.000000000000000, 1.00000000000000, -0.000000000000000 ) );
#1457 = ORIENTED_EDGE( '', *, *, #2164, .F. );
#1458 = ORIENTED_EDGE( '', *, *, #1977, .F. );
#1459 = ORIENTED_EDGE( '', *, *, #2161, .F. );
#1460 = ORIENTED_EDGE( '', *, *, #2145, .F. );
#1461 = CARTESIAN_POINT( '', ( 0.0143002000000000, 0.000000000000000, 0.000000000000000 ) );
#1462 = DIRECTION( '', ( 1.00000000000000, 0.000000000000000, 0.000000000000000 ) );
#1463 = DIRECTION( '', ( 0.000000000000000, 1.00000000000000, -0.000000000000000 ) );
#1464 = ORIENTED_EDGE( '', *, *, #2163, .F. );
#1465 = ORIENTED_EDGE( '', *, *, #1974, .F. );
#1466 = ORIENTED_EDGE( '', *, *, #2164, .T. );
#1467 = ORIENTED_EDGE( '', *, *, #2144, .T. );
#1468 = CARTESIAN_POINT( '', ( 0.0143002000000000, 0.0108966000000000, 0.00474980000000000 ) );
#1469 = DIRECTION( '', ( 0.000000000000000, 0.000000000000000, 1.00000000000000 ) );
#1470 = DIRECTION( '', ( 1.00000000000000, -0.000000000000000, 0.000000000000000 ) );
#1471 = ORIENTED_EDGE( '', *, *, #2165, .F. );
#1472 = ORIENTED_EDGE( '', *, *, #1896, .F. );
#1473 = ORIENTED_EDGE( '', *, *, #2166, .T. );
#1474 = ORIENTED_EDGE( '', *, *, #1940, .F. );
#1475 = CARTESIAN_POINT( '', ( 0.0228600000000000, 0.0122936000000000, 0.000635000000000000 ) );
#1476 = DIRECTION( '', ( 0.000000000000000, -1.00000000000000, 0.000000000000000 ) );
#1477 = DIRECTION( '', ( 0.000000000000000, 0.000000000000000, -1.00000000000000 ) );
#1478 = ORIENTED_EDGE( '', *, *, #2167, .T. );
#1479 = ORIENTED_EDGE( '', *, *, #2150, .T. );
#1480 = ORIENTED_EDGE( '', *, *, #2168, .F. );
#1481 = ORIENTED_EDGE( '', *, *, #2169, .F. );
#1482 = CARTESIAN_POINT( '', ( 0.00635000000000000, -0.00381000000000000, -0.00715010000000000 ) );
#1483 = DIRECTION( '', ( 0.000000000000000, -0.707106781186548, -0.707106781186548 ) );
#1484 = DIRECTION( '', ( 0.000000000000000, -0.707106781186548, 0.707106781186548 ) );
#1485 = ORIENTED_EDGE( '', *, *, #2170, .T. );
#1486 = ORIENTED_EDGE( '', *, *, #1891, .F. );
#1487 = ORIENTED_EDGE( '', *, *, #2155, .F. );
#1488 = ORIENTED_EDGE( '', *, *, #1887, .F. );
#1489 = CARTESIAN_POINT( '', ( 0.0101600000000000, 0.0122936000000000, 0.000635000000000000 ) );
#1490 = DIRECTION( '', ( 0.000000000000000, -1.00000000000000, 0.000000000000000 ) );
#1491 = DIRECTION( '', ( 0.000000000000000, 0.000000000000000, -1.00000000000000 ) );
#1492 = ORIENTED_EDGE( '', *, *, #1982, .F. );
#1493 = ORIENTED_EDGE( '', *, *, #2120, .T. );
#1494 = ORIENTED_EDGE( '', *, *, #1917, .T. );
#1495 = ORIENTED_EDGE( '', *, *, #2152, .F. );
#1496 = CARTESIAN_POINT( '', ( 0.0183007000000000, 0.000508000000000000, 0.00650240000000000 ) );
#1497 = DIRECTION( '', ( -0.000000000000000, 1.00000000000000, -0.000000000000000 ) );
#1498 = DIRECTION( '', ( 1.00000000000000, 0.000000000000000, 0.000000000000000 ) );
#1499 = ORIENTED_EDGE( '', *, *, #2171, .T. );
#1500 = ORIENTED_EDGE( '', *, *, #2159, .T. );
#1501 = ORIENTED_EDGE( '', *, *, #2172, .F. );
#1502 = ORIENTED_EDGE( '', *, *, #2173, .F. );
#1503 = CARTESIAN_POINT( '', ( -0.00560070000000000, -0.00380998386387276, 0.00650240000000000 ) );
#1504 = DIRECTION( '', ( 0.000000000000000, 1.00000000000000, 0.000000000000000 ) );
#1505 = DIRECTION( '', ( 0.000000000000000, 0.000000000000000, -1.00000000000000 ) );
#1506 = ORIENTED_EDGE( '', *, *, #2172, .T. );
#1507 = ORIENTED_EDGE( '', *, *, #2127, .T. );
#1508 = ORIENTED_EDGE( '', *, *, #2174, .F. );
#1509 = ORIENTED_EDGE( '', *, *, #2175, .F. );
#1510 = CARTESIAN_POINT( '', ( -0.00635000000000000, -0.00381000000000000, 0.00715010000000000 ) );
#1511 = DIRECTION( '', ( 0.000000000000000, -0.707106781186548, 0.707106781186548 ) );
#1512 = DIRECTION( '', ( -1.00000000000000, 0.000000000000000, 0.000000000000000 ) );
#1513 = ORIENTED_EDGE( '', *, *, #2119, .T. );
#1514 = ORIENTED_EDGE( '', *, *, #2176, .T. );
#1515 = ORIENTED_EDGE( '', *, *, #2177, .F. );
#1516 = ORIENTED_EDGE( '', *, *, #2129, .F. );
#1517 = CARTESIAN_POINT( '', ( -0.00709930000000000, 0.000508000000000000, 0.00650240000000000 ) );
#1518 = DIRECTION( '', ( -0.000000000000000, 1.00000000000000, -0.000000000000000 ) );
#1519 = DIRECTION( '', ( 1.00000000000000, 0.000000000000000, 0.000000000000000 ) );
#1520 = ORIENTED_EDGE( '', *, *, #2046, .T. );
#1521 = ORIENTED_EDGE( '', *, *, #2178, .F. );
#1522 = ORIENTED_EDGE( '', *, *, #2179, .T. );
#1523 = ORIENTED_EDGE( '', *, *, #2180, .F. );
#1524 = CARTESIAN_POINT( '', ( 0.0200660000000000, 0.0134874000000000, -0.00101600000000000 ) );
#1525 = DIRECTION( '', ( 0.000000000000000, -1.00000000000000, -0.000000000000000 ) );
#1526 = DIRECTION( '', ( 1.00000000000000, 0.000000000000000, 0.000000000000000 ) );
#1527 = ORIENTED_EDGE( '', *, *, #1973, .T. );
#1528 = ORIENTED_EDGE( '', *, *, #2181, .F. );
#1529 = CARTESIAN_POINT( '', ( -0.00635000000000000, 0.0136779000000000, 0.000000000000000 ) );
#1530 = DIRECTION( '', ( -0.000000000000000, 1.00000000000000, -0.000000000000000 ) );
#1531 = DIRECTION( '', ( 0.000000000000000, 0.000000000000000, 1.00000000000000 ) );
#1532 = ORIENTED_EDGE( '', *, *, #2182, .T. );
#1533 = ORIENTED_EDGE( '', *, *, #2183, .T. );
#1534 = ORIENTED_EDGE( '', *, *, #2167, .F. );
#1535 = ORIENTED_EDGE( '', *, *, #2184, .F. );
#1536 = CARTESIAN_POINT( '', ( 0.00560070000000000, -0.00380998386387276, -0.00650240000000000 ) );
#1537 = DIRECTION( '', ( 0.000000000000000, 1.00000000000000, 0.000000000000000 ) );
#1538 = DIRECTION( '', ( 0.000000000000000, 0.000000000000000, -1.00000000000000 ) );
#1539 = ORIENTED_EDGE( '', *, *, #2111, .T. );
#1540 = ORIENTED_EDGE( '', *, *, #2185, .T. );
#1541 = ORIENTED_EDGE( '', *, *, #2186, .F. );
#1542 = ORIENTED_EDGE( '', *, *, #1958, .F. );
#1543 = CARTESIAN_POINT( '', ( -0.0197993000000000, 0.000508000000000000, -0.00740410000000000 ) );
#1544 = DIRECTION( '', ( 0.000000000000000, 0.000000000000000, -1.00000000000000 ) );
#1545 = DIRECTION( '', ( 0.000000000000000, -1.00000000000000, 0.000000000000000 ) );
#1546 = ORIENTED_EDGE( '', *, *, #2136, .T. );
#1547 = ORIENTED_EDGE( '', *, *, #1906, .T. );
#1548 = ORIENTED_EDGE( '', *, *, #2187, .T. );
#1549 = ORIENTED_EDGE( '', *, *, #1910, .T. );
#1550 = ORIENTED_EDGE( '', *, *, #2188, .T. );
#1551 = ORIENTED_EDGE( '', *, *, #2134, .T. );
#1552 = ORIENTED_EDGE( '', *, *, #2189, .T. );
#1553 = ORIENTED_EDGE( '', *, *, #2125, .T. );
#1554 = ORIENTED_EDGE( '', *, *, #2123, .T. );
#1555 = ORIENTED_EDGE( '', *, *, #2190, .T. );
#1556 = ORIENTED_EDGE( '', *, *, #1942, .T. );
#1557 = ORIENTED_EDGE( '', *, *, #2191, .T. );
#1558 = ORIENTED_EDGE( '', *, *, #2178, .T. );
#1559 = ORIENTED_EDGE( '', *, *, #2045, .T. );
#1560 = ORIENTED_EDGE( '', *, *, #2040, .T. );
#1561 = ORIENTED_EDGE( '', *, *, #2049, .T. );
#1562 = CARTESIAN_POINT( '', ( 0.0190500000000000, 0.0114554000000000, 0.000000000000000 ) );
#1563 = DIRECTION( '', ( 0.000000000000000, 1.00000000000000, 0.000000000000000 ) );
#1564 = DIRECTION( '', ( 1.00000000000000, 0.000000000000000, -0.000000000000000 ) );
#1565 = ORIENTED_EDGE( '', *, *, #2192, .T. );
#1566 = ORIENTED_EDGE( '', *, *, #2193, .T. );
#1567 = ORIENTED_EDGE( '', *, *, #2194, .F. );
#1568 = ORIENTED_EDGE( '', *, *, #2195, .F. );
#1569 = CARTESIAN_POINT( '', ( -0.0183007000000000, -0.00380998386387530, -0.00650240000000000 ) );
#1570 = DIRECTION( '', ( 0.000000000000000, 1.00000000000000, 0.000000000000000 ) );
#1571 = DIRECTION( '', ( 0.000000000000000, 0.000000000000000, -1.00000000000000 ) );
#1572 = ORIENTED_EDGE( '', *, *, #1937, .T. );
#1573 = ORIENTED_EDGE( '', *, *, #2126, .T. );
#1574 = ORIENTED_EDGE( '', *, *, #2189, .F. );
#1575 = ORIENTED_EDGE( '', *, *, #2133, .F. );
#1576 = CARTESIAN_POINT( '', ( 0.0184150000000000, 0.0134874000000000, 0.00228600000000000 ) );
#1577 = DIRECTION( '', ( 0.000000000000000, 0.000000000000000, 1.00000000000000 ) );
#1578 = DIRECTION( '', ( 1.00000000000000, -0.000000000000000, 0.000000000000000 ) );
#1579 = ORIENTED_EDGE( '', *, *, #2118, .T. );
#1580 = ORIENTED_EDGE( '', *, *, #2160, .T. );
#1581 = ORIENTED_EDGE( '', *, *, #2196, .F. );
#1582 = ORIENTED_EDGE( '', *, *, #2176, .F. );
#1583 = CARTESIAN_POINT( '', ( -0.00709930000000000, 0.000508000000000000, 0.00560070000000000 ) );
#1584 = DIRECTION( '', ( 0.000000000000000, 0.000000000000000, -1.00000000000000 ) );
#1585 = DIRECTION( '', ( 0.000000000000000, -1.00000000000000, 0.000000000000000 ) );
#1586 = ORIENTED_EDGE( '', *, *, #2197, .F. );
#1587 = ORIENTED_EDGE( '', *, *, #2198, .F. );
#1588 = ORIENTED_EDGE( '', *, *, #2199, .T. );
#1589 = ORIENTED_EDGE( '', *, *, #2030, .T. );
#1590 = CARTESIAN_POINT( '', ( -0.0237998000000000, 0.0108966000000000, 0.00474980000000000 ) );
#1591 = DIRECTION( '', ( 0.000000000000000, 0.000000000000000, 1.00000000000000 ) );
#1592 = DIRECTION( '', ( 1.00000000000000, -0.000000000000000, 0.000000000000000 ) );
#1593 = ORIENTED_EDGE( '', *, *, #2168, .T. );
#1594 = ORIENTED_EDGE( '', *, *, #2200, .T. );
#1595 = ORIENTED_EDGE( '', *, *, #2201, .F. );
#1596 = ORIENTED_EDGE( '', *, *, #2202, .F. );
#1597 = CARTESIAN_POINT( '', ( 0.00709930000000000, -0.00380998386387276, -0.00650240000000000 ) );
#1598 = DIRECTION( '', ( 0.000000000000000, 1.00000000000000, 0.000000000000000 ) );
#1599 = DIRECTION( '', ( 0.000000000000000, 0.000000000000000, -1.00000000000000 ) );
#1600 = ORIENTED_EDGE( '', *, *, #2149, .F. );
#1601 = ORIENTED_EDGE( '', *, *, #2113, .T. );
#1602 = ORIENTED_EDGE( '', *, *, #2203, .T. );
#1603 = ORIENTED_EDGE( '', *, *, #2200, .F. );
#1604 = CARTESIAN_POINT( '', ( 0.00709930000000000, 0.000508000000000000, -0.00650240000000000 ) );
#1605 = DIRECTION( '', ( -0.000000000000000, 1.00000000000000, -0.000000000000000 ) );
#1606 = DIRECTION( '', ( 1.00000000000000, 0.000000000000000, 0.000000000000000 ) );
#1607 = ORIENTED_EDGE( '', *, *, #2204, .F. );
#1608 = ORIENTED_EDGE( '', *, *, #2115, .T. );
#1609 = ORIENTED_EDGE( '', *, *, #2148, .T. );
#1610 = ORIENTED_EDGE( '', *, *, #2183, .F. );
#1611 = CARTESIAN_POINT( '', ( 0.00560070000000000, 0.000508000000000000, -0.00650240000000000 ) );
#1612 = DIRECTION( '', ( -0.000000000000000, 1.00000000000000, -0.000000000000000 ) );
#1613 = DIRECTION( '', ( 1.00000000000000, 0.000000000000000, 0.000000000000000 ) );
#1614 = ORIENTED_EDGE( '', *, *, #2205, .F. );
#1615 = ORIENTED_EDGE( '', *, *, #2206, .F. );
#1616 = ORIENTED_EDGE( '', *, *, #2109, .T. );
#1617 = ORIENTED_EDGE( '', *, *, #1960, .T. );
#1618 = CARTESIAN_POINT( '', ( -0.0183007000000000, 0.000508000000000000, -0.00560070000000000 ) );
#1619 = DIRECTION( '', ( 0.000000000000000, 0.000000000000000, 1.00000000000000 ) );
#1620 = DIRECTION( '', ( 1.00000000000000, -0.000000000000000, 0.000000000000000 ) );
#1621 = ORIENTED_EDGE( '', *, *, #2110, .T. );
#1622 = ORIENTED_EDGE( '', *, *, #2206, .T. );
#1623 = ORIENTED_EDGE( '', *, *, #2193, .F. );
#1624 = ORIENTED_EDGE( '', *, *, #2185, .F. );
#1625 = CARTESIAN_POINT( '', ( -0.0183007000000000, 0.000508000000000000, -0.00650240000000000 ) );
#1626 = DIRECTION( '', ( -0.000000000000000, 1.00000000000000, -0.000000000000000 ) );
#1627 = DIRECTION( '', ( 1.00000000000000, 0.000000000000000, 0.000000000000000 ) );
#1628 = ORIENTED_EDGE( '', *, *, #2207, .T. );
#1629 = ORIENTED_EDGE( '', *, *, #2195, .T. );
#1630 = ORIENTED_EDGE( '', *, *, #2208, .T. );
#1631 = ORIENTED_EDGE( '', *, *, #2132, .T. );
#1632 = CARTESIAN_POINT( '', ( 0.000000000000000, -0.00406400000000000, 0.000000000000000 ) );
#1633 = DIRECTION( '', ( 0.000000000000000, -1.00000000000000, 0.000000000000000 ) );
#1634 = DIRECTION( '', ( 0.000000000000000, 0.000000000000000, -1.00000000000000 ) );
#1635 = ORIENTED_EDGE( '', *, *, #2131, .T. );
#1636 = ORIENTED_EDGE( '', *, *, #2186, .T. );
#1637 = ORIENTED_EDGE( '', *, *, #2192, .F. );
#1638 = ORIENTED_EDGE( '', *, *, #2207, .F. );
#1639 = CARTESIAN_POINT( '', ( -0.0190500000000000, -0.00381000000000000, -0.00715010000000000 ) );
#1640 = DIRECTION( '', ( 0.000000000000000, -0.707106781186548, -0.707106781186548 ) );
#1641 = DIRECTION( '', ( 0.000000000000000, -0.707106781186548, 0.707106781186548 ) );
#1642 = ORIENTED_EDGE( '', *, *, #2169, .T. );
#1643 = ORIENTED_EDGE( '', *, *, #2202, .T. );
#1644 = ORIENTED_EDGE( '', *, *, #2209, .T. );
#1645 = ORIENTED_EDGE( '', *, *, #2184, .T. );
#1646 = CARTESIAN_POINT( '', ( 0.000000000000000, -0.00406400000000000, 0.000000000000000 ) );
#1647 = DIRECTION( '', ( 0.000000000000000, -1.00000000000000, 0.000000000000000 ) );
#1648 = DIRECTION( '', ( 0.000000000000000, 0.000000000000000, -1.00000000000000 ) );
#1649 = ORIENTED_EDGE( '', *, *, #2210, .T. );
#1650 = ORIENTED_EDGE( '', *, *, #2173, .T. );
#1651 = ORIENTED_EDGE( '', *, *, #2175, .T. );
#1652 = ORIENTED_EDGE( '', *, *, #2211, .T. );
#1653 = CARTESIAN_POINT( '', ( 0.000000000000000, -0.00406400000000000, 0.000000000000000 ) );
#1654 = DIRECTION( '', ( 0.000000000000000, -1.00000000000000, 0.000000000000000 ) );
#1655 = DIRECTION( '', ( 0.000000000000000, 0.000000000000000, -1.00000000000000 ) );
#1656 = ORIENTED_EDGE( '', *, *, #2174, .T. );
#1657 = ORIENTED_EDGE( '', *, *, #2177, .T. );
#1658 = ORIENTED_EDGE( '', *, *, #2212, .F. );
#1659 = ORIENTED_EDGE( '', *, *, #2211, .F. );
#1660 = CARTESIAN_POINT( '', ( -0.00709930000000000, -0.00380998386387276, 0.00650240000000000 ) );
#1661 = DIRECTION( '', ( 0.000000000000000, 1.00000000000000, 0.000000000000000 ) );
#1662 = DIRECTION( '', ( 0.000000000000000, 0.000000000000000, -1.00000000000000 ) );
#1663 = ORIENTED_EDGE( '', *, *, #2212, .T. );
#1664 = ORIENTED_EDGE( '', *, *, #2196, .T. );
#1665 = ORIENTED_EDGE( '', *, *, #2171, .F. );
#1666 = ORIENTED_EDGE( '', *, *, #2210, .F. );
#1667 = CARTESIAN_POINT( '', ( -0.00635000000000000, -0.00381000000000000, 0.00585470000000000 ) );
#1668 = DIRECTION( '', ( 0.000000000000000, -0.707106781186548, -0.707106781186548 ) );
#1669 = DIRECTION( '', ( 0.000000000000000, -0.707106781186548, 0.707106781186548 ) );
#1670 = ORIENTED_EDGE( '', *, *, #1916, .T. );
#1671 = ORIENTED_EDGE( '', *, *, #1922, .T. );
#1672 = ORIENTED_EDGE( '', *, *, #2213, .T. );
#1673 = ORIENTED_EDGE( '', *, *, #2153, .T. );
#1674 = CARTESIAN_POINT( '', ( 0.000000000000000, -0.00406400000000000, 0.000000000000000 ) );
#1675 = DIRECTION( '', ( 0.000000000000000, -1.00000000000000, 0.000000000000000 ) );
#1676 = DIRECTION( '', ( 0.000000000000000, 0.000000000000000, -1.00000000000000 ) );
#1677 = ORIENTED_EDGE( '', *, *, #1921, .T. );
#1678 = ORIENTED_EDGE( '', *, *, #1983, .T. );
#1679 = ORIENTED_EDGE( '', *, *, #2151, .F. );
#1680 = ORIENTED_EDGE( '', *, *, #2213, .F. );
#1681 = CARTESIAN_POINT( '', ( 0.0190500000000000, -0.00381000000000000, 0.00715010000000000 ) );
#1682 = DIRECTION( '', ( 0.000000000000000, -0.707106781186548, 0.707106781186548 ) );
#1683 = DIRECTION( '', ( -1.00000000000000, 0.000000000000000, 0.000000000000000 ) );
#1684 = ORIENTED_EDGE( '', *, *, #2214, .T. );
#1685 = ORIENTED_EDGE( '', *, *, #2095, .T. );
#1686 = ORIENTED_EDGE( '', *, *, #2101, .F. );
#1687 = ORIENTED_EDGE( '', *, *, #2051, .F. );
#1688 = ORIENTED_EDGE( '', *, *, #2100, .T. );
#1689 = ORIENTED_EDGE( '', *, *, #2215, .F. );
#1690 = ORIENTED_EDGE( '', *, *, #2069, .F. );
#1691 = ORIENTED_EDGE( '', *, *, #2216, .T. );
#1692 = CARTESIAN_POINT( '', ( -0.00124460000000000, 0.00810260000000000, -0.00746760000000000 ) );
#1693 = DIRECTION( '', ( 0.000000000000000, -1.00000000000000, 0.000000000000000 ) );
#1694 = DIRECTION( '', ( 0.000000000000000, 0.000000000000000, -1.00000000000000 ) );
#1695 = ORIENTED_EDGE( '', *, *, #2108, .T. );
#1696 = ORIENTED_EDGE( '', *, *, #2080, .F. );
#1697 = ORIENTED_EDGE( '', *, *, #2016, .F. );
#1698 = ORIENTED_EDGE( '', *, *, #2054, .T. );
#1699 = CARTESIAN_POINT( '', ( -0.0266700000000000, 0.0195580000000000, 0.0120904000000000 ) );
#1700 = DIRECTION( '', ( 0.000000000000000, 0.000000000000000, 1.00000000000000 ) );
#1701 = DIRECTION( '', ( 1.00000000000000, -0.000000000000000, 0.000000000000000 ) );
#1702 = ORIENTED_EDGE( '', *, *, #2135, .T. );
#1703 = ORIENTED_EDGE( '', *, *, #2188, .F. );
#1704 = ORIENTED_EDGE( '', *, *, #1909, .T. );
#1705 = ORIENTED_EDGE( '', *, *, #1939, .F. );
#1706 = CARTESIAN_POINT( '', ( 0.0180340000000000, 0.0134874000000000, 0.00101600000000000 ) );
#1707 = DIRECTION( '', ( 0.000000000000000, -1.00000000000000, -0.000000000000000 ) );
#1708 = DIRECTION( '', ( 1.00000000000000, 0.000000000000000, 0.000000000000000 ) );
#1709 = ORIENTED_EDGE( '', *, *, #2201, .T. );
#1710 = ORIENTED_EDGE( '', *, *, #2217, .T. );
#1711 = ORIENTED_EDGE( '', *, *, #2182, .F. );
#1712 = ORIENTED_EDGE( '', *, *, #2209, .F. );
#1713 = CARTESIAN_POINT( '', ( 0.00635000000000000, -0.00381000000000000, -0.00585470000000000 ) );
#1714 = DIRECTION( '', ( 0.000000000000000, -0.707106781186548, 0.707106781186548 ) );
#1715 = DIRECTION( '', ( -1.00000000000000, 0.000000000000000, 0.000000000000000 ) );
#1716 = ORIENTED_EDGE( '', *, *, #2147, .F. );
#1717 = ORIENTED_EDGE( '', *, *, #2140, .T. );
#1718 = ORIENTED_EDGE( '', *, *, #2157, .T. );
#1719 = ORIENTED_EDGE( '', *, *, #2106, .F. );
#1720 = ORIENTED_EDGE( '', *, *, #2121, .F. );
#1721 = ORIENTED_EDGE( '', *, *, #1928, .T. );
#1722 = CARTESIAN_POINT( '', ( 0.0241554000000000, 0.00810260000000000, 0.0100584000000000 ) );
#1723 = DIRECTION( '', ( 0.000000000000000, 0.000000000000000, -1.00000000000000 ) );
#1724 = DIRECTION( '', ( 0.000000000000000, -1.00000000000000, 0.000000000000000 ) );
#1725 = ORIENTED_EDGE( '', *, *, #2203, .F. );
#1726 = ORIENTED_EDGE( '', *, *, #2112, .T. );
#1727 = ORIENTED_EDGE( '', *, *, #2204, .T. );
#1728 = ORIENTED_EDGE( '', *, *, #2217, .F. );
#1729 = CARTESIAN_POINT( '', ( 0.00709930000000000, 0.000508000000000000, -0.00560070000000000 ) );
#1730 = DIRECTION( '', ( 0.000000000000000, 0.000000000000000, 1.00000000000000 ) );
#1731 = DIRECTION( '', ( 1.00000000000000, -0.000000000000000, 0.000000000000000 ) );
#1732 = ORIENTED_EDGE( '', *, *, #2096, .T. );
#1733 = ORIENTED_EDGE( '', *, *, #2214, .F. );
#1734 = ORIENTED_EDGE( '', *, *, #2050, .F. );
#1735 = ORIENTED_EDGE( '', *, *, #2057, .T. );
#1736 = CARTESIAN_POINT( '', ( -0.00124460000000000, 0.0226060000000000, -0.00746760000000000 ) );
#1737 = DIRECTION( '', ( 0.000000000000000, 0.000000000000000, -1.00000000000000 ) );
#1738 = DIRECTION( '', ( 0.000000000000000, -1.00000000000000, 0.000000000000000 ) );
#1739 = ORIENTED_EDGE( '', *, *, #1893, .T. );
#1740 = ORIENTED_EDGE( '', *, *, #2154, .F. );
#1741 = CARTESIAN_POINT( '', ( 0.00635000000000000, 0.0136779000000000, 0.000000000000000 ) );
#1742 = DIRECTION( '', ( -0.000000000000000, 1.00000000000000, -0.000000000000000 ) );
#1743 = DIRECTION( '', ( 0.000000000000000, 0.000000000000000, 1.00000000000000 ) );
#1744 = ORIENTED_EDGE( '', *, *, #2156, .T. );
#1745 = ORIENTED_EDGE( '', *, *, #1892, .F. );
#1746 = ORIENTED_EDGE( '', *, *, #2170, .F. );
#1747 = ORIENTED_EDGE( '', *, *, #1886, .F. );
#1748 = CARTESIAN_POINT( '', ( 0.0101600000000000, 0.0122936000000000, -0.000635000000000000 ) );
#1749 = DIRECTION( '', ( 0.000000000000000, 0.000000000000000, -1.00000000000000 ) );
#1750 = DIRECTION( '', ( 0.000000000000000, -1.00000000000000, 0.000000000000000 ) );
#1751 = ORIENTED_EDGE( '', *, *, #2023, .T. );
#1752 = ORIENTED_EDGE( '', *, *, #2025, .F. );
#1753 = ORIENTED_EDGE( '', *, *, #2103, .F. );
#1754 = ORIENTED_EDGE( '', *, *, #2064, .T. );
#1755 = CARTESIAN_POINT( '', ( -0.0139446000000000, 0.0226060000000000, -0.00746760000000000 ) );
#1756 = DIRECTION( '', ( 0.000000000000000, 0.000000000000000, -1.00000000000000 ) );
#1757 = DIRECTION( '', ( 0.000000000000000, -1.00000000000000, 0.000000000000000 ) );
#1758 = ORIENTED_EDGE( '', *, *, #2218, .T. );
#1759 = ORIENTED_EDGE( '', *, *, #2219, .T. );
#1760 = ORIENTED_EDGE( '', *, *, #2197, .T. );
#1761 = ORIENTED_EDGE( '', *, *, #2029, .T. );
#1762 = CARTESIAN_POINT( '', ( -0.0143002000000000, 0.000000000000000, 0.000000000000000 ) );
#1763 = DIRECTION( '', ( 1.00000000000000, 0.000000000000000, 0.000000000000000 ) );
#1764 = DIRECTION( '', ( 0.000000000000000, 1.00000000000000, -0.000000000000000 ) );
#1765 = ORIENTED_EDGE( '', *, *, #2099, .T. );
#1766 = ORIENTED_EDGE( '', *, *, #2220, .T. );
#1767 = ORIENTED_EDGE( '', *, *, #2066, .T. );
#1768 = ORIENTED_EDGE( '', *, *, #2215, .T. );
#1769 = CARTESIAN_POINT( '', ( -0.00160020000000000, 0.000000000000000, 0.000000000000000 ) );
#1770 = DIRECTION( '', ( 1.00000000000000, 0.000000000000000, 0.000000000000000 ) );
#1771 = DIRECTION( '', ( 0.000000000000000, 1.00000000000000, -0.000000000000000 ) );
#1772 = ORIENTED_EDGE( '', *, *, #2067, .T. );
#1773 = ORIENTED_EDGE( '', *, *, #2220, .F. );
#1774 = ORIENTED_EDGE( '', *, *, #2098, .F. );
#1775 = ORIENTED_EDGE( '', *, *, #2221, .T. );
#1776 = ORIENTED_EDGE( '', *, *, #2181, .T. );
#1777 = CARTESIAN_POINT( '', ( -0.0110998000000000, 0.0108966000000000, -0.00474980000000000 ) );
#1778 = DIRECTION( '', ( 0.000000000000000, 1.00000000000000, 0.000000000000000 ) );
#1779 = DIRECTION( '', ( 1.00000000000000, 0.000000000000000, -0.000000000000000 ) );
#1780 = ORIENTED_EDGE( '', *, *, #2068, .F. );
#1781 = ORIENTED_EDGE( '', *, *, #2221, .F. );
#1782 = ORIENTED_EDGE( '', *, *, #2097, .F. );
#1783 = ORIENTED_EDGE( '', *, *, #2216, .F. );
#1784 = CARTESIAN_POINT( '', ( -0.0110998000000000, 0.000000000000000, 0.000000000000000 ) );
#1785 = DIRECTION( '', ( 1.00000000000000, 0.000000000000000, 0.000000000000000 ) );
#1786 = DIRECTION( '', ( 0.000000000000000, 1.00000000000000, -0.000000000000000 ) );
#1787 = ORIENTED_EDGE( '', *, *, #2222, .T. );
#1788 = ORIENTED_EDGE( '', *, *, #2223, .T. );
#1789 = ORIENTED_EDGE( '', *, *, #2218, .F. );
#1790 = ORIENTED_EDGE( '', *, *, #2028, .F. );
#1791 = CARTESIAN_POINT( '', ( -0.0237998000000000, 0.000508000000000000, -0.00474980000000000 ) );
#1792 = DIRECTION( '', ( 0.000000000000000, 0.000000000000000, -1.00000000000000 ) );
#1793 = DIRECTION( '', ( 0.000000000000000, -1.00000000000000, 0.000000000000000 ) );
#1794 = ORIENTED_EDGE( '', *, *, #2194, .T. );
#1795 = ORIENTED_EDGE( '', *, *, #2205, .T. );
#1796 = ORIENTED_EDGE( '', *, *, #2130, .F. );
#1797 = ORIENTED_EDGE( '', *, *, #2208, .F. );
#1798 = CARTESIAN_POINT( '', ( -0.0190500000000000, -0.00381000000000000, -0.00585470000000000 ) );
#1799 = DIRECTION( '', ( 0.000000000000000, -0.707106781186548, 0.707106781186548 ) );
#1800 = DIRECTION( '', ( -1.00000000000000, 0.000000000000000, 0.000000000000000 ) );
#1801 = ORIENTED_EDGE( '', *, *, #2199, .F. );
#1802 = ORIENTED_EDGE( '', *, *, #2224, .F. );
#1803 = ORIENTED_EDGE( '', *, *, #2222, .F. );
#1804 = ORIENTED_EDGE( '', *, *, #2031, .F. );
#1805 = CARTESIAN_POINT( '', ( -0.0237998000000000, 0.000000000000000, 0.000000000000000 ) );
#1806 = DIRECTION( '', ( 1.00000000000000, 0.000000000000000, 0.000000000000000 ) );
#1807 = DIRECTION( '', ( 0.000000000000000, 1.00000000000000, -0.000000000000000 ) );
#1808 = ORIENTED_EDGE( '', *, *, #2198, .T. );
#1809 = ORIENTED_EDGE( '', *, *, #2219, .F. );
#1810 = ORIENTED_EDGE( '', *, *, #2223, .F. );
#1811 = ORIENTED_EDGE( '', *, *, #2224, .T. );
#1812 = ORIENTED_EDGE( '', *, *, #2225, .T. );
#1813 = CARTESIAN_POINT( '', ( -0.0237998000000000, 0.0108966000000000, -0.00474980000000000 ) );
#1814 = DIRECTION( '', ( 0.000000000000000, 1.00000000000000, 0.000000000000000 ) );
#1815 = DIRECTION( '', ( 1.00000000000000, 0.000000000000000, -0.000000000000000 ) );
#1816 = ORIENTED_EDGE( '', *, *, #1956, .T. );
#1817 = ORIENTED_EDGE( '', *, *, #2225, .F. );
#1818 = CARTESIAN_POINT( '', ( -0.0190500000000000, 0.0136779000000000, 0.000000000000000 ) );
#1819 = DIRECTION( '', ( -0.000000000000000, 1.00000000000000, -0.000000000000000 ) );
#1820 = DIRECTION( '', ( 0.000000000000000, 0.000000000000000, 1.00000000000000 ) );
#1821 = ORIENTED_EDGE( '', *, *, #2226, .F. );
#1822 = ORIENTED_EDGE( '', *, *, #1911, .T. );
#1823 = ORIENTED_EDGE( '', *, *, #2187, .F. );
#1824 = ORIENTED_EDGE( '', *, *, #1905, .F. );
#1825 = CARTESIAN_POINT( '', ( 0.0167640000000000, 0.0134874000000000, -0.000635000000000000 ) );
#1826 = DIRECTION( '', ( -1.00000000000000, 0.000000000000000, 0.000000000000000 ) );
#1827 = DIRECTION( '', ( 0.000000000000000, 0.000000000000000, 1.00000000000000 ) );
#1828 = ORIENTED_EDGE( '', *, *, #2158, .T. );
#1829 = ORIENTED_EDGE( '', *, *, #2138, .F. );
#1830 = ORIENTED_EDGE( '', *, *, #2146, .F. );
#1831 = ORIENTED_EDGE( '', *, *, #2061, .F. );
#1832 = CARTESIAN_POINT( '', ( 0.0241554000000000, 0.0226060000000000, -0.00746760000000000 ) );
#1833 = DIRECTION( '', ( 0.000000000000000, 0.000000000000000, -1.00000000000000 ) );
#1834 = DIRECTION( '', ( 0.000000000000000, -1.00000000000000, 0.000000000000000 ) );
#1835 = ORIENTED_EDGE( '', *, *, #2047, .F. );
#1836 = ORIENTED_EDGE( '', *, *, #2042, .F. );
#1837 = ORIENTED_EDGE( '', *, *, #2044, .F. );
#1838 = ORIENTED_EDGE( '', *, *, #2180, .T. );
#1839 = ORIENTED_EDGE( '', *, *, #2227, .T. );
#1840 = ORIENTED_EDGE( '', *, *, #1894, .T. );
#1841 = ORIENTED_EDGE( '', *, *, #1903, .T. );
#1842 = ORIENTED_EDGE( '', *, *, #2137, .T. );
#1843 = CARTESIAN_POINT( '', ( 0.0190500000000000, 0.0134874000000000, 0.000000000000000 ) );
#1844 = DIRECTION( '', ( 0.000000000000000, -1.00000000000000, 0.000000000000000 ) );
#1845 = DIRECTION( '', ( 0.000000000000000, 0.000000000000000, -1.00000000000000 ) );
#1846 = ORIENTED_EDGE( '', *, *, #1904, .T. );
#1847 = ORIENTED_EDGE( '', *, *, #1900, .F. );
#1848 = ORIENTED_EDGE( '', *, *, #1912, .F. );
#1849 = ORIENTED_EDGE( '', *, *, #2226, .T. );
#1850 = CARTESIAN_POINT( '', ( 0.0228600000000000, 0.0122936000000000, 0.000635000000000000 ) );
#1851 = DIRECTION( '', ( 0.000000000000000, -1.00000000000000, 0.000000000000000 ) );
#1852 = DIRECTION( '', ( 0.000000000000000, 0.000000000000000, -1.00000000000000 ) );
#1853 = ORIENTED_EDGE( '', *, *, #1995, .F. );
#1854 = ORIENTED_EDGE( '', *, *, #1927, .T. );
#1855 = ORIENTED_EDGE( '', *, *, #2090, .T. );
#1856 = ORIENTED_EDGE( '', *, *, #2087, .F. );
#1857 = ORIENTED_EDGE( '', *, *, #2084, .T. );
#1858 = ORIENTED_EDGE( '', *, *, #2020, .F. );
#1859 = CARTESIAN_POINT( '', ( -0.0266700000000000, 0.000000000000000, 0.0120904000000000 ) );
#1860 = DIRECTION( '', ( 0.000000000000000, -1.00000000000000, 0.000000000000000 ) );
#1861 = DIRECTION( '', ( 0.000000000000000, 0.000000000000000, -1.00000000000000 ) );
#1862 = ORIENTED_EDGE( '', *, *, #1902, .T. );
#1863 = ORIENTED_EDGE( '', *, *, #1978, .F. );
#1864 = CARTESIAN_POINT( '', ( 0.0190500000000000, 0.0136779000000000, 0.000000000000000 ) );
#1865 = DIRECTION( '', ( -0.000000000000000, 1.00000000000000, -0.000000000000000 ) );
#1866 = DIRECTION( '', ( 0.000000000000000, 0.000000000000000, 1.00000000000000 ) );
#1867 = ORIENTED_EDGE( '', *, *, #1895, .F. );
#1868 = ORIENTED_EDGE( '', *, *, #2227, .F. );
#1869 = ORIENTED_EDGE( '', *, *, #2179, .F. );
#1870 = ORIENTED_EDGE( '', *, *, #2191, .F. );
#1871 = ORIENTED_EDGE( '', *, *, #1941, .F. );
#1872 = ORIENTED_EDGE( '', *, *, #2166, .F. );
#1873 = CARTESIAN_POINT( '', ( 0.0228600000000000, 0.0122936000000000, -0.000635000000000000 ) );
#1874 = DIRECTION( '', ( 0.000000000000000, 0.000000000000000, -1.00000000000000 ) );
#1875 = DIRECTION( '', ( 0.000000000000000, -1.00000000000000, 0.000000000000000 ) );
#1876 = ORIENTED_EDGE( '', *, *, #1934, .T. );
#1877 = ORIENTED_EDGE( '', *, *, #1897, .F. );
#1878 = ORIENTED_EDGE( '', *, *, #2165, .T. );
#1879 = ORIENTED_EDGE( '', *, *, #1943, .T. );
#1880 = ORIENTED_EDGE( '', *, *, #2190, .F. );
#1881 = ORIENTED_EDGE( '', *, *, #2122, .F. );
#1882 = CARTESIAN_POINT( '', ( 0.0228600000000000, 0.0135636000000000, 0.000635000000000000 ) );
#1883 = DIRECTION( '', ( 0.000000000000000, 0.000000000000000, 1.00000000000000 ) );
#1884 = DIRECTION( '', ( 1.00000000000000, -0.000000000000000, 0.000000000000000 ) );
#1885 = EDGE_CURVE( '', #2228, #2229, #2230, .T. );
#1886 = EDGE_CURVE( '', #2228, #2231, #2232, .T. );
#1887 = EDGE_CURVE( '', #2231, #2233, #2234, .T. );
#1888 = EDGE_CURVE( '', #2233, #2235, #2236, .T. );
#1889 = EDGE_CURVE( '', #2237, #2235, #2238, .T. );
#1890 = EDGE_CURVE( '', #2237, #2239, #2240, .T. );
#1891 = EDGE_CURVE( '', #2239, #2241, #2242, .T. );
#1892 = EDGE_CURVE( '', #2241, #2229, #2243, .T. );
#1893 = EDGE_CURVE( '', #2244, #2244, #2245, .T. );
#1894 = EDGE_CURVE( '', #2246, #2247, #2248, .T. );
#1895 = EDGE_CURVE( '', #2246, #2249, #2250, .T. );
#1896 = EDGE_CURVE( '', #2249, #2251, #2252, .T. );
#1897 = EDGE_CURVE( '', #2251, #2253, #2254, .T. );
#1898 = EDGE_CURVE( '', #2255, #2253, #2256, .T. );
#1899 = EDGE_CURVE( '', #2255, #2257, #2258, .T. );
#1900 = EDGE_CURVE( '', #2257, #2259, #2260, .T. );
#1901 = EDGE_CURVE( '', #2259, #2247, #2261, .T. );
#1902 = EDGE_CURVE( '', #2262, #2262, #2263, .T. );
#1903 = EDGE_CURVE( '', #2247, #2264, #2265, .T. );
#1904 = EDGE_CURVE( '', #2266, #2259, #2267, .T. );
#1905 = EDGE_CURVE( '', #2266, #2268, #2269, .T. );
#1906 = EDGE_CURVE( '', #2270, #2268, #2271, .T. );
#1907 = EDGE_CURVE( '', #2264, #2270, #2272, .T. );
#1908 = EDGE_CURVE( '', #2255, #2273, #2274, .T. );
#1909 = EDGE_CURVE( '', #2275, #2273, #2276, .T. );
#1910 = EDGE_CURVE( '', #2277, #2275, #2278, .T. );
#1911 = EDGE_CURVE( '', #2279, #2277, #2280, .T. );
#1912 = EDGE_CURVE( '', #2279, #2257, #2281, .T. );
#1913 = EDGE_CURVE( '', #2282, #2283, #2284, .T. );
#1914 = EDGE_CURVE( '', #2283, #2285, #2286, .T. );
#1915 = EDGE_CURVE( '', #2287, #2285, #2288, .T. );
#1916 = EDGE_CURVE( '', #2282, #2287, #2289, .T. );
#1917 = EDGE_CURVE( '', #2290, #2283, #2291, .T. );
#1918 = EDGE_CURVE( '', #2290, #2292, #2293, .T. );
#1919 = EDGE_CURVE( '', #2292, #2285, #2294, .T. );
#1920 = EDGE_CURVE( '', #2285, #2295, #2296, .T. );
#1921 = EDGE_CURVE( '', #2297, #2295, #2298, .T. );
#1922 = EDGE_CURVE( '', #2287, #2297, #2299, .T. );
#1923 = EDGE_CURVE( '', #2300, #2301, #2302, .T. );
#1924 = EDGE_CURVE( '', #2303, #2300, #2304, .T. );
#1925 = EDGE_CURVE( '', #2305, #2303, #2306, .T. );
#1926 = EDGE_CURVE( '', #2307, #2305, #2308, .T. );
#1927 = EDGE_CURVE( '', #2301, #2307, #2309, .T. );
#1928 = EDGE_CURVE( '', #2310, #2311, #2312, .T. );
#1929 = EDGE_CURVE( '', #2310, #2313, #2314, .T. );
#1930 = EDGE_CURVE( '', #2313, #2315, #2316, .T. );
#1931 = EDGE_CURVE( '', #2317, #2315, #2318, .T. );
#1932 = EDGE_CURVE( '', #2319, #2317, #2320, .T. );
#1933 = EDGE_CURVE( '', #2311, #2319, #2321, .T. );
#1934 = EDGE_CURVE( '', #2322, #2253, #2323, .T. );
#1935 = EDGE_CURVE( '', #2322, #2324, #2325, .T. );
#1936 = EDGE_CURVE( '', #2326, #2324, #2327, .T. );
#1937 = EDGE_CURVE( '', #2328, #2326, #2329, .T. );
#1938 = EDGE_CURVE( '', #2330, #2328, #2331, .T. );
#1939 = EDGE_CURVE( '', #2330, #2273, #2332, .T. );
#1940 = EDGE_CURVE( '', #2333, #2334, #2335, .T. );
#1941 = EDGE_CURVE( '', #2334, #2336, #2337, .T. );
#1942 = EDGE_CURVE( '', #2338, #2336, #2339, .T. );
#1943 = EDGE_CURVE( '', #2333, #2338, #2340, .T. );
#1944 = EDGE_CURVE( '', #2341, #2342, #2343, .T. );
#1945 = EDGE_CURVE( '', #2344, #2342, #2345, .T. );
#1946 = EDGE_CURVE( '', #2346, #2344, #2347, .T. );
#1947 = EDGE_CURVE( '', #2341, #2346, #2348, .T. );
#1948 = EDGE_CURVE( '', #2349, #2350, #2351, .T. );
#1949 = EDGE_CURVE( '', #2352, #2350, #2353, .T. );
#1950 = EDGE_CURVE( '', #2354, #2352, #2355, .T. );
#1951 = EDGE_CURVE( '', #2349, #2354, #2356, .T. );
#1952 = EDGE_CURVE( '', #2341, #2342, #2357, .T. );
#1953 = EDGE_CURVE( '', #2346, #2349, #2358, .T. );
#1954 = EDGE_CURVE( '', #2352, #2354, #2359, .T. );
#1955 = EDGE_CURVE( '', #2350, #2344, #2360, .T. );
#1956 = EDGE_CURVE( '', #2361, #2361, #2362, .T. );
#1957 = EDGE_CURVE( '', #2363, #2364, #2365, .T. );
#1958 = EDGE_CURVE( '', #2364, #2366, #2367, .T. );
#1959 = EDGE_CURVE( '', #2368, #2366, #2369, .T. );
#1960 = EDGE_CURVE( '', #2363, #2368, #2370, .T. );
#1961 = EDGE_CURVE( '', #2371, #2372, #2373, .T. );
#1962 = EDGE_CURVE( '', #2374, #2372, #2375, .T. );
#1963 = EDGE_CURVE( '', #2376, #2374, #2377, .T. );
#1964 = EDGE_CURVE( '', #2371, #2376, #2378, .T. );
#1965 = EDGE_CURVE( '', #2379, #2380, #2381, .T. );
#1966 = EDGE_CURVE( '', #2382, #2380, #2383, .T. );
#1967 = EDGE_CURVE( '', #2384, #2382, #2385, .T. );
#1968 = EDGE_CURVE( '', #2379, #2384, #2386, .T. );
#1969 = EDGE_CURVE( '', #2379, #2380, #2387, .T. );
#1970 = EDGE_CURVE( '', #2384, #2371, #2388, .T. );
#1971 = EDGE_CURVE( '', #2374, #2376, #2389, .T. );
#1972 = EDGE_CURVE( '', #2372, #2382, #2390, .T. );
#1973 = EDGE_CURVE( '', #2391, #2391, #2392, .T. );
#1974 = EDGE_CURVE( '', #2393, #2394, #2395, .T. );
#1975 = EDGE_CURVE( '', #2396, #2394, #2397, .T. );
#1976 = EDGE_CURVE( '', #2398, #2396, #2399, .T. );
#1977 = EDGE_CURVE( '', #2398, #2393, #2400, .T. );
#1978 = EDGE_CURVE( '', #2401, #2401, #2402, .T. );
#1979 = EDGE_CURVE( '', #2292, #2403, #2404, .T. );
#1980 = EDGE_CURVE( '', #2403, #2295, #2405, .T. );
#1981 = EDGE_CURVE( '', #2403, #2406, #2407, .T. );
#1982 = EDGE_CURVE( '', #2406, #2408, #2409, .T. );
#1983 = EDGE_CURVE( '', #2295, #2408, #2410, .T. );
#1984 = EDGE_CURVE( '', #2411, #2317, #2412, .T. );
#1985 = EDGE_CURVE( '', #2413, #2411, #2414, .T. );
#1986 = EDGE_CURVE( '', #2319, #2413, #2415, .T. );
#1987 = EDGE_CURVE( '', #2416, #2417, #2418, .T. );
#1988 = EDGE_CURVE( '', #2417, #2419, #2420, .T. );
#1989 = EDGE_CURVE( '', #2421, #2419, #2422, .T. );
#1990 = EDGE_CURVE( '', #2421, #2416, #2423, .T. );
#1991 = EDGE_CURVE( '', #2315, #2424, #2425, .T. );
#1992 = EDGE_CURVE( '', #2424, #2426, #2427, .T. );
#1993 = EDGE_CURVE( '', #2426, #2411, #2428, .T. );
#1994 = EDGE_CURVE( '', #2300, #2429, #2430, .T. );
#1995 = EDGE_CURVE( '', #2301, #2431, #2432, .T. );
#1996 = EDGE_CURVE( '', #2429, #2431, #2433, .T. );
#1997 = EDGE_CURVE( '', #2434, #2426, #2435, .T. );
#1998 = EDGE_CURVE( '', #2434, #2413, #2436, .T. );
#1999 = EDGE_CURVE( '', #2437, #2438, #2439, .T. );
#2000 = EDGE_CURVE( '', #2440, #2438, #2441, .T. );
#2001 = EDGE_CURVE( '', #2442, #2440, #2443, .T. );
#2002 = EDGE_CURVE( '', #2442, #2437, #2444, .T. );
#2003 = EDGE_CURVE( '', #2303, #2445, #2446, .T. );
#2004 = EDGE_CURVE( '', #2445, #2429, #2447, .T. );
#2005 = EDGE_CURVE( '', #2448, #2449, #2450, .T. );
#2006 = EDGE_CURVE( '', #2449, #2451, #2452, .T. );
#2007 = EDGE_CURVE( '', #2451, #2453, #2454, .T. );
#2008 = EDGE_CURVE( '', #2416, #2453, #2455, .T. );
#2009 = EDGE_CURVE( '', #2456, #2421, #2457, .T. );
#2010 = EDGE_CURVE( '', #2456, #2448, #2458, .T. );
#2011 = EDGE_CURVE( '', #2459, #2440, #2460, .T. );
#2012 = EDGE_CURVE( '', #2461, #2459, #2462, .T. );
#2013 = EDGE_CURVE( '', #2461, #2442, #2463, .T. );
#2014 = EDGE_CURVE( '', #2464, #2419, #2465, .T. );
#2015 = EDGE_CURVE( '', #2456, #2464, #2466, .T. );
#2016 = EDGE_CURVE( '', #2467, #2468, #2469, .T. );
#2017 = EDGE_CURVE( '', #2470, #2468, #2471, .T. );
#2018 = EDGE_CURVE( '', #2472, #2470, #2473, .T. );
#2019 = EDGE_CURVE( '', #2472, #2467, #2474, .T. );
#2020 = EDGE_CURVE( '', #2431, #2475, #2476, .T. );
#2021 = EDGE_CURVE( '', #2477, #2475, #2478, .T. );
#2022 = EDGE_CURVE( '', #2479, #2477, #2480, .T. );
#2023 = EDGE_CURVE( '', #2481, #2479, #2482, .T. );
#2024 = EDGE_CURVE( '', #2445, #2481, #2483, .T. );
#2025 = EDGE_CURVE( '', #2484, #2479, #2485, .T. );
#2026 = EDGE_CURVE( '', #2486, #2477, #2487, .T. );
#2027 = EDGE_CURVE( '', #2484, #2486, #2488, .T. );
#2028 = EDGE_CURVE( '', #2489, #2490, #2491, .T. );
#2029 = EDGE_CURVE( '', #2492, #2490, #2493, .T. );
#2030 = EDGE_CURVE( '', #2494, #2492, #2495, .T. );
#2031 = EDGE_CURVE( '', #2494, #2489, #2496, .T. );
#2032 = EDGE_CURVE( '', #2235, #2237, #2497, .T. );
#2033 = EDGE_CURVE( '', #2449, #2498, #2499, .T. );
#2034 = EDGE_CURVE( '', #2498, #2500, #2501, .T. );
#2035 = EDGE_CURVE( '', #2451, #2500, #2502, .T. );
#2036 = EDGE_CURVE( '', #2503, #2504, #2505, .T. );
#2037 = EDGE_CURVE( '', #2506, #2504, #2507, .T. );
#2038 = EDGE_CURVE( '', #2508, #2506, #2509, .T. );
#2039 = EDGE_CURVE( '', #2508, #2503, #2510, .T. );
#2040 = EDGE_CURVE( '', #2511, #2512, #2513, .T. );
#2041 = EDGE_CURVE( '', #2514, #2511, #2515, .T. );
#2042 = EDGE_CURVE( '', #2514, #2516, #2517, .T. );
#2043 = EDGE_CURVE( '', #2516, #2512, #2518, .T. );
#2044 = EDGE_CURVE( '', #2519, #2514, #2520, .T. );
#2045 = EDGE_CURVE( '', #2521, #2511, #2522, .T. );
#2046 = EDGE_CURVE( '', #2519, #2521, #2523, .T. );
#2047 = EDGE_CURVE( '', #2516, #2524, #2525, .T. );
#2048 = EDGE_CURVE( '', #2524, #2526, #2527, .T. );
#2049 = EDGE_CURVE( '', #2512, #2526, #2528, .T. );
#2050 = EDGE_CURVE( '', #2529, #2530, #2531, .T. );
#2051 = EDGE_CURVE( '', #2530, #2532, #2533, .T. );
#2052 = EDGE_CURVE( '', #2532, #2534, #2535, .T. );
#2053 = EDGE_CURVE( '', #2536, #2534, #2537, .T. );
#2054 = EDGE_CURVE( '', #2467, #2536, #2538, .T. );
#2055 = EDGE_CURVE( '', #2472, #2529, #2539, .T. );
#2056 = EDGE_CURVE( '', #2459, #2540, #2541, .T. );
#2057 = EDGE_CURVE( '', #2529, #2540, #2542, .T. );
#2058 = EDGE_CURVE( '', #2470, #2543, #2544, .T. );
#2059 = EDGE_CURVE( '', #2448, #2543, #2545, .T. );
#2060 = EDGE_CURVE( '', #2546, #2464, #2547, .T. );
#2061 = EDGE_CURVE( '', #2546, #2548, #2549, .T. );
#2062 = EDGE_CURVE( '', #2548, #2434, #2550, .T. );
#2063 = EDGE_CURVE( '', #2305, #2424, #2551, .T. );
#2064 = EDGE_CURVE( '', #2552, #2481, #2553, .T. );
#2065 = EDGE_CURVE( '', #2461, #2552, #2554, .T. );
#2066 = EDGE_CURVE( '', #2555, #2556, #2557, .T. );
#2067 = EDGE_CURVE( '', #2558, #2555, #2559, .T. );
#2068 = EDGE_CURVE( '', #2558, #2560, #2561, .T. );
#2069 = EDGE_CURVE( '', #2560, #2556, #2562, .T. );
#2070 = EDGE_CURVE( '', #2504, #2563, #2564, .T. );
#2071 = EDGE_CURVE( '', #2563, #2565, #2566, .T. );
#2072 = EDGE_CURVE( '', #2565, #2506, #2567, .T. );
#2073 = EDGE_CURVE( '', #2568, #2565, #2569, .T. );
#2074 = EDGE_CURVE( '', #2568, #2508, #2570, .T. );
#2075 = EDGE_CURVE( '', #2503, #2571, #2572, .T. );
#2076 = EDGE_CURVE( '', #2571, #2563, #2573, .T. );
#2077 = EDGE_CURVE( '', #2571, #2568, #2574, .T. );
#2078 = EDGE_CURVE( '', #2500, #2575, #2576, .T. );
#2079 = EDGE_CURVE( '', #2453, #2575, #2577, .T. );
#2080 = EDGE_CURVE( '', #2468, #2578, #2579, .T. );
#2081 = EDGE_CURVE( '', #2578, #2575, #2580, .T. );
#2082 = EDGE_CURVE( '', #2543, #2498, #2581, .T. );
#2083 = EDGE_CURVE( '', #2486, #2582, #2583, .T. );
#2084 = EDGE_CURVE( '', #2584, #2475, #2585, .T. );
#2085 = EDGE_CURVE( '', #2584, #2586, #2587, .T. );
#2086 = EDGE_CURVE( '', #2582, #2586, #2588, .T. );
#2087 = EDGE_CURVE( '', #2584, #2589, #2590, .T. );
#2088 = EDGE_CURVE( '', #2589, #2591, #2592, .T. );
#2089 = EDGE_CURVE( '', #2591, #2586, #2593, .T. );
#2090 = EDGE_CURVE( '', #2307, #2589, #2594, .T. );
#2091 = EDGE_CURVE( '', #2313, #2595, #2596, .T. );
#2092 = EDGE_CURVE( '', #2591, #2595, #2597, .T. );
#2093 = EDGE_CURVE( '', #2438, #2598, #2599, .T. );
#2094 = EDGE_CURVE( '', #2600, #2598, #2601, .T. );
#2095 = EDGE_CURVE( '', #2602, #2600, #2603, .T. );
#2096 = EDGE_CURVE( '', #2540, #2602, #2604, .T. );
#2097 = EDGE_CURVE( '', #2605, #2606, #2607, .T. );
#2098 = EDGE_CURVE( '', #2606, #2608, #2609, .T. );
#2099 = EDGE_CURVE( '', #2610, #2608, #2611, .T. );
#2100 = EDGE_CURVE( '', #2605, #2610, #2612, .T. );
#2101 = EDGE_CURVE( '', #2532, #2600, #2613, .T. );
#2102 = EDGE_CURVE( '', #2534, #2598, #2614, .T. );
#2103 = EDGE_CURVE( '', #2552, #2484, #2615, .T. );
#2104 = EDGE_CURVE( '', #2437, #2582, #2616, .T. );
#2105 = EDGE_CURVE( '', #2617, #2595, #2618, .T. );
#2106 = EDGE_CURVE( '', #2617, #2619, #2620, .T. );
#2107 = EDGE_CURVE( '', #2417, #2619, #2621, .T. );
#2108 = EDGE_CURVE( '', #2536, #2578, #2622, .T. );
#2109 = EDGE_CURVE( '', #2623, #2363, #2624, .T. );
#2110 = EDGE_CURVE( '', #2625, #2623, #2626, .T. );
#2111 = EDGE_CURVE( '', #2364, #2625, #2627, .T. );
#2112 = EDGE_CURVE( '', #2628, #2629, #2630, .T. );
#2113 = EDGE_CURVE( '', #2631, #2628, #2632, .T. );
#2114 = EDGE_CURVE( '', #2633, #2631, #2634, .T. );
#2115 = EDGE_CURVE( '', #2629, #2633, #2635, .T. );
#2116 = EDGE_CURVE( '', #2636, #2637, #2638, .T. );
#2117 = EDGE_CURVE( '', #2639, #2636, #2640, .T. );
#2118 = EDGE_CURVE( '', #2641, #2639, #2642, .T. );
#2119 = EDGE_CURVE( '', #2637, #2641, #2643, .T. );
#2120 = EDGE_CURVE( '', #2406, #2290, #2644, .T. );
#2121 = EDGE_CURVE( '', #2310, #2617, #2645, .T. );
#2122 = EDGE_CURVE( '', #2322, #2646, #2647, .T. );
#2123 = EDGE_CURVE( '', #2648, #2646, #2649, .T. );
#2124 = EDGE_CURVE( '', #2324, #2648, #2650, .T. );
#2125 = EDGE_CURVE( '', #2651, #2648, #2652, .T. );
#2126 = EDGE_CURVE( '', #2326, #2651, #2653, .T. );
#2127 = EDGE_CURVE( '', #2654, #2655, #2656, .T. );
#2128 = EDGE_CURVE( '', #2636, #2654, #2657, .T. );
#2129 = EDGE_CURVE( '', #2637, #2655, #2658, .T. );
#2130 = EDGE_CURVE( '', #2659, #2368, #2660, .T. );
#2131 = EDGE_CURVE( '', #2661, #2366, #2662, .T. );
#2132 = EDGE_CURVE( '', #2659, #2661, #2663, .T. );
#2133 = EDGE_CURVE( '', #2328, #2664, #2665, .T. );
#2134 = EDGE_CURVE( '', #2666, #2664, #2667, .T. );
#2135 = EDGE_CURVE( '', #2330, #2666, #2668, .T. );
#2136 = EDGE_CURVE( '', #2526, #2270, #2669, .T. );
#2137 = EDGE_CURVE( '', #2264, #2524, #2670, .T. );
#2138 = EDGE_CURVE( '', #2671, #2672, #2673, .T. );
#2139 = EDGE_CURVE( '', #2674, #2672, #2675, .T. );
#2140 = EDGE_CURVE( '', #2676, #2674, #2677, .T. );
#2141 = EDGE_CURVE( '', #2676, #2671, #2678, .T. );
#2142 = EDGE_CURVE( '', #2679, #2680, #2681, .T. );
#2143 = EDGE_CURVE( '', #2682, #2680, #2683, .T. );
#2144 = EDGE_CURVE( '', #2684, #2682, #2685, .T. );
#2145 = EDGE_CURVE( '', #2684, #2679, #2686, .T. );
#2146 = EDGE_CURVE( '', #2548, #2671, #2687, .T. );
#2147 = EDGE_CURVE( '', #2676, #2311, #2688, .T. );
#2148 = EDGE_CURVE( '', #2633, #2689, #2690, .T. );
#2149 = EDGE_CURVE( '', #2631, #2691, #2692, .T. );
#2150 = EDGE_CURVE( '', #2689, #2691, #2693, .T. );
#2151 = EDGE_CURVE( '', #2694, #2408, #2695, .T. );
#2152 = EDGE_CURVE( '', #2408, #2283, #2696, .T. );
#2153 = EDGE_CURVE( '', #2694, #2282, #2697, .T. );
#2154 = EDGE_CURVE( '', #2698, #2698, #2699, .T. );
#2155 = EDGE_CURVE( '', #2233, #2239, #2700, .T. );
#2156 = EDGE_CURVE( '', #2228, #2229, #2701, .T. );
#2157 = EDGE_CURVE( '', #2674, #2619, #2702, .T. );
#2158 = EDGE_CURVE( '', #2546, #2672, #2703, .T. );
#2159 = EDGE_CURVE( '', #2704, #2654, #2705, .T. );
#2160 = EDGE_CURVE( '', #2639, #2704, #2706, .T. );
#2161 = EDGE_CURVE( '', #2679, #2398, #2707, .T. );
#2162 = EDGE_CURVE( '', #2680, #2396, #2708, .T. );
#2163 = EDGE_CURVE( '', #2394, #2682, #2709, .T. );
#2164 = EDGE_CURVE( '', #2393, #2684, #2710, .T. );
#2165 = EDGE_CURVE( '', #2251, #2333, #2711, .T. );
#2166 = EDGE_CURVE( '', #2249, #2334, #2712, .T. );
#2167 = EDGE_CURVE( '', #2713, #2689, #2714, .T. );
#2168 = EDGE_CURVE( '', #2715, #2691, #2716, .T. );
#2169 = EDGE_CURVE( '', #2713, #2715, #2717, .T. );
#2170 = EDGE_CURVE( '', #2231, #2241, #2718, .T. );
#2171 = EDGE_CURVE( '', #2719, #2704, #2720, .T. );
#2172 = EDGE_CURVE( '', #2721, #2654, #2722, .T. );
#2173 = EDGE_CURVE( '', #2719, #2721, #2723, .T. );
#2174 = EDGE_CURVE( '', #2724, #2655, #2725, .T. );
#2175 = EDGE_CURVE( '', #2721, #2724, #2726, .T. );
#2176 = EDGE_CURVE( '', #2641, #2727, #2728, .T. );
#2177 = EDGE_CURVE( '', #2655, #2727, #2729, .T. );
#2178 = EDGE_CURVE( '', #2730, #2521, #2731, .T. );
#2179 = EDGE_CURVE( '', #2730, #2732, #2733, .T. );
#2180 = EDGE_CURVE( '', #2519, #2732, #2734, .T. );
#2181 = EDGE_CURVE( '', #2735, #2735, #2736, .T. );
#2182 = EDGE_CURVE( '', #2737, #2738, #2739, .T. );
#2183 = EDGE_CURVE( '', #2738, #2689, #2740, .T. );
#2184 = EDGE_CURVE( '', #2737, #2713, #2741, .T. );
#2185 = EDGE_CURVE( '', #2625, #2742, #2743, .T. );
#2186 = EDGE_CURVE( '', #2366, #2742, #2744, .T. );
#2187 = EDGE_CURVE( '', #2268, #2277, #2745, .T. );
#2188 = EDGE_CURVE( '', #2275, #2666, #2746, .T. );
#2189 = EDGE_CURVE( '', #2664, #2651, #2747, .T. );
#2190 = EDGE_CURVE( '', #2646, #2338, #2748, .T. );
#2191 = EDGE_CURVE( '', #2336, #2730, #2749, .T. );
#2192 = EDGE_CURVE( '', #2750, #2742, #2751, .T. );
#2193 = EDGE_CURVE( '', #2742, #2752, #2753, .T. );
#2194 = EDGE_CURVE( '', #2754, #2752, #2755, .T. );
#2195 = EDGE_CURVE( '', #2750, #2754, #2756, .T. );
#2196 = EDGE_CURVE( '', #2727, #2704, #2757, .T. );
#2197 = EDGE_CURVE( '', #2758, #2492, #2759, .T. );
#2198 = EDGE_CURVE( '', #2760, #2758, #2761, .T. );
#2199 = EDGE_CURVE( '', #2760, #2494, #2762, .T. );
#2200 = EDGE_CURVE( '', #2691, #2763, #2764, .T. );
#2201 = EDGE_CURVE( '', #2765, #2763, #2766, .T. );
#2202 = EDGE_CURVE( '', #2715, #2765, #2767, .T. );
#2203 = EDGE_CURVE( '', #2628, #2763, #2768, .T. );
#2204 = EDGE_CURVE( '', #2629, #2738, #2769, .T. );
#2205 = EDGE_CURVE( '', #2752, #2368, #2770, .T. );
#2206 = EDGE_CURVE( '', #2623, #2752, #2771, .T. );
#2207 = EDGE_CURVE( '', #2661, #2750, #2772, .T. );
#2208 = EDGE_CURVE( '', #2754, #2659, #2773, .T. );
#2209 = EDGE_CURVE( '', #2765, #2737, #2774, .T. );
#2210 = EDGE_CURVE( '', #2775, #2719, #2776, .T. );
#2211 = EDGE_CURVE( '', #2724, #2775, #2777, .T. );
#2212 = EDGE_CURVE( '', #2775, #2727, #2778, .T. );
#2213 = EDGE_CURVE( '', #2297, #2694, #2779, .T. );
#2214 = EDGE_CURVE( '', #2530, #2602, #2780, .T. );
#2215 = EDGE_CURVE( '', #2556, #2610, #2781, .T. );
#2216 = EDGE_CURVE( '', #2560, #2605, #2782, .T. );
#2217 = EDGE_CURVE( '', #2763, #2738, #2783, .T. );
#2218 = EDGE_CURVE( '', #2490, #2784, #2785, .T. );
#2219 = EDGE_CURVE( '', #2784, #2758, #2786, .T. );
#2220 = EDGE_CURVE( '', #2608, #2555, #2787, .T. );
#2221 = EDGE_CURVE( '', #2606, #2558, #2788, .T. );
#2222 = EDGE_CURVE( '', #2489, #2789, #2790, .T. );
#2223 = EDGE_CURVE( '', #2789, #2784, #2791, .T. );
#2224 = EDGE_CURVE( '', #2789, #2760, #2792, .T. );
#2225 = EDGE_CURVE( '', #2793, #2793, #2794, .T. );
#2226 = EDGE_CURVE( '', #2279, #2266, #2795, .T. );
#2227 = EDGE_CURVE( '', #2732, #2246, #2796, .T. );
#2228 = VERTEX_POINT( '', #2797 );
#2229 = VERTEX_POINT( '', #2798 );
#2230 = CIRCLE( '', #2799, 0.00254000000000000 );
#2231 = VERTEX_POINT( '', #2800 );
#2232 = B_SPLINE_CURVE_WITH_KNOTS( '', 3, ( #2801, #2802, #2803, #2804, #2805, #2806, #2807, #2808, #2809, #2810, #2811, #2812, #2813, #2814, #2815, #2816 ), .UNSPECIFIED., .F., .F., ( 4, 1, 1, 1, 1, 1, 1, 1, 1, 1, 1, 1, 1, 4 ), ( 0.000000000000000, 0.0589044602167265, 0.119145537184952, 0.180715042950800, 0.243605708603245, 0.307811843212448, 0.373329995488699, 0.440159580447094, 0.508303426730411, 0.602957903167209, 0.699409403095137, 0.797697058576882, 0.897873239188977, 1.00000000000000 ), .UNSPECIFIED. );
#2233 = VERTEX_POINT( '', #2817 );
#2234 = CIRCLE( '', #2818, 0.00380771190000000 );
#2235 = VERTEX_POINT( '', #2819 );
#2236 = B_SPLINE_CURVE_WITH_KNOTS( '', 3, ( #2820, #2821, #2822, #2823, #2824, #2825, #2826, #2827, #2828, #2829, #2830, #2831, #2832, #2833, #2834, #2835 ), .UNSPECIFIED., .F., .F., ( 4, 1, 1, 1, 1, 1, 1, 1, 1, 1, 1, 1, 1, 4 ), ( 0.000000000000000, 0.0575245450622288, 0.114425265773090, 0.170713825350755, 0.226401353895985, 0.281498158285797, 0.336013476129396, 0.389955280204759, 0.443330137041102, 0.496143120661309, 0.629837035879141, 0.758395214604922, 0.881800158587824, 1.00000000000000 ), .UNSPECIFIED. );
#2237 = VERTEX_POINT( '', #2836 );
#2238 = CIRCLE( '', #2837, 0.00254000000000000 );
#2239 = VERTEX_POINT( '', #2838 );
#2240 = B_SPLINE_CURVE_WITH_KNOTS( '', 3, ( #2839, #2840, #2841, #2842, #2843, #2844, #2845, #2846, #2847, #2848, #2849, #2850, #2851, #2852, #2853, #2854 ), .UNSPECIFIED., .F., .F., ( 4, 1, 1, 1, 1, 1, 1, 1, 1, 1, 1, 1, 1, 4 ), ( 0.000000000000000, 0.0585530830729821, 0.118424652612857, 0.179606643474581, 0.242091884560837, 0.305874738622787, 0.370951745166330, 0.437322230400216, 0.504988841802564, 0.600244477259412, 0.697327317868723, 0.796276992221675, 0.897146787095600, 1.00000000000000 ), .UNSPECIFIED. );
#2241 = VERTEX_POINT( '', #2855 );
#2242 = CIRCLE( '', #2856, 0.00380771190000000 );
#2243 = B_SPLINE_CURVE_WITH_KNOTS( '', 3, ( #2857, #2858, #2859, #2860, #2861, #2862, #2863, #2864, #2865, #2866, #2867, #2868, #2869, #2870, #2871, #2872, #2873 ), .UNSPECIFIED., .F., .F., ( 4, 1, 1, 1, 1, 1, 1, 1, 1, 1, 1, 1, 1, 1, 4 ), ( 0.000000000000000, 0.0571003313743100, 0.113587373631756, 0.169472547129635, 0.224766757233594, 0.279480113593352, 0.333621691491763, 0.387199341444910, 0.440219550629315, 0.492687357201096, 0.600848380516530, 0.705669681402616, 0.807149966761929, 0.905270149522393, 1.00000000000000 ), .UNSPECIFIED. );
#2244 = VERTEX_POINT( '', #2874 );
#2245 = CIRCLE( '', #2875, 0.00381000000000000 );
#2246 = VERTEX_POINT( '', #2876 );
#2247 = VERTEX_POINT( '', #2877 );
#2248 = CIRCLE( '', #2878, 0.00254000000000000 );
#2249 = VERTEX_POINT( '', #2879 );
#2250 = B_SPLINE_CURVE_WITH_KNOTS( '', 3, ( #2880, #2881, #2882, #2883, #2884, #2885, #2886, #2887, #2888, #2889, #2890, #2891, #2892, #2893, #2894, #2895 ), .UNSPECIFIED., .F., .F., ( 4, 1, 1, 1, 1, 1, 1, 1, 1, 1, 1, 1, 1, 4 ), ( 0.000000000000000, 0.0589044602065315, 0.119145537167437, 0.180715042928864, 0.243605708579807, 0.307811843190442, 0.373329995471061, 0.440159580436755, 0.508303426730291, 0.602957903147054, 0.699409403064935, 0.797697058546672, 0.897873239168831, 1.00000000000000 ), .UNSPECIFIED. );
#2251 = VERTEX_POINT( '', #2896 );
#2252 = CIRCLE( '', #2897, 0.00380771190000000 );
#2253 = VERTEX_POINT( '', #2898 );
#2254 = B_SPLINE_CURVE_WITH_KNOTS( '', 3, ( #2899, #2900, #2901, #2902, #2903, #2904, #2905, #2906, #2907, #2908, #2909, #2910, #2911, #2912, #2913, #2914 ), .UNSPECIFIED., .F., .F., ( 4, 1, 1, 1, 1, 1, 1, 1, 1, 1, 1, 1, 1, 4 ), ( 0.000000000000000, 0.0575245450642322, 0.114425265776595, 0.170713825355261, 0.226401353900990, 0.281498158290801, 0.336013476133900, 0.389955280208265, 0.443330137043112, 0.496143120661329, 0.629837035881963, 0.758395214608673, 0.881800158590627, 1.00000000000000 ), .UNSPECIFIED. );
#2255 = VERTEX_POINT( '', #2915 );
#2256 = CIRCLE( '', #2916, 0.00254000000000000 );
#2257 = VERTEX_POINT( '', #2917 );
#2258 = B_SPLINE_CURVE_WITH_KNOTS( '', 3, ( #2918, #2919, #2920, #2921, #2922, #2923, #2924, #2925, #2926, #2927, #2928, #2929, #2930, #2931, #2932, #2933 ), .UNSPECIFIED., .F., .F., ( 4, 1, 1, 1, 1, 1, 1, 1, 1, 1, 1, 1, 1, 4 ), ( 0.000000000000000, 0.0585530830725578, 0.118424652612128, 0.179606643473669, 0.242091884559862, 0.305874738621871, 0.370951745165597, 0.437322230399787, 0.504988841802558, 0.600244477258569, 0.697327317867462, 0.796276992220414, 0.897146787094759, 1.00000000000000 ), .UNSPECIFIED. );
#2259 = VERTEX_POINT( '', #2934 );
#2260 = CIRCLE( '', #2935, 0.00380771190000000 );
#2261 = B_SPLINE_CURVE_WITH_KNOTS( '', 3, ( #2936, #2937, #2938, #2939, #2940, #2941, #2942, #2943, #2944, #2945, #2946, #2947, #2948, #2949, #2950, #2951, #2952 ), .UNSPECIFIED., .F., .F., ( 4, 1, 1, 1, 1, 1, 1, 1, 1, 1, 1, 1, 1, 1, 4 ), ( 0.000000000000000, 0.0571003313738513, 0.113587373630953, 0.169472547128604, 0.224766757232447, 0.279480113592207, 0.333621691490733, 0.387199341444108, 0.440219550628855, 0.492687357201091, 0.600848380515977, 0.705669681401790, 0.807149966761104, 0.905270149521845, 1.00000000000000 ), .UNSPECIFIED. );
#2262 = VERTEX_POINT( '', #2953 );
#2263 = CIRCLE( '', #2954, 0.00381000000000000 );
#2264 = VERTEX_POINT( '', #2955 );
#2265 = LINE( '', #2956, #2957 );
#2266 = VERTEX_POINT( '', #2958 );
#2267 = LINE( '', #2959, #2960 );
#2268 = VERTEX_POINT( '', #2961 );
#2269 = LINE( '', #2962, #2963 );
#2270 = VERTEX_POINT( '', #2964 );
#2271 = LINE( '', #2965, #2966 );
#2272 = LINE( '', #2967, #2968 );
#2273 = VERTEX_POINT( '', #2969 );
#2274 = LINE( '', #2970, #2971 );
#2275 = VERTEX_POINT( '', #2972 );
#2276 = LINE( '', #2973, #2974 );
#2277 = VERTEX_POINT( '', #2975 );
#2278 = LINE( '', #2976, #2977 );
#2279 = VERTEX_POINT( '', #2978 );
#2280 = LINE( '', #2979, #2980 );
#2281 = LINE( '', #2981, #2982 );
#2282 = VERTEX_POINT( '', #2983 );
#2283 = VERTEX_POINT( '', #2984 );
#2284 = LINE( '', #2985, #2986 );
#2285 = VERTEX_POINT( '', #2987 );
#2286 = LINE( '', #2988, #2989 );
#2287 = VERTEX_POINT( '', #2990 );
#2288 = LINE( '', #2991, #2992 );
#2289 = LINE( '', #2993, #2994 );
#2290 = VERTEX_POINT( '', #2995 );
#2291 = LINE( '', #2996, #2997 );
#2292 = VERTEX_POINT( '', #2998 );
#2293 = LINE( '', #2999, #3000 );
#2294 = LINE( '', #3001, #3002 );
#2295 = VERTEX_POINT( '', #3003 );
#2296 = CIRCLE( '', #3004, 0.000901700000000000 );
#2297 = VERTEX_POINT( '', #3005 );
#2298 = LINE( '', #3006, #3007 );
#2299 = CIRCLE( '', #3008, 0.000393693400000000 );
#2300 = VERTEX_POINT( '', #3009 );
#2301 = VERTEX_POINT( '', #3010 );
#2302 = LINE( '', #3011, #3012 );
#2303 = VERTEX_POINT( '', #3013 );
#2304 = CIRCLE( '', #3014, 0.00304800000000000 );
#2305 = VERTEX_POINT( '', #3015 );
#2306 = LINE( '', #3016, #3017 );
#2307 = VERTEX_POINT( '', #3018 );
#2308 = LINE( '', #3019, #3020 );
#2309 = LINE( '', #3021, #3022 );
#2310 = VERTEX_POINT( '', #3023 );
#2311 = VERTEX_POINT( '', #3024 );
#2312 = LINE( '', #3025, #3026 );
#2313 = VERTEX_POINT( '', #3027 );
#2314 = LINE( '', #3028, #3029 );
#2315 = VERTEX_POINT( '', #3030 );
#2316 = LINE( '', #3031, #3032 );
#2317 = VERTEX_POINT( '', #3033 );
#2318 = LINE( '', #3034, #3035 );
#2319 = VERTEX_POINT( '', #3036 );
#2320 = LINE( '', #3037, #3038 );
#2321 = LINE( '', #3039, #3040 );
#2322 = VERTEX_POINT( '', #3041 );
#2323 = LINE( '', #3042, #3043 );
#2324 = VERTEX_POINT( '', #3044 );
#2325 = CIRCLE( '', #3045, 0.000381000000000000 );
#2326 = VERTEX_POINT( '', #3046 );
#2327 = LINE( '', #3047, #3048 );
#2328 = VERTEX_POINT( '', #3049 );
#2329 = LINE( '', #3050, #3051 );
#2330 = VERTEX_POINT( '', #3052 );
#2331 = LINE( '', #3053, #3054 );
#2332 = CIRCLE( '', #3055, 0.000381000000000000 );
#2333 = VERTEX_POINT( '', #3056 );
#2334 = VERTEX_POINT( '', #3057 );
#2335 = LINE( '', #3058, #3059 );
#2336 = VERTEX_POINT( '', #3060 );
#2337 = LINE( '', #3061, #3062 );
#2338 = VERTEX_POINT( '', #3063 );
#2339 = LINE( '', #3064, #3065 );
#2340 = LINE( '', #3066, #3067 );
#2341 = VERTEX_POINT( '', #3068 );
#2342 = VERTEX_POINT( '', #3069 );
#2343 = LINE( '', #3070, #3071 );
#2344 = VERTEX_POINT( '', #3072 );
#2345 = B_SPLINE_CURVE_WITH_KNOTS( '', 3, ( #3073, #3074, #3075, #3076, #3077, #3078, #3079, #3080, #3081, #3082, #3083, #3084, #3085, #3086, #3087, #3088, #3089 ), .UNSPECIFIED., .F., .F., ( 4, 1, 1, 1, 1, 1, 1, 1, 1, 1, 1, 1, 1, 1, 4 ), ( 0.000000000000000, 0.0571003313626222, 0.113587373609841, 0.169472547098957, 0.224766757195617, 0.279480113549546, 0.333621691443593, 0.387199341393845, 0.440219550576826, 0.492687357148653, 0.600848380462405, 0.705669681352921, 0.807149966722760, 0.905270149499808, 1.00000000000000 ), .UNSPECIFIED. );
#2346 = VERTEX_POINT( '', #3090 );
#2347 = LINE( '', #3091, #3092 );
#2348 = B_SPLINE_CURVE_WITH_KNOTS( '', 3, ( #3093, #3094, #3095, #3096, #3097, #3098, #3099, #3100, #3101, #3102, #3103, #3104, #3105, #3106, #3107, #3108 ), .UNSPECIFIED., .F., .F., ( 4, 1, 1, 1, 1, 1, 1, 1, 1, 1, 1, 1, 1, 4 ), ( 0.000000000000000, 0.0589044601959361, 0.119145537147394, 0.180715042900532, 0.243605708544348, 0.307811843149023, 0.373329995424858, 0.440159580386951, 0.508303426678074, 0.602957903104142, 0.699409403031923, 0.797697058524126, 0.897873239157293, 1.00000000000000 ), .UNSPECIFIED. );
#2349 = VERTEX_POINT( '', #3109 );
#2350 = VERTEX_POINT( '', #3110 );
#2351 = LINE( '', #3111, #3112 );
#2352 = VERTEX_POINT( '', #3113 );
#2353 = B_SPLINE_CURVE_WITH_KNOTS( '', 3, ( #3114, #3115, #3116, #3117, #3118, #3119, #3120, #3121, #3122, #3123, #3124, #3125, #3126, #3127, #3128, #3129 ), .UNSPECIFIED., .F., .F., ( 4, 1, 1, 1, 1, 1, 1, 1, 1, 1, 1, 1, 1, 4 ), ( 0.000000000000000, 0.0585530830856090, 0.118424652636391, 0.179606643507291, 0.242091884600983, 0.305874738668619, 0.370951745216091, 0.437322230452143, 0.504988841854890, 0.600244477306721, 0.697327317908275, 0.796276992250747, 0.897146787111483, 1.00000000000000 ), .UNSPECIFIED. );
#2354 = VERTEX_POINT( '', #3130 );
#2355 = LINE( '', #3131, #3132 );
#2356 = B_SPLINE_CURVE_WITH_KNOTS( '', 3, ( #3133, #3134, #3135, #3136, #3137, #3138, #3139, #3140, #3141, #3142, #3143, #3144, #3145, #3146, #3147, #3148 ), .UNSPECIFIED., .F., .F., ( 4, 1, 1, 1, 1, 1, 1, 1, 1, 1, 1, 1, 1, 4 ), ( 0.000000000000000, 0.0575245450719197, 0.114425265791514, 0.170713825376952, 0.226401353928991, 0.281498158324649, 0.336013476173127, 0.389955280252399, 0.443330137091679, 0.496143120713849, 0.629837035929655, 0.758395214645969, 0.881800158612007, 1.00000000000000 ), .UNSPECIFIED. );
#2357 = CIRCLE( '', #3149, 0.00254000000000000 );
#2358 = CIRCLE( '', #3150, 0.00380771190000000 );
#2359 = CIRCLE( '', #3151, 0.00254000000000000 );
#2360 = CIRCLE( '', #3152, 0.00380771190000000 );
#2361 = VERTEX_POINT( '', #3153 );
#2362 = CIRCLE( '', #3154, 0.00381000000000000 );
#2363 = VERTEX_POINT( '', #3155 );
#2364 = VERTEX_POINT( '', #3156 );
#2365 = CIRCLE( '', #3157, 0.000901700000000000 );
#2366 = VERTEX_POINT( '', #3158 );
#2367 = LINE( '', #3159, #3160 );
#2368 = VERTEX_POINT( '', #3161 );
#2369 = CIRCLE( '', #3162, 0.000901700000000000 );
#2370 = LINE( '', #3163, #3164 );
#2371 = VERTEX_POINT( '', #3165 );
#2372 = VERTEX_POINT( '', #3166 );
#2373 = LINE( '', #3167, #3168 );
#2374 = VERTEX_POINT( '', #3169 );
#2375 = B_SPLINE_CURVE_WITH_KNOTS( '', 3, ( #3170, #3171, #3172, #3173, #3174, #3175, #3176, #3177, #3178, #3179, #3180, #3181, #3182, #3183, #3184, #3185 ), .UNSPECIFIED., .F., .F., ( 4, 1, 1, 1, 1, 1, 1, 1, 1, 1, 1, 1, 1, 4 ), ( 0.000000000000000, 0.0585530830888199, 0.118424652641908, 0.179606643514201, 0.242091884608366, 0.305874738675550, 0.370951745221646, 0.437322230455400, 0.504988841854927, 0.600244477313071, 0.697327317917791, 0.796276992260265, 0.897146787117831, 1.00000000000000 ), .UNSPECIFIED. );
#2376 = VERTEX_POINT( '', #3186 );
#2377 = LINE( '', #3187, #3188 );
#2378 = B_SPLINE_CURVE_WITH_KNOTS( '', 3, ( #3189, #3190, #3191, #3192, #3193, #3194, #3195, #3196, #3197, #3198, #3199, #3200, #3201, #3202, #3203, #3204 ), .UNSPECIFIED., .F., .F., ( 4, 1, 1, 1, 1, 1, 1, 1, 1, 1, 1, 1, 1, 4 ), ( 0.000000000000000, 0.0575245450715486, 0.114425265790865, 0.170713825376117, 0.226401353928064, 0.281498158323721, 0.336013476172292, 0.389955280251750, 0.443330137091307, 0.496143120713845, 0.629837035929132, 0.758395214645273, 0.881800158611488, 1.00000000000000 ), .UNSPECIFIED. );
#2379 = VERTEX_POINT( '', #3205 );
#2380 = VERTEX_POINT( '', #3206 );
#2381 = LINE( '', #3207, #3208 );
#2382 = VERTEX_POINT( '', #3209 );
#2383 = B_SPLINE_CURVE_WITH_KNOTS( '', 3, ( #3210, #3211, #3212, #3213, #3214, #3215, #3216, #3217, #3218, #3219, #3220, #3221, #3222, #3223, #3224, #3225, #3226 ), .UNSPECIFIED., .F., .F., ( 4, 1, 1, 1, 1, 1, 1, 1, 1, 1, 1, 1, 1, 1, 4 ), ( 0.000000000000000, 0.0571003313614736, 0.113587373607832, 0.169472547096374, 0.224766757192748, 0.279480113546676, 0.333621691441012, 0.387199341391835, 0.440219550575674, 0.492687357148642, 0.600848380461022, 0.705669681350853, 0.807149966720697, 0.905270149498438, 1.00000000000000 ), .UNSPECIFIED. );
#2384 = VERTEX_POINT( '', #3227 );
#2385 = LINE( '', #3228, #3229 );
#2386 = B_SPLINE_CURVE_WITH_KNOTS( '', 3, ( #3230, #3231, #3232, #3233, #3234, #3235, #3236, #3237, #3238, #3239, #3240, #3241, #3242, #3243, #3244, #3245 ), .UNSPECIFIED., .F., .F., ( 4, 1, 1, 1, 1, 1, 1, 1, 1, 1, 1, 1, 1, 4 ), ( 0.000000000000000, 0.0589044602032556, 0.119145537159969, 0.180715042916282, 0.243605708561175, 0.307811843164823, 0.373329995437522, 0.440159580394372, 0.508303426678159, 0.602957903118615, 0.699409403053611, 0.797697058545820, 0.897873239171760, 1.00000000000000 ), .UNSPECIFIED. );
#2387 = CIRCLE( '', #3246, 0.00254000000000000 );
#2388 = CIRCLE( '', #3247, 0.00380771190000000 );
#2389 = CIRCLE( '', #3248, 0.00254000000000000 );
#2390 = CIRCLE( '', #3249, 0.00380771190000000 );
#2391 = VERTEX_POINT( '', #3250 );
#2392 = CIRCLE( '', #3251, 0.00381000000000000 );
#2393 = VERTEX_POINT( '', #3252 );
#2394 = VERTEX_POINT( '', #3253 );
#2395 = LINE( '', #3254, #3255 );
#2396 = VERTEX_POINT( '', #3256 );
#2397 = LINE( '', #3257, #3258 );
#2398 = VERTEX_POINT( '', #3259 );
#2399 = LINE( '', #3260, #3261 );
#2400 = LINE( '', #3262, #3263 );
#2401 = VERTEX_POINT( '', #3264 );
#2402 = CIRCLE( '', #3265, 0.00381000000000000 );
#2403 = VERTEX_POINT( '', #3266 );
#2404 = CIRCLE( '', #3267, 0.000901700000000000 );
#2405 = LINE( '', #3268, #3269 );
#2406 = VERTEX_POINT( '', #3270 );
#2407 = LINE( '', #3271, #3272 );
#2408 = VERTEX_POINT( '', #3273 );
#2409 = LINE( '', #3274, #3275 );
#2410 = LINE( '', #3276, #3277 );
#2411 = VERTEX_POINT( '', #3278 );
#2412 = LINE( '', #3279, #3280 );
#2413 = VERTEX_POINT( '', #3281 );
#2414 = LINE( '', #3282, #3283 );
#2415 = LINE( '', #3284, #3285 );
#2416 = VERTEX_POINT( '', #3286 );
#2417 = VERTEX_POINT( '', #3287 );
#2418 = LINE( '', #3288, #3289 );
#2419 = VERTEX_POINT( '', #3290 );
#2420 = LINE( '', #3291, #3292 );
#2421 = VERTEX_POINT( '', #3293 );
#2422 = LINE( '', #3294, #3295 );
#2423 = LINE( '', #3296, #3297 );
#2424 = VERTEX_POINT( '', #3298 );
#2425 = LINE( '', #3299, #3300 );
#2426 = VERTEX_POINT( '', #3301 );
#2427 = LINE( '', #3302, #3303 );
#2428 = CIRCLE( '', #3304, 0.00304800000000000 );
#2429 = VERTEX_POINT( '', #3305 );
#2430 = LINE( '', #3306, #3307 );
#2431 = VERTEX_POINT( '', #3308 );
#2432 = LINE( '', #3309, #3310 );
#2433 = LINE( '', #3311, #3312 );
#2434 = VERTEX_POINT( '', #3313 );
#2435 = LINE( '', #3314, #3315 );
#2436 = CIRCLE( '', #3316, 0.00304800000000000 );
#2437 = VERTEX_POINT( '', #3317 );
#2438 = VERTEX_POINT( '', #3318 );
#2439 = LINE( '', #3319, #3320 );
#2440 = VERTEX_POINT( '', #3321 );
#2441 = LINE( '', #3322, #3323 );
#2442 = VERTEX_POINT( '', #3324 );
#2443 = LINE( '', #3325, #3326 );
#2444 = LINE( '', #3327, #3328 );
#2445 = VERTEX_POINT( '', #3329 );
#2446 = LINE( '', #3330, #3331 );
#2447 = CIRCLE( '', #3332, 0.00304800000000000 );
#2448 = VERTEX_POINT( '', #3333 );
#2449 = VERTEX_POINT( '', #3334 );
#2450 = LINE( '', #3335, #3336 );
#2451 = VERTEX_POINT( '', #3337 );
#2452 = LINE( '', #3338, #3339 );
#2453 = VERTEX_POINT( '', #3340 );
#2454 = LINE( '', #3341, #3342 );
#2455 = LINE( '', #3343, #3344 );
#2456 = VERTEX_POINT( '', #3345 );
#2457 = CIRCLE( '', #3346, 0.00304800000000000 );
#2458 = LINE( '', #3347, #3348 );
#2459 = VERTEX_POINT( '', #3349 );
#2460 = CIRCLE( '', #3350, 0.00304800000000000 );
#2461 = VERTEX_POINT( '', #3351 );
#2462 = LINE( '', #3352, #3353 );
#2463 = CIRCLE( '', #3354, 0.00304800000000000 );
#2464 = VERTEX_POINT( '', #3355 );
#2465 = CIRCLE( '', #3356, 0.00304800000000000 );
#2466 = LINE( '', #3357, #3358 );
#2467 = VERTEX_POINT( '', #3359 );
#2468 = VERTEX_POINT( '', #3360 );
#2469 = LINE( '', #3361, #3362 );
#2470 = VERTEX_POINT( '', #3363 );
#2471 = CIRCLE( '', #3364, 0.00304800000000000 );
#2472 = VERTEX_POINT( '', #3365 );
#2473 = LINE( '', #3366, #3367 );
#2474 = CIRCLE( '', #3368, 0.00304800000000000 );
#2475 = VERTEX_POINT( '', #3369 );
#2476 = LINE( '', #3370, #3371 );
#2477 = VERTEX_POINT( '', #3372 );
#2478 = LINE( '', #3373, #3374 );
#2479 = VERTEX_POINT( '', #3375 );
#2480 = LINE( '', #3376, #3377 );
#2481 = VERTEX_POINT( '', #3378 );
#2482 = LINE( '', #3379, #3380 );
#2483 = LINE( '', #3381, #3382 );
#2484 = VERTEX_POINT( '', #3383 );
#2485 = LINE( '', #3384, #3385 );
#2486 = VERTEX_POINT( '', #3386 );
#2487 = LINE( '', #3387, #3388 );
#2488 = LINE( '', #3389, #3390 );
#2489 = VERTEX_POINT( '', #3391 );
#2490 = VERTEX_POINT( '', #3392 );
#2491 = LINE( '', #3393, #3394 );
#2492 = VERTEX_POINT( '', #3395 );
#2493 = LINE( '', #3396, #3397 );
#2494 = VERTEX_POINT( '', #3398 );
#2495 = LINE( '', #3399, #3400 );
#2496 = LINE( '', #3401, #3402 );
#2497 = LINE( '', #3403, #3404 );
#2498 = VERTEX_POINT( '', #3405 );
#2499 = LINE( '', #3406, #3407 );
#2500 = VERTEX_POINT( '', #3408 );
#2501 = LINE( '', #3409, #3410 );
#2502 = LINE( '', #3411, #3412 );
#2503 = VERTEX_POINT( '', #3413 );
#2504 = VERTEX_POINT( '', #3414 );
#2505 = LINE( '', #3415, #3416 );
#2506 = VERTEX_POINT( '', #3417 );
#2507 = LINE( '', #3418, #3419 );
#2508 = VERTEX_POINT( '', #3420 );
#2509 = LINE( '', #3421, #3422 );
#2510 = LINE( '', #3423, #3424 );
#2511 = VERTEX_POINT( '', #3425 );
#2512 = VERTEX_POINT( '', #3426 );
#2513 = LINE( '', #3427, #3428 );
#2514 = VERTEX_POINT( '', #3429 );
#2515 = LINE( '', #3430, #3431 );
#2516 = VERTEX_POINT( '', #3432 );
#2517 = LINE( '', #3433, #3434 );
#2518 = LINE( '', #3435, #3436 );
#2519 = VERTEX_POINT( '', #3437 );
#2520 = LINE( '', #3438, #3439 );
#2521 = VERTEX_POINT( '', #3440 );
#2522 = LINE( '', #3441, #3442 );
#2523 = LINE( '', #3443, #3444 );
#2524 = VERTEX_POINT( '', #3445 );
#2525 = LINE( '', #3446, #3447 );
#2526 = VERTEX_POINT( '', #3448 );
#2527 = LINE( '', #3449, #3450 );
#2528 = LINE( '', #3451, #3452 );
#2529 = VERTEX_POINT( '', #3453 );
#2530 = VERTEX_POINT( '', #3454 );
#2531 = LINE( '', #3455, #3456 );
#2532 = VERTEX_POINT( '', #3457 );
#2533 = LINE( '', #3458, #3459 );
#2534 = VERTEX_POINT( '', #3460 );
#2535 = LINE( '', #3461, #3462 );
#2536 = VERTEX_POINT( '', #3463 );
#2537 = LINE( '', #3464, #3465 );
#2538 = LINE( '', #3466, #3467 );
#2539 = LINE( '', #3468, #3469 );
#2540 = VERTEX_POINT( '', #3470 );
#2541 = LINE( '', #3471, #3472 );
#2542 = LINE( '', #3473, #3474 );
#2543 = VERTEX_POINT( '', #3475 );
#2544 = LINE( '', #3476, #3477 );
#2545 = LINE( '', #3478, #3479 );
#2546 = VERTEX_POINT( '', #3480 );
#2547 = LINE( '', #3481, #3482 );
#2548 = VERTEX_POINT( '', #3483 );
#2549 = LINE( '', #3484, #3485 );
#2550 = LINE( '', #3486, #3487 );
#2551 = LINE( '', #3488, #3489 );
#2552 = VERTEX_POINT( '', #3490 );
#2553 = LINE( '', #3491, #3492 );
#2554 = LINE( '', #3493, #3494 );
#2555 = VERTEX_POINT( '', #3495 );
#2556 = VERTEX_POINT( '', #3496 );
#2557 = LINE( '', #3497, #3498 );
#2558 = VERTEX_POINT( '', #3499 );
#2559 = LINE( '', #3500, #3501 );
#2560 = VERTEX_POINT( '', #3502 );
#2561 = LINE( '', #3503, #3504 );
#2562 = LINE( '', #3505, #3506 );
#2563 = VERTEX_POINT( '', #3507 );
#2564 = LINE( '', #3508, #3509 );
#2565 = VERTEX_POINT( '', #3510 );
#2566 = LINE( '', #3511, #3512 );
#2567 = LINE( '', #3513, #3514 );
#2568 = VERTEX_POINT( '', #3515 );
#2569 = LINE( '', #3516, #3517 );
#2570 = LINE( '', #3518, #3519 );
#2571 = VERTEX_POINT( '', #3520 );
#2572 = LINE( '', #3521, #3522 );
#2573 = LINE( '', #3523, #3524 );
#2574 = LINE( '', #3525, #3526 );
#2575 = VERTEX_POINT( '', #3527 );
#2576 = LINE( '', #3528, #3529 );
#2577 = LINE( '', #3530, #3531 );
#2578 = VERTEX_POINT( '', #3532 );
#2579 = LINE( '', #3533, #3534 );
#2580 = LINE( '', #3535, #3536 );
#2581 = LINE( '', #3537, #3538 );
#2582 = VERTEX_POINT( '', #3539 );
#2583 = LINE( '', #3540, #3541 );
#2584 = VERTEX_POINT( '', #3542 );
#2585 = LINE( '', #3543, #3544 );
#2586 = VERTEX_POINT( '', #3545 );
#2587 = LINE( '', #3546, #3547 );
#2588 = LINE( '', #3548, #3549 );
#2589 = VERTEX_POINT( '', #3550 );
#2590 = LINE( '', #3551, #3552 );
#2591 = VERTEX_POINT( '', #3553 );
#2592 = LINE( '', #3554, #3555 );
#2593 = LINE( '', #3556, #3557 );
#2594 = LINE( '', #3558, #3559 );
#2595 = VERTEX_POINT( '', #3560 );
#2596 = LINE( '', #3561, #3562 );
#2597 = LINE( '', #3563, #3564 );
#2598 = VERTEX_POINT( '', #3565 );
#2599 = LINE( '', #3566, #3567 );
#2600 = VERTEX_POINT( '', #3568 );
#2601 = LINE( '', #3569, #3570 );
#2602 = VERTEX_POINT( '', #3571 );
#2603 = LINE( '', #3572, #3573 );
#2604 = LINE( '', #3574, #3575 );
#2605 = VERTEX_POINT( '', #3576 );
#2606 = VERTEX_POINT( '', #3577 );
#2607 = LINE( '', #3578, #3579 );
#2608 = VERTEX_POINT( '', #3580 );
#2609 = LINE( '', #3581, #3582 );
#2610 = VERTEX_POINT( '', #3583 );
#2611 = LINE( '', #3584, #3585 );
#2612 = LINE( '', #3586, #3587 );
#2613 = LINE( '', #3588, #3589 );
#2614 = LINE( '', #3590, #3591 );
#2615 = LINE( '', #3592, #3593 );
#2616 = LINE( '', #3594, #3595 );
#2617 = VERTEX_POINT( '', #3596 );
#2618 = LINE( '', #3597, #3598 );
#2619 = VERTEX_POINT( '', #3599 );
#2620 = LINE( '', #3600, #3601 );
#2621 = LINE( '', #3602, #3603 );
#2622 = LINE( '', #3604, #3605 );
#2623 = VERTEX_POINT( '', #3606 );
#2624 = LINE( '', #3607, #3608 );
#2625 = VERTEX_POINT( '', #3609 );
#2626 = CIRCLE( '', #3610, 0.000901700000000000 );
#2627 = LINE( '', #3611, #3612 );
#2628 = VERTEX_POINT( '', #3613 );
#2629 = VERTEX_POINT( '', #3614 );
#2630 = LINE( '', #3615, #3616 );
#2631 = VERTEX_POINT( '', #3617 );
#2632 = CIRCLE( '', #3618, 0.000901700000000000 );
#2633 = VERTEX_POINT( '', #3619 );
#2634 = LINE( '', #3620, #3621 );
#2635 = CIRCLE( '', #3622, 0.000901700000000000 );
#2636 = VERTEX_POINT( '', #3623 );
#2637 = VERTEX_POINT( '', #3624 );
#2638 = LINE( '', #3625, #3626 );
#2639 = VERTEX_POINT( '', #3627 );
#2640 = CIRCLE( '', #3628, 0.000901700000000000 );
#2641 = VERTEX_POINT( '', #3629 );
#2642 = LINE( '', #3630, #3631 );
#2643 = CIRCLE( '', #3632, 0.000901700000000000 );
#2644 = CIRCLE( '', #3633, 0.000901700000000000 );
#2645 = LINE( '', #3634, #3635 );
#2646 = VERTEX_POINT( '', #3636 );
#2647 = LINE( '', #3637, #3638 );
#2648 = VERTEX_POINT( '', #3639 );
#2649 = CIRCLE( '', #3640, 0.000381000000000000 );
#2650 = LINE( '', #3641, #3642 );
#2651 = VERTEX_POINT( '', #3643 );
#2652 = LINE( '', #3644, #3645 );
#2653 = LINE( '', #3646, #3647 );
#2654 = VERTEX_POINT( '', #3648 );
#2655 = VERTEX_POINT( '', #3649 );
#2656 = LINE( '', #3650, #3651 );
#2657 = LINE( '', #3652, #3653 );
#2658 = LINE( '', #3654, #3655 );
#2659 = VERTEX_POINT( '', #3656 );
#2660 = LINE( '', #3657, #3658 );
#2661 = VERTEX_POINT( '', #3659 );
#2662 = LINE( '', #3660, #3661 );
#2663 = CIRCLE( '', #3662, 0.000393693400000000 );
#2664 = VERTEX_POINT( '', #3663 );
#2665 = LINE( '', #3664, #3665 );
#2666 = VERTEX_POINT( '', #3666 );
#2667 = LINE( '', #3667, #3668 );
#2668 = LINE( '', #3669, #3670 );
#2669 = CIRCLE( '', #3671, 0.000381000000000000 );
#2670 = CIRCLE( '', #3672, 0.000381000000000000 );
#2671 = VERTEX_POINT( '', #3673 );
#2672 = VERTEX_POINT( '', #3674 );
#2673 = LINE( '', #3675, #3676 );
#2674 = VERTEX_POINT( '', #3677 );
#2675 = LINE( '', #3678, #3679 );
#2676 = VERTEX_POINT( '', #3680 );
#2677 = LINE( '', #3681, #3682 );
#2678 = LINE( '', #3683, #3684 );
#2679 = VERTEX_POINT( '', #3685 );
#2680 = VERTEX_POINT( '', #3686 );
#2681 = LINE( '', #3687, #3688 );
#2682 = VERTEX_POINT( '', #3689 );
#2683 = LINE( '', #3690, #3691 );
#2684 = VERTEX_POINT( '', #3692 );
#2685 = LINE( '', #3693, #3694 );
#2686 = LINE( '', #3695, #3696 );
#2687 = LINE( '', #3697, #3698 );
#2688 = LINE( '', #3699, #3700 );
#2689 = VERTEX_POINT( '', #3701 );
#2690 = LINE( '', #3702, #3703 );
#2691 = VERTEX_POINT( '', #3704 );
#2692 = LINE( '', #3705, #3706 );
#2693 = LINE( '', #3707, #3708 );
#2694 = VERTEX_POINT( '', #3709 );
#2695 = LINE( '', #3710, #3711 );
#2696 = CIRCLE( '', #3712, 0.000901700000000000 );
#2697 = CIRCLE( '', #3713, 0.000393693400000000 );
#2698 = VERTEX_POINT( '', #3714 );
#2699 = CIRCLE( '', #3715, 0.00381000000000000 );
#2700 = LINE( '', #3716, #3717 );
#2701 = LINE( '', #3718, #3719 );
#2702 = LINE( '', #3720, #3721 );
#2703 = LINE( '', #3722, #3723 );
#2704 = VERTEX_POINT( '', #3724 );
#2705 = CIRCLE( '', #3725, 0.000901700000000000 );
#2706 = LINE( '', #3726, #3727 );
#2707 = LINE( '', #3728, #3729 );
#2708 = LINE( '', #3730, #3731 );
#2709 = LINE( '', #3732, #3733 );
#2710 = LINE( '', #3734, #3735 );
#2711 = LINE( '', #3736, #3737 );
#2712 = LINE( '', #3738, #3739 );
#2713 = VERTEX_POINT( '', #3740 );
#2714 = LINE( '', #3741, #3742 );
#2715 = VERTEX_POINT( '', #3743 );
#2716 = LINE( '', #3744, #3745 );
#2717 = LINE( '', #3746, #3747 );
#2718 = LINE( '', #3748, #3749 );
#2719 = VERTEX_POINT( '', #3750 );
#2720 = LINE( '', #3751, #3752 );
#2721 = VERTEX_POINT( '', #3753 );
#2722 = LINE( '', #3754, #3755 );
#2723 = CIRCLE( '', #3756, 0.000393693400000000 );
#2724 = VERTEX_POINT( '', #3757 );
#2725 = LINE( '', #3758, #3759 );
#2726 = LINE( '', #3760, #3761 );
#2727 = VERTEX_POINT( '', #3762 );
#2728 = LINE( '', #3763, #3764 );
#2729 = CIRCLE( '', #3765, 0.000901700000000000 );
#2730 = VERTEX_POINT( '', #3766 );
#2731 = CIRCLE( '', #3767, 0.000381000000000000 );
#2732 = VERTEX_POINT( '', #3768 );
#2733 = LINE( '', #3769, #3770 );
#2734 = CIRCLE( '', #3771, 0.000381000000000000 );
#2735 = VERTEX_POINT( '', #3772 );
#2736 = CIRCLE( '', #3773, 0.00381000000000000 );
#2737 = VERTEX_POINT( '', #3774 );
#2738 = VERTEX_POINT( '', #3775 );
#2739 = LINE( '', #3776, #3777 );
#2740 = CIRCLE( '', #3778, 0.000901700000000000 );
#2741 = CIRCLE( '', #3779, 0.000393693400000000 );
#2742 = VERTEX_POINT( '', #3780 );
#2743 = LINE( '', #3781, #3782 );
#2744 = LINE( '', #3783, #3784 );
#2745 = LINE( '', #3785, #3786 );
#2746 = CIRCLE( '', #3787, 0.000381000000000000 );
#2747 = LINE( '', #3788, #3789 );
#2748 = LINE( '', #3790, #3791 );
#2749 = LINE( '', #3792, #3793 );
#2750 = VERTEX_POINT( '', #3794 );
#2751 = LINE( '', #3795, #3796 );
#2752 = VERTEX_POINT( '', #3797 );
#2753 = CIRCLE( '', #3798, 0.000901700000000000 );
#2754 = VERTEX_POINT( '', #3799 );
#2755 = LINE( '', #3800, #3801 );
#2756 = CIRCLE( '', #3802, 0.000393693400000000 );
#2757 = LINE( '', #3803, #3804 );
#2758 = VERTEX_POINT( '', #3805 );
#2759 = LINE( '', #3806, #3807 );
#2760 = VERTEX_POINT( '', #3808 );
#2761 = LINE( '', #3809, #3810 );
#2762 = LINE( '', #3811, #3812 );
#2763 = VERTEX_POINT( '', #3813 );
#2764 = CIRCLE( '', #3814, 0.000901700000000000 );
#2765 = VERTEX_POINT( '', #3815 );
#2766 = LINE( '', #3816, #3817 );
#2767 = CIRCLE( '', #3818, 0.000393693400000000 );
#2768 = LINE( '', #3819, #3820 );
#2769 = LINE( '', #3821, #3822 );
#2770 = LINE( '', #3823, #3824 );
#2771 = LINE( '', #3825, #3826 );
#2772 = LINE( '', #3827, #3828 );
#2773 = LINE( '', #3829, #3830 );
#2774 = LINE( '', #3831, #3832 );
#2775 = VERTEX_POINT( '', #3833 );
#2776 = LINE( '', #3834, #3835 );
#2777 = CIRCLE( '', #3836, 0.000393693400000000 );
#2778 = LINE( '', #3837, #3838 );
#2779 = LINE( '', #3839, #3840 );
#2780 = LINE( '', #3841, #3842 );
#2781 = LINE( '', #3843, #3844 );
#2782 = LINE( '', #3845, #3846 );
#2783 = LINE( '', #3847, #3848 );
#2784 = VERTEX_POINT( '', #3849 );
#2785 = LINE( '', #3850, #3851 );
#2786 = LINE( '', #3852, #3853 );
#2787 = LINE( '', #3854, #3855 );
#2788 = LINE( '', #3856, #3857 );
#2789 = VERTEX_POINT( '', #3858 );
#2790 = LINE( '', #3859, #3860 );
#2791 = LINE( '', #3861, #3862 );
#2792 = LINE( '', #3863, #3864 );
#2793 = VERTEX_POINT( '', #3865 );
#2794 = CIRCLE( '', #3866, 0.00381000000000000 );
#2795 = LINE( '', #3867, #3868 );
#2796 = LINE( '', #3869, #3870 );
#2797 = CARTESIAN_POINT( '', ( 0.00880934442484208, 0.0134874000000000, -0.000635000000000000 ) );
#2798 = CARTESIAN_POINT( '', ( 0.00389065557515792, 0.0134874000000000, -0.000635000000000000 ) );
#2799 = AXIS2_PLACEMENT_3D( '', #3871, #3872, #3873 );
#2800 = CARTESIAN_POINT( '', ( 0.0101043901248471, 0.0122936000000000, -0.000635000000000000 ) );
#2801 = CARTESIAN_POINT( '', ( 0.00880934442509608, 0.0134874000000000, -0.000635000000254000 ) );
#2802 = CARTESIAN_POINT( '', ( 0.00884745116190370, 0.0134864694759891, -0.000635006543135602 ) );
#2803 = CARTESIAN_POINT( '', ( 0.00892452932560480, 0.0134845873131999, -0.000635019777365068 ) );
#2804 = CARTESIAN_POINT( '', ( 0.00904059062420868, 0.0134690499312228, -0.000635076341324990 ) );
#2805 = CARTESIAN_POINT( '', ( 0.00915739695368017, 0.0134434436134191, -0.000635114826278026 ) );
#2806 = CARTESIAN_POINT( '', ( 0.00927381890364993, 0.0134062970061301, -0.000635125619226219 ) );
#2807 = CARTESIAN_POINT( '', ( 0.00938860206737501, 0.0133574241495634, -0.000635104506751276 ) );
#2808 = CARTESIAN_POINT( '', ( 0.00950037471201138, 0.0132964503047045, -0.000635063371097122 ) );
#2809 = CARTESIAN_POINT( '', ( 0.00960766348604936, 0.0132232417376050, -0.000635014666136789 ) );
#2810 = CARTESIAN_POINT( '', ( 0.00972136643301051, 0.0131273220208691, -0.000635002905072175 ) );
#2811 = CARTESIAN_POINT( '', ( 0.00983558103056413, 0.0130037688248813, -0.000634950883356614 ) );
#2812 = CARTESIAN_POINT( '', ( 0.00994175855522742, 0.0128487467004989, -0.000634859994725670 ) );
#2813 = CARTESIAN_POINT( '', ( 0.0100246076337891, 0.0126763238136153, -0.000634850725380161 ) );
#2814 = CARTESIAN_POINT( '', ( 0.0100834050064290, 0.0124897772883986, -0.000634945837180967 ) );
#2815 = CARTESIAN_POINT( '', ( 0.0100973502658475, 0.0123594114202046, -0.000634981830182206 ) );
#2816 = CARTESIAN_POINT( '', ( 0.0101043901247989, 0.0122936000002356, -0.000635000000202881 ) );
#2817 = CARTESIAN_POINT( '', ( 0.0101043901248471, 0.0122936000000000, 0.000635000000000000 ) );
#2818 = AXIS2_PLACEMENT_3D( '', #3874, #3875, #3876 );
#2819 = CARTESIAN_POINT( '', ( 0.00880934442484208, 0.0134874000000000, 0.000635000000000000 ) );
#2820 = CARTESIAN_POINT( '', ( 0.0101043901247989, 0.0122936000002356, 0.000635000000202879 ) );
#2821 = CARTESIAN_POINT( '', ( 0.0101011717465058, 0.0123306796551867, 0.000634994056423080 ) );
#2822 = CARTESIAN_POINT( '', ( 0.0100947698915908, 0.0124044368551432, 0.000634982233320740 ) );
#2823 = CARTESIAN_POINT( '', ( 0.0100729117985143, 0.0125128538943623, 0.000634925766513413 ) );
#2824 = CARTESIAN_POINT( '', ( 0.0100426813881361, 0.0126178892055986, 0.000634879734980044 ) );
#2825 = CARTESIAN_POINT( '', ( 0.0100037242925139, 0.0127188022416217, 0.000634855366775686 ) );
#2826 = CARTESIAN_POINT( '', ( 0.00995684785582719, 0.0128149925348066, 0.000634860295027384 ) );
#2827 = CARTESIAN_POINT( '', ( 0.00990259932169689, 0.0129059159716632, 0.000634891633194476 ) );
#2828 = CARTESIAN_POINT( '', ( 0.00984163518346779, 0.0129911027250373, 0.000634937603799386 ) );
#2829 = CARTESIAN_POINT( '', ( 0.00977459456447362, 0.0130701688543780, 0.000634986394445330 ) );
#2830 = CARTESIAN_POINT( '', ( 0.00966497829723223, 0.0131800559586442, 0.000635005447302468 ) );
#2831 = CARTESIAN_POINT( '', ( 0.00950093500118082, 0.0133036217468096, 0.000635051053681992 ) );
#2832 = CARTESIAN_POINT( '', ( 0.00927479458433497, 0.0134114998681054, 0.000635141352946322 ) );
#2833 = CARTESIAN_POINT( '', ( 0.00904227040742552, 0.0134759418836301, 0.000635071867167871 ) );
#2834 = CARTESIAN_POINT( '', ( 0.00888586321368538, 0.0134836358807061, 0.000635023609338457 ) );
#2835 = CARTESIAN_POINT( '', ( 0.00880934442509608, 0.0134874000000000, 0.000635000000254000 ) );
#2836 = CARTESIAN_POINT( '', ( 0.00389065557515792, 0.0134874000000000, 0.000635000000000000 ) );
#2837 = AXIS2_PLACEMENT_3D( '', #3877, #3878, #3879 );
#2838 = CARTESIAN_POINT( '', ( 0.00259560987515290, 0.0122936000000000, 0.000635000000000000 ) );
#2839 = CARTESIAN_POINT( '', ( 0.00389065557541192, 0.0134874000000000, 0.000635000000254000 ) );
#2840 = CARTESIAN_POINT( '', ( 0.00385277650149718, 0.0134864805803541, 0.000635006394422127 ) );
#2841 = CARTESIAN_POINT( '', ( 0.00377616540035228, 0.0134846210377568, 0.000635019326740964 ) );
#2842 = CARTESIAN_POINT( '', ( 0.00366080687658723, 0.0134692724814080, 0.000635074562914521 ) );
#2843 = CARTESIAN_POINT( '', ( 0.00354470414399962, 0.0134439825328543, 0.000635112056137321 ) );
#2844 = CARTESIAN_POINT( '', ( 0.00342896436062452, 0.0134073006473927, 0.000635122404410869 ) );
#2845 = CARTESIAN_POINT( '', ( 0.00331481657259176, 0.0133590441623097, 0.000635101507984331 ) );
#2846 = CARTESIAN_POINT( '', ( 0.00320360442153197, 0.0132988419756067, 0.000635061125241342 ) );
#2847 = CARTESIAN_POINT( '', ( 0.00309677062591487, 0.0132265581676754, 0.000635013433487912 ) );
#2848 = CARTESIAN_POINT( '', ( 0.00298279176997273, 0.0131313129680296, 0.000635003102778727 ) );
#2849 = CARTESIAN_POINT( '', ( 0.00286766980172644, 0.0130079234896991, 0.000634951185409808 ) );
#2850 = CARTESIAN_POINT( '', ( 0.00276021750319289, 0.0128522750980981, 0.000634858215401876 ) );
#2851 = CARTESIAN_POINT( '', ( 0.00267634013560582, 0.0126789098897096, 0.000634848074623730 ) );
#2852 = CARTESIAN_POINT( '', ( 0.00261680776802693, 0.0124911584470098, 0.000634944700671534 ) );
#2853 = CARTESIAN_POINT( '', ( 0.00260272155327689, 0.0123598788556145, 0.000634981447826240 ) );
#2854 = CARTESIAN_POINT( '', ( 0.00259560987521704, 0.0122936000002656, 0.000635000000286111 ) );
#2855 = CARTESIAN_POINT( '', ( 0.00259560987515290, 0.0122936000000000, -0.000635000000000000 ) );
#2856 = AXIS2_PLACEMENT_3D( '', #3880, #3881, #3882 );
#2857 = CARTESIAN_POINT( '', ( 0.00259560987521704, 0.0122936000002656, -0.000635000000286111 ) );
#2858 = CARTESIAN_POINT( '', ( 0.00259879858832738, 0.0123304159845521, -0.000634994180234363 ) );
#2859 = CARTESIAN_POINT( '', ( 0.00260514176600694, 0.0124036525291067, -0.000634982602641440 ) );
#2860 = CARTESIAN_POINT( '', ( 0.00262674076351423, 0.0125113273206826, -0.000634927203162336 ) );
#2861 = CARTESIAN_POINT( '', ( 0.00265660093743763, 0.0126156816401864, -0.000634881884769157 ) );
#2862 = CARTESIAN_POINT( '', ( 0.00269507710315951, 0.0127159887285915, -0.000634857680050002 ) );
#2863 = CARTESIAN_POINT( '', ( 0.00274137906180877, 0.0128116589735794, -0.000634862163562514 ) );
#2864 = CARTESIAN_POINT( '', ( 0.00279497293814562, 0.0129021564280264, -0.000634892608019867 ) );
#2865 = CARTESIAN_POINT( '', ( 0.00285521852435997, 0.0129870199767289, -0.000634937696016065 ) );
#2866 = CARTESIAN_POINT( '', ( 0.00292148744010776, 0.0130658621860160, -0.000634985651521144 ) );
#2867 = CARTESIAN_POINT( '', ( 0.00301868043542872, 0.0131642501742666, -0.000635004434363794 ) );
#2868 = CARTESIAN_POINT( '', ( 0.00315397873156951, 0.0132712711296932, -0.000635034929070149 ) );
#2869 = CARTESIAN_POINT( '', ( 0.00333231541460501, 0.0133708463205020, -0.000635115048614004 ) );
#2870 = CARTESIAN_POINT( '', ( 0.00351762292933451, 0.0134391296442003, -0.000635128785909360 ) );
#2871 = CARTESIAN_POINT( '', ( 0.00370451754648296, 0.0134800721023858, -0.000635048854217139 ) );
#2872 = CARTESIAN_POINT( '', ( 0.00382934103761876, 0.0134849861641074, -0.000635016092925586 ) );
#2873 = CARTESIAN_POINT( '', ( 0.00389065557541192, 0.0134874000000000, -0.000635000000254000 ) );
#2874 = CARTESIAN_POINT( '', ( 0.00635000000025400, 0.0122174000002540, -0.00381000000025400 ) );
#2875 = AXIS2_PLACEMENT_3D( '', #3883, #3884, #3885 );
#2876 = CARTESIAN_POINT( '', ( 0.0215093444248421, 0.0134874000000000, -0.000635000000000000 ) );
#2877 = CARTESIAN_POINT( '', ( 0.0165906555751579, 0.0134874000000000, -0.000635000000000000 ) );
#2878 = AXIS2_PLACEMENT_3D( '', #3886, #3887, #3888 );
#2879 = CARTESIAN_POINT( '', ( 0.0228043901248471, 0.0122936000000000, -0.000635000000000000 ) );
#2880 = CARTESIAN_POINT( '', ( 0.0215093444250961, 0.0134874000000000, -0.000635000000254001 ) );
#2881 = CARTESIAN_POINT( '', ( 0.0215474511618971, 0.0134864694759894, -0.000635006543135699 ) );
#2882 = CARTESIAN_POINT( '', ( 0.0216245293255869, 0.0134845873132008, -0.000635019777365361 ) );
#2883 = CARTESIAN_POINT( '', ( 0.0217405906241769, 0.0134690499312279, -0.000635076341326508 ) );
#2884 = CARTESIAN_POINT( '', ( 0.0218573969536407, 0.0134434436134293, -0.000635114826281022 ) );
#2885 = CARTESIAN_POINT( '', ( 0.0219738189036089, 0.0134062970061450, -0.000635125619230624 ) );
#2886 = CARTESIAN_POINT( '', ( 0.0220886020673382, 0.0133574241495810, -0.000635104506756575 ) );
#2887 = CARTESIAN_POINT( '', ( 0.0222003747119838, 0.0132964503047212, -0.000635063371102313 ) );
#2888 = CARTESIAN_POINT( '', ( 0.0223076634860351, 0.0132232417376160, -0.000635014666140632 ) );
#2889 = CARTESIAN_POINT( '', ( 0.0224213664329961, 0.0131273220208823, -0.000635002905071565 ) );
#2890 = CARTESIAN_POINT( '', ( 0.0225355810305431, 0.0130037688249064, -0.000634950883351860 ) );
#2891 = CARTESIAN_POINT( '', ( 0.0226417585552014, 0.0128487467005444, -0.000634859994720872 ) );
#2892 = CARTESIAN_POINT( '', ( 0.0227246076337708, 0.0126763238136645, -0.000634850725377011 ) );
#2893 = CARTESIAN_POINT( '', ( 0.0227834050064240, 0.0124897772884311, -0.000634945837180248 ) );
#2894 = CARTESIAN_POINT( '', ( 0.0227973502658455, 0.0123594114202176, -0.000634981830181964 ) );
#2895 = CARTESIAN_POINT( '', ( 0.0228043901247989, 0.0122936000002356, -0.000635000000202881 ) );
#2896 = CARTESIAN_POINT( '', ( 0.0228043901248471, 0.0122936000000000, 0.000635000000000000 ) );
#2897 = AXIS2_PLACEMENT_3D( '', #3889, #3890, #3891 );
#2898 = CARTESIAN_POINT( '', ( 0.0215093444248421, 0.0134874000000000, 0.000635000000000000 ) );
#2899 = CARTESIAN_POINT( '', ( 0.0228043901247989, 0.0122936000002356, 0.000635000000202879 ) );
#2900 = CARTESIAN_POINT( '', ( 0.0228011717465057, 0.0123306796551880, 0.000634994056423070 ) );
#2901 = CARTESIAN_POINT( '', ( 0.0227947698915904, 0.0124044368551467, 0.000634982233320710 ) );
#2902 = CARTESIAN_POINT( '', ( 0.0227729117985128, 0.0125128538943686, 0.000634925766513222 ) );
#2903 = CARTESIAN_POINT( '', ( 0.0227426813881335, 0.0126178892056067, 0.000634879734979662 ) );
#2904 = CARTESIAN_POINT( '', ( 0.0227037242925102, 0.0127188022416303, 0.000634855366775118 ) );
#2905 = CARTESIAN_POINT( '', ( 0.0226568478558228, 0.0128149925348149, 0.000634860295026666 ) );
#2906 = CARTESIAN_POINT( '', ( 0.0226025993216924, 0.0129059159716703, 0.000634891633193698 ) );
#2907 = CARTESIAN_POINT( '', ( 0.0225416351834638, 0.0129911027250424, 0.000634937603798680 ) );
#2908 = CARTESIAN_POINT( '', ( 0.0224745945644712, 0.0130701688543806, 0.000634986394444834 ) );
#2909 = CARTESIAN_POINT( '', ( 0.0223649782972299, 0.0131800559586462, 0.000635005447302740 ) );
#2910 = CARTESIAN_POINT( '', ( 0.0222009350011772, 0.0133036217468119, 0.000635051053682963 ) );
#2911 = CARTESIAN_POINT( '', ( 0.0219747945843292, 0.0134114998681075, 0.000635141352947073 ) );
#2912 = CARTESIAN_POINT( '', ( 0.0217422704074213, 0.0134759418836306, 0.000635071867168066 ) );
#2913 = CARTESIAN_POINT( '', ( 0.0215858632136836, 0.0134836358807063, 0.000635023609338521 ) );
#2914 = CARTESIAN_POINT( '', ( 0.0215093444250961, 0.0134874000000000, 0.000635000000254000 ) );
#2915 = CARTESIAN_POINT( '', ( 0.0165906555751579, 0.0134874000000000, 0.000635000000000000 ) );
#2916 = AXIS2_PLACEMENT_3D( '', #3892, #3893, #3894 );
#2917 = CARTESIAN_POINT( '', ( 0.0152956098751529, 0.0122936000000000, 0.000635000000000000 ) );
#2918 = CARTESIAN_POINT( '', ( 0.0165906555754119, 0.0134874000000000, 0.000635000000254000 ) );
#2919 = CARTESIAN_POINT( '', ( 0.0165527765014974, 0.0134864805803541, 0.000635006394422131 ) );
#2920 = CARTESIAN_POINT( '', ( 0.0164761654003530, 0.0134846210377568, 0.000635019326740976 ) );
#2921 = CARTESIAN_POINT( '', ( 0.0163608068765886, 0.0134692724814082, 0.000635074562914584 ) );
#2922 = CARTESIAN_POINT( '', ( 0.0162447041440013, 0.0134439825328548, 0.000635112056137445 ) );
#2923 = CARTESIAN_POINT( '', ( 0.0161289643606262, 0.0134073006473933, 0.000635122404411050 ) );
#2924 = CARTESIAN_POINT( '', ( 0.0160148165725933, 0.0133590441623104, 0.000635101507984551 ) );
#2925 = CARTESIAN_POINT( '', ( 0.0159036044215331, 0.0132988419756073, 0.000635061125241557 ) );
#2926 = CARTESIAN_POINT( '', ( 0.0157967706259155, 0.0132265581676758, 0.000635013433488070 ) );
#2927 = CARTESIAN_POINT( '', ( 0.0156827917699733, 0.0131313129680301, 0.000635003102778701 ) );
#2928 = CARTESIAN_POINT( '', ( 0.0155676698017273, 0.0130079234897002, 0.000634951185409608 ) );
#2929 = CARTESIAN_POINT( '', ( 0.0154602175031940, 0.0128522750981000, 0.000634858215401675 ) );
#2930 = CARTESIAN_POINT( '', ( 0.0153763401356066, 0.0126789098897116, 0.000634848074623600 ) );
#2931 = CARTESIAN_POINT( '', ( 0.0153168077680271, 0.0124911584470112, 0.000634944700671503 ) );
#2932 = CARTESIAN_POINT( '', ( 0.0153027215532770, 0.0123598788556150, 0.000634981447826230 ) );
#2933 = CARTESIAN_POINT( '', ( 0.0152956098752170, 0.0122936000002656, 0.000635000000286111 ) );
#2934 = CARTESIAN_POINT( '', ( 0.0152956098751529, 0.0122936000000000, -0.000635000000000000 ) );
#2935 = AXIS2_PLACEMENT_3D( '', #3895, #3896, #3897 );
#2936 = CARTESIAN_POINT( '', ( 0.0152956098752170, 0.0122936000002656, -0.000635000000286111 ) );
#2937 = CARTESIAN_POINT( '', ( 0.0152987985883273, 0.0123304159845518, -0.000634994180234366 ) );
#2938 = CARTESIAN_POINT( '', ( 0.0153051417660068, 0.0124036525291059, -0.000634982602641449 ) );
#2939 = CARTESIAN_POINT( '', ( 0.0153267407635139, 0.0125113273206812, -0.000634927203162379 ) );
#2940 = CARTESIAN_POINT( '', ( 0.0153566009374370, 0.0126156816401846, -0.000634881884769246 ) );
#2941 = CARTESIAN_POINT( '', ( 0.0153950771031587, 0.0127159887285895, -0.000634857680050132 ) );
#2942 = CARTESIAN_POINT( '', ( 0.0154413790618078, 0.0128116589735775, -0.000634862163562677 ) );
#2943 = CARTESIAN_POINT( '', ( 0.0154949729381446, 0.0129021564280248, -0.000634892608020045 ) );
#2944 = CARTESIAN_POINT( '', ( 0.0155552185243591, 0.0129870199767278, -0.000634937696016226 ) );
#2945 = CARTESIAN_POINT( '', ( 0.0156214874401072, 0.0130658621860154, -0.000634985651521255 ) );
#2946 = CARTESIAN_POINT( '', ( 0.0157186804354282, 0.0131642501742662, -0.000635004434363753 ) );
#2947 = CARTESIAN_POINT( '', ( 0.0158539787315688, 0.0132712711296927, -0.000635034929069950 ) );
#2948 = CARTESIAN_POINT( '', ( 0.0160323154146037, 0.0133708463205014, -0.000635115048613807 ) );
#2949 = CARTESIAN_POINT( '', ( 0.0162176229293331, 0.0134391296442000, -0.000635128785909233 ) );
#2950 = CARTESIAN_POINT( '', ( 0.0164045175464821, 0.0134800721023857, -0.000635048854217112 ) );
#2951 = CARTESIAN_POINT( '', ( 0.0165293410376184, 0.0134849861641074, -0.000635016092925577 ) );
#2952 = CARTESIAN_POINT( '', ( 0.0165906555754119, 0.0134874000000000, -0.000635000000254000 ) );
#2953 = CARTESIAN_POINT( '', ( 0.0190500000002540, 0.0122174000002540, -0.00381000000025400 ) );
#2954 = AXIS2_PLACEMENT_3D( '', #3898, #3899, #3900 );
#2955 = CARTESIAN_POINT( '', ( 0.0180340000000000, 0.0134874000000000, -0.000635000000000000 ) );
#2956 = CARTESIAN_POINT( '', ( 0.0165906555754119, 0.0134874000002540, -0.000635000000254000 ) );
#2957 = VECTOR( '', #3901, 1.00000000000000 );
#2958 = CARTESIAN_POINT( '', ( 0.0167640000000000, 0.0122936000000000, -0.000635000000000000 ) );
#2959 = CARTESIAN_POINT( '', ( 0.0167640000002540, 0.0122936000002540, -0.000635000000254000 ) );
#2960 = VECTOR( '', #3902, 1.00000000000000 );
#2961 = CARTESIAN_POINT( '', ( 0.0167640000000000, 0.0114554000000000, -0.000635000000000000 ) );
#2962 = CARTESIAN_POINT( '', ( 0.0167640000002540, 0.0122936000002540, -0.000635000000254000 ) );
#2963 = VECTOR( '', #3903, 1.00000000000000 );
#2964 = CARTESIAN_POINT( '', ( 0.0180340000000000, 0.0114554000000000, -0.000635000000000000 ) );
#2965 = CARTESIAN_POINT( '', ( 0.0180340000002540, 0.0114554000002540, -0.000635000000254000 ) );
#2966 = VECTOR( '', #3904, 1.00000000000000 );
#2967 = CARTESIAN_POINT( '', ( 0.0180340000002540, 0.0134874000002540, -0.000635000000254000 ) );
#2968 = VECTOR( '', #3905, 1.00000000000000 );
#2969 = CARTESIAN_POINT( '', ( 0.0180340000000000, 0.0134874000000000, 0.000635000000000000 ) );
#2970 = CARTESIAN_POINT( '', ( 0.0165906555754119, 0.0134874000002540, 0.000635000000254000 ) );
#2971 = VECTOR( '', #3906, 1.00000000000000 );
#2972 = CARTESIAN_POINT( '', ( 0.0180340000000000, 0.0114554000000000, 0.000635000000000000 ) );
#2973 = CARTESIAN_POINT( '', ( 0.0180340000002540, 0.0114554000002540, 0.000635000000254000 ) );
#2974 = VECTOR( '', #3907, 1.00000000000000 );
#2975 = CARTESIAN_POINT( '', ( 0.0167640000000000, 0.0114554000000000, 0.000635000000000000 ) );
#2976 = CARTESIAN_POINT( '', ( 0.0167640000002540, 0.0114554000002540, 0.000635000000254000 ) );
#2977 = VECTOR( '', #3908, 1.00000000000000 );
#2978 = CARTESIAN_POINT( '', ( 0.0167640000000000, 0.0122936000000000, 0.000635000000000000 ) );
#2979 = CARTESIAN_POINT( '', ( 0.0167640000002540, 0.0122936000002540, 0.000635000000254000 ) );
#2980 = VECTOR( '', #3909, 1.00000000000000 );
#2981 = CARTESIAN_POINT( '', ( 0.0167640000002540, 0.0122936000002540, 0.000635000000254000 ) );
#2982 = VECTOR( '', #3910, 1.00000000000000 );
#2983 = CARTESIAN_POINT( '', ( 0.0183007000001092, -0.00406399805633866, 0.00610870405806935 ) );
#2984 = CARTESIAN_POINT( '', ( 0.0183007000000000, -0.00355599027925744, 0.00560070000000000 ) );
#2985 = CARTESIAN_POINT( '', ( 0.0183007000001092, -0.00406399849982266, 0.00610870150076408 ) );
#2986 = VECTOR( '', #3911, 1.00000000000000 );
#2987 = CARTESIAN_POINT( '', ( 0.0197993000012802, -0.00355599742416822, 0.00560070257900932 ) );
#2988 = CARTESIAN_POINT( '', ( 0.0183007000000051, -0.00355599742290076, 0.00560070257774440 ) );
#2989 = VECTOR( '', #3912, 1.00000000000000 );
#2990 = CARTESIAN_POINT( '', ( 0.0197993000009982, -0.00406399805690841, 0.00610870405863910 ) );
#2991 = CARTESIAN_POINT( '', ( 0.0197993000009982, -0.00406399850070912, 0.00610870150165054 ) );
#2992 = VECTOR( '', #3913, 1.00000000000000 );
#2993 = CARTESIAN_POINT( '', ( 0.0183007000001092, -0.00406399849982266, 0.00610870150076408 ) );
#2994 = VECTOR( '', #3914, 1.00000000000000 );
#2995 = CARTESIAN_POINT( '', ( 0.0183007000000000, 0.000508000000000000, 0.00560070000000000 ) );
#2996 = CARTESIAN_POINT( '', ( 0.0183007000002540, 0.000508000000254000, 0.00560070000025400 ) );
#2997 = VECTOR( '', #3915, 1.00000000000000 );
#2998 = CARTESIAN_POINT( '', ( 0.0197993000000000, 0.000508000000000000, 0.00560070000000000 ) );
#2999 = CARTESIAN_POINT( '', ( 0.0183007000002540, 0.000508000000254000, 0.00560070000025400 ) );
#3000 = VECTOR( '', #3916, 1.00000000000000 );
#3001 = CARTESIAN_POINT( '', ( 0.0197993000002540, 0.000508000000254000, 0.00560070000025400 ) );
#3002 = VECTOR( '', #3917, 1.00000000000000 );
#3003 = CARTESIAN_POINT( '', ( 0.0197993000000000, -0.00355599027925744, 0.00740410000000000 ) );
#3004 = AXIS2_PLACEMENT_3D( '', #3918, #3919, #3920 );
#3005 = CARTESIAN_POINT( '', ( 0.0197993000003988, -0.00406399805633866, 0.00689609594243865 ) );
#3006 = CARTESIAN_POINT( '', ( 0.0197993000003988, -0.00406399849982266, 0.00689609849974392 ) );
#3007 = VECTOR( '', #3921, 1.00000000000000 );
#3008 = AXIS2_PLACEMENT_3D( '', #3922, #3923, #3924 );
#3009 = CARTESIAN_POINT( '', ( -0.0266700000000000, 0.0195580000000000, 0.0120904000000000 ) );
#3010 = CARTESIAN_POINT( '', ( -0.0266700000000000, 0.000000000000000, 0.0120904000000000 ) );
#3011 = CARTESIAN_POINT( '', ( -0.0266700000002540, 0.0195580000002540, 0.0120904000002540 ) );
#3012 = VECTOR( '', #3925, 1.00000000000000 );
#3013 = CARTESIAN_POINT( '', ( -0.0266700000000000, 0.0226060000000000, 0.00904240000000000 ) );
#3014 = AXIS2_PLACEMENT_3D( '', #3926, #3927, #3928 );
#3015 = CARTESIAN_POINT( '', ( -0.0266700000000000, 0.0226060000000000, -0.00949960000000000 ) );
#3016 = CARTESIAN_POINT( '', ( -0.0266700000002540, 0.0226060000002540, -0.00949960000025400 ) );
#3017 = VECTOR( '', #3929, 1.00000000000000 );
#3018 = CARTESIAN_POINT( '', ( -0.0266700000000000, 0.000000000000000, -0.00949960000000000 ) );
#3019 = CARTESIAN_POINT( '', ( -0.0266700000002540, 0.000000000000000, -0.00949960000025400 ) );
#3020 = VECTOR( '', #3930, 1.00000000000000 );
#3021 = CARTESIAN_POINT( '', ( -0.0266700000002540, 0.000000000000000, 0.0120904000002540 ) );
#3022 = VECTOR( '', #3931, 1.00000000000000 );
#3023 = CARTESIAN_POINT( '', ( 0.0241300000000000, 0.000000000000000, 0.0100584000000000 ) );
#3024 = CARTESIAN_POINT( '', ( 0.0241554000000000, 0.000000000000000, 0.0100584000000000 ) );
#3025 = CARTESIAN_POINT( '', ( 0.0241300000002540, 0.000000000000000, 0.0100584000002540 ) );
#3026 = VECTOR( '', #3932, 1.00000000000000 );
#3027 = CARTESIAN_POINT( '', ( 0.0241300000000000, 0.000000000000000, -0.00949960000000000 ) );
#3028 = CARTESIAN_POINT( '', ( 0.0241300000002540, 0.000000000000000, 0.0100584000002540 ) );
#3029 = VECTOR( '', #3933, 1.00000000000000 );
#3030 = CARTESIAN_POINT( '', ( 0.0266700000000000, 0.000000000000000, -0.00949960000000000 ) );
#3031 = CARTESIAN_POINT( '', ( 0.0241300000002540, 0.000000000000000, -0.00949960000025400 ) );
#3032 = VECTOR( '', #3934, 1.00000000000000 );
#3033 = CARTESIAN_POINT( '', ( 0.0266700000000000, 0.000000000000000, 0.0120904000000000 ) );
#3034 = CARTESIAN_POINT( '', ( 0.0266700000002540, 0.000000000000000, 0.0120904000002540 ) );
#3035 = VECTOR( '', #3935, 1.00000000000000 );
#3036 = CARTESIAN_POINT( '', ( 0.0241554000000000, 0.000000000000000, 0.0120904000000000 ) );
#3037 = CARTESIAN_POINT( '', ( 0.0241554000002540, 0.000000000000000, 0.0120904000002540 ) );
#3038 = VECTOR( '', #3936, 1.00000000000000 );
#3039 = CARTESIAN_POINT( '', ( 0.0241554000002540, 0.000000000000000, 0.0100584000002540 ) );
#3040 = VECTOR( '', #3937, 1.00000000000000 );
#3041 = CARTESIAN_POINT( '', ( 0.0200660000000000, 0.0134874000000000, 0.000635000000000000 ) );
#3042 = CARTESIAN_POINT( '', ( 0.0200660000002540, 0.0134874000002540, 0.000635000000254000 ) );
#3043 = VECTOR( '', #3938, 1.00000000000000 );
#3044 = CARTESIAN_POINT( '', ( 0.0196850000000000, 0.0134874000000000, 0.00101600000000000 ) );
#3045 = AXIS2_PLACEMENT_3D( '', #3939, #3940, #3941 );
#3046 = CARTESIAN_POINT( '', ( 0.0196850000000000, 0.0134874000000000, 0.00228600000000000 ) );
#3047 = CARTESIAN_POINT( '', ( 0.0196850000002540, 0.0134874000002540, 0.00228600000025400 ) );
#3048 = VECTOR( '', #3942, 1.00000000000000 );
#3049 = CARTESIAN_POINT( '', ( 0.0184150000000000, 0.0134874000000000, 0.00228600000000000 ) );
#3050 = CARTESIAN_POINT( '', ( 0.0184150000002540, 0.0134874000002540, 0.00228600000025400 ) );
#3051 = VECTOR( '', #3943, 1.00000000000000 );
#3052 = CARTESIAN_POINT( '', ( 0.0184150000000000, 0.0134874000000000, 0.00101600000000000 ) );
#3053 = CARTESIAN_POINT( '', ( 0.0184150000002540, 0.0134874000002540, 0.00101600000025400 ) );
#3054 = VECTOR( '', #3944, 1.00000000000000 );
#3055 = AXIS2_PLACEMENT_3D( '', #3945, #3946, #3947 );
#3056 = CARTESIAN_POINT( '', ( 0.0213360000000000, 0.0122936000000000, 0.000635000000000000 ) );
#3057 = CARTESIAN_POINT( '', ( 0.0213360000000000, 0.0122936000000000, -0.000635000000000000 ) );
#3058 = CARTESIAN_POINT( '', ( 0.0213360000002540, 0.0122936000002540, 0.000635000000254000 ) );
#3059 = VECTOR( '', #3948, 1.00000000000000 );
#3060 = CARTESIAN_POINT( '', ( 0.0213360000000000, 0.0114554000000000, -0.000635000000000000 ) );
#3061 = CARTESIAN_POINT( '', ( 0.0213360000002540, 0.0122936000002540, -0.000635000000254000 ) );
#3062 = VECTOR( '', #3949, 1.00000000000000 );
#3063 = CARTESIAN_POINT( '', ( 0.0213360000000000, 0.0114554000000000, 0.000635000000000000 ) );
#3064 = CARTESIAN_POINT( '', ( 0.0213360000002540, 0.0114554000002540, 0.000635000000254000 ) );
#3065 = VECTOR( '', #3950, 1.00000000000000 );
#3066 = CARTESIAN_POINT( '', ( 0.0213360000002540, 0.0122936000002540, 0.000635000000254000 ) );
#3067 = VECTOR( '', #3951, 1.00000000000000 );
#3068 = CARTESIAN_POINT( '', ( -0.0165906555751579, 0.0134874000000000, -0.000635000000000000 ) );
#3069 = CARTESIAN_POINT( '', ( -0.0215093444248421, 0.0134874000000000, -0.000635000000000000 ) );
#3070 = CARTESIAN_POINT( '', ( -0.0165906555754119, 0.0134874000002540, -0.000635000000254000 ) );
#3071 = VECTOR( '', #3952, 1.00000000000000 );
#3072 = CARTESIAN_POINT( '', ( -0.0228043901248471, 0.0122936000000000, -0.000635000000000000 ) );
#3073 = CARTESIAN_POINT( '', ( -0.0228043901247989, 0.0122936000002356, -0.000635000000202880 ) );
#3074 = CARTESIAN_POINT( '', ( -0.0228012014116912, 0.0123304159845058, -0.000634994180151406 ) );
#3075 = CARTESIAN_POINT( '', ( -0.0227948582340169, 0.0124036525290289, -0.000634982602559027 ) );
#3076 = CARTESIAN_POINT( '', ( -0.0227732592365275, 0.0125113273205609, -0.000634927203082249 ) );
#3077 = CARTESIAN_POINT( '', ( -0.0227433990626278, 0.0126156816400266, -0.000634881884692313 ) );
#3078 = CARTESIAN_POINT( '', ( -0.0227049228969349, 0.0127159887283997, -0.000634857679977278 ) );
#3079 = CARTESIAN_POINT( '', ( -0.0226586209383185, 0.0128116589733624, -0.000634862163494624 ) );
#3080 = CARTESIAN_POINT( '', ( -0.0226050270620172, 0.0129021564277912, -0.000634892607957387 ) );
#3081 = CARTESIAN_POINT( '', ( -0.0225447814758399, 0.0129870199764823, -0.000634937695959439 ) );
#3082 = CARTESIAN_POINT( '', ( -0.0224785125601296, 0.0130658621857648, -0.000634985651470679 ) );
#3083 = CARTESIAN_POINT( '', ( -0.0223813195648600, 0.0131642501740165, -0.000635004434321941 ) );
#3084 = CARTESIAN_POINT( '', ( -0.0222460212687827, 0.0132712711294587, -0.000635034929039252 ) );
#3085 = CARTESIAN_POINT( '', ( -0.0220676845858164, 0.0133708463203075, -0.000635115048595384 ) );
#3086 = CARTESIAN_POINT( '', ( -0.0218823770711371, 0.0134391296440633, -0.000635128785900701 ) );
#3087 = CARTESIAN_POINT( '', ( -0.0216954824540175, 0.0134800721023160, -0.000635048854215608 ) );
#3088 = CARTESIAN_POINT( '', ( -0.0215706589628882, 0.0134849861640843, -0.000635016092925082 ) );
#3089 = CARTESIAN_POINT( '', ( -0.0215093444250961, 0.0134874000000000, -0.000635000000254000 ) );
#3090 = CARTESIAN_POINT( '', ( -0.0152956098751529, 0.0122936000000000, -0.000635000000000000 ) );
#3091 = CARTESIAN_POINT( '', ( -0.0152956098754069, 0.0122936000002540, -0.000635000000254000 ) );
#3092 = VECTOR( '', #3953, 1.00000000000000 );
#3093 = CARTESIAN_POINT( '', ( -0.0165906555754119, 0.0134874000000000, -0.000635000000254000 ) );
#3094 = CARTESIAN_POINT( '', ( -0.0165525488386082, 0.0134864694760036, -0.000635006543135854 ) );
#3095 = CARTESIAN_POINT( '', ( -0.0164754706749122, 0.0134845873132437, -0.000635019777365831 ) );
#3096 = CARTESIAN_POINT( '', ( -0.0163594093763067, 0.0134690499313125, -0.000635076341329371 ) );
#3097 = CARTESIAN_POINT( '', ( -0.0162426030468212, 0.0134434436135537, -0.000635114826287589 ) );
#3098 = CARTESIAN_POINT( '', ( -0.0161261810968250, 0.0134062970063058, -0.000635125619242275 ) );
#3099 = CARTESIAN_POINT( '', ( -0.0160113979330621, 0.0133574241497737, -0.000635104506774590 ) );
#3100 = CARTESIAN_POINT( '', ( -0.0158996252883778, 0.0132964503049403, -0.000635063371127918 ) );
#3101 = CARTESIAN_POINT( '', ( -0.0157923365142838, 0.0132232417378544, -0.000635014666174899 ) );
#3102 = CARTESIAN_POINT( '', ( -0.0156786335672661, 0.0131273220211290, -0.000635002905117099 ) );
#3103 = CARTESIAN_POINT( '', ( -0.0155644189696527, 0.0130037688251439, -0.000634950883409489 ) );
#3104 = CARTESIAN_POINT( '', ( -0.0154582414449259, 0.0128487467007501, -0.000634859994788962 ) );
#3105 = CARTESIAN_POINT( '', ( -0.0153753923663009, 0.0126763238138230, -0.000634850725453096 ) );
#3106 = CARTESIAN_POINT( '', ( -0.0153165949936071, 0.0124897772885296, -0.000634945837261797 ) );
#3107 = CARTESIAN_POINT( '', ( -0.0153026497341754, 0.0123594114202707, -0.000634981830264630 ) );
#3108 = CARTESIAN_POINT( '', ( -0.0152956098752170, 0.0122936000002656, -0.000635000000286111 ) );
#3109 = CARTESIAN_POINT( '', ( -0.0152956098751529, 0.0122936000000000, 0.000635000000000000 ) );
#3110 = CARTESIAN_POINT( '', ( -0.0228043901248471, 0.0122936000000000, 0.000635000000000000 ) );
#3111 = CARTESIAN_POINT( '', ( -0.0152956098754069, 0.0122936000002540, 0.000635000000254000 ) );
#3112 = VECTOR( '', #3954, 1.00000000000000 );
#3113 = CARTESIAN_POINT( '', ( -0.0215093444248421, 0.0134874000000000, 0.000635000000000000 ) );
#3114 = CARTESIAN_POINT( '', ( -0.0215093444250961, 0.0134874000000000, 0.000635000000254000 ) );
#3115 = CARTESIAN_POINT( '', ( -0.0215472234990095, 0.0134864805803399, 0.000635006394421955 ) );
#3116 = CARTESIAN_POINT( '', ( -0.0216238346001505, 0.0134846210377139, 0.000635019326740443 ) );
#3117 = CARTESIAN_POINT( '', ( -0.0217391931239031, 0.0134692724813228, 0.000635074562911380 ) );
#3118 = CARTESIAN_POINT( '', ( -0.0218552958564709, 0.0134439825327286, 0.000635112056130220 ) );
#3119 = CARTESIAN_POINT( '', ( -0.0219710356398186, 0.0134073006472296, 0.000635122404398443 ) );
#3120 = CARTESIAN_POINT( '', ( -0.0220851834278172, 0.0133590441621141, 0.000635101507965428 ) );
#3121 = CARTESIAN_POINT( '', ( -0.0221963955788369, 0.0132988419753850, 0.000635061125214935 ) );
#3122 = CARTESIAN_POINT( '', ( -0.0223032293744090, 0.0132265581674352, 0.000635013433453198 ) );
#3123 = CARTESIAN_POINT( '', ( -0.0224172082302947, 0.0131313129677803, 0.000635003102733681 ) );
#3124 = CARTESIAN_POINT( '', ( -0.0225323301984757, 0.0130079234894559, 0.000634951185353477 ) );
#3125 = CARTESIAN_POINT( '', ( -0.0226397824969412, 0.0128522750978821, 0.000634858215334981 ) );
#3126 = CARTESIAN_POINT( '', ( -0.0227236598644704, 0.0126789098895400, 0.000634848074548401 ) );
#3127 = CARTESIAN_POINT( '', ( -0.0227831922320053, 0.0124911584469039, 0.000634944700590158 ) );
#3128 = CARTESIAN_POINT( '', ( -0.0227972784467446, 0.0123598788555585, 0.000634981447743632 ) );
#3129 = CARTESIAN_POINT( '', ( -0.0228043901247989, 0.0122936000002356, 0.000635000000202880 ) );
#3130 = CARTESIAN_POINT( '', ( -0.0165906555751579, 0.0134874000000000, 0.000635000000000000 ) );
#3131 = CARTESIAN_POINT( '', ( -0.0165906555754119, 0.0134874000002540, 0.000635000000254000 ) );
#3132 = VECTOR( '', #3955, 1.00000000000000 );
#3133 = CARTESIAN_POINT( '', ( -0.0152956098752170, 0.0122936000002656, 0.000635000000286110 ) );
#3134 = CARTESIAN_POINT( '', ( -0.0152988282535127, 0.0123306796552318, 0.000634994056506048 ) );
#3135 = CARTESIAN_POINT( '', ( -0.0153052301084327, 0.0124044368552177, 0.000634982233403187 ) );
#3136 = CARTESIAN_POINT( '', ( -0.0153270882015263, 0.0125128538944780, 0.000634925766593668 ) );
#3137 = CARTESIAN_POINT( '', ( -0.0153573186119272, 0.0126178892057509, 0.000634879735057206 ) );
#3138 = CARTESIAN_POINT( '', ( -0.0153962757075776, 0.0127188022418053, 0.000634855366848883 ) );
#3139 = CARTESIAN_POINT( '', ( -0.0154431521442968, 0.0128149925350158, 0.000634860295095839 ) );
#3140 = CARTESIAN_POINT( '', ( -0.0154974006784628, 0.0129059159718918, 0.000634891633257519 ) );
#3141 = CARTESIAN_POINT( '', ( -0.0155583648167299, 0.0129911027252791, 0.000634937603856442 ) );
#3142 = CARTESIAN_POINT( '', ( -0.0156254054357635, 0.0130701688546268, 0.000634986394495944 ) );
#3143 = CARTESIAN_POINT( '', ( -0.0157350217030621, 0.0131800559588913, 0.000635005447342609 ) );
#3144 = CARTESIAN_POINT( '', ( -0.0158990649991860, 0.0133036217470335, 0.000635051053708292 ) );
#3145 = CARTESIAN_POINT( '', ( -0.0161252054161069, 0.0134114998682702, 0.000635141352958608 ) );
#3146 = CARTESIAN_POINT( '', ( -0.0163577295930644, 0.0134759418837168, 0.000635071867170057 ) );
#3147 = CARTESIAN_POINT( '', ( -0.0165141367868185, 0.0134836358807346, 0.000635023609339174 ) );
#3148 = CARTESIAN_POINT( '', ( -0.0165906555754119, 0.0134874000000000, 0.000635000000253999 ) );
#3149 = AXIS2_PLACEMENT_3D( '', #3956, #3957, #3958 );
#3150 = AXIS2_PLACEMENT_3D( '', #3959, #3960, #3961 );
#3151 = AXIS2_PLACEMENT_3D( '', #3962, #3963, #3964 );
#3152 = AXIS2_PLACEMENT_3D( '', #3965, #3966, #3967 );
#3153 = CARTESIAN_POINT( '', ( -0.0190500000002540, 0.0122174000002540, -0.00381000000025400 ) );
#3154 = AXIS2_PLACEMENT_3D( '', #3968, #3969, #3970 );
#3155 = CARTESIAN_POINT( '', ( -0.0197993000000000, 0.000508000000000000, -0.00560070000000000 ) );
#3156 = CARTESIAN_POINT( '', ( -0.0197993000000000, 0.000508000000000000, -0.00740410000000000 ) );
#3157 = AXIS2_PLACEMENT_3D( '', #3971, #3972, #3973 );
#3158 = CARTESIAN_POINT( '', ( -0.0197993000002489, -0.00355599742264676, -0.00740409742250960 ) );
#3159 = CARTESIAN_POINT( '', ( -0.0197993000002540, 0.000508000000254000, -0.00740410000025400 ) );
#3160 = VECTOR( '', #3974, 1.00000000000000 );
#3161 = CARTESIAN_POINT( '', ( -0.0197993000012802, -0.00355599742416822, -0.00560070257900932 ) );
#3162 = AXIS2_PLACEMENT_3D( '', #3975, #3976, #3977 );
#3163 = CARTESIAN_POINT( '', ( -0.0197993000002540, 0.000508000000254000, -0.00560070000025400 ) );
#3164 = VECTOR( '', #3978, 1.00000000000000 );
#3165 = CARTESIAN_POINT( '', ( -0.00259560987515290, 0.0122936000000000, 0.000635000000000000 ) );
#3166 = CARTESIAN_POINT( '', ( -0.0101043901248471, 0.0122936000000000, 0.000635000000000000 ) );
#3167 = CARTESIAN_POINT( '', ( -0.00259560987540690, 0.0122936000002540, 0.000635000000254000 ) );
#3168 = VECTOR( '', #3979, 1.00000000000000 );
#3169 = CARTESIAN_POINT( '', ( -0.00880934442484208, 0.0134874000000000, 0.000635000000000000 ) );
#3170 = CARTESIAN_POINT( '', ( -0.00880934442509608, 0.0134874000000000, 0.000635000000254000 ) );
#3171 = CARTESIAN_POINT( '', ( -0.00884722349901162, 0.0134864805803398, 0.000635006394421925 ) );
#3172 = CARTESIAN_POINT( '', ( -0.00892383460015619, 0.0134846210377136, 0.000635019326740351 ) );
#3173 = CARTESIAN_POINT( '', ( -0.00903919312391312, 0.0134692724813212, 0.000635074562910905 ) );
#3174 = CARTESIAN_POINT( '', ( -0.00915529585648328, 0.0134439825327254, 0.000635112056129282 ) );
#3175 = CARTESIAN_POINT( '', ( -0.00927103563983155, 0.0134073006472250, 0.000635122404397067 ) );
#3176 = CARTESIAN_POINT( '', ( -0.00938518342782885, 0.0133590441621087, 0.000635101507963768 ) );
#3177 = CARTESIAN_POINT( '', ( -0.00949639557884561, 0.0132988419753798, 0.000635061125213311 ) );
#3178 = CARTESIAN_POINT( '', ( -0.00960322937441353, 0.0132265581674318, 0.000635013433451997 ) );
#3179 = CARTESIAN_POINT( '', ( -0.00971720823029926, 0.0131313129677761, 0.000635003102733878 ) );
#3180 = CARTESIAN_POINT( '', ( -0.00983233019848238, 0.0130079234894480, 0.000634951185354986 ) );
#3181 = CARTESIAN_POINT( '', ( -0.00993978249694943, 0.0128522750978678, 0.000634858215336504 ) );
#3182 = CARTESIAN_POINT( '', ( -0.0100236598644762, 0.0126789098895245, 0.000634848074549402 ) );
#3183 = CARTESIAN_POINT( '', ( -0.0100831922320069, 0.0124911584468937, 0.000634944700590389 ) );
#3184 = CARTESIAN_POINT( '', ( -0.0100972784467452, 0.0123598788555544, 0.000634981447743710 ) );
#3185 = CARTESIAN_POINT( '', ( -0.0101043901247989, 0.0122936000002356, 0.000635000000202881 ) );
#3186 = CARTESIAN_POINT( '', ( -0.00389065557515792, 0.0134874000000000, 0.000635000000000000 ) );
#3187 = CARTESIAN_POINT( '', ( -0.00389065557541192, 0.0134874000002540, 0.000635000000254000 ) );
#3188 = VECTOR( '', #3980, 1.00000000000000 );
#3189 = CARTESIAN_POINT( '', ( -0.00259560987521704, 0.0122936000002656, 0.000635000000286110 ) );
#3190 = CARTESIAN_POINT( '', ( -0.00259882825351264, 0.0123306796552316, 0.000634994056506051 ) );
#3191 = CARTESIAN_POINT( '', ( -0.00260523010843266, 0.0124044368552171, 0.000634982233403197 ) );
#3192 = CARTESIAN_POINT( '', ( -0.00262708820152600, 0.0125128538944768, 0.000634925766593696 ) );
#3193 = CARTESIAN_POINT( '', ( -0.00265731861192675, 0.0126178892057495, 0.000634879735057280 ) );
#3194 = CARTESIAN_POINT( '', ( -0.00269627570757694, 0.0127188022418037, 0.000634855366848980 ) );
#3195 = CARTESIAN_POINT( '', ( -0.00274315214429596, 0.0128149925350142, 0.000634860295095972 ) );
#3196 = CARTESIAN_POINT( '', ( -0.00279740067846199, 0.0129059159718905, 0.000634891633257657 ) );
#3197 = CARTESIAN_POINT( '', ( -0.00285836481672922, 0.0129911027252782, 0.000634937603856572 ) );
#3198 = CARTESIAN_POINT( '', ( -0.00292540543576301, 0.0130701688546263, 0.000634986394496036 ) );
#3199 = CARTESIAN_POINT( '', ( -0.00303502170306165, 0.0131800559588909, 0.000635005447342559 ) );
#3200 = CARTESIAN_POINT( '', ( -0.00319906499918530, 0.0133036217470330, 0.000635051053708109 ) );
#3201 = CARTESIAN_POINT( '', ( -0.00342520541610581, 0.0134114998682699, 0.000635141352958469 ) );
#3202 = CARTESIAN_POINT( '', ( -0.00365772959306357, 0.0134759418837167, 0.000635071867170020 ) );
#3203 = CARTESIAN_POINT( '', ( -0.00381413678681812, 0.0134836358807346, 0.000635023609339162 ) );
#3204 = CARTESIAN_POINT( '', ( -0.00389065557541192, 0.0134874000000000, 0.000635000000253999 ) );
#3205 = CARTESIAN_POINT( '', ( -0.00389065557515792, 0.0134874000000000, -0.000635000000000000 ) );
#3206 = CARTESIAN_POINT( '', ( -0.00880934442484208, 0.0134874000000000, -0.000635000000000000 ) );
#3207 = CARTESIAN_POINT( '', ( -0.00389065557541192, 0.0134874000002540, -0.000635000000254000 ) );
#3208 = VECTOR( '', #3981, 1.00000000000000 );
#3209 = CARTESIAN_POINT( '', ( -0.0101043901248471, 0.0122936000000000, -0.000635000000000000 ) );
#3210 = CARTESIAN_POINT( '', ( -0.0101043901247989, 0.0122936000002356, -0.000635000000202881 ) );
#3211 = CARTESIAN_POINT( '', ( -0.0101012014116913, 0.0123304159845051, -0.000634994180151413 ) );
#3212 = CARTESIAN_POINT( '', ( -0.0100948582340172, 0.0124036525290268, -0.000634982602559047 ) );
#3213 = CARTESIAN_POINT( '', ( -0.0100732592365283, 0.0125113273205573, -0.000634927203082359 ) );
#3214 = CARTESIAN_POINT( '', ( -0.0100433990626293, 0.0126156816400220, -0.000634881884692528 ) );
#3215 = CARTESIAN_POINT( '', ( -0.0100049228969370, 0.0127159887283948, -0.000634857679977602 ) );
#3216 = CARTESIAN_POINT( '', ( -0.00995862093832099, 0.0128116589733577, -0.000634862163495029 ) );
#3217 = CARTESIAN_POINT( '', ( -0.00990502706201981, 0.0129021564277871, -0.000634892607957827 ) );
#3218 = CARTESIAN_POINT( '', ( -0.00984478147584218, 0.0129870199764794, -0.000634937695959839 ) );
#3219 = CARTESIAN_POINT( '', ( -0.00977851256013096, 0.0130658621857633, -0.000634985651470959 ) );
#3220 = CARTESIAN_POINT( '', ( -0.00968131956486118, 0.0131642501740154, -0.000635004434321835 ) );
#3221 = CARTESIAN_POINT( '', ( -0.00954602126878456, 0.0132712711294574, -0.000635034929038757 ) );
#3222 = CARTESIAN_POINT( '', ( -0.00936768458581961, 0.0133708463203060, -0.000635115048594891 ) );
#3223 = CARTESIAN_POINT( '', ( -0.00918237707114054, 0.0134391296440624, -0.000635128785900389 ) );
#3224 = CARTESIAN_POINT( '', ( -0.00899548245401971, 0.0134800721023158, -0.000635048854215538 ) );
#3225 = CARTESIAN_POINT( '', ( -0.00887065896288909, 0.0134849861640843, -0.000635016092925059 ) );
#3226 = CARTESIAN_POINT( '', ( -0.00880934442509608, 0.0134874000000000, -0.000635000000254000 ) );
#3227 = CARTESIAN_POINT( '', ( -0.00259560987515290, 0.0122936000000000, -0.000635000000000000 ) );
#3228 = CARTESIAN_POINT( '', ( -0.00259560987540690, 0.0122936000002540, -0.000635000000254000 ) );
#3229 = VECTOR( '', #3982, 1.00000000000000 );
#3230 = CARTESIAN_POINT( '', ( -0.00389065557541192, 0.0134874000000000, -0.000635000000254000 ) );
#3231 = CARTESIAN_POINT( '', ( -0.00385254883860350, 0.0134864694760034, -0.000635006543135783 ) );
#3232 = CARTESIAN_POINT( '', ( -0.00377547067489933, 0.0134845873132431, -0.000635019777365618 ) );
#3233 = CARTESIAN_POINT( '', ( -0.00365940937628386, 0.0134690499313088, -0.000635076341328281 ) );
#3234 = CARTESIAN_POINT( '', ( -0.00354260304679285, 0.0134434436135463, -0.000635114826285436 ) );
#3235 = CARTESIAN_POINT( '', ( -0.00342618109679555, 0.0134062970062951, -0.000635125619239119 ) );
#3236 = CARTESIAN_POINT( '', ( -0.00331139793303560, 0.0133574241497612, -0.000635104506770783 ) );
#3237 = CARTESIAN_POINT( '', ( -0.00319962528835794, 0.0132964503049283, -0.000635063371124196 ) );
#3238 = CARTESIAN_POINT( '', ( -0.00309233651427353, 0.0132232417378465, -0.000635014666172143 ) );
#3239 = CARTESIAN_POINT( '', ( -0.00297863356725576, 0.0131273220211194, -0.000635002905117536 ) );
#3240 = CARTESIAN_POINT( '', ( -0.00286441896963761, 0.0130037688251259, -0.000634950883412907 ) );
#3241 = CARTESIAN_POINT( '', ( -0.00275824144490722, 0.0128487467007175, -0.000634859994792408 ) );
#3242 = CARTESIAN_POINT( '', ( -0.00267539236628780, 0.0126763238137876, -0.000634850725455353 ) );
#3243 = CARTESIAN_POINT( '', ( -0.00261659499360340, 0.0124897772885063, -0.000634945837262313 ) );
#3244 = CARTESIAN_POINT( '', ( -0.00260264973417407, 0.0123594114202614, -0.000634981830264804 ) );
#3245 = CARTESIAN_POINT( '', ( -0.00259560987521704, 0.0122936000002656, -0.000635000000286111 ) );
#3246 = AXIS2_PLACEMENT_3D( '', #3983, #3984, #3985 );
#3247 = AXIS2_PLACEMENT_3D( '', #3986, #3987, #3988 );
#3248 = AXIS2_PLACEMENT_3D( '', #3989, #3990, #3991 );
#3249 = AXIS2_PLACEMENT_3D( '', #3992, #3993, #3994 );
#3250 = CARTESIAN_POINT( '', ( -0.00635000000025400, 0.0122174000002540, -0.00381000000025400 ) );
#3251 = AXIS2_PLACEMENT_3D( '', #3995, #3996, #3997 );
#3252 = CARTESIAN_POINT( '', ( 0.0143002000000000, 0.0108966000000000, 0.00474980000000000 ) );
#3253 = CARTESIAN_POINT( '', ( 0.0237998000000000, 0.0108966000000000, 0.00474980000000000 ) );
#3254 = CARTESIAN_POINT( '', ( 0.0143002000002540, 0.0108966000002540, 0.00474980000025400 ) );
#3255 = VECTOR( '', #3998, 1.00000000000000 );
#3256 = CARTESIAN_POINT( '', ( 0.0237998000000000, 0.0108966000000000, -0.00474980000000000 ) );
#3257 = CARTESIAN_POINT( '', ( 0.0237998000002540, 0.0108966000002540, -0.00474980000025400 ) );
#3258 = VECTOR( '', #3999, 1.00000000000000 );
#3259 = CARTESIAN_POINT( '', ( 0.0143002000000000, 0.0108966000000000, -0.00474980000000000 ) );
#3260 = CARTESIAN_POINT( '', ( 0.0143002000002540, 0.0108966000002540, -0.00474980000025400 ) );
#3261 = VECTOR( '', #4000, 1.00000000000000 );
#3262 = CARTESIAN_POINT( '', ( 0.0143002000002540, 0.0108966000002540, -0.00474980000025400 ) );
#3263 = VECTOR( '', #4001, 1.00000000000000 );
#3264 = CARTESIAN_POINT( '', ( 0.0190500000002540, 0.0108966000002540, 0.00381000000025400 ) );
#3265 = AXIS2_PLACEMENT_3D( '', #4002, #4003, #4004 );
#3266 = CARTESIAN_POINT( '', ( 0.0197993000000000, 0.000508000000000000, 0.00740410000000000 ) );
#3267 = AXIS2_PLACEMENT_3D( '', #4005, #4006, #4007 );
#3268 = CARTESIAN_POINT( '', ( 0.0197993000002540, 0.000508000000254000, 0.00740410000025400 ) );
#3269 = VECTOR( '', #4008, 1.00000000000000 );
#3270 = CARTESIAN_POINT( '', ( 0.0183007000000000, 0.000508000000000000, 0.00740410000000000 ) );
#3271 = CARTESIAN_POINT( '', ( 0.0197993000002540, 0.000508000000254000, 0.00740410000025400 ) );
#3272 = VECTOR( '', #4009, 1.00000000000000 );
#3273 = CARTESIAN_POINT( '', ( 0.0183007000000000, -0.00355599027925744, 0.00740410000000000 ) );
#3274 = CARTESIAN_POINT( '', ( 0.0183007000002540, 0.000508000000254000, 0.00740410000025400 ) );
#3275 = VECTOR( '', #4010, 1.00000000000000 );
#3276 = CARTESIAN_POINT( '', ( 0.0197993000005029, -0.00355599742290076, 0.00740409742276360 ) );
#3277 = VECTOR( '', #4011, 1.00000000000000 );
#3278 = CARTESIAN_POINT( '', ( 0.0266700000000000, 0.0195580000000000, 0.0120904000000000 ) );
#3279 = CARTESIAN_POINT( '', ( 0.0266700000002540, 0.0195580000002540, 0.0120904000002540 ) );
#3280 = VECTOR( '', #4012, 1.00000000000000 );
#3281 = CARTESIAN_POINT( '', ( 0.0241554000000000, 0.0195580000000000, 0.0120904000000000 ) );
#3282 = CARTESIAN_POINT( '', ( 0.0241554000002540, 0.0195580000002540, 0.0120904000002540 ) );
#3283 = VECTOR( '', #4013, 1.00000000000000 );
#3284 = CARTESIAN_POINT( '', ( 0.0241554000002540, 0.000000000000000, 0.0120904000002540 ) );
#3285 = VECTOR( '', #4014, 1.00000000000000 );
#3286 = CARTESIAN_POINT( '', ( 0.0114554000000000, 0.000508000000000000, 0.0120904000000000 ) );
#3287 = CARTESIAN_POINT( '', ( 0.0139446000000000, 0.000508000000000000, 0.0120904000000000 ) );
#3288 = CARTESIAN_POINT( '', ( 0.0114554000002540, 0.000508000000254000, 0.0120904000002540 ) );
#3289 = VECTOR( '', #4015, 1.00000000000000 );
#3290 = CARTESIAN_POINT( '', ( 0.0139446000000000, 0.0195580000000000, 0.0120904000000000 ) );
#3291 = CARTESIAN_POINT( '', ( 0.0139446000002540, 0.000508000000254000, 0.0120904000002540 ) );
#3292 = VECTOR( '', #4016, 1.00000000000000 );
#3293 = CARTESIAN_POINT( '', ( 0.0114554000000000, 0.0195580000000000, 0.0120904000000000 ) );
#3294 = CARTESIAN_POINT( '', ( 0.0114554000002540, 0.0195580000002540, 0.0120904000002540 ) );
#3295 = VECTOR( '', #4017, 1.00000000000000 );
#3296 = CARTESIAN_POINT( '', ( 0.0114554000002540, 0.0195580000002540, 0.0120904000002540 ) );
#3297 = VECTOR( '', #4018, 1.00000000000000 );
#3298 = CARTESIAN_POINT( '', ( 0.0266700000000000, 0.0226060000000000, -0.00949960000000000 ) );
#3299 = CARTESIAN_POINT( '', ( 0.0266700000002540, 0.000000000000000, -0.00949960000025400 ) );
#3300 = VECTOR( '', #4019, 1.00000000000000 );
#3301 = CARTESIAN_POINT( '', ( 0.0266700000000000, 0.0226060000000000, 0.00904240000000000 ) );
#3302 = CARTESIAN_POINT( '', ( 0.0266700000002540, 0.0226060000002540, -0.00949960000025400 ) );
#3303 = VECTOR( '', #4020, 1.00000000000000 );
#3304 = AXIS2_PLACEMENT_3D( '', #4021, #4022, #4023 );
#3305 = CARTESIAN_POINT( '', ( -0.0241554000000000, 0.0195580000000000, 0.0120904000000000 ) );
#3306 = CARTESIAN_POINT( '', ( -0.0266700000002540, 0.0195580000002540, 0.0120904000002540 ) );
#3307 = VECTOR( '', #4024, 1.00000000000000 );
#3308 = CARTESIAN_POINT( '', ( -0.0241554000000000, 0.000000000000000, 0.0120904000000000 ) );
#3309 = CARTESIAN_POINT( '', ( -0.0266700000002540, 0.000000000000000, 0.0120904000002540 ) );
#3310 = VECTOR( '', #4025, 1.00000000000000 );
#3311 = CARTESIAN_POINT( '', ( -0.0241554000002540, 0.0195580000002540, 0.0120904000002540 ) );
#3312 = VECTOR( '', #4026, 1.00000000000000 );
#3313 = CARTESIAN_POINT( '', ( 0.0241554000000000, 0.0226060000000000, 0.00904240000000000 ) );
#3314 = CARTESIAN_POINT( '', ( 0.0241554000002540, 0.0226060000002540, 0.00904240000025400 ) );
#3315 = VECTOR( '', #4027, 1.00000000000000 );
#3316 = AXIS2_PLACEMENT_3D( '', #4028, #4029, #4030 );
#3317 = CARTESIAN_POINT( '', ( -0.0139446000000000, 0.000508000000000000, 0.0120904000000000 ) );
#3318 = CARTESIAN_POINT( '', ( -0.0114554000000000, 0.000508000000000000, 0.0120904000000000 ) );
#3319 = CARTESIAN_POINT( '', ( -0.0139446000002540, 0.000508000000254000, 0.0120904000002540 ) );
#3320 = VECTOR( '', #4031, 1.00000000000000 );
#3321 = CARTESIAN_POINT( '', ( -0.0114554000000000, 0.0195580000000000, 0.0120904000000000 ) );
#3322 = CARTESIAN_POINT( '', ( -0.0114554000002540, 0.0195580000002540, 0.0120904000002540 ) );
#3323 = VECTOR( '', #4032, 1.00000000000000 );
#3324 = CARTESIAN_POINT( '', ( -0.0139446000000000, 0.0195580000000000, 0.0120904000000000 ) );
#3325 = CARTESIAN_POINT( '', ( -0.0139446000002540, 0.0195580000002540, 0.0120904000002540 ) );
#3326 = VECTOR( '', #4033, 1.00000000000000 );
#3327 = CARTESIAN_POINT( '', ( -0.0139446000002540, 0.0195580000002540, 0.0120904000002540 ) );
#3328 = VECTOR( '', #4034, 1.00000000000000 );
#3329 = CARTESIAN_POINT( '', ( -0.0241554000000000, 0.0226060000000000, 0.00904240000000000 ) );
#3330 = CARTESIAN_POINT( '', ( -0.0266700000002540, 0.0226060000002540, 0.00904240000025400 ) );
#3331 = VECTOR( '', #4035, 1.00000000000000 );
#3332 = AXIS2_PLACEMENT_3D( '', #4036, #4037, #4038 );
#3333 = CARTESIAN_POINT( '', ( 0.0114554000000000, 0.0226060000000000, -0.00746760000000000 ) );
#3334 = CARTESIAN_POINT( '', ( 0.0114554000000000, 0.00810260000000000, -0.00746760000000000 ) );
#3335 = CARTESIAN_POINT( '', ( 0.0114554000002540, 0.0226060000002540, -0.00746760000025400 ) );
#3336 = VECTOR( '', #4039, 1.00000000000000 );
#3337 = CARTESIAN_POINT( '', ( 0.0114554000000000, 0.00810260000000000, 0.0100584000000000 ) );
#3338 = CARTESIAN_POINT( '', ( 0.0114554000002540, 0.00810260000025400, -0.00746760000025400 ) );
#3339 = VECTOR( '', #4040, 1.00000000000000 );
#3340 = CARTESIAN_POINT( '', ( 0.0114554000000000, 0.000508000000000000, 0.0100584000000000 ) );
#3341 = CARTESIAN_POINT( '', ( 0.0114554000002540, 0.00810260000025400, 0.0100584000002540 ) );
#3342 = VECTOR( '', #4041, 1.00000000000000 );
#3343 = CARTESIAN_POINT( '', ( 0.0114554000002540, 0.000508000000254000, 0.0120904000002540 ) );
#3344 = VECTOR( '', #4042, 1.00000000000000 );
#3345 = CARTESIAN_POINT( '', ( 0.0114554000000000, 0.0226060000000000, 0.00904240000000000 ) );
#3346 = AXIS2_PLACEMENT_3D( '', #4043, #4044, #4045 );
#3347 = CARTESIAN_POINT( '', ( 0.0114554000002540, 0.0226060000002540, 0.00904240000025400 ) );
#3348 = VECTOR( '', #4046, 1.00000000000000 );
#3349 = CARTESIAN_POINT( '', ( -0.0114554000000000, 0.0226060000000000, 0.00904240000000000 ) );
#3350 = AXIS2_PLACEMENT_3D( '', #4047, #4048, #4049 );
#3351 = CARTESIAN_POINT( '', ( -0.0139446000000000, 0.0226060000000000, 0.00904240000000000 ) );
#3352 = CARTESIAN_POINT( '', ( -0.0139446000002540, 0.0226060000002540, 0.00904240000025400 ) );
#3353 = VECTOR( '', #4050, 1.00000000000000 );
#3354 = AXIS2_PLACEMENT_3D( '', #4051, #4052, #4053 );
#3355 = CARTESIAN_POINT( '', ( 0.0139446000000000, 0.0226060000000000, 0.00904240000000000 ) );
#3356 = AXIS2_PLACEMENT_3D( '', #4054, #4055, #4056 );
#3357 = CARTESIAN_POINT( '', ( 0.0114554000002540, 0.0226060000002540, 0.00904240000025400 ) );
#3358 = VECTOR( '', #4057, 1.00000000000000 );
#3359 = CARTESIAN_POINT( '', ( -0.00124460000000000, 0.0195580000000000, 0.0120904000000000 ) );
#3360 = CARTESIAN_POINT( '', ( 0.00124460000000000, 0.0195580000000000, 0.0120904000000000 ) );
#3361 = CARTESIAN_POINT( '', ( -0.00124460000025400, 0.0195580000002540, 0.0120904000002540 ) );
#3362 = VECTOR( '', #4058, 1.00000000000000 );
#3363 = CARTESIAN_POINT( '', ( 0.00124460000000000, 0.0226060000000000, 0.00904240000000000 ) );
#3364 = AXIS2_PLACEMENT_3D( '', #4059, #4060, #4061 );
#3365 = CARTESIAN_POINT( '', ( -0.00124460000000000, 0.0226060000000000, 0.00904240000000000 ) );
#3366 = CARTESIAN_POINT( '', ( -0.00124460000025400, 0.0226060000002540, 0.00904240000025400 ) );
#3367 = VECTOR( '', #4062, 1.00000000000000 );
#3368 = AXIS2_PLACEMENT_3D( '', #4063, #4064, #4065 );
#3369 = CARTESIAN_POINT( '', ( -0.0241554000000000, 0.000000000000000, 0.0100584000000000 ) );
#3370 = CARTESIAN_POINT( '', ( -0.0241554000002540, 0.000000000000000, 0.0120904000002540 ) );
#3371 = VECTOR( '', #4066, 1.00000000000000 );
#3372 = CARTESIAN_POINT( '', ( -0.0241554000000000, 0.00810260000000000, 0.0100584000000000 ) );
#3373 = CARTESIAN_POINT( '', ( -0.0241554000002540, 0.00810260000025400, 0.0100584000002540 ) );
#3374 = VECTOR( '', #4067, 1.00000000000000 );
#3375 = CARTESIAN_POINT( '', ( -0.0241554000000000, 0.00810260000000000, -0.00746760000000000 ) );
#3376 = CARTESIAN_POINT( '', ( -0.0241554000002540, 0.00810260000025400, -0.00746760000025400 ) );
#3377 = VECTOR( '', #4068, 1.00000000000000 );
#3378 = CARTESIAN_POINT( '', ( -0.0241554000000000, 0.0226060000000000, -0.00746760000000000 ) );
#3379 = CARTESIAN_POINT( '', ( -0.0241554000002540, 0.0226060000002540, -0.00746760000025400 ) );
#3380 = VECTOR( '', #4069, 1.00000000000000 );
#3381 = CARTESIAN_POINT( '', ( -0.0241554000002540, 0.0226060000002540, 0.00904240000025400 ) );
#3382 = VECTOR( '', #4070, 1.00000000000000 );
#3383 = CARTESIAN_POINT( '', ( -0.0139446000000000, 0.00810260000000000, -0.00746760000000000 ) );
#3384 = CARTESIAN_POINT( '', ( -0.0139446000002540, 0.00810260000025400, -0.00746760000025400 ) );
#3385 = VECTOR( '', #4071, 1.00000000000000 );
#3386 = CARTESIAN_POINT( '', ( -0.0139446000000000, 0.00810260000000000, 0.0100584000000000 ) );
#3387 = CARTESIAN_POINT( '', ( -0.0139446000002540, 0.00810260000025400, 0.0100584000002540 ) );
#3388 = VECTOR( '', #4072, 1.00000000000000 );
#3389 = CARTESIAN_POINT( '', ( -0.0139446000002540, 0.00810260000025400, -0.00746760000025400 ) );
#3390 = VECTOR( '', #4073, 1.00000000000000 );
#3391 = CARTESIAN_POINT( '', ( -0.0237998000000000, 0.00810260000000000, -0.00474980000000000 ) );
#3392 = CARTESIAN_POINT( '', ( -0.0143002000000000, 0.00810260000000000, -0.00474980000000000 ) );
#3393 = CARTESIAN_POINT( '', ( -0.0237998000002540, 0.00810260000025400, -0.00474980000025400 ) );
#3394 = VECTOR( '', #4074, 1.00000000000000 );
#3395 = CARTESIAN_POINT( '', ( -0.0143002000000000, 0.00810260000000000, 0.00474980000000000 ) );
#3396 = CARTESIAN_POINT( '', ( -0.0143002000002540, 0.00810260000025400, 0.00474980000025400 ) );
#3397 = VECTOR( '', #4075, 1.00000000000000 );
#3398 = CARTESIAN_POINT( '', ( -0.0237998000000000, 0.00810260000000000, 0.00474980000000000 ) );
#3399 = CARTESIAN_POINT( '', ( -0.0237998000002540, 0.00810260000025400, 0.00474980000025400 ) );
#3400 = VECTOR( '', #4076, 1.00000000000000 );
#3401 = CARTESIAN_POINT( '', ( -0.0237998000002540, 0.00810260000025400, 0.00474980000025400 ) );
#3402 = VECTOR( '', #4077, 1.00000000000000 );
#3403 = CARTESIAN_POINT( '', ( 0.00880934442509608, 0.0134874000002540, 0.000635000000254000 ) );
#3404 = VECTOR( '', #4078, 1.00000000000000 );
#3405 = CARTESIAN_POINT( '', ( 0.00124460000000000, 0.00810260000000000, -0.00746760000000000 ) );
#3406 = CARTESIAN_POINT( '', ( 0.0114554000002540, 0.00810260000025400, -0.00746760000025400 ) );
#3407 = VECTOR( '', #4079, 1.00000000000000 );
#3408 = CARTESIAN_POINT( '', ( 0.00124460000000000, 0.00810260000000000, 0.0100584000000000 ) );
#3409 = CARTESIAN_POINT( '', ( 0.00124460000025400, 0.00810260000025400, -0.00746760000025400 ) );
#3410 = VECTOR( '', #4080, 1.00000000000000 );
#3411 = CARTESIAN_POINT( '', ( 0.0114554000002540, 0.00810260000025400, 0.0100584000002540 ) );
#3412 = VECTOR( '', #4081, 1.00000000000000 );
#3413 = CARTESIAN_POINT( '', ( 0.00160020000000000, 0.00810260000000000, -0.00474980000000000 ) );
#3414 = CARTESIAN_POINT( '', ( 0.0110998000000000, 0.00810260000000000, -0.00474980000000000 ) );
#3415 = CARTESIAN_POINT( '', ( 0.00160020000025400, 0.00810260000025400, -0.00474980000025400 ) );
#3416 = VECTOR( '', #4082, 1.00000000000000 );
#3417 = CARTESIAN_POINT( '', ( 0.0110998000000000, 0.00810260000000000, 0.00474980000000000 ) );
#3418 = CARTESIAN_POINT( '', ( 0.0110998000002540, 0.00810260000025400, 0.00474980000025400 ) );
#3419 = VECTOR( '', #4083, 1.00000000000000 );
#3420 = CARTESIAN_POINT( '', ( 0.00160020000000000, 0.00810260000000000, 0.00474980000000000 ) );
#3421 = CARTESIAN_POINT( '', ( 0.00160020000025400, 0.00810260000025400, 0.00474980000025400 ) );
#3422 = VECTOR( '', #4084, 1.00000000000000 );
#3423 = CARTESIAN_POINT( '', ( 0.00160020000025400, 0.00810260000025400, 0.00474980000025400 ) );
#3424 = VECTOR( '', #4085, 1.00000000000000 );
#3425 = CARTESIAN_POINT( '', ( 0.0196850000000000, 0.0114554000000000, -0.00228600000000000 ) );
#3426 = CARTESIAN_POINT( '', ( 0.0184150000000000, 0.0114554000000000, -0.00228600000000000 ) );
#3427 = CARTESIAN_POINT( '', ( 0.0196850000002540, 0.0114554000002540, -0.00228600000025400 ) );
#3428 = VECTOR( '', #4086, 1.00000000000000 );
#3429 = CARTESIAN_POINT( '', ( 0.0196850000000000, 0.0134874000000000, -0.00228600000000000 ) );
#3430 = CARTESIAN_POINT( '', ( 0.0196850000002540, 0.0134874000002540, -0.00228600000025400 ) );
#3431 = VECTOR( '', #4087, 1.00000000000000 );
#3432 = CARTESIAN_POINT( '', ( 0.0184150000000000, 0.0134874000000000, -0.00228600000000000 ) );
#3433 = CARTESIAN_POINT( '', ( 0.0196850000002540, 0.0134874000002540, -0.00228600000025400 ) );
#3434 = VECTOR( '', #4088, 1.00000000000000 );
#3435 = CARTESIAN_POINT( '', ( 0.0184150000002540, 0.0134874000002540, -0.00228600000025400 ) );
#3436 = VECTOR( '', #4089, 1.00000000000000 );
#3437 = CARTESIAN_POINT( '', ( 0.0196850000000000, 0.0134874000000000, -0.00101600000000000 ) );
#3438 = CARTESIAN_POINT( '', ( 0.0196850000002540, 0.0134874000002540, -0.00101600000025400 ) );
#3439 = VECTOR( '', #4090, 1.00000000000000 );
#3440 = CARTESIAN_POINT( '', ( 0.0196850000000000, 0.0114554000000000, -0.00101600000000000 ) );
#3441 = CARTESIAN_POINT( '', ( 0.0196850000002540, 0.0114554000002540, -0.00101600000025400 ) );
#3442 = VECTOR( '', #4091, 1.00000000000000 );
#3443 = CARTESIAN_POINT( '', ( 0.0196850000002540, 0.0134874000002540, -0.00101600000025400 ) );
#3444 = VECTOR( '', #4092, 1.00000000000000 );
#3445 = CARTESIAN_POINT( '', ( 0.0184150000000000, 0.0134874000000000, -0.00101600000000000 ) );
#3446 = CARTESIAN_POINT( '', ( 0.0184150000002540, 0.0134874000002540, -0.00228600000025400 ) );
#3447 = VECTOR( '', #4093, 1.00000000000000 );
#3448 = CARTESIAN_POINT( '', ( 0.0184150000000000, 0.0114554000000000, -0.00101600000000000 ) );
#3449 = CARTESIAN_POINT( '', ( 0.0184150000002540, 0.0134874000002540, -0.00101600000025400 ) );
#3450 = VECTOR( '', #4094, 1.00000000000000 );
#3451 = CARTESIAN_POINT( '', ( 0.0184150000002540, 0.0114554000002540, -0.00228600000025400 ) );
#3452 = VECTOR( '', #4095, 1.00000000000000 );
#3453 = CARTESIAN_POINT( '', ( -0.00124460000000000, 0.0226060000000000, -0.00746760000000000 ) );
#3454 = CARTESIAN_POINT( '', ( -0.00124460000000000, 0.00810260000000000, -0.00746760000000000 ) );
#3455 = CARTESIAN_POINT( '', ( -0.00124460000025400, 0.0226060000002540, -0.00746760000025400 ) );
#3456 = VECTOR( '', #4096, 1.00000000000000 );
#3457 = CARTESIAN_POINT( '', ( -0.00124460000000000, 0.00810260000000000, 0.0100584000000000 ) );
#3458 = CARTESIAN_POINT( '', ( -0.00124460000025400, 0.00810260000025400, -0.00746760000025400 ) );
#3459 = VECTOR( '', #4097, 1.00000000000000 );
#3460 = CARTESIAN_POINT( '', ( -0.00124460000000000, 0.000508000000000000, 0.0100584000000000 ) );
#3461 = CARTESIAN_POINT( '', ( -0.00124460000025400, 0.00810260000025400, 0.0100584000002540 ) );
#3462 = VECTOR( '', #4098, 1.00000000000000 );
#3463 = CARTESIAN_POINT( '', ( -0.00124460000000000, 0.000508000000000000, 0.0120904000000000 ) );
#3464 = CARTESIAN_POINT( '', ( -0.00124460000025400, 0.000508000000254000, 0.0120904000002540 ) );
#3465 = VECTOR( '', #4099, 1.00000000000000 );
#3466 = CARTESIAN_POINT( '', ( -0.00124460000025400, 0.0195580000002540, 0.0120904000002540 ) );
#3467 = VECTOR( '', #4100, 1.00000000000000 );
#3468 = CARTESIAN_POINT( '', ( -0.00124460000025400, 0.0226060000002540, 0.00904240000025400 ) );
#3469 = VECTOR( '', #4101, 1.00000000000000 );
#3470 = CARTESIAN_POINT( '', ( -0.0114554000000000, 0.0226060000000000, -0.00746760000000000 ) );
#3471 = CARTESIAN_POINT( '', ( -0.0114554000002540, 0.0226060000002540, 0.00904240000025400 ) );
#3472 = VECTOR( '', #4102, 1.00000000000000 );
#3473 = CARTESIAN_POINT( '', ( -0.00124460000025400, 0.0226060000002540, -0.00746760000025400 ) );
#3474 = VECTOR( '', #4103, 1.00000000000000 );
#3475 = CARTESIAN_POINT( '', ( 0.00124460000000000, 0.0226060000000000, -0.00746760000000000 ) );
#3476 = CARTESIAN_POINT( '', ( 0.00124460000025400, 0.0226060000002540, 0.00904240000025400 ) );
#3477 = VECTOR( '', #4104, 1.00000000000000 );
#3478 = CARTESIAN_POINT( '', ( 0.0114554000002540, 0.0226060000002540, -0.00746760000025400 ) );
#3479 = VECTOR( '', #4105, 1.00000000000000 );
#3480 = CARTESIAN_POINT( '', ( 0.0139446000000000, 0.0226060000000000, -0.00746760000000000 ) );
#3481 = CARTESIAN_POINT( '', ( 0.0139446000002540, 0.0226060000002540, -0.00746760000025400 ) );
#3482 = VECTOR( '', #4106, 1.00000000000000 );
#3483 = CARTESIAN_POINT( '', ( 0.0241554000000000, 0.0226060000000000, -0.00746760000000000 ) );
#3484 = CARTESIAN_POINT( '', ( 0.0139446000002540, 0.0226060000002540, -0.00746760000025400 ) );
#3485 = VECTOR( '', #4107, 1.00000000000000 );
#3486 = CARTESIAN_POINT( '', ( 0.0241554000002540, 0.0226060000002540, -0.00746760000025400 ) );
#3487 = VECTOR( '', #4108, 1.00000000000000 );
#3488 = CARTESIAN_POINT( '', ( -0.0266700000002540, 0.0226060000002540, -0.00949960000025400 ) );
#3489 = VECTOR( '', #4109, 1.00000000000000 );
#3490 = CARTESIAN_POINT( '', ( -0.0139446000000000, 0.0226060000000000, -0.00746760000000000 ) );
#3491 = CARTESIAN_POINT( '', ( -0.0139446000002540, 0.0226060000002540, -0.00746760000025400 ) );
#3492 = VECTOR( '', #4110, 1.00000000000000 );
#3493 = CARTESIAN_POINT( '', ( -0.0139446000002540, 0.0226060000002540, 0.00904240000025400 ) );
#3494 = VECTOR( '', #4111, 1.00000000000000 );
#3495 = CARTESIAN_POINT( '', ( -0.00160020000000000, 0.0108966000000000, 0.00474980000000000 ) );
#3496 = CARTESIAN_POINT( '', ( -0.00160020000000000, 0.00810260000000000, 0.00474980000000000 ) );
#3497 = CARTESIAN_POINT( '', ( -0.00160020000025400, 0.0108966000002540, 0.00474980000025400 ) );
#3498 = VECTOR( '', #4112, 1.00000000000000 );
#3499 = CARTESIAN_POINT( '', ( -0.0110998000000000, 0.0108966000000000, 0.00474980000000000 ) );
#3500 = CARTESIAN_POINT( '', ( -0.0110998000002540, 0.0108966000002540, 0.00474980000025400 ) );
#3501 = VECTOR( '', #4113, 1.00000000000000 );
#3502 = CARTESIAN_POINT( '', ( -0.0110998000000000, 0.00810260000000000, 0.00474980000000000 ) );
#3503 = CARTESIAN_POINT( '', ( -0.0110998000002540, 0.0108966000002540, 0.00474980000025400 ) );
#3504 = VECTOR( '', #4114, 1.00000000000000 );
#3505 = CARTESIAN_POINT( '', ( -0.0110998000002540, 0.00810260000025400, 0.00474980000025400 ) );
#3506 = VECTOR( '', #4115, 1.00000000000000 );
#3507 = CARTESIAN_POINT( '', ( 0.0110998000000000, 0.0108966000000000, -0.00474980000000000 ) );
#3508 = CARTESIAN_POINT( '', ( 0.0110998000002540, 0.00810260000025400, -0.00474980000025400 ) );
#3509 = VECTOR( '', #4116, 1.00000000000000 );
#3510 = CARTESIAN_POINT( '', ( 0.0110998000000000, 0.0108966000000000, 0.00474980000000000 ) );
#3511 = CARTESIAN_POINT( '', ( 0.0110998000002540, 0.0108966000002540, -0.00474980000025400 ) );
#3512 = VECTOR( '', #4117, 1.00000000000000 );
#3513 = CARTESIAN_POINT( '', ( 0.0110998000002540, 0.0108966000002540, 0.00474980000025400 ) );
#3514 = VECTOR( '', #4118, 1.00000000000000 );
#3515 = CARTESIAN_POINT( '', ( 0.00160020000000000, 0.0108966000000000, 0.00474980000000000 ) );
#3516 = CARTESIAN_POINT( '', ( 0.00160020000025400, 0.0108966000002540, 0.00474980000025400 ) );
#3517 = VECTOR( '', #4119, 1.00000000000000 );
#3518 = CARTESIAN_POINT( '', ( 0.00160020000025400, 0.0108966000002540, 0.00474980000025400 ) );
#3519 = VECTOR( '', #4120, 1.00000000000000 );
#3520 = CARTESIAN_POINT( '', ( 0.00160020000000000, 0.0108966000000000, -0.00474980000000000 ) );
#3521 = CARTESIAN_POINT( '', ( 0.00160020000025400, 0.00810260000025400, -0.00474980000025400 ) );
#3522 = VECTOR( '', #4121, 1.00000000000000 );
#3523 = CARTESIAN_POINT( '', ( 0.00160020000025400, 0.0108966000002540, -0.00474980000025400 ) );
#3524 = VECTOR( '', #4122, 1.00000000000000 );
#3525 = CARTESIAN_POINT( '', ( 0.00160020000025400, 0.0108966000002540, -0.00474980000025400 ) );
#3526 = VECTOR( '', #4123, 1.00000000000000 );
#3527 = CARTESIAN_POINT( '', ( 0.00124460000000000, 0.000508000000000000, 0.0100584000000000 ) );
#3528 = CARTESIAN_POINT( '', ( 0.00124460000025400, 0.00810260000025400, 0.0100584000002540 ) );
#3529 = VECTOR( '', #4124, 1.00000000000000 );
#3530 = CARTESIAN_POINT( '', ( 0.0114554000002540, 0.000508000000254000, 0.0100584000002540 ) );
#3531 = VECTOR( '', #4125, 1.00000000000000 );
#3532 = CARTESIAN_POINT( '', ( 0.00124460000000000, 0.000508000000000000, 0.0120904000000000 ) );
#3533 = CARTESIAN_POINT( '', ( 0.00124460000025400, 0.0195580000002540, 0.0120904000002540 ) );
#3534 = VECTOR( '', #4126, 1.00000000000000 );
#3535 = CARTESIAN_POINT( '', ( 0.00124460000025400, 0.000508000000254000, 0.0120904000002540 ) );
#3536 = VECTOR( '', #4127, 1.00000000000000 );
#3537 = CARTESIAN_POINT( '', ( 0.00124460000025400, 0.0226060000002540, -0.00746760000025400 ) );
#3538 = VECTOR( '', #4128, 1.00000000000000 );
#3539 = CARTESIAN_POINT( '', ( -0.0139446000000000, 0.000508000000000000, 0.0100584000000000 ) );
#3540 = CARTESIAN_POINT( '', ( -0.0139446000002540, 0.00810260000025400, 0.0100584000002540 ) );
#3541 = VECTOR( '', #4129, 1.00000000000000 );
#3542 = CARTESIAN_POINT( '', ( -0.0241300000000000, 0.000000000000000, 0.0100584000000000 ) );
#3543 = CARTESIAN_POINT( '', ( -0.0241300000002540, 0.000000000000000, 0.0100584000002540 ) );
#3544 = VECTOR( '', #4130, 1.00000000000000 );
#3545 = CARTESIAN_POINT( '', ( -0.0241300000000000, 0.000508000000000000, 0.0100584000000000 ) );
#3546 = CARTESIAN_POINT( '', ( -0.0241300000002540, 0.000000000000000, 0.0100584000002540 ) );
#3547 = VECTOR( '', #4131, 1.00000000000000 );
#3548 = CARTESIAN_POINT( '', ( -0.0139446000002540, 0.000508000000254000, 0.0100584000002540 ) );
#3549 = VECTOR( '', #4132, 1.00000000000000 );
#3550 = CARTESIAN_POINT( '', ( -0.0241300000000000, 0.000000000000000, -0.00949960000000000 ) );
#3551 = CARTESIAN_POINT( '', ( -0.0241300000002540, 0.000000000000000, 0.0100584000002540 ) );
#3552 = VECTOR( '', #4133, 1.00000000000000 );
#3553 = CARTESIAN_POINT( '', ( -0.0241300000000000, 0.000508000000000000, -0.00949960000000000 ) );
#3554 = CARTESIAN_POINT( '', ( -0.0241300000002540, 0.000000000000000, -0.00949960000025400 ) );
#3555 = VECTOR( '', #4134, 1.00000000000000 );
#3556 = CARTESIAN_POINT( '', ( -0.0241300000002540, 0.000508000000254000, -0.00949960000025400 ) );
#3557 = VECTOR( '', #4135, 1.00000000000000 );
#3558 = CARTESIAN_POINT( '', ( -0.0266700000002540, 0.000000000000000, -0.00949960000025400 ) );
#3559 = VECTOR( '', #4136, 1.00000000000000 );
#3560 = CARTESIAN_POINT( '', ( 0.0241300000000000, 0.000508000000000000, -0.00949960000000000 ) );
#3561 = CARTESIAN_POINT( '', ( 0.0241300000002540, 0.000000000000000, -0.00949960000025400 ) );
#3562 = VECTOR( '', #4137, 1.00000000000000 );
#3563 = CARTESIAN_POINT( '', ( -0.0241300000002540, 0.000508000000254000, -0.00949960000025400 ) );
#3564 = VECTOR( '', #4138, 1.00000000000000 );
#3565 = CARTESIAN_POINT( '', ( -0.0114554000000000, 0.000508000000000000, 0.0100584000000000 ) );
#3566 = CARTESIAN_POINT( '', ( -0.0114554000002540, 0.000508000000254000, 0.0120904000002540 ) );
#3567 = VECTOR( '', #4139, 1.00000000000000 );
#3568 = CARTESIAN_POINT( '', ( -0.0114554000000000, 0.00810260000000000, 0.0100584000000000 ) );
#3569 = CARTESIAN_POINT( '', ( -0.0114554000002540, 0.00810260000025400, 0.0100584000002540 ) );
#3570 = VECTOR( '', #4140, 1.00000000000000 );
#3571 = CARTESIAN_POINT( '', ( -0.0114554000000000, 0.00810260000000000, -0.00746760000000000 ) );
#3572 = CARTESIAN_POINT( '', ( -0.0114554000002540, 0.00810260000025400, -0.00746760000025400 ) );
#3573 = VECTOR( '', #4141, 1.00000000000000 );
#3574 = CARTESIAN_POINT( '', ( -0.0114554000002540, 0.0226060000002540, -0.00746760000025400 ) );
#3575 = VECTOR( '', #4142, 1.00000000000000 );
#3576 = CARTESIAN_POINT( '', ( -0.0110998000000000, 0.00810260000000000, -0.00474980000000000 ) );
#3577 = CARTESIAN_POINT( '', ( -0.0110998000000000, 0.0108966000000000, -0.00474980000000000 ) );
#3578 = CARTESIAN_POINT( '', ( -0.0110998000002540, 0.00810260000025400, -0.00474980000025400 ) );
#3579 = VECTOR( '', #4143, 1.00000000000000 );
#3580 = CARTESIAN_POINT( '', ( -0.00160020000000000, 0.0108966000000000, -0.00474980000000000 ) );
#3581 = CARTESIAN_POINT( '', ( -0.0110998000002540, 0.0108966000002540, -0.00474980000025400 ) );
#3582 = VECTOR( '', #4144, 1.00000000000000 );
#3583 = CARTESIAN_POINT( '', ( -0.00160020000000000, 0.00810260000000000, -0.00474980000000000 ) );
#3584 = CARTESIAN_POINT( '', ( -0.00160020000025400, 0.00810260000025400, -0.00474980000025400 ) );
#3585 = VECTOR( '', #4145, 1.00000000000000 );
#3586 = CARTESIAN_POINT( '', ( -0.0110998000002540, 0.00810260000025400, -0.00474980000025400 ) );
#3587 = VECTOR( '', #4146, 1.00000000000000 );
#3588 = CARTESIAN_POINT( '', ( -0.00124460000025400, 0.00810260000025400, 0.0100584000002540 ) );
#3589 = VECTOR( '', #4147, 1.00000000000000 );
#3590 = CARTESIAN_POINT( '', ( -0.00124460000025400, 0.000508000000254000, 0.0100584000002540 ) );
#3591 = VECTOR( '', #4148, 1.00000000000000 );
#3592 = CARTESIAN_POINT( '', ( -0.0139446000002540, 0.0226060000002540, -0.00746760000025400 ) );
#3593 = VECTOR( '', #4149, 1.00000000000000 );
#3594 = CARTESIAN_POINT( '', ( -0.0139446000002540, 0.000508000000254000, 0.0120904000002540 ) );
#3595 = VECTOR( '', #4150, 1.00000000000000 );
#3596 = CARTESIAN_POINT( '', ( 0.0241300000000000, 0.000508000000000000, 0.0100584000000000 ) );
#3597 = CARTESIAN_POINT( '', ( 0.0241300000002540, 0.000508000000254000, 0.0100584000002540 ) );
#3598 = VECTOR( '', #4151, 1.00000000000000 );
#3599 = CARTESIAN_POINT( '', ( 0.0139446000000000, 0.000508000000000000, 0.0100584000000000 ) );
#3600 = CARTESIAN_POINT( '', ( 0.0241300000002540, 0.000508000000254000, 0.0100584000002540 ) );
#3601 = VECTOR( '', #4152, 1.00000000000000 );
#3602 = CARTESIAN_POINT( '', ( 0.0139446000002540, 0.000508000000254000, 0.0120904000002540 ) );
#3603 = VECTOR( '', #4153, 1.00000000000000 );
#3604 = CARTESIAN_POINT( '', ( -0.00124460000025400, 0.000508000000254000, 0.0120904000002540 ) );
#3605 = VECTOR( '', #4154, 1.00000000000000 );
#3606 = CARTESIAN_POINT( '', ( -0.0183007000000000, 0.000508000000000000, -0.00560070000000000 ) );
#3607 = CARTESIAN_POINT( '', ( -0.0183007000002540, 0.000508000000254000, -0.00560070000025400 ) );
#3608 = VECTOR( '', #4155, 1.00000000000000 );
#3609 = CARTESIAN_POINT( '', ( -0.0183007000000000, 0.000508000000000000, -0.00740410000000000 ) );
#3610 = AXIS2_PLACEMENT_3D( '', #4156, #4157, #4158 );
#3611 = CARTESIAN_POINT( '', ( -0.0197993000002540, 0.000508000000254000, -0.00740410000025400 ) );
#3612 = VECTOR( '', #4159, 1.00000000000000 );
#3613 = CARTESIAN_POINT( '', ( 0.00709930000000000, 0.000508000000000000, -0.00560070000000000 ) );
#3614 = CARTESIAN_POINT( '', ( 0.00560070000000000, 0.000508000000000000, -0.00560070000000000 ) );
#3615 = CARTESIAN_POINT( '', ( 0.00709930000025400, 0.000508000000254000, -0.00560070000025400 ) );
#3616 = VECTOR( '', #4160, 1.00000000000000 );
#3617 = CARTESIAN_POINT( '', ( 0.00709930000000000, 0.000508000000000000, -0.00740410000000000 ) );
#3618 = AXIS2_PLACEMENT_3D( '', #4161, #4162, #4163 );
#3619 = CARTESIAN_POINT( '', ( 0.00560070000000000, 0.000508000000000000, -0.00740410000000000 ) );
#3620 = CARTESIAN_POINT( '', ( 0.00560070000025400, 0.000508000000254000, -0.00740410000025400 ) );
#3621 = VECTOR( '', #4164, 1.00000000000000 );
#3622 = AXIS2_PLACEMENT_3D( '', #4165, #4166, #4167 );
#3623 = CARTESIAN_POINT( '', ( -0.00560070000000000, 0.000508000000000000, 0.00740410000000000 ) );
#3624 = CARTESIAN_POINT( '', ( -0.00709930000000000, 0.000508000000000000, 0.00740410000000000 ) );
#3625 = CARTESIAN_POINT( '', ( -0.00560070000025400, 0.000508000000254000, 0.00740410000025400 ) );
#3626 = VECTOR( '', #4168, 1.00000000000000 );
#3627 = CARTESIAN_POINT( '', ( -0.00560070000000000, 0.000508000000000000, 0.00560070000000000 ) );
#3628 = AXIS2_PLACEMENT_3D( '', #4169, #4170, #4171 );
#3629 = CARTESIAN_POINT( '', ( -0.00709930000000000, 0.000508000000000000, 0.00560070000000000 ) );
#3630 = CARTESIAN_POINT( '', ( -0.00709930000025400, 0.000508000000254000, 0.00560070000025400 ) );
#3631 = VECTOR( '', #4172, 1.00000000000000 );
#3632 = AXIS2_PLACEMENT_3D( '', #4173, #4174, #4175 );
#3633 = AXIS2_PLACEMENT_3D( '', #4176, #4177, #4178 );
#3634 = CARTESIAN_POINT( '', ( 0.0241300000002540, 0.000000000000000, 0.0100584000002540 ) );
#3635 = VECTOR( '', #4179, 1.00000000000000 );
#3636 = CARTESIAN_POINT( '', ( 0.0200660000000000, 0.0114554000000000, 0.000635000000000000 ) );
#3637 = CARTESIAN_POINT( '', ( 0.0200660000002540, 0.0134874000002540, 0.000635000000254000 ) );
#3638 = VECTOR( '', #4180, 1.00000000000000 );
#3639 = CARTESIAN_POINT( '', ( 0.0196850000000000, 0.0114554000000000, 0.00101600000000000 ) );
#3640 = AXIS2_PLACEMENT_3D( '', #4181, #4182, #4183 );
#3641 = CARTESIAN_POINT( '', ( 0.0196850000002540, 0.0134874000002540, 0.00101600000025400 ) );
#3642 = VECTOR( '', #4184, 1.00000000000000 );
#3643 = CARTESIAN_POINT( '', ( 0.0196850000000000, 0.0114554000000000, 0.00228600000000000 ) );
#3644 = CARTESIAN_POINT( '', ( 0.0196850000002540, 0.0114554000002540, 0.00228600000025400 ) );
#3645 = VECTOR( '', #4185, 1.00000000000000 );
#3646 = CARTESIAN_POINT( '', ( 0.0196850000002540, 0.0134874000002540, 0.00228600000025400 ) );
#3647 = VECTOR( '', #4186, 1.00000000000000 );
#3648 = CARTESIAN_POINT( '', ( -0.00560069999975108, -0.00355599742264676, 0.00740409742250960 ) );
#3649 = CARTESIAN_POINT( '', ( -0.00709930000128016, -0.00355599742416822, 0.00740409742099068 ) );
#3650 = CARTESIAN_POINT( '', ( -0.00560070000000508, -0.00355599742290076, 0.00740409742276360 ) );
#3651 = VECTOR( '', #4187, 1.00000000000000 );
#3652 = CARTESIAN_POINT( '', ( -0.00560070000025400, 0.000508000000254000, 0.00740410000025400 ) );
#3653 = VECTOR( '', #4188, 1.00000000000000 );
#3654 = CARTESIAN_POINT( '', ( -0.00709930000025400, 0.000508000000254000, 0.00740410000025400 ) );
#3655 = VECTOR( '', #4189, 1.00000000000000 );
#3656 = CARTESIAN_POINT( '', ( -0.0197993000009982, -0.00406399805690841, -0.00610870405863897 ) );
#3657 = CARTESIAN_POINT( '', ( -0.0197993000009982, -0.00406399850070912, -0.00610870150165054 ) );
#3658 = VECTOR( '', #4190, 1.00000000000000 );
#3659 = CARTESIAN_POINT( '', ( -0.0197993000003988, -0.00406399805633866, -0.00689609594243877 ) );
#3660 = CARTESIAN_POINT( '', ( -0.0197993000003988, -0.00406399849982266, -0.00689609849974392 ) );
#3661 = VECTOR( '', #4191, 1.00000000000000 );
#3662 = AXIS2_PLACEMENT_3D( '', #4192, #4193, #4194 );
#3663 = CARTESIAN_POINT( '', ( 0.0184150000000000, 0.0114554000000000, 0.00228600000000000 ) );
#3664 = CARTESIAN_POINT( '', ( 0.0184150000002540, 0.0134874000002540, 0.00228600000025400 ) );
#3665 = VECTOR( '', #4195, 1.00000000000000 );
#3666 = CARTESIAN_POINT( '', ( 0.0184150000000000, 0.0114554000000000, 0.00101600000000000 ) );
#3667 = CARTESIAN_POINT( '', ( 0.0184150000002540, 0.0114554000002540, 0.00101600000025400 ) );
#3668 = VECTOR( '', #4196, 1.00000000000000 );
#3669 = CARTESIAN_POINT( '', ( 0.0184150000002540, 0.0134874000002540, 0.00101600000025400 ) );
#3670 = VECTOR( '', #4197, 1.00000000000000 );
#3671 = AXIS2_PLACEMENT_3D( '', #4198, #4199, #4200 );
#3672 = AXIS2_PLACEMENT_3D( '', #4201, #4202, #4203 );
#3673 = CARTESIAN_POINT( '', ( 0.0241554000000000, 0.00810260000000000, -0.00746760000000000 ) );
#3674 = CARTESIAN_POINT( '', ( 0.0139446000000000, 0.00810260000000000, -0.00746760000000000 ) );
#3675 = CARTESIAN_POINT( '', ( 0.0241554000002540, 0.00810260000025400, -0.00746760000025400 ) );
#3676 = VECTOR( '', #4204, 1.00000000000000 );
#3677 = CARTESIAN_POINT( '', ( 0.0139446000000000, 0.00810260000000000, 0.0100584000000000 ) );
#3678 = CARTESIAN_POINT( '', ( 0.0139446000002540, 0.00810260000025400, 0.0100584000002540 ) );
#3679 = VECTOR( '', #4205, 1.00000000000000 );
#3680 = CARTESIAN_POINT( '', ( 0.0241554000000000, 0.00810260000000000, 0.0100584000000000 ) );
#3681 = CARTESIAN_POINT( '', ( 0.0241554000002540, 0.00810260000025400, 0.0100584000002540 ) );
#3682 = VECTOR( '', #4206, 1.00000000000000 );
#3683 = CARTESIAN_POINT( '', ( 0.0241554000002540, 0.00810260000025400, 0.0100584000002540 ) );
#3684 = VECTOR( '', #4207, 1.00000000000000 );
#3685 = CARTESIAN_POINT( '', ( 0.0143002000000000, 0.00810260000000000, -0.00474980000000000 ) );
#3686 = CARTESIAN_POINT( '', ( 0.0237998000000000, 0.00810260000000000, -0.00474980000000000 ) );
#3687 = CARTESIAN_POINT( '', ( 0.0143002000002540, 0.00810260000025400, -0.00474980000025400 ) );
#3688 = VECTOR( '', #4208, 1.00000000000000 );
#3689 = CARTESIAN_POINT( '', ( 0.0237998000000000, 0.00810260000000000, 0.00474980000000000 ) );
#3690 = CARTESIAN_POINT( '', ( 0.0237998000002540, 0.00810260000025400, 0.00474980000025400 ) );
#3691 = VECTOR( '', #4209, 1.00000000000000 );
#3692 = CARTESIAN_POINT( '', ( 0.0143002000000000, 0.00810260000000000, 0.00474980000000000 ) );
#3693 = CARTESIAN_POINT( '', ( 0.0143002000002540, 0.00810260000025400, 0.00474980000025400 ) );
#3694 = VECTOR( '', #4210, 1.00000000000000 );
#3695 = CARTESIAN_POINT( '', ( 0.0143002000002540, 0.00810260000025400, 0.00474980000025400 ) );
#3696 = VECTOR( '', #4211, 1.00000000000000 );
#3697 = CARTESIAN_POINT( '', ( 0.0241554000002540, 0.0226060000002540, -0.00746760000025400 ) );
#3698 = VECTOR( '', #4212, 1.00000000000000 );
#3699 = CARTESIAN_POINT( '', ( 0.0241554000002540, 0.00810260000025400, 0.0100584000002540 ) );
#3700 = VECTOR( '', #4213, 1.00000000000000 );
#3701 = CARTESIAN_POINT( '', ( 0.00560070000000000, -0.00355599027925744, -0.00740410000000000 ) );
#3702 = CARTESIAN_POINT( '', ( 0.00560070000025400, 0.000508000000254000, -0.00740410000025400 ) );
#3703 = VECTOR( '', #4214, 1.00000000000000 );
#3704 = CARTESIAN_POINT( '', ( 0.00709930000128016, -0.00355599742416822, -0.00740409742099068 ) );
#3705 = CARTESIAN_POINT( '', ( 0.00709930000025400, 0.000508000000254000, -0.00740410000025400 ) );
#3706 = VECTOR( '', #4215, 1.00000000000000 );
#3707 = CARTESIAN_POINT( '', ( 0.00560070000000508, -0.00355599742290076, -0.00740409742276360 ) );
#3708 = VECTOR( '', #4216, 1.00000000000000 );
#3709 = CARTESIAN_POINT( '', ( 0.0183006999995098, -0.00406399805690841, 0.00689609594186890 ) );
#3710 = CARTESIAN_POINT( '', ( 0.0183006999995098, -0.00406399850070912, 0.00689609849885746 ) );
#3711 = VECTOR( '', #4217, 1.00000000000000 );
#3712 = AXIS2_PLACEMENT_3D( '', #4218, #4219, #4220 );
#3713 = AXIS2_PLACEMENT_3D( '', #4221, #4222, #4223 );
#3714 = CARTESIAN_POINT( '', ( 0.00635000000025400, 0.0108966000002540, 0.00381000000025400 ) );
#3715 = AXIS2_PLACEMENT_3D( '', #4224, #4225, #4226 );
#3716 = CARTESIAN_POINT( '', ( 0.0101043901251011, 0.0122936000002540, 0.000635000000254000 ) );
#3717 = VECTOR( '', #4227, 1.00000000000000 );
#3718 = CARTESIAN_POINT( '', ( 0.00880934442509608, 0.0134874000002540, -0.000635000000254000 ) );
#3719 = VECTOR( '', #4228, 1.00000000000000 );
#3720 = CARTESIAN_POINT( '', ( 0.0139446000002540, 0.00810260000025400, 0.0100584000002540 ) );
#3721 = VECTOR( '', #4229, 1.00000000000000 );
#3722 = CARTESIAN_POINT( '', ( 0.0139446000002540, 0.0226060000002540, -0.00746760000025400 ) );
#3723 = VECTOR( '', #4230, 1.00000000000000 );
#3724 = CARTESIAN_POINT( '', ( -0.00560069999871984, -0.00355599742416822, 0.00560070257900932 ) );
#3725 = AXIS2_PLACEMENT_3D( '', #4231, #4232, #4233 );
#3726 = CARTESIAN_POINT( '', ( -0.00560070000025400, 0.000508000000254000, 0.00560070000025400 ) );
#3727 = VECTOR( '', #4234, 1.00000000000000 );
#3728 = CARTESIAN_POINT( '', ( 0.0143002000002540, 0.00810260000025400, -0.00474980000025400 ) );
#3729 = VECTOR( '', #4235, 1.00000000000000 );
#3730 = CARTESIAN_POINT( '', ( 0.0237998000002540, 0.00810260000025400, -0.00474980000025400 ) );
#3731 = VECTOR( '', #4236, 1.00000000000000 );
#3732 = CARTESIAN_POINT( '', ( 0.0237998000002540, 0.0108966000002540, 0.00474980000025400 ) );
#3733 = VECTOR( '', #4237, 1.00000000000000 );
#3734 = CARTESIAN_POINT( '', ( 0.0143002000002540, 0.0108966000002540, 0.00474980000025400 ) );
#3735 = VECTOR( '', #4238, 1.00000000000000 );
#3736 = CARTESIAN_POINT( '', ( 0.0228043901251011, 0.0122936000002540, 0.000635000000254000 ) );
#3737 = VECTOR( '', #4239, 1.00000000000000 );
#3738 = CARTESIAN_POINT( '', ( 0.0228043901251011, 0.0122936000002540, -0.000635000000254000 ) );
#3739 = VECTOR( '', #4240, 1.00000000000000 );
#3740 = CARTESIAN_POINT( '', ( 0.00560070000010922, -0.00406399805633866, -0.00689609594243865 ) );
#3741 = CARTESIAN_POINT( '', ( 0.00560070000010922, -0.00406399849982266, -0.00689609849974392 ) );
#3742 = VECTOR( '', #4241, 1.00000000000000 );
#3743 = CARTESIAN_POINT( '', ( 0.00709930000099821, -0.00406399805690841, -0.00689609594186890 ) );
#3744 = CARTESIAN_POINT( '', ( 0.00709930000099822, -0.00406399850070912, -0.00689609849885746 ) );
#3745 = VECTOR( '', #4242, 1.00000000000000 );
#3746 = CARTESIAN_POINT( '', ( 0.00560070000010922, -0.00406399849982266, -0.00689609849974392 ) );
#3747 = VECTOR( '', #4243, 1.00000000000000 );
#3748 = CARTESIAN_POINT( '', ( 0.0101043901251011, 0.0122936000002540, -0.000635000000254000 ) );
#3749 = VECTOR( '', #4244, 1.00000000000000 );
#3750 = CARTESIAN_POINT( '', ( -0.00560069999950978, -0.00406399805690841, 0.00610870405863910 ) );
#3751 = CARTESIAN_POINT( '', ( -0.00560069999950978, -0.00406399850070912, 0.00610870150165054 ) );
#3752 = VECTOR( '', #4245, 1.00000000000000 );
#3753 = CARTESIAN_POINT( '', ( -0.00560070000010922, -0.00406399805633866, 0.00689609594243865 ) );
#3754 = CARTESIAN_POINT( '', ( -0.00560070000010922, -0.00406399849982266, 0.00689609849974392 ) );
#3755 = VECTOR( '', #4246, 1.00000000000000 );
#3756 = AXIS2_PLACEMENT_3D( '', #4247, #4248, #4249 );
#3757 = CARTESIAN_POINT( '', ( -0.00709930000099821, -0.00406399805690841, 0.00689609594186890 ) );
#3758 = CARTESIAN_POINT( '', ( -0.00709930000099822, -0.00406399850070912, 0.00689609849885746 ) );
#3759 = VECTOR( '', #4250, 1.00000000000000 );
#3760 = CARTESIAN_POINT( '', ( -0.00560070000010922, -0.00406399849982266, 0.00689609849974392 ) );
#3761 = VECTOR( '', #4251, 1.00000000000000 );
#3762 = CARTESIAN_POINT( '', ( -0.00709930000024892, -0.00355599742264676, 0.00560070257749040 ) );
#3763 = CARTESIAN_POINT( '', ( -0.00709930000025400, 0.000508000000254000, 0.00560070000025400 ) );
#3764 = VECTOR( '', #4252, 1.00000000000000 );
#3765 = AXIS2_PLACEMENT_3D( '', #4253, #4254, #4255 );
#3766 = CARTESIAN_POINT( '', ( 0.0200660000000000, 0.0114554000000000, -0.000635000000000000 ) );
#3767 = AXIS2_PLACEMENT_3D( '', #4256, #4257, #4258 );
#3768 = CARTESIAN_POINT( '', ( 0.0200660000000000, 0.0134874000000000, -0.000635000000000000 ) );
#3769 = CARTESIAN_POINT( '', ( 0.0200660000002540, 0.0114554000002540, -0.000635000000254000 ) );
#3770 = VECTOR( '', #4259, 1.00000000000000 );
#3771 = AXIS2_PLACEMENT_3D( '', #4260, #4261, #4262 );
#3772 = CARTESIAN_POINT( '', ( -0.00635000000025400, 0.0108966000002540, 0.00381000000025400 ) );
#3773 = AXIS2_PLACEMENT_3D( '', #4263, #4264, #4265 );
#3774 = CARTESIAN_POINT( '', ( 0.00560069999950978, -0.00406399805690841, -0.00610870405863910 ) );
#3775 = CARTESIAN_POINT( '', ( 0.00560070000000000, -0.00355599027925744, -0.00560070000000000 ) );
#3776 = CARTESIAN_POINT( '', ( 0.00560069999950978, -0.00406399850070912, -0.00610870150165054 ) );
#3777 = VECTOR( '', #4266, 1.00000000000000 );
#3778 = AXIS2_PLACEMENT_3D( '', #4267, #4268, #4269 );
#3779 = AXIS2_PLACEMENT_3D( '', #4270, #4271, #4272 );
#3780 = CARTESIAN_POINT( '', ( -0.0183006999987198, -0.00355599742416822, -0.00740409742099068 ) );
#3781 = CARTESIAN_POINT( '', ( -0.0183007000002540, 0.000508000000254000, -0.00740410000025400 ) );
#3782 = VECTOR( '', #4273, 1.00000000000000 );
#3783 = CARTESIAN_POINT( '', ( -0.0197993000005029, -0.00355599742290076, -0.00740409742276360 ) );
#3784 = VECTOR( '', #4274, 1.00000000000000 );
#3785 = CARTESIAN_POINT( '', ( 0.0167640000002540, 0.0114554000002540, -0.000635000000254000 ) );
#3786 = VECTOR( '', #4275, 1.00000000000000 );
#3787 = AXIS2_PLACEMENT_3D( '', #4276, #4277, #4278 );
#3788 = CARTESIAN_POINT( '', ( 0.0184150000002540, 0.0114554000002540, 0.00228600000025400 ) );
#3789 = VECTOR( '', #4279, 1.00000000000000 );
#3790 = CARTESIAN_POINT( '', ( 0.0200660000002540, 0.0114554000002540, 0.000635000000254000 ) );
#3791 = VECTOR( '', #4280, 1.00000000000000 );
#3792 = CARTESIAN_POINT( '', ( 0.0213360000002540, 0.0114554000002540, -0.000635000000254000 ) );
#3793 = VECTOR( '', #4281, 1.00000000000000 );
#3794 = CARTESIAN_POINT( '', ( -0.0183006999995098, -0.00406399805690841, -0.00689609594186903 ) );
#3795 = CARTESIAN_POINT( '', ( -0.0183006999995098, -0.00406399850070912, -0.00689609849885746 ) );
#3796 = VECTOR( '', #4282, 1.00000000000000 );
#3797 = CARTESIAN_POINT( '', ( -0.0183006999997511, -0.00355599742264676, -0.00560070257749040 ) );
#3798 = AXIS2_PLACEMENT_3D( '', #4283, #4284, #4285 );
#3799 = CARTESIAN_POINT( '', ( -0.0183007000001092, -0.00406399805633866, -0.00610870405806923 ) );
#3800 = CARTESIAN_POINT( '', ( -0.0183007000001092, -0.00406399849982266, -0.00610870150076408 ) );
#3801 = VECTOR( '', #4286, 1.00000000000000 );
#3802 = AXIS2_PLACEMENT_3D( '', #4287, #4288, #4289 );
#3803 = CARTESIAN_POINT( '', ( -0.00709930000050292, -0.00355599742290076, 0.00560070257774440 ) );
#3804 = VECTOR( '', #4290, 1.00000000000000 );
#3805 = CARTESIAN_POINT( '', ( -0.0143002000000000, 0.0108966000000000, 0.00474980000000000 ) );
#3806 = CARTESIAN_POINT( '', ( -0.0143002000002540, 0.0108966000002540, 0.00474980000025400 ) );
#3807 = VECTOR( '', #4291, 1.00000000000000 );
#3808 = CARTESIAN_POINT( '', ( -0.0237998000000000, 0.0108966000000000, 0.00474980000000000 ) );
#3809 = CARTESIAN_POINT( '', ( -0.0237998000002540, 0.0108966000002540, 0.00474980000025400 ) );
#3810 = VECTOR( '', #4292, 1.00000000000000 );
#3811 = CARTESIAN_POINT( '', ( -0.0237998000002540, 0.0108966000002540, 0.00474980000025400 ) );
#3812 = VECTOR( '', #4293, 1.00000000000000 );
#3813 = CARTESIAN_POINT( '', ( 0.00709930000000000, -0.00355599027925744, -0.00560070000000000 ) );
#3814 = AXIS2_PLACEMENT_3D( '', #4294, #4295, #4296 );
#3815 = CARTESIAN_POINT( '', ( 0.00709930000039878, -0.00406399805633866, -0.00610870405806935 ) );
#3816 = CARTESIAN_POINT( '', ( 0.00709930000039878, -0.00406399849982266, -0.00610870150076408 ) );
#3817 = VECTOR( '', #4297, 1.00000000000000 );
#3818 = AXIS2_PLACEMENT_3D( '', #4298, #4299, #4300 );
#3819 = CARTESIAN_POINT( '', ( 0.00709930000025400, 0.000508000000254000, -0.00560070000025400 ) );
#3820 = VECTOR( '', #4301, 1.00000000000000 );
#3821 = CARTESIAN_POINT( '', ( 0.00560070000025400, 0.000508000000254000, -0.00560070000025400 ) );
#3822 = VECTOR( '', #4302, 1.00000000000000 );
#3823 = CARTESIAN_POINT( '', ( -0.0183007000000051, -0.00355599742290076, -0.00560070257774440 ) );
#3824 = VECTOR( '', #4303, 1.00000000000000 );
#3825 = CARTESIAN_POINT( '', ( -0.0183007000002540, 0.000508000000254000, -0.00560070000025400 ) );
#3826 = VECTOR( '', #4304, 1.00000000000000 );
#3827 = CARTESIAN_POINT( '', ( -0.0197993000003988, -0.00406399849982266, -0.00689609849974392 ) );
#3828 = VECTOR( '', #4305, 1.00000000000000 );
#3829 = CARTESIAN_POINT( '', ( -0.0183007000001092, -0.00406399849982266, -0.00610870150076408 ) );
#3830 = VECTOR( '', #4306, 1.00000000000000 );
#3831 = CARTESIAN_POINT( '', ( 0.00709930000039878, -0.00406399849982266, -0.00610870150076408 ) );
#3832 = VECTOR( '', #4307, 1.00000000000000 );
#3833 = CARTESIAN_POINT( '', ( -0.00709930000039878, -0.00406399805633866, 0.00610870405806935 ) );
#3834 = CARTESIAN_POINT( '', ( -0.00709930000039878, -0.00406399849982266, 0.00610870150076408 ) );
#3835 = VECTOR( '', #4308, 1.00000000000000 );
#3836 = AXIS2_PLACEMENT_3D( '', #4309, #4310, #4311 );
#3837 = CARTESIAN_POINT( '', ( -0.00709930000039878, -0.00406399849982266, 0.00610870150076408 ) );
#3838 = VECTOR( '', #4312, 1.00000000000000 );
#3839 = CARTESIAN_POINT( '', ( 0.0197993000003988, -0.00406399849982266, 0.00689609849974392 ) );
#3840 = VECTOR( '', #4313, 1.00000000000000 );
#3841 = CARTESIAN_POINT( '', ( -0.00124460000025400, 0.00810260000025400, -0.00746760000025400 ) );
#3842 = VECTOR( '', #4314, 1.00000000000000 );
#3843 = CARTESIAN_POINT( '', ( -0.00160020000025400, 0.00810260000025400, 0.00474980000025400 ) );
#3844 = VECTOR( '', #4315, 1.00000000000000 );
#3845 = CARTESIAN_POINT( '', ( -0.0110998000002540, 0.00810260000025400, 0.00474980000025400 ) );
#3846 = VECTOR( '', #4316, 1.00000000000000 );
#3847 = CARTESIAN_POINT( '', ( 0.00709930000050292, -0.00355599742290076, -0.00560070257774440 ) );
#3848 = VECTOR( '', #4317, 1.00000000000000 );
#3849 = CARTESIAN_POINT( '', ( -0.0143002000000000, 0.0108966000000000, -0.00474980000000000 ) );
#3850 = CARTESIAN_POINT( '', ( -0.0143002000002540, 0.00810260000025400, -0.00474980000025400 ) );
#3851 = VECTOR( '', #4318, 1.00000000000000 );
#3852 = CARTESIAN_POINT( '', ( -0.0143002000002540, 0.0108966000002540, -0.00474980000025400 ) );
#3853 = VECTOR( '', #4319, 1.00000000000000 );
#3854 = CARTESIAN_POINT( '', ( -0.00160020000025400, 0.0108966000002540, -0.00474980000025400 ) );
#3855 = VECTOR( '', #4320, 1.00000000000000 );
#3856 = CARTESIAN_POINT( '', ( -0.0110998000002540, 0.0108966000002540, -0.00474980000025400 ) );
#3857 = VECTOR( '', #4321, 1.00000000000000 );
#3858 = CARTESIAN_POINT( '', ( -0.0237998000000000, 0.0108966000000000, -0.00474980000000000 ) );
#3859 = CARTESIAN_POINT( '', ( -0.0237998000002540, 0.00810260000025400, -0.00474980000025400 ) );
#3860 = VECTOR( '', #4322, 1.00000000000000 );
#3861 = CARTESIAN_POINT( '', ( -0.0237998000002540, 0.0108966000002540, -0.00474980000025400 ) );
#3862 = VECTOR( '', #4323, 1.00000000000000 );
#3863 = CARTESIAN_POINT( '', ( -0.0237998000002540, 0.0108966000002540, -0.00474980000025400 ) );
#3864 = VECTOR( '', #4324, 1.00000000000000 );
#3865 = CARTESIAN_POINT( '', ( -0.0190500000002540, 0.0108966000002540, 0.00381000000025400 ) );
#3866 = AXIS2_PLACEMENT_3D( '', #4325, #4326, #4327 );
#3867 = CARTESIAN_POINT( '', ( 0.0167640000002540, 0.0122936000002540, 0.000635000000254000 ) );
#3868 = VECTOR( '', #4328, 1.00000000000000 );
#3869 = CARTESIAN_POINT( '', ( 0.0200660000002540, 0.0134874000002540, -0.000635000000254000 ) );
#3870 = VECTOR( '', #4329, 1.00000000000000 );
#3871 = CARTESIAN_POINT( '', ( 0.00635000000025400, 0.0134874000002540, 0.000000000000000 ) );
#3872 = DIRECTION( '', ( 0.000000000000000, 1.00000000000000, 0.000000000000000 ) );
#3873 = DIRECTION( '', ( 0.000000000000000, 0.000000000000000, -1.00000000000000 ) );
#3874 = CARTESIAN_POINT( '', ( 0.00635000000025400, 0.0122936000002540, 0.000000000000000 ) );
#3875 = DIRECTION( '', ( 0.000000000000000, -1.00000000000000, 0.000000000000000 ) );
#3876 = DIRECTION( '', ( 0.985996363450996, 0.000000000000000, -0.166766817027284 ) );
#3877 = CARTESIAN_POINT( '', ( 0.00635000000025400, 0.0134874000002540, 0.000000000000000 ) );
#3878 = DIRECTION( '', ( 0.000000000000000, 1.00000000000000, -0.000000000000000 ) );
#3879 = DIRECTION( '', ( -0.968245836533901, 0.000000000000000, 0.250000000069533 ) );
#3880 = CARTESIAN_POINT( '', ( 0.00635000000025400, 0.0122936000002540, 0.000000000000000 ) );
#3881 = DIRECTION( '', ( -0.000000000000000, -1.00000000000000, 0.000000000000000 ) );
#3882 = DIRECTION( '', ( -0.985996363450996, 0.000000000000000, 0.166766817027284 ) );
#3883 = CARTESIAN_POINT( '', ( 0.00635000000025400, 0.0122174000002540, 0.000000000000000 ) );
#3884 = DIRECTION( '', ( 0.000000000000000, -1.00000000000000, 0.000000000000000 ) );
#3885 = DIRECTION( '', ( 0.000000000000000, 0.000000000000000, -1.00000000000000 ) );
#3886 = CARTESIAN_POINT( '', ( 0.0190500000002540, 0.0134874000002540, 0.000000000000000 ) );
#3887 = DIRECTION( '', ( 0.000000000000000, 1.00000000000000, 0.000000000000000 ) );
#3888 = DIRECTION( '', ( 0.000000000000000, 0.000000000000000, -1.00000000000000 ) );
#3889 = CARTESIAN_POINT( '', ( 0.0190500000002540, 0.0122936000002540, 0.000000000000000 ) );
#3890 = DIRECTION( '', ( 0.000000000000000, -1.00000000000000, 0.000000000000000 ) );
#3891 = DIRECTION( '', ( 0.985996363450996, 0.000000000000000, -0.166766817027284 ) );
#3892 = CARTESIAN_POINT( '', ( 0.0190500000002540, 0.0134874000002540, 0.000000000000000 ) );
#3893 = DIRECTION( '', ( 0.000000000000000, 1.00000000000000, -0.000000000000000 ) );
#3894 = DIRECTION( '', ( -0.968245836533901, 0.000000000000000, 0.250000000069533 ) );
#3895 = CARTESIAN_POINT( '', ( 0.0190500000002540, 0.0122936000002540, 0.000000000000000 ) );
#3896 = DIRECTION( '', ( -0.000000000000000, -1.00000000000000, 0.000000000000000 ) );
#3897 = DIRECTION( '', ( -0.985996363450996, 0.000000000000000, 0.166766817027284 ) );
#3898 = CARTESIAN_POINT( '', ( 0.0190500000002540, 0.0122174000002540, 0.000000000000000 ) );
#3899 = DIRECTION( '', ( 0.000000000000000, -1.00000000000000, 0.000000000000000 ) );
#3900 = DIRECTION( '', ( 0.000000000000000, 0.000000000000000, -1.00000000000000 ) );
#3901 = DIRECTION( '', ( 1.00000000000000, 0.000000000000000, 0.000000000000000 ) );
#3902 = DIRECTION( '', ( -1.00000000000000, 0.000000000000000, 0.000000000000000 ) );
#3903 = DIRECTION( '', ( 0.000000000000000, -1.00000000000000, 0.000000000000000 ) );
#3904 = DIRECTION( '', ( -1.00000000000000, 0.000000000000000, 0.000000000000000 ) );
#3905 = DIRECTION( '', ( 0.000000000000000, -1.00000000000000, 0.000000000000000 ) );
#3906 = DIRECTION( '', ( 1.00000000000000, 0.000000000000000, 0.000000000000000 ) );
#3907 = DIRECTION( '', ( 0.000000000000000, 1.00000000000000, 0.000000000000000 ) );
#3908 = DIRECTION( '', ( 1.00000000000000, 0.000000000000000, 0.000000000000000 ) );
#3909 = DIRECTION( '', ( 0.000000000000000, -1.00000000000000, 0.000000000000000 ) );
#3910 = DIRECTION( '', ( -1.00000000000000, 0.000000000000000, 0.000000000000000 ) );
#3911 = DIRECTION( '', ( 0.000000000000000, 0.707108280238258, -0.707105282131659 ) );
#3912 = DIRECTION( '', ( 1.00000000000000, 0.000000000000000, 0.000000000000000 ) );
#3913 = DIRECTION( '', ( 0.000000000000000, 0.707108280238258, -0.707105282131659 ) );
#3914 = DIRECTION( '', ( 1.00000000000000, 0.000000000000000, 0.000000000000000 ) );
#3915 = DIRECTION( '', ( 0.000000000000000, -0.999999999999799, 0.000000000000000 ) );
#3916 = DIRECTION( '', ( 1.00000000000000, 0.000000000000000, 0.000000000000000 ) );
#3917 = DIRECTION( '', ( 0.000000000000000, -0.999999999999799, 0.000000000000000 ) );
#3918 = CARTESIAN_POINT( '', ( 0.0197993000002540, -0.00355599027951144, 0.00650240000025400 ) );
#3919 = DIRECTION( '', ( 0.000000000000000, -1.00000000000000, 0.000000000000000 ) );
#3920 = DIRECTION( '', ( 0.000000000000000, 0.000000000000000, -1.00000000000000 ) );
#3921 = DIRECTION( '', ( 0.000000000000000, 0.707108280238258, 0.707105282131659 ) );
#3922 = CARTESIAN_POINT( '', ( 0.0197993000002540, -0.00406399761285466, 0.00650240000025400 ) );
#3923 = DIRECTION( '', ( 0.000000000000000, -1.00000000000000, 0.000000000000000 ) );
#3924 = DIRECTION( '', ( 0.000000000000000, 0.000000000000000, -1.00000000000000 ) );
#3925 = DIRECTION( '', ( 0.000000000000000, -1.00000000000000, 0.000000000000000 ) );
#3926 = CARTESIAN_POINT( '', ( -0.0266700000002540, 0.0195580000002540, 0.00904240000025400 ) );
#3927 = DIRECTION( '', ( 1.00000000000000, 0.000000000000000, 0.000000000000000 ) );
#3928 = DIRECTION( '', ( 0.000000000000000, 1.00000000000000, 0.000000000000000 ) );
#3929 = DIRECTION( '', ( 0.000000000000000, 0.000000000000000, 1.00000000000000 ) );
#3930 = DIRECTION( '', ( 0.000000000000000, 1.00000000000000, 0.000000000000000 ) );
#3931 = DIRECTION( '', ( 0.000000000000000, 0.000000000000000, -1.00000000000000 ) );
#3932 = DIRECTION( '', ( 1.00000000000000, 0.000000000000000, 0.000000000000000 ) );
#3933 = DIRECTION( '', ( 0.000000000000000, 0.000000000000000, -1.00000000000000 ) );
#3934 = DIRECTION( '', ( 1.00000000000000, 0.000000000000000, 0.000000000000000 ) );
#3935 = DIRECTION( '', ( 0.000000000000000, 0.000000000000000, -1.00000000000000 ) );
#3936 = DIRECTION( '', ( 1.00000000000000, 0.000000000000000, 0.000000000000000 ) );
#3937 = DIRECTION( '', ( 0.000000000000000, 0.000000000000000, 1.00000000000000 ) );
#3938 = DIRECTION( '', ( 1.00000000000000, 0.000000000000000, 0.000000000000000 ) );
#3939 = CARTESIAN_POINT( '', ( 0.0200660000002540, 0.0134874000002540, 0.00101600000025400 ) );
#3940 = DIRECTION( '', ( 0.000000000000000, 1.00000000000000, 0.000000000000000 ) );
#3941 = DIRECTION( '', ( 0.000000000000000, 0.000000000000000, -1.00000000000000 ) );
#3942 = DIRECTION( '', ( 0.000000000000000, 0.000000000000000, -1.00000000000000 ) );
#3943 = DIRECTION( '', ( 1.00000000000000, 0.000000000000000, 0.000000000000000 ) );
#3944 = DIRECTION( '', ( 0.000000000000000, 0.000000000000000, 1.00000000000000 ) );
#3945 = CARTESIAN_POINT( '', ( 0.0180340000002540, 0.0134874000002540, 0.00101600000025400 ) );
#3946 = DIRECTION( '', ( -0.000000000000000, 1.00000000000000, 0.000000000000000 ) );
#3947 = DIRECTION( '', ( 1.00000000000000, 0.000000000000000, 0.000000000000000 ) );
#3948 = DIRECTION( '', ( 0.000000000000000, 0.000000000000000, -1.00000000000000 ) );
#3949 = DIRECTION( '', ( 0.000000000000000, -1.00000000000000, 0.000000000000000 ) );
#3950 = DIRECTION( '', ( 0.000000000000000, 0.000000000000000, -1.00000000000000 ) );
#3951 = DIRECTION( '', ( 0.000000000000000, -1.00000000000000, 0.000000000000000 ) );
#3952 = DIRECTION( '', ( -1.00000000000000, 0.000000000000000, 0.000000000000000 ) );
#3953 = DIRECTION( '', ( -1.00000000000000, 0.000000000000000, 0.000000000000000 ) );
#3954 = DIRECTION( '', ( -1.00000000000000, 0.000000000000000, 0.000000000000000 ) );
#3955 = DIRECTION( '', ( -1.00000000000000, 0.000000000000000, 0.000000000000000 ) );
#3956 = CARTESIAN_POINT( '', ( -0.0190500000002540, 0.0134874000002540, 0.000000000000000 ) );
#3957 = DIRECTION( '', ( 0.000000000000000, 1.00000000000000, 0.000000000000000 ) );
#3958 = DIRECTION( '', ( 0.000000000000000, 0.000000000000000, -1.00000000000000 ) );
#3959 = CARTESIAN_POINT( '', ( -0.0190500000002540, 0.0122936000002540, 0.000000000000000 ) );
#3960 = DIRECTION( '', ( 0.000000000000000, -1.00000000000000, 0.000000000000000 ) );
#3961 = DIRECTION( '', ( 0.985996363450996, 0.000000000000000, -0.166766817027284 ) );
#3962 = CARTESIAN_POINT( '', ( -0.0190500000002540, 0.0134874000002540, 0.000000000000000 ) );
#3963 = DIRECTION( '', ( 0.000000000000000, 1.00000000000000, -0.000000000000000 ) );
#3964 = DIRECTION( '', ( -0.968245836533901, 0.000000000000000, 0.250000000069533 ) );
#3965 = CARTESIAN_POINT( '', ( -0.0190500000002540, 0.0122936000002540, 0.000000000000000 ) );
#3966 = DIRECTION( '', ( -0.000000000000000, -1.00000000000000, 0.000000000000000 ) );
#3967 = DIRECTION( '', ( -0.985996363450996, 0.000000000000000, 0.166766817027284 ) );
#3968 = CARTESIAN_POINT( '', ( -0.0190500000002540, 0.0122174000002540, 0.000000000000000 ) );
#3969 = DIRECTION( '', ( 0.000000000000000, -1.00000000000000, 0.000000000000000 ) );
#3970 = DIRECTION( '', ( 0.000000000000000, 0.000000000000000, -1.00000000000000 ) );
#3971 = CARTESIAN_POINT( '', ( -0.0197993000002540, 0.000508000000254000, -0.00650240000025400 ) );
#3972 = DIRECTION( '', ( 0.000000000000000, -1.00000000000000, 0.000000000000000 ) );
#3973 = DIRECTION( '', ( 0.000000000000000, 0.000000000000000, 1.00000000000000 ) );
#3974 = DIRECTION( '', ( 0.000000000000000, -0.999999999999799, 0.000000000000000 ) );
#3975 = CARTESIAN_POINT( '', ( -0.0197993000002540, -0.00355599027951144, -0.00650240000025400 ) );
#3976 = DIRECTION( '', ( 0.000000000000000, -1.00000000000000, 0.000000000000000 ) );
#3977 = DIRECTION( '', ( 0.000000000000000, 0.000000000000000, 1.00000000000000 ) );
#3978 = DIRECTION( '', ( 0.000000000000000, -0.999999999999799, 0.000000000000000 ) );
#3979 = DIRECTION( '', ( -1.00000000000000, 0.000000000000000, 0.000000000000000 ) );
#3980 = DIRECTION( '', ( -1.00000000000000, 0.000000000000000, 0.000000000000000 ) );
#3981 = DIRECTION( '', ( -1.00000000000000, 0.000000000000000, 0.000000000000000 ) );
#3982 = DIRECTION( '', ( -1.00000000000000, 0.000000000000000, 0.000000000000000 ) );
#3983 = CARTESIAN_POINT( '', ( -0.00635000000025400, 0.0134874000002540, 0.000000000000000 ) );
#3984 = DIRECTION( '', ( 0.000000000000000, 1.00000000000000, 0.000000000000000 ) );
#3985 = DIRECTION( '', ( 0.000000000000000, 0.000000000000000, -1.00000000000000 ) );
#3986 = CARTESIAN_POINT( '', ( -0.00635000000025400, 0.0122936000002540, 0.000000000000000 ) );
#3987 = DIRECTION( '', ( 0.000000000000000, -1.00000000000000, 0.000000000000000 ) );
#3988 = DIRECTION( '', ( 0.985996363450996, 0.000000000000000, -0.166766817027284 ) );
#3989 = CARTESIAN_POINT( '', ( -0.00635000000025400, 0.0134874000002540, 0.000000000000000 ) );
#3990 = DIRECTION( '', ( 0.000000000000000, 1.00000000000000, -0.000000000000000 ) );
#3991 = DIRECTION( '', ( -0.968245836533901, 0.000000000000000, 0.250000000069533 ) );
#3992 = CARTESIAN_POINT( '', ( -0.00635000000025400, 0.0122936000002540, 0.000000000000000 ) );
#3993 = DIRECTION( '', ( -0.000000000000000, -1.00000000000000, 0.000000000000000 ) );
#3994 = DIRECTION( '', ( -0.985996363450996, 0.000000000000000, 0.166766817027284 ) );
#3995 = CARTESIAN_POINT( '', ( -0.00635000000025400, 0.0122174000002540, 0.000000000000000 ) );
#3996 = DIRECTION( '', ( 0.000000000000000, -1.00000000000000, 0.000000000000000 ) );
#3997 = DIRECTION( '', ( 0.000000000000000, 0.000000000000000, -1.00000000000000 ) );
#3998 = DIRECTION( '', ( 1.00000000000000, 0.000000000000000, 0.000000000000000 ) );
#3999 = DIRECTION( '', ( 0.000000000000000, 0.000000000000000, 1.00000000000000 ) );
#4000 = DIRECTION( '', ( 1.00000000000000, 0.000000000000000, 0.000000000000000 ) );
#4001 = DIRECTION( '', ( 0.000000000000000, 0.000000000000000, 1.00000000000000 ) );
#4002 = CARTESIAN_POINT( '', ( 0.0190500000002540, 0.0108966000002540, 0.000000000000000 ) );
#4003 = DIRECTION( '', ( 0.000000000000000, -1.00000000000000, 0.000000000000000 ) );
#4004 = DIRECTION( '', ( 0.000000000000000, 0.000000000000000, 1.00000000000000 ) );
#4005 = CARTESIAN_POINT( '', ( 0.0197993000002540, 0.000508000000254000, 0.00650240000025400 ) );
#4006 = DIRECTION( '', ( 0.000000000000000, -1.00000000000000, 0.000000000000000 ) );
#4007 = DIRECTION( '', ( 0.000000000000000, 0.000000000000000, -1.00000000000000 ) );
#4008 = DIRECTION( '', ( 0.000000000000000, -0.999999999999799, 0.000000000000000 ) );
#4009 = DIRECTION( '', ( -1.00000000000000, 0.000000000000000, 0.000000000000000 ) );
#4010 = DIRECTION( '', ( 0.000000000000000, -0.999999999999799, 0.000000000000000 ) );
#4011 = DIRECTION( '', ( -1.00000000000000, 0.000000000000000, 0.000000000000000 ) );
#4012 = DIRECTION( '', ( 0.000000000000000, -1.00000000000000, 0.000000000000000 ) );
#4013 = DIRECTION( '', ( 1.00000000000000, 0.000000000000000, 0.000000000000000 ) );
#4014 = DIRECTION( '', ( 0.000000000000000, 1.00000000000000, 0.000000000000000 ) );
#4015 = DIRECTION( '', ( 1.00000000000000, 0.000000000000000, 0.000000000000000 ) );
#4016 = DIRECTION( '', ( 0.000000000000000, 1.00000000000000, 0.000000000000000 ) );
#4017 = DIRECTION( '', ( 1.00000000000000, 0.000000000000000, 0.000000000000000 ) );
#4018 = DIRECTION( '', ( 0.000000000000000, -1.00000000000000, 0.000000000000000 ) );
#4019 = DIRECTION( '', ( 0.000000000000000, 1.00000000000000, 0.000000000000000 ) );
#4020 = DIRECTION( '', ( 0.000000000000000, 0.000000000000000, 1.00000000000000 ) );
#4021 = CARTESIAN_POINT( '', ( 0.0266700000002540, 0.0195580000002540, 0.00904240000025400 ) );
#4022 = DIRECTION( '', ( 1.00000000000000, 0.000000000000000, 0.000000000000000 ) );
#4023 = DIRECTION( '', ( 0.000000000000000, 1.00000000000000, 0.000000000000000 ) );
#4024 = DIRECTION( '', ( 1.00000000000000, 0.000000000000000, 0.000000000000000 ) );
#4025 = DIRECTION( '', ( 1.00000000000000, 0.000000000000000, 0.000000000000000 ) );
#4026 = DIRECTION( '', ( 0.000000000000000, -1.00000000000000, 0.000000000000000 ) );
#4027 = DIRECTION( '', ( 1.00000000000000, 0.000000000000000, 0.000000000000000 ) );
#4028 = CARTESIAN_POINT( '', ( 0.0241554000002540, 0.0195580000002540, 0.00904240000025400 ) );
#4029 = DIRECTION( '', ( 1.00000000000000, 0.000000000000000, 0.000000000000000 ) );
#4030 = DIRECTION( '', ( 0.000000000000000, 1.00000000000000, 0.000000000000000 ) );
#4031 = DIRECTION( '', ( 1.00000000000000, 0.000000000000000, 0.000000000000000 ) );
#4032 = DIRECTION( '', ( 0.000000000000000, -1.00000000000000, 0.000000000000000 ) );
#4033 = DIRECTION( '', ( 1.00000000000000, 0.000000000000000, 0.000000000000000 ) );
#4034 = DIRECTION( '', ( 0.000000000000000, -1.00000000000000, 0.000000000000000 ) );
#4035 = DIRECTION( '', ( 1.00000000000000, 0.000000000000000, 0.000000000000000 ) );
#4036 = CARTESIAN_POINT( '', ( -0.0241554000002540, 0.0195580000002540, 0.00904240000025400 ) );
#4037 = DIRECTION( '', ( 1.00000000000000, 0.000000000000000, 0.000000000000000 ) );
#4038 = DIRECTION( '', ( 0.000000000000000, 1.00000000000000, 0.000000000000000 ) );
#4039 = DIRECTION( '', ( 0.000000000000000, -1.00000000000000, 0.000000000000000 ) );
#4040 = DIRECTION( '', ( 0.000000000000000, 0.000000000000000, 1.00000000000000 ) );
#4041 = DIRECTION( '', ( 0.000000000000000, -1.00000000000000, 0.000000000000000 ) );
#4042 = DIRECTION( '', ( 0.000000000000000, 0.000000000000000, -1.00000000000000 ) );
#4043 = CARTESIAN_POINT( '', ( 0.0114554000002540, 0.0195580000002540, 0.00904240000025400 ) );
#4044 = DIRECTION( '', ( 1.00000000000000, 0.000000000000000, 0.000000000000000 ) );
#4045 = DIRECTION( '', ( 0.000000000000000, 1.00000000000000, 0.000000000000000 ) );
#4046 = DIRECTION( '', ( 0.000000000000000, 0.000000000000000, -1.00000000000000 ) );
#4047 = CARTESIAN_POINT( '', ( -0.0114554000002540, 0.0195580000002540, 0.00904240000025400 ) );
#4048 = DIRECTION( '', ( 1.00000000000000, 0.000000000000000, 0.000000000000000 ) );
#4049 = DIRECTION( '', ( 0.000000000000000, 1.00000000000000, 0.000000000000000 ) );
#4050 = DIRECTION( '', ( 1.00000000000000, 0.000000000000000, 0.000000000000000 ) );
#4051 = CARTESIAN_POINT( '', ( -0.0139446000002540, 0.0195580000002540, 0.00904240000025400 ) );
#4052 = DIRECTION( '', ( 1.00000000000000, 0.000000000000000, 0.000000000000000 ) );
#4053 = DIRECTION( '', ( 0.000000000000000, 1.00000000000000, 0.000000000000000 ) );
#4054 = CARTESIAN_POINT( '', ( 0.0139446000002540, 0.0195580000002540, 0.00904240000025400 ) );
#4055 = DIRECTION( '', ( 1.00000000000000, 0.000000000000000, 0.000000000000000 ) );
#4056 = DIRECTION( '', ( 0.000000000000000, 1.00000000000000, 0.000000000000000 ) );
#4057 = DIRECTION( '', ( 1.00000000000000, 0.000000000000000, 0.000000000000000 ) );
#4058 = DIRECTION( '', ( 1.00000000000000, 0.000000000000000, 0.000000000000000 ) );
#4059 = CARTESIAN_POINT( '', ( 0.00124460000025400, 0.0195580000002540, 0.00904240000025400 ) );
#4060 = DIRECTION( '', ( 1.00000000000000, 0.000000000000000, 0.000000000000000 ) );
#4061 = DIRECTION( '', ( 0.000000000000000, 1.00000000000000, 0.000000000000000 ) );
#4062 = DIRECTION( '', ( 1.00000000000000, 0.000000000000000, 0.000000000000000 ) );
#4063 = CARTESIAN_POINT( '', ( -0.00124460000025400, 0.0195580000002540, 0.00904240000025400 ) );
#4064 = DIRECTION( '', ( 1.00000000000000, 0.000000000000000, 0.000000000000000 ) );
#4065 = DIRECTION( '', ( 0.000000000000000, 1.00000000000000, 0.000000000000000 ) );
#4066 = DIRECTION( '', ( 0.000000000000000, 0.000000000000000, -1.00000000000000 ) );
#4067 = DIRECTION( '', ( 0.000000000000000, -1.00000000000000, 0.000000000000000 ) );
#4068 = DIRECTION( '', ( 0.000000000000000, 0.000000000000000, 1.00000000000000 ) );
#4069 = DIRECTION( '', ( 0.000000000000000, -1.00000000000000, 0.000000000000000 ) );
#4070 = DIRECTION( '', ( 0.000000000000000, 0.000000000000000, -1.00000000000000 ) );
#4071 = DIRECTION( '', ( -1.00000000000000, 0.000000000000000, 0.000000000000000 ) );
#4072 = DIRECTION( '', ( -1.00000000000000, 0.000000000000000, 0.000000000000000 ) );
#4073 = DIRECTION( '', ( 0.000000000000000, 0.000000000000000, 1.00000000000000 ) );
#4074 = DIRECTION( '', ( 1.00000000000000, 0.000000000000000, 0.000000000000000 ) );
#4075 = DIRECTION( '', ( 0.000000000000000, 0.000000000000000, -1.00000000000000 ) );
#4076 = DIRECTION( '', ( 1.00000000000000, 0.000000000000000, 0.000000000000000 ) );
#4077 = DIRECTION( '', ( 0.000000000000000, 0.000000000000000, -1.00000000000000 ) );
#4078 = DIRECTION( '', ( -1.00000000000000, 0.000000000000000, 0.000000000000000 ) );
#4079 = DIRECTION( '', ( -1.00000000000000, 0.000000000000000, 0.000000000000000 ) );
#4080 = DIRECTION( '', ( 0.000000000000000, 0.000000000000000, 1.00000000000000 ) );
#4081 = DIRECTION( '', ( -1.00000000000000, 0.000000000000000, 0.000000000000000 ) );
#4082 = DIRECTION( '', ( 1.00000000000000, 0.000000000000000, 0.000000000000000 ) );
#4083 = DIRECTION( '', ( 0.000000000000000, 0.000000000000000, -1.00000000000000 ) );
#4084 = DIRECTION( '', ( 1.00000000000000, 0.000000000000000, 0.000000000000000 ) );
#4085 = DIRECTION( '', ( 0.000000000000000, 0.000000000000000, -1.00000000000000 ) );
#4086 = DIRECTION( '', ( -1.00000000000000, 0.000000000000000, 0.000000000000000 ) );
#4087 = DIRECTION( '', ( 0.000000000000000, -1.00000000000000, 0.000000000000000 ) );
#4088 = DIRECTION( '', ( -1.00000000000000, 0.000000000000000, 0.000000000000000 ) );
#4089 = DIRECTION( '', ( 0.000000000000000, -1.00000000000000, 0.000000000000000 ) );
#4090 = DIRECTION( '', ( 0.000000000000000, 0.000000000000000, -1.00000000000000 ) );
#4091 = DIRECTION( '', ( 0.000000000000000, 0.000000000000000, -1.00000000000000 ) );
#4092 = DIRECTION( '', ( 0.000000000000000, -1.00000000000000, 0.000000000000000 ) );
#4093 = DIRECTION( '', ( 0.000000000000000, 0.000000000000000, 1.00000000000000 ) );
#4094 = DIRECTION( '', ( 0.000000000000000, -1.00000000000000, 0.000000000000000 ) );
#4095 = DIRECTION( '', ( 0.000000000000000, 0.000000000000000, 1.00000000000000 ) );
#4096 = DIRECTION( '', ( 0.000000000000000, -1.00000000000000, 0.000000000000000 ) );
#4097 = DIRECTION( '', ( 0.000000000000000, 0.000000000000000, 1.00000000000000 ) );
#4098 = DIRECTION( '', ( 0.000000000000000, -1.00000000000000, 0.000000000000000 ) );
#4099 = DIRECTION( '', ( 0.000000000000000, 0.000000000000000, -1.00000000000000 ) );
#4100 = DIRECTION( '', ( 0.000000000000000, -1.00000000000000, 0.000000000000000 ) );
#4101 = DIRECTION( '', ( 0.000000000000000, 0.000000000000000, -1.00000000000000 ) );
#4102 = DIRECTION( '', ( 0.000000000000000, 0.000000000000000, -1.00000000000000 ) );
#4103 = DIRECTION( '', ( -1.00000000000000, 0.000000000000000, 0.000000000000000 ) );
#4104 = DIRECTION( '', ( 0.000000000000000, 0.000000000000000, -1.00000000000000 ) );
#4105 = DIRECTION( '', ( -1.00000000000000, 0.000000000000000, 0.000000000000000 ) );
#4106 = DIRECTION( '', ( 0.000000000000000, 0.000000000000000, 1.00000000000000 ) );
#4107 = DIRECTION( '', ( 1.00000000000000, 0.000000000000000, 0.000000000000000 ) );
#4108 = DIRECTION( '', ( 0.000000000000000, 0.000000000000000, 1.00000000000000 ) );
#4109 = DIRECTION( '', ( 1.00000000000000, 0.000000000000000, 0.000000000000000 ) );
#4110 = DIRECTION( '', ( -1.00000000000000, 0.000000000000000, 0.000000000000000 ) );
#4111 = DIRECTION( '', ( 0.000000000000000, 0.000000000000000, -1.00000000000000 ) );
#4112 = DIRECTION( '', ( 0.000000000000000, -1.00000000000000, 0.000000000000000 ) );
#4113 = DIRECTION( '', ( 1.00000000000000, 0.000000000000000, 0.000000000000000 ) );
#4114 = DIRECTION( '', ( 0.000000000000000, -1.00000000000000, 0.000000000000000 ) );
#4115 = DIRECTION( '', ( 1.00000000000000, 0.000000000000000, 0.000000000000000 ) );
#4116 = DIRECTION( '', ( 0.000000000000000, 1.00000000000000, 0.000000000000000 ) );
#4117 = DIRECTION( '', ( 0.000000000000000, 0.000000000000000, 1.00000000000000 ) );
#4118 = DIRECTION( '', ( 0.000000000000000, -1.00000000000000, 0.000000000000000 ) );
#4119 = DIRECTION( '', ( 1.00000000000000, 0.000000000000000, 0.000000000000000 ) );
#4120 = DIRECTION( '', ( 0.000000000000000, -1.00000000000000, 0.000000000000000 ) );
#4121 = DIRECTION( '', ( 0.000000000000000, 1.00000000000000, 0.000000000000000 ) );
#4122 = DIRECTION( '', ( 1.00000000000000, 0.000000000000000, 0.000000000000000 ) );
#4123 = DIRECTION( '', ( 0.000000000000000, 0.000000000000000, 1.00000000000000 ) );
#4124 = DIRECTION( '', ( 0.000000000000000, -1.00000000000000, 0.000000000000000 ) );
#4125 = DIRECTION( '', ( -1.00000000000000, 0.000000000000000, 0.000000000000000 ) );
#4126 = DIRECTION( '', ( 0.000000000000000, -1.00000000000000, 0.000000000000000 ) );
#4127 = DIRECTION( '', ( 0.000000000000000, 0.000000000000000, -1.00000000000000 ) );
#4128 = DIRECTION( '', ( 0.000000000000000, -1.00000000000000, 0.000000000000000 ) );
#4129 = DIRECTION( '', ( 0.000000000000000, -1.00000000000000, 0.000000000000000 ) );
#4130 = DIRECTION( '', ( -1.00000000000000, 0.000000000000000, 0.000000000000000 ) );
#4131 = DIRECTION( '', ( 0.000000000000000, 1.00000000000000, 0.000000000000000 ) );
#4132 = DIRECTION( '', ( -1.00000000000000, 0.000000000000000, 0.000000000000000 ) );
#4133 = DIRECTION( '', ( 0.000000000000000, 0.000000000000000, -1.00000000000000 ) );
#4134 = DIRECTION( '', ( 0.000000000000000, 1.00000000000000, 0.000000000000000 ) );
#4135 = DIRECTION( '', ( 0.000000000000000, 0.000000000000000, 1.00000000000000 ) );
#4136 = DIRECTION( '', ( 1.00000000000000, 0.000000000000000, 0.000000000000000 ) );
#4137 = DIRECTION( '', ( 0.000000000000000, 1.00000000000000, 0.000000000000000 ) );
#4138 = DIRECTION( '', ( 1.00000000000000, 0.000000000000000, 0.000000000000000 ) );
#4139 = DIRECTION( '', ( 0.000000000000000, 0.000000000000000, -1.00000000000000 ) );
#4140 = DIRECTION( '', ( 0.000000000000000, -1.00000000000000, 0.000000000000000 ) );
#4141 = DIRECTION( '', ( 0.000000000000000, 0.000000000000000, 1.00000000000000 ) );
#4142 = DIRECTION( '', ( 0.000000000000000, -1.00000000000000, 0.000000000000000 ) );
#4143 = DIRECTION( '', ( 0.000000000000000, 1.00000000000000, 0.000000000000000 ) );
#4144 = DIRECTION( '', ( 1.00000000000000, 0.000000000000000, 0.000000000000000 ) );
#4145 = DIRECTION( '', ( 0.000000000000000, 1.00000000000000, 0.000000000000000 ) );
#4146 = DIRECTION( '', ( 1.00000000000000, 0.000000000000000, 0.000000000000000 ) );
#4147 = DIRECTION( '', ( -1.00000000000000, 0.000000000000000, 0.000000000000000 ) );
#4148 = DIRECTION( '', ( -1.00000000000000, 0.000000000000000, 0.000000000000000 ) );
#4149 = DIRECTION( '', ( 0.000000000000000, -1.00000000000000, 0.000000000000000 ) );
#4150 = DIRECTION( '', ( 0.000000000000000, 0.000000000000000, -1.00000000000000 ) );
#4151 = DIRECTION( '', ( 0.000000000000000, 0.000000000000000, -1.00000000000000 ) );
#4152 = DIRECTION( '', ( -1.00000000000000, 0.000000000000000, 0.000000000000000 ) );
#4153 = DIRECTION( '', ( 0.000000000000000, 0.000000000000000, -1.00000000000000 ) );
#4154 = DIRECTION( '', ( 1.00000000000000, 0.000000000000000, 0.000000000000000 ) );
#4155 = DIRECTION( '', ( -1.00000000000000, 0.000000000000000, 0.000000000000000 ) );
#4156 = CARTESIAN_POINT( '', ( -0.0183007000002540, 0.000508000000254000, -0.00650240000025400 ) );
#4157 = DIRECTION( '', ( 0.000000000000000, -1.00000000000000, 0.000000000000000 ) );
#4158 = DIRECTION( '', ( 0.000000000000000, 0.000000000000000, -1.00000000000000 ) );
#4159 = DIRECTION( '', ( 1.00000000000000, 0.000000000000000, 0.000000000000000 ) );
#4160 = DIRECTION( '', ( -1.00000000000000, 0.000000000000000, 0.000000000000000 ) );
#4161 = CARTESIAN_POINT( '', ( 0.00709930000025400, 0.000508000000254000, -0.00650240000025400 ) );
#4162 = DIRECTION( '', ( 0.000000000000000, -1.00000000000000, -0.000000000000000 ) );
#4163 = DIRECTION( '', ( 0.000000000000000, 0.000000000000000, -1.00000000000000 ) );
#4164 = DIRECTION( '', ( 1.00000000000000, 0.000000000000000, 0.000000000000000 ) );
#4165 = CARTESIAN_POINT( '', ( 0.00560070000025400, 0.000508000000254000, -0.00650240000025400 ) );
#4166 = DIRECTION( '', ( 0.000000000000000, -1.00000000000000, 0.000000000000000 ) );
#4167 = DIRECTION( '', ( 0.000000000000000, 0.000000000000000, 1.00000000000000 ) );
#4168 = DIRECTION( '', ( -1.00000000000000, 0.000000000000000, 0.000000000000000 ) );
#4169 = CARTESIAN_POINT( '', ( -0.00560070000025400, 0.000508000000254000, 0.00650240000025400 ) );
#4170 = DIRECTION( '', ( 0.000000000000000, -1.00000000000000, 0.000000000000000 ) );
#4171 = DIRECTION( '', ( 0.000000000000000, 0.000000000000000, -1.00000000000000 ) );
#4172 = DIRECTION( '', ( 1.00000000000000, 0.000000000000000, 0.000000000000000 ) );
#4173 = CARTESIAN_POINT( '', ( -0.00709930000025400, 0.000508000000254000, 0.00650240000025400 ) );
#4174 = DIRECTION( '', ( 0.000000000000000, -1.00000000000000, 0.000000000000000 ) );
#4175 = DIRECTION( '', ( 0.000000000000000, 0.000000000000000, 1.00000000000000 ) );
#4176 = CARTESIAN_POINT( '', ( 0.0183007000002540, 0.000508000000254000, 0.00650240000025400 ) );
#4177 = DIRECTION( '', ( 0.000000000000000, -1.00000000000000, 0.000000000000000 ) );
#4178 = DIRECTION( '', ( 0.000000000000000, 0.000000000000000, 1.00000000000000 ) );
#4179 = DIRECTION( '', ( 0.000000000000000, 1.00000000000000, 0.000000000000000 ) );
#4180 = DIRECTION( '', ( 0.000000000000000, -1.00000000000000, 0.000000000000000 ) );
#4181 = CARTESIAN_POINT( '', ( 0.0200660000002540, 0.0114554000002540, 0.00101600000025400 ) );
#4182 = DIRECTION( '', ( -0.000000000000000, -1.00000000000000, -0.000000000000000 ) );
#4183 = DIRECTION( '', ( -1.00000000000000, 0.000000000000000, 0.000000000000000 ) );
#4184 = DIRECTION( '', ( 0.000000000000000, -1.00000000000000, 0.000000000000000 ) );
#4185 = DIRECTION( '', ( 0.000000000000000, 0.000000000000000, -1.00000000000000 ) );
#4186 = DIRECTION( '', ( 0.000000000000000, -1.00000000000000, 0.000000000000000 ) );
#4187 = DIRECTION( '', ( -1.00000000000000, 0.000000000000000, 0.000000000000000 ) );
#4188 = DIRECTION( '', ( 0.000000000000000, -0.999999999999799, 0.000000000000000 ) );
#4189 = DIRECTION( '', ( 0.000000000000000, -0.999999999999799, 0.000000000000000 ) );
#4190 = DIRECTION( '', ( 0.000000000000000, 0.707108280238208, 0.707105282131709 ) );
#4191 = DIRECTION( '', ( 0.000000000000000, 0.707108280238208, -0.707105282131709 ) );
#4192 = CARTESIAN_POINT( '', ( -0.0197993000002540, -0.00406399761285466, -0.00650240000025400 ) );
#4193 = DIRECTION( '', ( 0.000000000000000, -1.00000000000000, 0.000000000000000 ) );
#4194 = DIRECTION( '', ( 0.000000000000000, 0.000000000000000, 1.00000000000000 ) );
#4195 = DIRECTION( '', ( 0.000000000000000, -1.00000000000000, 0.000000000000000 ) );
#4196 = DIRECTION( '', ( 0.000000000000000, 0.000000000000000, 1.00000000000000 ) );
#4197 = DIRECTION( '', ( 0.000000000000000, -1.00000000000000, 0.000000000000000 ) );
#4198 = CARTESIAN_POINT( '', ( 0.0180340000002540, 0.0114554000002540, -0.00101600000025400 ) );
#4199 = DIRECTION( '', ( 0.000000000000000, -1.00000000000000, 0.000000000000000 ) );
#4200 = DIRECTION( '', ( 1.00000000000000, 0.000000000000000, 0.000000000000000 ) );
#4201 = CARTESIAN_POINT( '', ( 0.0180340000002540, 0.0134874000002540, -0.00101600000025400 ) );
#4202 = DIRECTION( '', ( 0.000000000000000, 1.00000000000000, 0.000000000000000 ) );
#4203 = DIRECTION( '', ( 0.000000000000000, 0.000000000000000, 1.00000000000000 ) );
#4204 = DIRECTION( '', ( -1.00000000000000, 0.000000000000000, 0.000000000000000 ) );
#4205 = DIRECTION( '', ( 0.000000000000000, 0.000000000000000, -1.00000000000000 ) );
#4206 = DIRECTION( '', ( -1.00000000000000, 0.000000000000000, 0.000000000000000 ) );
#4207 = DIRECTION( '', ( 0.000000000000000, 0.000000000000000, -1.00000000000000 ) );
#4208 = DIRECTION( '', ( 1.00000000000000, 0.000000000000000, 0.000000000000000 ) );
#4209 = DIRECTION( '', ( 0.000000000000000, 0.000000000000000, -1.00000000000000 ) );
#4210 = DIRECTION( '', ( 1.00000000000000, 0.000000000000000, 0.000000000000000 ) );
#4211 = DIRECTION( '', ( 0.000000000000000, 0.000000000000000, -1.00000000000000 ) );
#4212 = DIRECTION( '', ( 0.000000000000000, -1.00000000000000, 0.000000000000000 ) );
#4213 = DIRECTION( '', ( 0.000000000000000, -1.00000000000000, 0.000000000000000 ) );
#4214 = DIRECTION( '', ( 0.000000000000000, -0.999999999999799, 0.000000000000000 ) );
#4215 = DIRECTION( '', ( 0.000000000000000, -0.999999999999799, 0.000000000000000 ) );
#4216 = DIRECTION( '', ( 1.00000000000000, 0.000000000000000, 0.000000000000000 ) );
#4217 = DIRECTION( '', ( 0.000000000000000, 0.707108280238258, 0.707105282131659 ) );
#4218 = CARTESIAN_POINT( '', ( 0.0183007000002540, -0.00355599027951144, 0.00650240000025400 ) );
#4219 = DIRECTION( '', ( 0.000000000000000, -1.00000000000000, 0.000000000000000 ) );
#4220 = DIRECTION( '', ( 0.000000000000000, 0.000000000000000, 1.00000000000000 ) );
#4221 = CARTESIAN_POINT( '', ( 0.0183007000002540, -0.00406399761285466, 0.00650240000025400 ) );
#4222 = DIRECTION( '', ( 0.000000000000000, -1.00000000000000, 0.000000000000000 ) );
#4223 = DIRECTION( '', ( 0.000000000000000, 0.000000000000000, 1.00000000000000 ) );
#4224 = CARTESIAN_POINT( '', ( 0.00635000000025400, 0.0108966000002540, 0.000000000000000 ) );
#4225 = DIRECTION( '', ( 0.000000000000000, -1.00000000000000, 0.000000000000000 ) );
#4226 = DIRECTION( '', ( 0.000000000000000, 0.000000000000000, 1.00000000000000 ) );
#4227 = DIRECTION( '', ( -1.00000000000000, 0.000000000000000, 0.000000000000000 ) );
#4228 = DIRECTION( '', ( -1.00000000000000, 0.000000000000000, 0.000000000000000 ) );
#4229 = DIRECTION( '', ( 0.000000000000000, -1.00000000000000, 0.000000000000000 ) );
#4230 = DIRECTION( '', ( 0.000000000000000, -1.00000000000000, 0.000000000000000 ) );
#4231 = CARTESIAN_POINT( '', ( -0.00560070000025400, -0.00355599027951144, 0.00650240000025400 ) );
#4232 = DIRECTION( '', ( 0.000000000000000, -1.00000000000000, 0.000000000000000 ) );
#4233 = DIRECTION( '', ( 0.000000000000000, 0.000000000000000, -1.00000000000000 ) );
#4234 = DIRECTION( '', ( 0.000000000000000, -0.999999999999799, 0.000000000000000 ) );
#4235 = DIRECTION( '', ( 0.000000000000000, 1.00000000000000, 0.000000000000000 ) );
#4236 = DIRECTION( '', ( 0.000000000000000, 1.00000000000000, 0.000000000000000 ) );
#4237 = DIRECTION( '', ( 0.000000000000000, -1.00000000000000, 0.000000000000000 ) );
#4238 = DIRECTION( '', ( 0.000000000000000, -1.00000000000000, 0.000000000000000 ) );
#4239 = DIRECTION( '', ( -1.00000000000000, 0.000000000000000, 0.000000000000000 ) );
#4240 = DIRECTION( '', ( -1.00000000000000, 0.000000000000000, 0.000000000000000 ) );
#4241 = DIRECTION( '', ( 0.000000000000000, 0.707108280238258, -0.707105282131659 ) );
#4242 = DIRECTION( '', ( 0.000000000000000, 0.707108280238258, -0.707105282131659 ) );
#4243 = DIRECTION( '', ( 1.00000000000000, 0.000000000000000, 0.000000000000000 ) );
#4244 = DIRECTION( '', ( -1.00000000000000, 0.000000000000000, 0.000000000000000 ) );
#4245 = DIRECTION( '', ( 0.000000000000000, 0.707108280238258, -0.707105282131659 ) );
#4246 = DIRECTION( '', ( 0.000000000000000, 0.707108280238258, 0.707105282131659 ) );
#4247 = CARTESIAN_POINT( '', ( -0.00560070000025400, -0.00406399761285466, 0.00650240000025400 ) );
#4248 = DIRECTION( '', ( 0.000000000000000, -1.00000000000000, 0.000000000000000 ) );
#4249 = DIRECTION( '', ( 0.000000000000000, 0.000000000000000, -1.00000000000000 ) );
#4250 = DIRECTION( '', ( 0.000000000000000, 0.707108280238258, 0.707105282131659 ) );
#4251 = DIRECTION( '', ( -1.00000000000000, 0.000000000000000, 0.000000000000000 ) );
#4252 = DIRECTION( '', ( 0.000000000000000, -0.999999999999799, 0.000000000000000 ) );
#4253 = CARTESIAN_POINT( '', ( -0.00709930000025400, -0.00355599027951144, 0.00650240000025400 ) );
#4254 = DIRECTION( '', ( 0.000000000000000, -1.00000000000000, 0.000000000000000 ) );
#4255 = DIRECTION( '', ( 0.000000000000000, 0.000000000000000, 1.00000000000000 ) );
#4256 = CARTESIAN_POINT( '', ( 0.0200660000002540, 0.0114554000002540, -0.00101600000025400 ) );
#4257 = DIRECTION( '', ( 0.000000000000000, -1.00000000000000, 0.000000000000000 ) );
#4258 = DIRECTION( '', ( 0.000000000000000, 0.000000000000000, 1.00000000000000 ) );
#4259 = DIRECTION( '', ( 0.000000000000000, 1.00000000000000, 0.000000000000000 ) );
#4260 = CARTESIAN_POINT( '', ( 0.0200660000002540, 0.0134874000002540, -0.00101600000025400 ) );
#4261 = DIRECTION( '', ( 0.000000000000000, 1.00000000000000, -0.000000000000000 ) );
#4262 = DIRECTION( '', ( -1.00000000000000, 0.000000000000000, 0.000000000000000 ) );
#4263 = CARTESIAN_POINT( '', ( -0.00635000000025400, 0.0108966000002540, 0.000000000000000 ) );
#4264 = DIRECTION( '', ( 0.000000000000000, -1.00000000000000, 0.000000000000000 ) );
#4265 = DIRECTION( '', ( 0.000000000000000, 0.000000000000000, 1.00000000000000 ) );
#4266 = DIRECTION( '', ( 0.000000000000000, 0.707108280238258, 0.707105282131659 ) );
#4267 = CARTESIAN_POINT( '', ( 0.00560070000025400, -0.00355599027951144, -0.00650240000025400 ) );
#4268 = DIRECTION( '', ( 0.000000000000000, -1.00000000000000, 0.000000000000000 ) );
#4269 = DIRECTION( '', ( 0.000000000000000, 0.000000000000000, 1.00000000000000 ) );
#4270 = CARTESIAN_POINT( '', ( 0.00560070000025400, -0.00406399761285466, -0.00650240000025400 ) );
#4271 = DIRECTION( '', ( 0.000000000000000, -1.00000000000000, 0.000000000000000 ) );
#4272 = DIRECTION( '', ( 0.000000000000000, 0.000000000000000, 1.00000000000000 ) );
#4273 = DIRECTION( '', ( 0.000000000000000, -0.999999999999799, 0.000000000000000 ) );
#4274 = DIRECTION( '', ( 1.00000000000000, 0.000000000000000, 0.000000000000000 ) );
#4275 = DIRECTION( '', ( 0.000000000000000, 0.000000000000000, 1.00000000000000 ) );
#4276 = CARTESIAN_POINT( '', ( 0.0180340000002540, 0.0114554000002540, 0.00101600000025400 ) );
#4277 = DIRECTION( '', ( 0.000000000000000, -1.00000000000000, 0.000000000000000 ) );
#4278 = DIRECTION( '', ( 0.000000000000000, 0.000000000000000, -1.00000000000000 ) );
#4279 = DIRECTION( '', ( 1.00000000000000, 0.000000000000000, 0.000000000000000 ) );
#4280 = DIRECTION( '', ( 1.00000000000000, 0.000000000000000, 0.000000000000000 ) );
#4281 = DIRECTION( '', ( -1.00000000000000, 0.000000000000000, 0.000000000000000 ) );
#4282 = DIRECTION( '', ( 0.000000000000000, 0.707108280238208, -0.707105282131709 ) );
#4283 = CARTESIAN_POINT( '', ( -0.0183007000002540, -0.00355599027951144, -0.00650240000025400 ) );
#4284 = DIRECTION( '', ( 0.000000000000000, -1.00000000000000, 0.000000000000000 ) );
#4285 = DIRECTION( '', ( 0.000000000000000, 0.000000000000000, -1.00000000000000 ) );
#4286 = DIRECTION( '', ( 0.000000000000000, 0.707108280238208, 0.707105282131709 ) );
#4287 = CARTESIAN_POINT( '', ( -0.0183007000002540, -0.00406399761285466, -0.00650240000025400 ) );
#4288 = DIRECTION( '', ( 0.000000000000000, -1.00000000000000, 0.000000000000000 ) );
#4289 = DIRECTION( '', ( 0.000000000000000, 0.000000000000000, -1.00000000000000 ) );
#4290 = DIRECTION( '', ( 1.00000000000000, 0.000000000000000, 0.000000000000000 ) );
#4291 = DIRECTION( '', ( 0.000000000000000, -1.00000000000000, 0.000000000000000 ) );
#4292 = DIRECTION( '', ( 1.00000000000000, 0.000000000000000, 0.000000000000000 ) );
#4293 = DIRECTION( '', ( 0.000000000000000, -1.00000000000000, 0.000000000000000 ) );
#4294 = CARTESIAN_POINT( '', ( 0.00709930000025400, -0.00355599027951144, -0.00650240000025400 ) );
#4295 = DIRECTION( '', ( 0.000000000000000, -1.00000000000000, 0.000000000000000 ) );
#4296 = DIRECTION( '', ( 0.000000000000000, 0.000000000000000, -1.00000000000000 ) );
#4297 = DIRECTION( '', ( 0.000000000000000, 0.707108280238258, 0.707105282131659 ) );
#4298 = CARTESIAN_POINT( '', ( 0.00709930000025400, -0.00406399761285466, -0.00650240000025400 ) );
#4299 = DIRECTION( '', ( 0.000000000000000, -1.00000000000000, 0.000000000000000 ) );
#4300 = DIRECTION( '', ( 0.000000000000000, 0.000000000000000, -1.00000000000000 ) );
#4301 = DIRECTION( '', ( 0.000000000000000, -0.999999999999799, 0.000000000000000 ) );
#4302 = DIRECTION( '', ( 0.000000000000000, -0.999999999999799, 0.000000000000000 ) );
#4303 = DIRECTION( '', ( -1.00000000000000, 0.000000000000000, 0.000000000000000 ) );
#4304 = DIRECTION( '', ( 0.000000000000000, -0.999999999999799, 0.000000000000000 ) );
#4305 = DIRECTION( '', ( 1.00000000000000, 0.000000000000000, 0.000000000000000 ) );
#4306 = DIRECTION( '', ( -1.00000000000000, 0.000000000000000, 0.000000000000000 ) );
#4307 = DIRECTION( '', ( -1.00000000000000, 0.000000000000000, 0.000000000000000 ) );
#4308 = DIRECTION( '', ( 1.00000000000000, 0.000000000000000, 0.000000000000000 ) );
#4309 = CARTESIAN_POINT( '', ( -0.00709930000025400, -0.00406399761285466, 0.00650240000025400 ) );
#4310 = DIRECTION( '', ( 0.000000000000000, -1.00000000000000, 0.000000000000000 ) );
#4311 = DIRECTION( '', ( 0.000000000000000, 0.000000000000000, 1.00000000000000 ) );
#4312 = DIRECTION( '', ( 0.000000000000000, 0.707108280238258, -0.707105282131659 ) );
#4313 = DIRECTION( '', ( -1.00000000000000, 0.000000000000000, 0.000000000000000 ) );
#4314 = DIRECTION( '', ( -1.00000000000000, 0.000000000000000, 0.000000000000000 ) );
#4315 = DIRECTION( '', ( 0.000000000000000, 0.000000000000000, -1.00000000000000 ) );
#4316 = DIRECTION( '', ( 0.000000000000000, 0.000000000000000, -1.00000000000000 ) );
#4317 = DIRECTION( '', ( -1.00000000000000, 0.000000000000000, 0.000000000000000 ) );
#4318 = DIRECTION( '', ( 0.000000000000000, 1.00000000000000, 0.000000000000000 ) );
#4319 = DIRECTION( '', ( 0.000000000000000, 0.000000000000000, 1.00000000000000 ) );
#4320 = DIRECTION( '', ( 0.000000000000000, 0.000000000000000, 1.00000000000000 ) );
#4321 = DIRECTION( '', ( 0.000000000000000, 0.000000000000000, 1.00000000000000 ) );
#4322 = DIRECTION( '', ( 0.000000000000000, 1.00000000000000, 0.000000000000000 ) );
#4323 = DIRECTION( '', ( 1.00000000000000, 0.000000000000000, 0.000000000000000 ) );
#4324 = DIRECTION( '', ( 0.000000000000000, 0.000000000000000, 1.00000000000000 ) );
#4325 = CARTESIAN_POINT( '', ( -0.0190500000002540, 0.0108966000002540, 0.000000000000000 ) );
#4326 = DIRECTION( '', ( 0.000000000000000, -1.00000000000000, 0.000000000000000 ) );
#4327 = DIRECTION( '', ( 0.000000000000000, 0.000000000000000, 1.00000000000000 ) );
#4328 = DIRECTION( '', ( 0.000000000000000, 0.000000000000000, -1.00000000000000 ) );
#4329 = DIRECTION( '', ( 1.00000000000000, 0.000000000000000, 0.000000000000000 ) );
ENDSEC;
END-ISO-10303-21;
