ISO-10303-21;
HEADER;
FILE_DESCRIPTION((''),'2;1');
FILE_NAME('878330831','2015-10-08T',('Me'),(''),
'PRO/ENGINEER BY PARAMETRIC TECHNOLOGY CORPORATION, 2011490',
'PRO/ENGINEER BY PARAMETRIC TECHNOLOGY CORPORATION, 2011490','');
FILE_SCHEMA(('CONFIG_CONTROL_DESIGN'));
ENDSEC;
DATA;
#1=DIRECTION('',(0.E0,-1.E0,0.E0));
#2=VECTOR('',#1,4.7E0);
#3=CARTESIAN_POINT('',(-5.325E0,3.2E0,-3.15E0));
#4=LINE('',#3,#2);
#5=DIRECTION('',(1.E0,0.E0,0.E0));
#6=VECTOR('',#5,1.065E1);
#7=CARTESIAN_POINT('',(-5.325E0,-1.5E0,-3.15E0));
#8=LINE('',#7,#6);
#9=DIRECTION('',(0.E0,1.E0,0.E0));
#10=VECTOR('',#9,4.7E0);
#11=CARTESIAN_POINT('',(5.325E0,-1.5E0,-3.15E0));
#12=LINE('',#11,#10);
#13=DIRECTION('',(-1.E0,0.E0,0.E0));
#14=VECTOR('',#13,1.065E1);
#15=CARTESIAN_POINT('',(5.325E0,3.2E0,-3.15E0));
#16=LINE('',#15,#14);
#17=DIRECTION('',(0.E0,7.071067811865E-1,-7.071067811865E-1));
#18=VECTOR('',#17,8.485281374239E-1);
#19=CARTESIAN_POINT('',(-5.325E0,2.6E0,-1.5E-1));
#20=LINE('',#19,#18);
#21=DIRECTION('',(0.E0,-1.E0,0.E0));
#22=VECTOR('',#21,3.3E0);
#23=CARTESIAN_POINT('',(-5.325E0,2.6E0,-1.5E-1));
#24=LINE('',#23,#22);
#25=DIRECTION('',(0.E0,0.E0,-1.E0));
#26=VECTOR('',#25,1.3E0);
#27=CARTESIAN_POINT('',(-5.325E0,-7.E-1,1.15E0));
#28=LINE('',#27,#26);
#29=DIRECTION('',(0.E0,-1.E0,0.E0));
#30=VECTOR('',#29,3.3E0);
#31=CARTESIAN_POINT('',(-5.325E0,2.6E0,1.15E0));
#32=LINE('',#31,#30);
#33=DIRECTION('',(0.E0,-7.071067811865E-1,-7.071067811865E-1));
#34=VECTOR('',#33,8.485281374239E-1);
#35=CARTESIAN_POINT('',(-5.325E0,3.2E0,1.75E0));
#36=LINE('',#35,#34);
#37=DIRECTION('',(0.E0,0.E0,1.E0));
#38=VECTOR('',#37,1.4E0);
#39=CARTESIAN_POINT('',(-5.325E0,3.2E0,1.75E0));
#40=LINE('',#39,#38);
#41=DIRECTION('',(0.E0,0.E0,1.E0));
#42=VECTOR('',#41,6.3E0);
#43=CARTESIAN_POINT('',(-5.325E0,-1.5E0,-3.15E0));
#44=LINE('',#43,#42);
#45=DIRECTION('',(0.E0,0.E0,1.E0));
#46=VECTOR('',#45,2.4E0);
#47=CARTESIAN_POINT('',(-5.325E0,3.2E0,-3.15E0));
#48=LINE('',#47,#46);
#49=DIRECTION('',(-5.773502691896E-1,5.773502691896E-1,-5.773502691896E-1));
#50=VECTOR('',#49,1.039230484541E0);
#51=CARTESIAN_POINT('',(-4.425E0,2.6E0,-1.5E-1));
#52=LINE('',#51,#50);
#53=DIRECTION('',(1.E0,0.E0,0.E0));
#54=VECTOR('',#53,3.E-1);
#55=CARTESIAN_POINT('',(-5.325E0,3.2E0,-7.5E-1));
#56=LINE('',#55,#54);
#57=DIRECTION('',(0.E0,0.E0,1.E0));
#58=VECTOR('',#57,1.4E0);
#59=CARTESIAN_POINT('',(5.325E0,3.2E0,-3.15E0));
#60=LINE('',#59,#58);
#61=DIRECTION('',(1.E0,0.E0,0.E0));
#62=VECTOR('',#61,3.E-1);
#63=CARTESIAN_POINT('',(5.025E0,3.2E0,-1.75E0));
#64=LINE('',#63,#62);
#65=DIRECTION('',(0.E0,0.E0,1.E0));
#66=VECTOR('',#65,1.1E0);
#67=CARTESIAN_POINT('',(5.025E0,3.2E0,-2.85E0));
#68=LINE('',#67,#66);
#69=DIRECTION('',(1.E0,0.E0,0.E0));
#70=VECTOR('',#69,1.005E1);
#71=CARTESIAN_POINT('',(-5.025E0,3.2E0,-2.85E0));
#72=LINE('',#71,#70);
#73=DIRECTION('',(0.E0,0.E0,-1.E0));
#74=VECTOR('',#73,2.1E0);
#75=CARTESIAN_POINT('',(-5.025E0,3.2E0,-7.5E-1));
#76=LINE('',#75,#74);
#77=DIRECTION('',(-4.440892098501E-14,0.E0,-1.E0));
#78=VECTOR('',#77,2.E-2);
#79=CARTESIAN_POINT('',(-3.325E0,3.2E0,3.15E0));
#80=LINE('',#79,#78);
#81=DIRECTION('',(-1.E0,0.E0,0.E0));
#82=VECTOR('',#81,3.E-1);
#83=CARTESIAN_POINT('',(-5.025E0,3.2E0,1.75E0));
#84=LINE('',#83,#82);
#85=DIRECTION('',(0.E0,0.E0,-1.E0));
#86=VECTOR('',#85,1.1E0);
#87=CARTESIAN_POINT('',(-5.025E0,3.2E0,2.85E0));
#88=LINE('',#87,#86);
#89=DIRECTION('',(-1.E0,0.E0,0.E0));
#90=VECTOR('',#89,1.005E1);
#91=CARTESIAN_POINT('',(5.025E0,3.2E0,2.85E0));
#92=LINE('',#91,#90);
#93=DIRECTION('',(0.E0,0.E0,1.E0));
#94=VECTOR('',#93,2.1E0);
#95=CARTESIAN_POINT('',(5.025E0,3.2E0,7.5E-1));
#96=LINE('',#95,#94);
#97=DIRECTION('',(-1.E0,0.E0,0.E0));
#98=VECTOR('',#97,3.E-1);
#99=CARTESIAN_POINT('',(5.325E0,3.2E0,7.5E-1));
#100=LINE('',#99,#98);
#101=DIRECTION('',(0.E0,0.E0,1.E0));
#102=VECTOR('',#101,2.4E0);
#103=CARTESIAN_POINT('',(5.325E0,3.2E0,7.5E-1));
#104=LINE('',#103,#102);
#105=DIRECTION('',(0.E0,0.E0,-1.E0));
#106=VECTOR('',#105,2.E-2);
#107=CARTESIAN_POINT('',(-2.325E0,3.2E0,3.15E0));
#108=LINE('',#107,#106);
#109=DIRECTION('',(1.E0,0.E0,0.E0));
#110=VECTOR('',#109,1.E0);
#111=CARTESIAN_POINT('',(-3.325E0,3.2E0,3.13E0));
#112=LINE('',#111,#110);
#113=DIRECTION('',(0.E0,-7.071067811865E-1,7.071067811865E-1));
#114=VECTOR('',#113,8.485281374239E-1);
#115=CARTESIAN_POINT('',(5.325E0,3.2E0,-1.75E0));
#116=LINE('',#115,#114);
#117=DIRECTION('',(0.E0,0.E0,1.E0));
#118=VECTOR('',#117,6.3E0);
#119=CARTESIAN_POINT('',(5.325E0,-1.5E0,-3.15E0));
#120=LINE('',#119,#118);
#121=DIRECTION('',(0.E0,7.071067811865E-1,7.071067811865E-1));
#122=VECTOR('',#121,8.485281374239E-1);
#123=CARTESIAN_POINT('',(5.325E0,2.6E0,1.5E-1));
#124=LINE('',#123,#122);
#125=DIRECTION('',(0.E0,-1.E0,0.E0));
#126=VECTOR('',#125,3.3E0);
#127=CARTESIAN_POINT('',(5.325E0,2.6E0,1.5E-1));
#128=LINE('',#127,#126);
#129=DIRECTION('',(0.E0,0.E0,-1.E0));
#130=VECTOR('',#129,1.3E0);
#131=CARTESIAN_POINT('',(5.325E0,-7.E-1,1.5E-1));
#132=LINE('',#131,#130);
#133=DIRECTION('',(0.E0,-1.E0,0.E0));
#134=VECTOR('',#133,3.3E0);
#135=CARTESIAN_POINT('',(5.325E0,2.6E0,-1.15E0));
#136=LINE('',#135,#134);
#137=DIRECTION('',(1.E0,0.E0,0.E0));
#138=VECTOR('',#137,9.E-1);
#139=CARTESIAN_POINT('',(4.425E0,2.6E0,-1.15E0));
#140=LINE('',#139,#138);
#141=DIRECTION('',(0.E0,0.E0,-1.E0));
#142=VECTOR('',#141,5.E-1);
#143=CARTESIAN_POINT('',(-3.25E0,-7.E-1,-7.5E-1));
#144=LINE('',#143,#142);
#145=DIRECTION('',(1.E0,0.E0,0.E0));
#146=VECTOR('',#145,5.E-1);
#147=CARTESIAN_POINT('',(-3.25E0,-7.E-1,-7.5E-1));
#148=LINE('',#147,#146);
#149=DIRECTION('',(0.E0,0.E0,-1.E0));
#150=VECTOR('',#149,5.E-1);
#151=CARTESIAN_POINT('',(-2.75E0,-7.E-1,-7.5E-1));
#152=LINE('',#151,#150);
#153=DIRECTION('',(1.E0,0.E0,0.E0));
#154=VECTOR('',#153,5.E-1);
#155=CARTESIAN_POINT('',(-3.25E0,-7.E-1,-1.25E0));
#156=LINE('',#155,#154);
#157=DIRECTION('',(0.E0,0.E0,-1.E0));
#158=VECTOR('',#157,5.E-1);
#159=CARTESIAN_POINT('',(-3.25E0,-7.E-1,1.25E0));
#160=LINE('',#159,#158);
#161=DIRECTION('',(1.E0,0.E0,0.E0));
#162=VECTOR('',#161,5.E-1);
#163=CARTESIAN_POINT('',(-3.25E0,-7.E-1,1.25E0));
#164=LINE('',#163,#162);
#165=DIRECTION('',(0.E0,0.E0,-1.E0));
#166=VECTOR('',#165,5.E-1);
#167=CARTESIAN_POINT('',(-2.75E0,-7.E-1,1.25E0));
#168=LINE('',#167,#166);
#169=DIRECTION('',(1.E0,0.E0,0.E0));
#170=VECTOR('',#169,5.E-1);
#171=CARTESIAN_POINT('',(-3.25E0,-7.E-1,7.5E-1));
#172=LINE('',#171,#170);
#173=DIRECTION('',(0.E0,0.E0,-1.E0));
#174=VECTOR('',#173,5.E-1);
#175=CARTESIAN_POINT('',(-1.25E0,-7.E-1,-7.5E-1));
#176=LINE('',#175,#174);
#177=DIRECTION('',(1.E0,0.E0,0.E0));
#178=VECTOR('',#177,5.E-1);
#179=CARTESIAN_POINT('',(-1.25E0,-7.E-1,-7.5E-1));
#180=LINE('',#179,#178);
#181=DIRECTION('',(0.E0,0.E0,-1.E0));
#182=VECTOR('',#181,5.E-1);
#183=CARTESIAN_POINT('',(-7.5E-1,-7.E-1,-7.5E-1));
#184=LINE('',#183,#182);
#185=DIRECTION('',(1.E0,0.E0,0.E0));
#186=VECTOR('',#185,5.E-1);
#187=CARTESIAN_POINT('',(-1.25E0,-7.E-1,-1.25E0));
#188=LINE('',#187,#186);
#189=DIRECTION('',(0.E0,0.E0,-1.E0));
#190=VECTOR('',#189,5.E-1);
#191=CARTESIAN_POINT('',(-1.25E0,-7.E-1,1.25E0));
#192=LINE('',#191,#190);
#193=DIRECTION('',(1.E0,0.E0,0.E0));
#194=VECTOR('',#193,5.E-1);
#195=CARTESIAN_POINT('',(-1.25E0,-7.E-1,1.25E0));
#196=LINE('',#195,#194);
#197=DIRECTION('',(0.E0,0.E0,-1.E0));
#198=VECTOR('',#197,5.E-1);
#199=CARTESIAN_POINT('',(-7.5E-1,-7.E-1,1.25E0));
#200=LINE('',#199,#198);
#201=DIRECTION('',(1.E0,0.E0,0.E0));
#202=VECTOR('',#201,5.E-1);
#203=CARTESIAN_POINT('',(-1.25E0,-7.E-1,7.5E-1));
#204=LINE('',#203,#202);
#205=DIRECTION('',(0.E0,0.E0,-1.E0));
#206=VECTOR('',#205,5.E-1);
#207=CARTESIAN_POINT('',(7.5E-1,-7.E-1,-7.5E-1));
#208=LINE('',#207,#206);
#209=DIRECTION('',(1.E0,0.E0,0.E0));
#210=VECTOR('',#209,5.E-1);
#211=CARTESIAN_POINT('',(7.5E-1,-7.E-1,-7.5E-1));
#212=LINE('',#211,#210);
#213=DIRECTION('',(0.E0,0.E0,-1.E0));
#214=VECTOR('',#213,5.E-1);
#215=CARTESIAN_POINT('',(1.25E0,-7.E-1,-7.5E-1));
#216=LINE('',#215,#214);
#217=DIRECTION('',(1.E0,0.E0,0.E0));
#218=VECTOR('',#217,5.E-1);
#219=CARTESIAN_POINT('',(7.5E-1,-7.E-1,-1.25E0));
#220=LINE('',#219,#218);
#221=DIRECTION('',(0.E0,0.E0,-1.E0));
#222=VECTOR('',#221,5.E-1);
#223=CARTESIAN_POINT('',(7.5E-1,-7.E-1,1.25E0));
#224=LINE('',#223,#222);
#225=DIRECTION('',(1.E0,0.E0,0.E0));
#226=VECTOR('',#225,5.E-1);
#227=CARTESIAN_POINT('',(7.5E-1,-7.E-1,1.25E0));
#228=LINE('',#227,#226);
#229=DIRECTION('',(0.E0,0.E0,-1.E0));
#230=VECTOR('',#229,5.E-1);
#231=CARTESIAN_POINT('',(1.25E0,-7.E-1,1.25E0));
#232=LINE('',#231,#230);
#233=DIRECTION('',(1.E0,0.E0,0.E0));
#234=VECTOR('',#233,5.E-1);
#235=CARTESIAN_POINT('',(7.5E-1,-7.E-1,7.5E-1));
#236=LINE('',#235,#234);
#237=DIRECTION('',(0.E0,0.E0,-1.E0));
#238=VECTOR('',#237,5.E-1);
#239=CARTESIAN_POINT('',(2.75E0,-7.E-1,-7.5E-1));
#240=LINE('',#239,#238);
#241=DIRECTION('',(1.E0,0.E0,0.E0));
#242=VECTOR('',#241,5.E-1);
#243=CARTESIAN_POINT('',(2.75E0,-7.E-1,-7.5E-1));
#244=LINE('',#243,#242);
#245=DIRECTION('',(0.E0,0.E0,-1.E0));
#246=VECTOR('',#245,5.E-1);
#247=CARTESIAN_POINT('',(3.25E0,-7.E-1,-7.5E-1));
#248=LINE('',#247,#246);
#249=DIRECTION('',(1.E0,0.E0,0.E0));
#250=VECTOR('',#249,5.E-1);
#251=CARTESIAN_POINT('',(2.75E0,-7.E-1,-1.25E0));
#252=LINE('',#251,#250);
#253=DIRECTION('',(0.E0,0.E0,-1.E0));
#254=VECTOR('',#253,5.E-1);
#255=CARTESIAN_POINT('',(2.75E0,-7.E-1,1.25E0));
#256=LINE('',#255,#254);
#257=DIRECTION('',(1.E0,0.E0,0.E0));
#258=VECTOR('',#257,5.E-1);
#259=CARTESIAN_POINT('',(2.75E0,-7.E-1,1.25E0));
#260=LINE('',#259,#258);
#261=DIRECTION('',(0.E0,0.E0,-1.E0));
#262=VECTOR('',#261,5.E-1);
#263=CARTESIAN_POINT('',(3.25E0,-7.E-1,1.25E0));
#264=LINE('',#263,#262);
#265=DIRECTION('',(1.E0,0.E0,0.E0));
#266=VECTOR('',#265,5.E-1);
#267=CARTESIAN_POINT('',(2.75E0,-7.E-1,7.5E-1));
#268=LINE('',#267,#266);
#269=DIRECTION('',(0.E0,0.E0,-1.E0));
#270=VECTOR('',#269,2.5E-1);
#271=CARTESIAN_POINT('',(-1.6125E0,-7.E-1,2.5E0));
#272=LINE('',#271,#270);
#273=DIRECTION('',(1.E0,0.E0,0.E0));
#274=VECTOR('',#273,9.875E-1);
#275=CARTESIAN_POINT('',(-2.6E0,-7.E-1,2.5E0));
#276=LINE('',#275,#274);
#277=DIRECTION('',(0.E0,0.E0,1.E0));
#278=VECTOR('',#277,2.5E-1);
#279=CARTESIAN_POINT('',(-2.6E0,-7.E-1,2.25E0));
#280=LINE('',#279,#278);
#281=DIRECTION('',(-1.E0,0.E0,0.E0));
#282=VECTOR('',#281,8.E-1);
#283=CARTESIAN_POINT('',(-2.6E0,-7.E-1,2.25E0));
#284=LINE('',#283,#282);
#285=DIRECTION('',(0.E0,0.E0,-1.E0));
#286=VECTOR('',#285,2.5E-1);
#287=CARTESIAN_POINT('',(-3.4E0,-7.E-1,2.5E0));
#288=LINE('',#287,#286);
#289=DIRECTION('',(1.E0,0.E0,0.E0));
#290=VECTOR('',#289,6.25E-1);
#291=CARTESIAN_POINT('',(-4.025E0,-7.E-1,2.5E0));
#292=LINE('',#291,#290);
#293=DIRECTION('',(0.E0,0.E0,1.E0));
#294=VECTOR('',#293,2.5E-1);
#295=CARTESIAN_POINT('',(-4.025E0,-7.E-1,2.25E0));
#296=LINE('',#295,#294);
#297=DIRECTION('',(-1.E0,0.E0,0.E0));
#298=VECTOR('',#297,4.E-1);
#299=CARTESIAN_POINT('',(-4.025E0,-7.E-1,2.25E0));
#300=LINE('',#299,#298);
#301=DIRECTION('',(1.E0,0.E0,0.E0));
#302=VECTOR('',#301,9.E-1);
#303=CARTESIAN_POINT('',(-5.325E0,-7.E-1,1.15E0));
#304=LINE('',#303,#302);
#305=DIRECTION('',(-1.E0,0.E0,0.E0));
#306=VECTOR('',#305,9.E-1);
#307=CARTESIAN_POINT('',(-4.425E0,-7.E-1,-1.5E-1));
#308=LINE('',#307,#306);
#309=DIRECTION('',(0.E0,0.E0,1.E0));
#310=VECTOR('',#309,2.5E-1);
#311=CARTESIAN_POINT('',(-4.025E0,-7.E-1,-2.5E0));
#312=LINE('',#311,#310);
#313=DIRECTION('',(-1.E0,0.E0,0.E0));
#314=VECTOR('',#313,6.25E-1);
#315=CARTESIAN_POINT('',(-3.4E0,-7.E-1,-2.5E0));
#316=LINE('',#315,#314);
#317=DIRECTION('',(0.E0,0.E0,-1.E0));
#318=VECTOR('',#317,2.5E-1);
#319=CARTESIAN_POINT('',(-3.4E0,-7.E-1,-2.25E0));
#320=LINE('',#319,#318);
#321=DIRECTION('',(0.E0,0.E0,1.E0));
#322=VECTOR('',#321,2.5E-1);
#323=CARTESIAN_POINT('',(-2.6E0,-7.E-1,-2.5E0));
#324=LINE('',#323,#322);
#325=DIRECTION('',(-1.E0,0.E0,0.E0));
#326=VECTOR('',#325,2.2E0);
#327=CARTESIAN_POINT('',(-4.E-1,-7.E-1,-2.5E0));
#328=LINE('',#327,#326);
#329=DIRECTION('',(0.E0,0.E0,-1.E0));
#330=VECTOR('',#329,2.5E-1);
#331=CARTESIAN_POINT('',(-4.E-1,-7.E-1,-2.25E0));
#332=LINE('',#331,#330);
#333=DIRECTION('',(0.E0,0.E0,1.E0));
#334=VECTOR('',#333,2.5E-1);
#335=CARTESIAN_POINT('',(4.E-1,-7.E-1,-2.5E0));
#336=LINE('',#335,#334);
#337=DIRECTION('',(-1.E0,0.E0,0.E0));
#338=VECTOR('',#337,2.2E0);
#339=CARTESIAN_POINT('',(2.6E0,-7.E-1,-2.5E0));
#340=LINE('',#339,#338);
#341=DIRECTION('',(0.E0,0.E0,-1.E0));
#342=VECTOR('',#341,2.5E-1);
#343=CARTESIAN_POINT('',(2.6E0,-7.E-1,-2.25E0));
#344=LINE('',#343,#342);
#345=DIRECTION('',(0.E0,0.E0,1.E0));
#346=VECTOR('',#345,2.5E-1);
#347=CARTESIAN_POINT('',(3.4E0,-7.E-1,-2.5E0));
#348=LINE('',#347,#346);
#349=DIRECTION('',(-1.E0,0.E0,0.E0));
#350=VECTOR('',#349,6.25E-1);
#351=CARTESIAN_POINT('',(4.025E0,-7.E-1,-2.5E0));
#352=LINE('',#351,#350);
#353=DIRECTION('',(0.E0,0.E0,-1.E0));
#354=VECTOR('',#353,2.5E-1);
#355=CARTESIAN_POINT('',(4.025E0,-7.E-1,-2.25E0));
#356=LINE('',#355,#354);
#357=DIRECTION('',(-1.E0,0.E0,0.E0));
#358=VECTOR('',#357,9.E-1);
#359=CARTESIAN_POINT('',(5.325E0,-7.E-1,-1.15E0));
#360=LINE('',#359,#358);
#361=DIRECTION('',(1.E0,0.E0,0.E0));
#362=VECTOR('',#361,9.E-1);
#363=CARTESIAN_POINT('',(4.425E0,-7.E-1,1.5E-1));
#364=LINE('',#363,#362);
#365=DIRECTION('',(-1.E0,0.E0,0.E0));
#366=VECTOR('',#365,4.E-1);
#367=CARTESIAN_POINT('',(4.425E0,-7.E-1,2.25E0));
#368=LINE('',#367,#366);
#369=DIRECTION('',(0.E0,0.E0,-1.E0));
#370=VECTOR('',#369,2.5E-1);
#371=CARTESIAN_POINT('',(4.025E0,-7.E-1,2.5E0));
#372=LINE('',#371,#370);
#373=DIRECTION('',(1.E0,0.E0,0.E0));
#374=VECTOR('',#373,6.25E-1);
#375=CARTESIAN_POINT('',(3.4E0,-7.E-1,2.5E0));
#376=LINE('',#375,#374);
#377=DIRECTION('',(0.E0,0.E0,1.E0));
#378=VECTOR('',#377,2.5E-1);
#379=CARTESIAN_POINT('',(3.4E0,-7.E-1,2.25E0));
#380=LINE('',#379,#378);
#381=DIRECTION('',(-1.E0,0.E0,0.E0));
#382=VECTOR('',#381,8.E-1);
#383=CARTESIAN_POINT('',(3.4E0,-7.E-1,2.25E0));
#384=LINE('',#383,#382);
#385=DIRECTION('',(0.E0,0.E0,-1.E0));
#386=VECTOR('',#385,2.5E-1);
#387=CARTESIAN_POINT('',(2.6E0,-7.E-1,2.5E0));
#388=LINE('',#387,#386);
#389=DIRECTION('',(1.E0,0.E0,0.E0));
#390=VECTOR('',#389,9.875E-1);
#391=CARTESIAN_POINT('',(1.6125E0,-7.E-1,2.5E0));
#392=LINE('',#391,#390);
#393=DIRECTION('',(0.E0,0.E0,-1.E0));
#394=VECTOR('',#393,2.5E-1);
#395=CARTESIAN_POINT('',(1.6125E0,-7.E-1,2.5E0));
#396=LINE('',#395,#394);
#397=DIRECTION('',(1.E0,0.E0,0.E0));
#398=VECTOR('',#397,3.225E0);
#399=CARTESIAN_POINT('',(-1.6125E0,-7.E-1,2.25E0));
#400=LINE('',#399,#398);
#401=DIRECTION('',(0.E0,0.E0,-1.E0));
#402=VECTOR('',#401,5.E-1);
#403=CARTESIAN_POINT('',(-3.25E0,2.3E0,-7.5E-1));
#404=LINE('',#403,#402);
#405=DIRECTION('',(0.E0,-1.E0,0.E0));
#406=VECTOR('',#405,3.E0);
#407=CARTESIAN_POINT('',(-3.25E0,2.3E0,-7.5E-1));
#408=LINE('',#407,#406);
#409=DIRECTION('',(0.E0,1.E0,0.E0));
#410=VECTOR('',#409,3.E0);
#411=CARTESIAN_POINT('',(-3.25E0,-7.E-1,-1.25E0));
#412=LINE('',#411,#410);
#413=DIRECTION('',(0.E0,0.E0,-1.E0));
#414=VECTOR('',#413,5.E-1);
#415=CARTESIAN_POINT('',(-3.25E0,2.3E0,1.25E0));
#416=LINE('',#415,#414);
#417=DIRECTION('',(0.E0,-1.E0,0.E0));
#418=VECTOR('',#417,3.E0);
#419=CARTESIAN_POINT('',(-3.25E0,2.3E0,1.25E0));
#420=LINE('',#419,#418);
#421=DIRECTION('',(0.E0,1.E0,0.E0));
#422=VECTOR('',#421,3.E0);
#423=CARTESIAN_POINT('',(-3.25E0,-7.E-1,7.5E-1));
#424=LINE('',#423,#422);
#425=DIRECTION('',(0.E0,-1.E0,0.E0));
#426=VECTOR('',#425,5.E-1);
#427=CARTESIAN_POINT('',(-3.25E0,-2.95E0,-4.71E0));
#428=LINE('',#427,#426);
#429=DIRECTION('',(0.E0,0.E0,1.E0));
#430=VECTOR('',#429,3.26E0);
#431=CARTESIAN_POINT('',(-3.25E0,-2.95E0,-4.71E0));
#432=LINE('',#431,#430);
#433=CARTESIAN_POINT('',(-3.25E0,-2.75E0,-1.45E0));
#434=DIRECTION('',(-1.E0,0.E0,0.E0));
#435=DIRECTION('',(0.E0,-1.E0,2.309263891220E-13));
#436=AXIS2_PLACEMENT_3D('',#433,#434,#435);
#438=CARTESIAN_POINT('',(-3.25E0,-2.75E0,-1.45E0));
#439=DIRECTION('',(1.E0,0.E0,0.E0));
#440=DIRECTION('',(0.E0,-2.857142857143E-1,9.583148474999E-1));
#441=AXIS2_PLACEMENT_3D('',#438,#439,#440);
#443=DIRECTION('',(0.E0,0.E0,-1.E0));
#444=VECTOR('',#443,3.26E0);
#445=CARTESIAN_POINT('',(-3.25E0,-3.45E0,-1.45E0));
#446=LINE('',#445,#444);
#447=DIRECTION('',(0.E0,-1.E0,0.E0));
#448=VECTOR('',#447,5.E-1);
#449=CARTESIAN_POINT('',(-3.25E0,-4.95E0,-4.71E0));
#450=LINE('',#449,#448);
#451=DIRECTION('',(0.E0,0.E0,1.E0));
#452=VECTOR('',#451,5.26E0);
#453=CARTESIAN_POINT('',(-3.25E0,-4.95E0,-4.71E0));
#454=LINE('',#453,#452);
#455=CARTESIAN_POINT('',(-3.25E0,-4.75E0,5.5E-1));
#456=DIRECTION('',(-1.E0,0.E0,0.E0));
#457=DIRECTION('',(0.E0,-1.E0,0.E0));
#458=AXIS2_PLACEMENT_3D('',#455,#456,#457);
#460=DIRECTION('',(0.E0,1.E0,0.E0));
#461=VECTOR('',#460,1.8E0);
#462=CARTESIAN_POINT('',(-3.25E0,-4.75E0,7.5E-1));
#463=LINE('',#462,#461);
#464=DIRECTION('',(0.E0,-1.E0,0.E0));
#465=VECTOR('',#464,1.8E0);
#466=CARTESIAN_POINT('',(-3.25E0,-2.95E0,1.25E0));
#467=LINE('',#466,#465);
#468=CARTESIAN_POINT('',(-3.25E0,-4.75E0,5.5E-1));
#469=DIRECTION('',(1.E0,0.E0,0.E0));
#470=DIRECTION('',(0.E0,0.E0,1.E0));
#471=AXIS2_PLACEMENT_3D('',#468,#469,#470);
#473=DIRECTION('',(0.E0,0.E0,-1.E0));
#474=VECTOR('',#473,5.26E0);
#475=CARTESIAN_POINT('',(-3.25E0,-5.45E0,5.5E-1));
#476=LINE('',#475,#474);
#477=DIRECTION('',(-2.357022603955E-1,-9.428090415821E-1,-2.357022603955E-1));
#478=VECTOR('',#477,6.363961030679E-1);
#479=CARTESIAN_POINT('',(-3.1E0,2.9E0,-1.1E0));
#480=LINE('',#479,#478);
#481=DIRECTION('',(2.357022603955E-1,-9.428090415821E-1,-2.357022603955E-1));
#482=VECTOR('',#481,6.363961030679E-1);
#483=CARTESIAN_POINT('',(-2.9E0,2.9E0,-1.1E0));
#484=LINE('',#483,#482);
#485=DIRECTION('',(-1.E0,0.E0,0.E0));
#486=VECTOR('',#485,5.E-1);
#487=CARTESIAN_POINT('',(-2.75E0,2.3E0,-1.25E0));
#488=LINE('',#487,#486);
#489=DIRECTION('',(0.E0,0.E0,1.E0));
#490=VECTOR('',#489,5.E-1);
#491=CARTESIAN_POINT('',(-2.75E0,2.3E0,-1.25E0));
#492=LINE('',#491,#490);
#493=DIRECTION('',(0.E0,1.E0,0.E0));
#494=VECTOR('',#493,3.E0);
#495=CARTESIAN_POINT('',(-2.75E0,-7.E-1,-1.25E0));
#496=LINE('',#495,#494);
#497=DIRECTION('',(0.E0,-1.E0,0.E0));
#498=VECTOR('',#497,3.E0);
#499=CARTESIAN_POINT('',(-2.75E0,2.3E0,-7.5E-1));
#500=LINE('',#499,#498);
#501=DIRECTION('',(0.E0,0.E0,1.E0));
#502=VECTOR('',#501,5.E-1);
#503=CARTESIAN_POINT('',(-2.75E0,2.3E0,7.5E-1));
#504=LINE('',#503,#502);
#505=DIRECTION('',(0.E0,1.E0,0.E0));
#506=VECTOR('',#505,3.E0);
#507=CARTESIAN_POINT('',(-2.75E0,-7.E-1,7.5E-1));
#508=LINE('',#507,#506);
#509=DIRECTION('',(0.E0,-1.E0,0.E0));
#510=VECTOR('',#509,3.E0);
#511=CARTESIAN_POINT('',(-2.75E0,2.3E0,1.25E0));
#512=LINE('',#511,#510);
#513=DIRECTION('',(0.E0,1.E0,0.E0));
#514=VECTOR('',#513,5.E-1);
#515=CARTESIAN_POINT('',(-2.75E0,-3.45E0,-4.71E0));
#516=LINE('',#515,#514);
#517=DIRECTION('',(0.E0,0.E0,-1.E0));
#518=VECTOR('',#517,3.26E0);
#519=CARTESIAN_POINT('',(-2.75E0,-3.45E0,-1.45E0));
#520=LINE('',#519,#518);
#521=CARTESIAN_POINT('',(-2.75E0,-2.75E0,-1.45E0));
#522=DIRECTION('',(1.E0,0.E0,0.E0));
#523=DIRECTION('',(0.E0,-2.857142857143E-1,9.583148474999E-1));
#524=AXIS2_PLACEMENT_3D('',#521,#522,#523);
#526=CARTESIAN_POINT('',(-2.75E0,-2.75E0,-1.45E0));
#527=DIRECTION('',(-1.E0,0.E0,0.E0));
#528=DIRECTION('',(0.E0,-1.E0,2.309263891220E-13));
#529=AXIS2_PLACEMENT_3D('',#526,#527,#528);
#531=DIRECTION('',(0.E0,0.E0,1.E0));
#532=VECTOR('',#531,3.26E0);
#533=CARTESIAN_POINT('',(-2.75E0,-2.95E0,-4.71E0));
#534=LINE('',#533,#532);
#535=DIRECTION('',(0.E0,1.E0,0.E0));
#536=VECTOR('',#535,5.E-1);
#537=CARTESIAN_POINT('',(-2.75E0,-5.45E0,-4.71E0));
#538=LINE('',#537,#536);
#539=DIRECTION('',(0.E0,0.E0,-1.E0));
#540=VECTOR('',#539,5.26E0);
#541=CARTESIAN_POINT('',(-2.75E0,-5.45E0,5.5E-1));
#542=LINE('',#541,#540);
#543=CARTESIAN_POINT('',(-2.75E0,-4.75E0,5.5E-1));
#544=DIRECTION('',(1.E0,0.E0,0.E0));
#545=DIRECTION('',(0.E0,0.E0,1.E0));
#546=AXIS2_PLACEMENT_3D('',#543,#544,#545);
#548=DIRECTION('',(0.E0,-1.E0,0.E0));
#549=VECTOR('',#548,1.8E0);
#550=CARTESIAN_POINT('',(-2.75E0,-2.95E0,1.25E0));
#551=LINE('',#550,#549);
#552=DIRECTION('',(0.E0,1.E0,0.E0));
#553=VECTOR('',#552,1.8E0);
#554=CARTESIAN_POINT('',(-2.75E0,-4.75E0,7.5E-1));
#555=LINE('',#554,#553);
#556=CARTESIAN_POINT('',(-2.75E0,-4.75E0,5.5E-1));
#557=DIRECTION('',(-1.E0,0.E0,0.E0));
#558=DIRECTION('',(0.E0,-1.E0,0.E0));
#559=AXIS2_PLACEMENT_3D('',#556,#557,#558);
#561=DIRECTION('',(0.E0,0.E0,1.E0));
#562=VECTOR('',#561,5.26E0);
#563=CARTESIAN_POINT('',(-2.75E0,-4.95E0,-4.71E0));
#564=LINE('',#563,#562);
#565=DIRECTION('',(-1.E0,0.E0,0.E0));
#566=VECTOR('',#565,2.E-1);
#567=CARTESIAN_POINT('',(-2.9E0,2.9E0,-9.E-1));
#568=LINE('',#567,#566);
#569=DIRECTION('',(0.E0,0.E0,-1.E0));
#570=VECTOR('',#569,2.E-1);
#571=CARTESIAN_POINT('',(-3.1E0,2.9E0,-9.E-1));
#572=LINE('',#571,#570);
#573=DIRECTION('',(-1.E0,0.E0,0.E0));
#574=VECTOR('',#573,2.E-1);
#575=CARTESIAN_POINT('',(-2.9E0,2.9E0,-1.1E0));
#576=LINE('',#575,#574);
#577=DIRECTION('',(0.E0,0.E0,1.E0));
#578=VECTOR('',#577,2.E-1);
#579=CARTESIAN_POINT('',(-2.9E0,2.9E0,-1.1E0));
#580=LINE('',#579,#578);
#581=DIRECTION('',(-2.357022603955E-1,-9.428090415821E-1,2.357022603955E-1));
#582=VECTOR('',#581,6.363961030679E-1);
#583=CARTESIAN_POINT('',(-3.1E0,2.9E0,-9.E-1));
#584=LINE('',#583,#582);
#585=DIRECTION('',(-2.357022603955E-1,9.428090415821E-1,-2.357022603955E-1));
#586=VECTOR('',#585,6.363961030679E-1);
#587=CARTESIAN_POINT('',(-2.75E0,2.3E0,-7.5E-1));
#588=LINE('',#587,#586);
#589=DIRECTION('',(-1.E0,0.E0,0.E0));
#590=VECTOR('',#589,5.E-1);
#591=CARTESIAN_POINT('',(-2.75E0,2.3E0,-7.5E-1));
#592=LINE('',#591,#590);
#593=DIRECTION('',(2.357022603955E-1,-9.428090415821E-1,2.357022603955E-1));
#594=VECTOR('',#593,6.363961030679E-1);
#595=CARTESIAN_POINT('',(-2.9E0,2.9E0,1.1E0));
#596=LINE('',#595,#594);
#597=DIRECTION('',(-1.E0,0.E0,0.E0));
#598=VECTOR('',#597,2.E-1);
#599=CARTESIAN_POINT('',(-2.9E0,2.9E0,1.1E0));
#600=LINE('',#599,#598);
#601=DIRECTION('',(0.E0,0.E0,-1.E0));
#602=VECTOR('',#601,2.E-1);
#603=CARTESIAN_POINT('',(-3.1E0,2.9E0,1.1E0));
#604=LINE('',#603,#602);
#605=DIRECTION('',(-1.E0,0.E0,0.E0));
#606=VECTOR('',#605,2.E-1);
#607=CARTESIAN_POINT('',(-2.9E0,2.9E0,9.E-1));
#608=LINE('',#607,#606);
#609=DIRECTION('',(0.E0,0.E0,1.E0));
#610=VECTOR('',#609,2.E-1);
#611=CARTESIAN_POINT('',(-2.9E0,2.9E0,9.E-1));
#612=LINE('',#611,#610);
#613=DIRECTION('',(-2.357022603955E-1,-9.428090415821E-1,2.357022603955E-1));
#614=VECTOR('',#613,6.363961030679E-1);
#615=CARTESIAN_POINT('',(-3.1E0,2.9E0,1.1E0));
#616=LINE('',#615,#614);
#617=DIRECTION('',(-1.E0,0.E0,0.E0));
#618=VECTOR('',#617,5.E-1);
#619=CARTESIAN_POINT('',(-2.75E0,2.3E0,1.25E0));
#620=LINE('',#619,#618);
#621=DIRECTION('',(0.E0,0.E0,-1.E0));
#622=VECTOR('',#621,5.E-1);
#623=CARTESIAN_POINT('',(-3.25E0,-2.95E0,1.25E0));
#624=LINE('',#623,#622);
#625=DIRECTION('',(1.E0,0.E0,0.E0));
#626=VECTOR('',#625,5.E-1);
#627=CARTESIAN_POINT('',(-3.25E0,-2.95E0,7.5E-1));
#628=LINE('',#627,#626);
#629=DIRECTION('',(0.E0,0.E0,-1.E0));
#630=VECTOR('',#629,5.E-1);
#631=CARTESIAN_POINT('',(-2.75E0,-2.95E0,1.25E0));
#632=LINE('',#631,#630);
#633=DIRECTION('',(1.E0,0.E0,0.E0));
#634=VECTOR('',#633,5.E-1);
#635=CARTESIAN_POINT('',(-3.25E0,-2.95E0,1.25E0));
#636=LINE('',#635,#634);
#637=DIRECTION('',(-1.E0,0.E0,0.E0));
#638=VECTOR('',#637,1.3E0);
#639=CARTESIAN_POINT('',(-2.35E0,-2.95E0,-2.5E-1));
#640=LINE('',#639,#638);
#641=DIRECTION('',(-1.E0,0.E0,0.E0));
#642=VECTOR('',#641,4.E-1);
#643=CARTESIAN_POINT('',(-2.35E0,-2.95E0,-1.3E0));
#644=LINE('',#643,#642);
#645=DIRECTION('',(0.E0,0.E0,-1.E0));
#646=VECTOR('',#645,5.208203932499E-1);
#647=CARTESIAN_POINT('',(-2.75E0,-2.95E0,-7.791796067501E-1));
#648=LINE('',#647,#646);
#649=DIRECTION('',(1.E0,0.E0,0.E0));
#650=VECTOR('',#649,5.E-1);
#651=CARTESIAN_POINT('',(-3.25E0,-2.95E0,-7.791796067501E-1));
#652=LINE('',#651,#650);
#653=DIRECTION('',(0.E0,0.E0,-1.E0));
#654=VECTOR('',#653,5.208203932499E-1);
#655=CARTESIAN_POINT('',(-3.25E0,-2.95E0,-7.791796067501E-1));
#656=LINE('',#655,#654);
#657=DIRECTION('',(-1.E0,0.E0,0.E0));
#658=VECTOR('',#657,4.E-1);
#659=CARTESIAN_POINT('',(-3.25E0,-2.95E0,-1.3E0));
#660=LINE('',#659,#658);
#661=DIRECTION('',(-1.E0,0.E0,0.E0));
#662=VECTOR('',#661,1.3E0);
#663=CARTESIAN_POINT('',(-2.35E0,-2.95E0,2.5E-1));
#664=LINE('',#663,#662);
#665=DIRECTION('',(1.E0,0.E0,0.E0));
#666=VECTOR('',#665,5.E-1);
#667=CARTESIAN_POINT('',(-3.25E0,-4.75E0,7.5E-1));
#668=LINE('',#667,#666);
#669=DIRECTION('',(-1.E0,0.E0,0.E0));
#670=VECTOR('',#669,5.E-1);
#671=CARTESIAN_POINT('',(-2.75E0,2.3E0,7.5E-1));
#672=LINE('',#671,#670);
#673=DIRECTION('',(1.E0,0.E0,0.E0));
#674=VECTOR('',#673,5.E-1);
#675=CARTESIAN_POINT('',(-3.25E0,-4.95E0,5.5E-1));
#676=LINE('',#675,#674);
#677=DIRECTION('',(-1.E0,0.E0,0.E0));
#678=VECTOR('',#677,5.E-1);
#679=CARTESIAN_POINT('',(-2.75E0,-4.95E0,-4.71E0));
#680=LINE('',#679,#678);
#681=DIRECTION('',(-2.357022603955E-1,2.357022603955E-1,9.428090415821E-1));
#682=VECTOR('',#681,6.363961030679E-1);
#683=CARTESIAN_POINT('',(-3.1E0,-5.1E0,-5.31E0));
#684=LINE('',#683,#682);
#685=DIRECTION('',(-2.357022603955E-1,-2.357022603955E-1,-9.428090415821E-1));
#686=VECTOR('',#685,6.363961030679E-1);
#687=CARTESIAN_POINT('',(-2.75E0,-4.95E0,-4.71E0));
#688=LINE('',#687,#686);
#689=DIRECTION('',(-2.357022603955E-1,-2.357022603955E-1,9.428090415821E-1));
#690=VECTOR('',#689,6.363961030679E-1);
#691=CARTESIAN_POINT('',(-3.1E0,-5.3E0,-5.31E0));
#692=LINE('',#691,#690);
#693=DIRECTION('',(2.357022603955E-1,-2.357022603955E-1,9.428090415821E-1));
#694=VECTOR('',#693,6.363961030679E-1);
#695=CARTESIAN_POINT('',(-2.9E0,-5.3E0,-5.31E0));
#696=LINE('',#695,#694);
#697=DIRECTION('',(-1.E0,0.E0,0.E0));
#698=VECTOR('',#697,5.E-1);
#699=CARTESIAN_POINT('',(-2.75E0,-5.45E0,-4.71E0));
#700=LINE('',#699,#698);
#701=DIRECTION('',(1.E0,0.E0,0.E0));
#702=VECTOR('',#701,5.E-1);
#703=CARTESIAN_POINT('',(-3.25E0,-5.45E0,5.5E-1));
#704=LINE('',#703,#702);
#705=DIRECTION('',(1.E0,0.E0,0.E0));
#706=VECTOR('',#705,5.E-1);
#707=CARTESIAN_POINT('',(-3.25E0,-4.75E0,1.25E0));
#708=LINE('',#707,#706);
#709=DIRECTION('',(-1.E0,0.E0,0.E0));
#710=VECTOR('',#709,2.E-1);
#711=CARTESIAN_POINT('',(-2.9E0,-5.1E0,-5.31E0));
#712=LINE('',#711,#710);
#713=DIRECTION('',(0.E0,-1.E0,0.E0));
#714=VECTOR('',#713,2.E-1);
#715=CARTESIAN_POINT('',(-3.1E0,-5.1E0,-5.31E0));
#716=LINE('',#715,#714);
#717=DIRECTION('',(-1.E0,0.E0,0.E0));
#718=VECTOR('',#717,2.E-1);
#719=CARTESIAN_POINT('',(-2.9E0,-5.3E0,-5.31E0));
#720=LINE('',#719,#718);
#721=DIRECTION('',(0.E0,1.E0,0.E0));
#722=VECTOR('',#721,2.E-1);
#723=CARTESIAN_POINT('',(-2.9E0,-5.3E0,-5.31E0));
#724=LINE('',#723,#722);
#725=DIRECTION('',(2.357022603955E-1,-9.428090415821E-1,-2.357022603955E-1));
#726=VECTOR('',#725,6.363961030679E-1);
#727=CARTESIAN_POINT('',(-2.9E0,2.9E0,9.E-1));
#728=LINE('',#727,#726);
#729=DIRECTION('',(-2.357022603955E-1,-9.428090415821E-1,-2.357022603955E-1));
#730=VECTOR('',#729,6.363961030679E-1);
#731=CARTESIAN_POINT('',(-3.1E0,2.9E0,9.E-1));
#732=LINE('',#731,#730);
#733=DIRECTION('',(0.E0,1.E0,0.E0));
#734=VECTOR('',#733,2.5E-1);
#735=CARTESIAN_POINT('',(-3.65E0,-2.95E0,-2.5E-1));
#736=LINE('',#735,#734);
#737=DIRECTION('',(0.E0,0.E0,1.E0));
#738=VECTOR('',#737,1.05E0);
#739=CARTESIAN_POINT('',(-3.65E0,-2.95E0,2.5E-1));
#740=LINE('',#739,#738);
#741=DIRECTION('',(0.E0,1.E0,0.E0));
#742=VECTOR('',#741,2.5E-1);
#743=CARTESIAN_POINT('',(-3.65E0,-2.95E0,2.5E-1));
#744=LINE('',#743,#742);
#745=DIRECTION('',(0.E0,0.E0,1.E0));
#746=VECTOR('',#745,1.05E0);
#747=CARTESIAN_POINT('',(-3.65E0,-2.95E0,-1.3E0));
#748=LINE('',#747,#746);
#749=DIRECTION('',(0.E0,-5.E-1,8.660254037844E-1));
#750=VECTOR('',#749,8.082903768655E-1);
#751=CARTESIAN_POINT('',(-3.65E0,-2.545854811567E0,-2.E0));
#752=LINE('',#751,#750);
#753=DIRECTION('',(0.E0,5.E-1,8.660254037844E-1));
#754=VECTOR('',#753,8.082903768655E-1);
#755=CARTESIAN_POINT('',(-3.65E0,-2.95E0,1.3E0));
#756=LINE('',#755,#754);
#757=DIRECTION('',(0.E0,1.E0,0.E0));
#758=VECTOR('',#757,2.5E-1);
#759=CARTESIAN_POINT('',(-2.35E0,-2.95E0,2.5E-1));
#760=LINE('',#759,#758);
#761=DIRECTION('',(0.E0,0.E0,1.E0));
#762=VECTOR('',#761,1.05E0);
#763=CARTESIAN_POINT('',(-2.35E0,-2.95E0,-1.3E0));
#764=LINE('',#763,#762);
#765=DIRECTION('',(0.E0,1.E0,0.E0));
#766=VECTOR('',#765,2.5E-1);
#767=CARTESIAN_POINT('',(-2.35E0,-2.95E0,-2.5E-1));
#768=LINE('',#767,#766);
#769=DIRECTION('',(0.E0,0.E0,1.E0));
#770=VECTOR('',#769,1.05E0);
#771=CARTESIAN_POINT('',(-2.35E0,-2.95E0,2.5E-1));
#772=LINE('',#771,#770);
#773=DIRECTION('',(0.E0,5.E-1,8.660254037844E-1));
#774=VECTOR('',#773,8.082903768655E-1);
#775=CARTESIAN_POINT('',(-2.35E0,-2.95E0,1.3E0));
#776=LINE('',#775,#774);
#777=DIRECTION('',(0.E0,-5.E-1,8.660254037844E-1));
#778=VECTOR('',#777,8.082903768655E-1);
#779=CARTESIAN_POINT('',(-2.35E0,-2.545854811567E0,-2.E0));
#780=LINE('',#779,#778);
#781=DIRECTION('',(0.E0,0.E0,-1.E0));
#782=VECTOR('',#781,5.E-1);
#783=CARTESIAN_POINT('',(-3.65E0,-2.7E0,2.5E-1));
#784=LINE('',#783,#782);
#785=DIRECTION('',(-1.E0,0.E0,0.E0));
#786=VECTOR('',#785,1.3E0);
#787=CARTESIAN_POINT('',(-2.35E0,-2.7E0,2.5E-1));
#788=LINE('',#787,#786);
#789=DIRECTION('',(0.E0,0.E0,1.E0));
#790=VECTOR('',#789,5.E-1);
#791=CARTESIAN_POINT('',(-2.35E0,-2.7E0,-2.5E-1));
#792=LINE('',#791,#790);
#793=DIRECTION('',(1.E0,0.E0,0.E0));
#794=VECTOR('',#793,1.3E0);
#795=CARTESIAN_POINT('',(-3.65E0,-2.7E0,-2.5E-1));
#796=LINE('',#795,#794);
#797=DIRECTION('',(-1.E0,0.E0,0.E0));
#798=VECTOR('',#797,1.3E0);
#799=CARTESIAN_POINT('',(3.65E0,-2.7E0,2.5E-1));
#800=LINE('',#799,#798);
#801=DIRECTION('',(0.E0,0.E0,1.E0));
#802=VECTOR('',#801,5.E-1);
#803=CARTESIAN_POINT('',(3.65E0,-2.7E0,-2.5E-1));
#804=LINE('',#803,#802);
#805=DIRECTION('',(1.E0,0.E0,0.E0));
#806=VECTOR('',#805,1.3E0);
#807=CARTESIAN_POINT('',(2.35E0,-2.7E0,-2.5E-1));
#808=LINE('',#807,#806);
#809=DIRECTION('',(0.E0,0.E0,-1.E0));
#810=VECTOR('',#809,5.E-1);
#811=CARTESIAN_POINT('',(2.35E0,-2.7E0,2.5E-1));
#812=LINE('',#811,#810);
#813=DIRECTION('',(0.E0,1.E0,0.E0));
#814=VECTOR('',#813,2.5E-1);
#815=CARTESIAN_POINT('',(3.65E0,-2.95E0,2.5E-1));
#816=LINE('',#815,#814);
#817=DIRECTION('',(0.E0,0.E0,1.E0));
#818=VECTOR('',#817,1.05E0);
#819=CARTESIAN_POINT('',(3.65E0,-2.95E0,2.5E-1));
#820=LINE('',#819,#818);
#821=DIRECTION('',(0.E0,5.E-1,8.660254037844E-1));
#822=VECTOR('',#821,8.082903768655E-1);
#823=CARTESIAN_POINT('',(3.65E0,-2.95E0,1.3E0));
#824=LINE('',#823,#822);
#825=DIRECTION('',(0.E0,-5.E-1,8.660254037844E-1));
#826=VECTOR('',#825,8.082903768655E-1);
#827=CARTESIAN_POINT('',(3.65E0,-2.545854811567E0,-2.E0));
#828=LINE('',#827,#826);
#829=DIRECTION('',(0.E0,0.E0,1.E0));
#830=VECTOR('',#829,1.05E0);
#831=CARTESIAN_POINT('',(3.65E0,-2.95E0,-1.3E0));
#832=LINE('',#831,#830);
#833=DIRECTION('',(0.E0,1.E0,0.E0));
#834=VECTOR('',#833,2.5E-1);
#835=CARTESIAN_POINT('',(3.65E0,-2.95E0,-2.5E-1));
#836=LINE('',#835,#834);
#837=DIRECTION('',(0.E0,0.E0,1.E0));
#838=VECTOR('',#837,5.E-1);
#839=CARTESIAN_POINT('',(2.75E0,-2.95E0,7.5E-1));
#840=LINE('',#839,#838);
#841=DIRECTION('',(1.E0,0.E0,0.E0));
#842=VECTOR('',#841,5.E-1);
#843=CARTESIAN_POINT('',(2.75E0,-2.95E0,7.5E-1));
#844=LINE('',#843,#842);
#845=DIRECTION('',(0.E0,0.E0,1.E0));
#846=VECTOR('',#845,5.E-1);
#847=CARTESIAN_POINT('',(3.25E0,-2.95E0,7.5E-1));
#848=LINE('',#847,#846);
#849=DIRECTION('',(1.E0,0.E0,0.E0));
#850=VECTOR('',#849,5.E-1);
#851=CARTESIAN_POINT('',(2.75E0,-2.95E0,1.25E0));
#852=LINE('',#851,#850);
#853=DIRECTION('',(1.E0,0.E0,0.E0));
#854=VECTOR('',#853,1.3E0);
#855=CARTESIAN_POINT('',(2.35E0,-2.95E0,2.5E-1));
#856=LINE('',#855,#854);
#857=DIRECTION('',(1.E0,0.E0,0.E0));
#858=VECTOR('',#857,1.3E0);
#859=CARTESIAN_POINT('',(2.35E0,-2.95E0,-2.5E-1));
#860=LINE('',#859,#858);
#861=DIRECTION('',(-1.E0,0.E0,0.E0));
#862=VECTOR('',#861,4.E-1);
#863=CARTESIAN_POINT('',(3.65E0,-2.95E0,-1.3E0));
#864=LINE('',#863,#862);
#865=DIRECTION('',(0.E0,0.E0,1.E0));
#866=VECTOR('',#865,5.208203932499E-1);
#867=CARTESIAN_POINT('',(3.25E0,-2.95E0,-1.3E0));
#868=LINE('',#867,#866);
#869=DIRECTION('',(1.E0,0.E0,0.E0));
#870=VECTOR('',#869,5.E-1);
#871=CARTESIAN_POINT('',(2.75E0,-2.95E0,-7.791796067501E-1));
#872=LINE('',#871,#870);
#873=DIRECTION('',(0.E0,0.E0,1.E0));
#874=VECTOR('',#873,5.208203932499E-1);
#875=CARTESIAN_POINT('',(2.75E0,-2.95E0,-1.3E0));
#876=LINE('',#875,#874);
#877=DIRECTION('',(-1.E0,0.E0,0.E0));
#878=VECTOR('',#877,4.E-1);
#879=CARTESIAN_POINT('',(2.75E0,-2.95E0,-1.3E0));
#880=LINE('',#879,#878);
#881=DIRECTION('',(0.E0,0.E0,-1.E0));
#882=VECTOR('',#881,5.E-1);
#883=CARTESIAN_POINT('',(2.75E0,2.3E0,-7.5E-1));
#884=LINE('',#883,#882);
#885=DIRECTION('',(0.E0,-1.E0,0.E0));
#886=VECTOR('',#885,3.E0);
#887=CARTESIAN_POINT('',(2.75E0,2.3E0,-7.5E-1));
#888=LINE('',#887,#886);
#889=DIRECTION('',(0.E0,1.E0,0.E0));
#890=VECTOR('',#889,3.E0);
#891=CARTESIAN_POINT('',(2.75E0,-7.E-1,-1.25E0));
#892=LINE('',#891,#890);
#893=DIRECTION('',(0.E0,0.E0,-1.E0));
#894=VECTOR('',#893,5.E-1);
#895=CARTESIAN_POINT('',(2.75E0,2.3E0,1.25E0));
#896=LINE('',#895,#894);
#897=DIRECTION('',(0.E0,-1.E0,0.E0));
#898=VECTOR('',#897,3.E0);
#899=CARTESIAN_POINT('',(2.75E0,2.3E0,1.25E0));
#900=LINE('',#899,#898);
#901=DIRECTION('',(0.E0,1.E0,0.E0));
#902=VECTOR('',#901,3.E0);
#903=CARTESIAN_POINT('',(2.75E0,-7.E-1,7.5E-1));
#904=LINE('',#903,#902);
#905=DIRECTION('',(0.E0,-1.E0,0.E0));
#906=VECTOR('',#905,5.E-1);
#907=CARTESIAN_POINT('',(2.75E0,-2.95E0,-4.71E0));
#908=LINE('',#907,#906);
#909=DIRECTION('',(0.E0,0.E0,1.E0));
#910=VECTOR('',#909,3.26E0);
#911=CARTESIAN_POINT('',(2.75E0,-2.95E0,-4.71E0));
#912=LINE('',#911,#910);
#913=CARTESIAN_POINT('',(2.75E0,-2.75E0,-1.45E0));
#914=DIRECTION('',(-1.E0,0.E0,0.E0));
#915=DIRECTION('',(0.E0,-1.E0,2.287059430728E-13));
#916=AXIS2_PLACEMENT_3D('',#913,#914,#915);
#918=CARTESIAN_POINT('',(2.75E0,-2.75E0,-1.45E0));
#919=DIRECTION('',(1.E0,0.E0,0.E0));
#920=DIRECTION('',(0.E0,-2.857142857143E-1,9.583148474999E-1));
#921=AXIS2_PLACEMENT_3D('',#918,#919,#920);
#923=DIRECTION('',(0.E0,0.E0,-1.E0));
#924=VECTOR('',#923,3.26E0);
#925=CARTESIAN_POINT('',(2.75E0,-3.45E0,-1.45E0));
#926=LINE('',#925,#924);
#927=DIRECTION('',(0.E0,-1.E0,0.E0));
#928=VECTOR('',#927,5.E-1);
#929=CARTESIAN_POINT('',(2.75E0,-4.95E0,-4.71E0));
#930=LINE('',#929,#928);
#931=DIRECTION('',(0.E0,0.E0,1.E0));
#932=VECTOR('',#931,5.26E0);
#933=CARTESIAN_POINT('',(2.75E0,-4.95E0,-4.71E0));
#934=LINE('',#933,#932);
#935=CARTESIAN_POINT('',(2.75E0,-4.75E0,5.5E-1));
#936=DIRECTION('',(-1.E0,0.E0,0.E0));
#937=DIRECTION('',(0.E0,-1.E0,0.E0));
#938=AXIS2_PLACEMENT_3D('',#935,#936,#937);
#940=DIRECTION('',(0.E0,1.E0,0.E0));
#941=VECTOR('',#940,1.8E0);
#942=CARTESIAN_POINT('',(2.75E0,-4.75E0,7.5E-1));
#943=LINE('',#942,#941);
#944=DIRECTION('',(0.E0,-1.E0,0.E0));
#945=VECTOR('',#944,1.8E0);
#946=CARTESIAN_POINT('',(2.75E0,-2.95E0,1.25E0));
#947=LINE('',#946,#945);
#948=CARTESIAN_POINT('',(2.75E0,-4.75E0,5.5E-1));
#949=DIRECTION('',(1.E0,0.E0,0.E0));
#950=DIRECTION('',(0.E0,0.E0,1.E0));
#951=AXIS2_PLACEMENT_3D('',#948,#949,#950);
#953=DIRECTION('',(0.E0,0.E0,-1.E0));
#954=VECTOR('',#953,5.26E0);
#955=CARTESIAN_POINT('',(2.75E0,-5.45E0,5.5E-1));
#956=LINE('',#955,#954);
#957=DIRECTION('',(-2.357022603955E-1,-9.428090415821E-1,-2.357022603955E-1));
#958=VECTOR('',#957,6.363961030679E-1);
#959=CARTESIAN_POINT('',(2.9E0,2.9E0,-1.1E0));
#960=LINE('',#959,#958);
#961=DIRECTION('',(2.357022603955E-1,-9.428090415821E-1,-2.357022603955E-1));
#962=VECTOR('',#961,6.363961030679E-1);
#963=CARTESIAN_POINT('',(3.1E0,2.9E0,-1.1E0));
#964=LINE('',#963,#962);
#965=DIRECTION('',(-1.E0,0.E0,0.E0));
#966=VECTOR('',#965,5.E-1);
#967=CARTESIAN_POINT('',(3.25E0,2.3E0,-1.25E0));
#968=LINE('',#967,#966);
#969=DIRECTION('',(0.E0,0.E0,1.E0));
#970=VECTOR('',#969,5.E-1);
#971=CARTESIAN_POINT('',(3.25E0,2.3E0,-1.25E0));
#972=LINE('',#971,#970);
#973=DIRECTION('',(0.E0,1.E0,0.E0));
#974=VECTOR('',#973,3.E0);
#975=CARTESIAN_POINT('',(3.25E0,-7.E-1,-1.25E0));
#976=LINE('',#975,#974);
#977=DIRECTION('',(0.E0,-1.E0,0.E0));
#978=VECTOR('',#977,3.E0);
#979=CARTESIAN_POINT('',(3.25E0,2.3E0,-7.5E-1));
#980=LINE('',#979,#978);
#981=DIRECTION('',(0.E0,0.E0,1.E0));
#982=VECTOR('',#981,5.E-1);
#983=CARTESIAN_POINT('',(3.25E0,2.3E0,7.5E-1));
#984=LINE('',#983,#982);
#985=DIRECTION('',(0.E0,1.E0,0.E0));
#986=VECTOR('',#985,3.E0);
#987=CARTESIAN_POINT('',(3.25E0,-7.E-1,7.5E-1));
#988=LINE('',#987,#986);
#989=DIRECTION('',(0.E0,-1.E0,0.E0));
#990=VECTOR('',#989,3.E0);
#991=CARTESIAN_POINT('',(3.25E0,2.3E0,1.25E0));
#992=LINE('',#991,#990);
#993=DIRECTION('',(0.E0,1.E0,0.E0));
#994=VECTOR('',#993,5.E-1);
#995=CARTESIAN_POINT('',(3.25E0,-3.45E0,-4.71E0));
#996=LINE('',#995,#994);
#997=DIRECTION('',(0.E0,0.E0,-1.E0));
#998=VECTOR('',#997,3.26E0);
#999=CARTESIAN_POINT('',(3.25E0,-3.45E0,-1.45E0));
#1000=LINE('',#999,#998);
#1001=CARTESIAN_POINT('',(3.25E0,-2.75E0,-1.45E0));
#1002=DIRECTION('',(1.E0,0.E0,0.E0));
#1003=DIRECTION('',(0.E0,-2.857142857143E-1,9.583148474999E-1));
#1004=AXIS2_PLACEMENT_3D('',#1001,#1002,#1003);
#1006=CARTESIAN_POINT('',(3.25E0,-2.75E0,-1.45E0));
#1007=DIRECTION('',(-1.E0,0.E0,0.E0));
#1008=DIRECTION('',(0.E0,-1.E0,2.287059430728E-13));
#1009=AXIS2_PLACEMENT_3D('',#1006,#1007,#1008);
#1011=DIRECTION('',(0.E0,0.E0,1.E0));
#1012=VECTOR('',#1011,3.26E0);
#1013=CARTESIAN_POINT('',(3.25E0,-2.95E0,-4.71E0));
#1014=LINE('',#1013,#1012);
#1015=DIRECTION('',(0.E0,1.E0,0.E0));
#1016=VECTOR('',#1015,5.E-1);
#1017=CARTESIAN_POINT('',(3.25E0,-5.45E0,-4.71E0));
#1018=LINE('',#1017,#1016);
#1019=DIRECTION('',(0.E0,0.E0,-1.E0));
#1020=VECTOR('',#1019,5.26E0);
#1021=CARTESIAN_POINT('',(3.25E0,-5.45E0,5.5E-1));
#1022=LINE('',#1021,#1020);
#1023=CARTESIAN_POINT('',(3.25E0,-4.75E0,5.5E-1));
#1024=DIRECTION('',(1.E0,0.E0,0.E0));
#1025=DIRECTION('',(0.E0,0.E0,1.E0));
#1026=AXIS2_PLACEMENT_3D('',#1023,#1024,#1025);
#1028=DIRECTION('',(0.E0,-1.E0,0.E0));
#1029=VECTOR('',#1028,1.8E0);
#1030=CARTESIAN_POINT('',(3.25E0,-2.95E0,1.25E0));
#1031=LINE('',#1030,#1029);
#1032=DIRECTION('',(0.E0,1.E0,0.E0));
#1033=VECTOR('',#1032,1.8E0);
#1034=CARTESIAN_POINT('',(3.25E0,-4.75E0,7.5E-1));
#1035=LINE('',#1034,#1033);
#1036=CARTESIAN_POINT('',(3.25E0,-4.75E0,5.5E-1));
#1037=DIRECTION('',(-1.E0,0.E0,0.E0));
#1038=DIRECTION('',(0.E0,-1.E0,0.E0));
#1039=AXIS2_PLACEMENT_3D('',#1036,#1037,#1038);
#1041=DIRECTION('',(0.E0,0.E0,1.E0));
#1042=VECTOR('',#1041,5.26E0);
#1043=CARTESIAN_POINT('',(3.25E0,-4.95E0,-4.71E0));
#1044=LINE('',#1043,#1042);
#1045=DIRECTION('',(-1.E0,0.E0,0.E0));
#1046=VECTOR('',#1045,2.E-1);
#1047=CARTESIAN_POINT('',(3.1E0,2.9E0,-9.E-1));
#1048=LINE('',#1047,#1046);
#1049=DIRECTION('',(0.E0,0.E0,-1.E0));
#1050=VECTOR('',#1049,2.E-1);
#1051=CARTESIAN_POINT('',(2.9E0,2.9E0,-9.E-1));
#1052=LINE('',#1051,#1050);
#1053=DIRECTION('',(-1.E0,0.E0,0.E0));
#1054=VECTOR('',#1053,2.E-1);
#1055=CARTESIAN_POINT('',(3.1E0,2.9E0,-1.1E0));
#1056=LINE('',#1055,#1054);
#1057=DIRECTION('',(0.E0,0.E0,1.E0));
#1058=VECTOR('',#1057,2.E-1);
#1059=CARTESIAN_POINT('',(3.1E0,2.9E0,-1.1E0));
#1060=LINE('',#1059,#1058);
#1061=DIRECTION('',(-2.357022603955E-1,-9.428090415821E-1,2.357022603955E-1));
#1062=VECTOR('',#1061,6.363961030679E-1);
#1063=CARTESIAN_POINT('',(2.9E0,2.9E0,-9.E-1));
#1064=LINE('',#1063,#1062);
#1065=DIRECTION('',(-2.357022603955E-1,9.428090415821E-1,-2.357022603955E-1));
#1066=VECTOR('',#1065,6.363961030679E-1);
#1067=CARTESIAN_POINT('',(3.25E0,2.3E0,-7.5E-1));
#1068=LINE('',#1067,#1066);
#1069=DIRECTION('',(-1.E0,0.E0,0.E0));
#1070=VECTOR('',#1069,5.E-1);
#1071=CARTESIAN_POINT('',(3.25E0,2.3E0,-7.5E-1));
#1072=LINE('',#1071,#1070);
#1073=DIRECTION('',(2.357022603955E-1,-9.428090415821E-1,2.357022603955E-1));
#1074=VECTOR('',#1073,6.363961030679E-1);
#1075=CARTESIAN_POINT('',(3.1E0,2.9E0,1.1E0));
#1076=LINE('',#1075,#1074);
#1077=DIRECTION('',(-1.E0,0.E0,0.E0));
#1078=VECTOR('',#1077,2.E-1);
#1079=CARTESIAN_POINT('',(3.1E0,2.9E0,1.1E0));
#1080=LINE('',#1079,#1078);
#1081=DIRECTION('',(0.E0,0.E0,-1.E0));
#1082=VECTOR('',#1081,2.E-1);
#1083=CARTESIAN_POINT('',(2.9E0,2.9E0,1.1E0));
#1084=LINE('',#1083,#1082);
#1085=DIRECTION('',(-1.E0,0.E0,0.E0));
#1086=VECTOR('',#1085,2.E-1);
#1087=CARTESIAN_POINT('',(3.1E0,2.9E0,9.E-1));
#1088=LINE('',#1087,#1086);
#1089=DIRECTION('',(0.E0,0.E0,1.E0));
#1090=VECTOR('',#1089,2.E-1);
#1091=CARTESIAN_POINT('',(3.1E0,2.9E0,9.E-1));
#1092=LINE('',#1091,#1090);
#1093=DIRECTION('',(-2.357022603955E-1,-9.428090415821E-1,2.357022603955E-1));
#1094=VECTOR('',#1093,6.363961030679E-1);
#1095=CARTESIAN_POINT('',(2.9E0,2.9E0,1.1E0));
#1096=LINE('',#1095,#1094);
#1097=DIRECTION('',(-1.E0,0.E0,0.E0));
#1098=VECTOR('',#1097,5.E-1);
#1099=CARTESIAN_POINT('',(3.25E0,2.3E0,1.25E0));
#1100=LINE('',#1099,#1098);
#1101=DIRECTION('',(1.E0,0.E0,0.E0));
#1102=VECTOR('',#1101,5.E-1);
#1103=CARTESIAN_POINT('',(2.75E0,-4.75E0,1.25E0));
#1104=LINE('',#1103,#1102);
#1105=DIRECTION('',(-1.E0,0.E0,0.E0));
#1106=VECTOR('',#1105,5.E-1);
#1107=CARTESIAN_POINT('',(3.25E0,-5.45E0,-4.71E0));
#1108=LINE('',#1107,#1106);
#1109=DIRECTION('',(1.E0,0.E0,0.E0));
#1110=VECTOR('',#1109,5.E-1);
#1111=CARTESIAN_POINT('',(2.75E0,-5.45E0,5.5E-1));
#1112=LINE('',#1111,#1110);
#1113=DIRECTION('',(2.357022603955E-1,-2.357022603955E-1,9.428090415821E-1));
#1114=VECTOR('',#1113,6.363961030679E-1);
#1115=CARTESIAN_POINT('',(3.1E0,-5.3E0,-5.31E0));
#1116=LINE('',#1115,#1114);
#1117=DIRECTION('',(-2.357022603955E-1,-2.357022603955E-1,9.428090415821E-1));
#1118=VECTOR('',#1117,6.363961030679E-1);
#1119=CARTESIAN_POINT('',(2.9E0,-5.3E0,-5.31E0));
#1120=LINE('',#1119,#1118);
#1121=DIRECTION('',(-1.E0,0.E0,0.E0));
#1122=VECTOR('',#1121,2.E-1);
#1123=CARTESIAN_POINT('',(3.1E0,-5.1E0,-5.31E0));
#1124=LINE('',#1123,#1122);
#1125=DIRECTION('',(0.E0,-1.E0,0.E0));
#1126=VECTOR('',#1125,2.E-1);
#1127=CARTESIAN_POINT('',(2.9E0,-5.1E0,-5.31E0));
#1128=LINE('',#1127,#1126);
#1129=DIRECTION('',(-1.E0,0.E0,0.E0));
#1130=VECTOR('',#1129,2.E-1);
#1131=CARTESIAN_POINT('',(3.1E0,-5.3E0,-5.31E0));
#1132=LINE('',#1131,#1130);
#1133=DIRECTION('',(0.E0,1.E0,0.E0));
#1134=VECTOR('',#1133,2.E-1);
#1135=CARTESIAN_POINT('',(3.1E0,-5.3E0,-5.31E0));
#1136=LINE('',#1135,#1134);
#1137=DIRECTION('',(-2.357022603955E-1,2.357022603955E-1,9.428090415821E-1));
#1138=VECTOR('',#1137,6.363961030679E-1);
#1139=CARTESIAN_POINT('',(2.9E0,-5.1E0,-5.31E0));
#1140=LINE('',#1139,#1138);
#1141=DIRECTION('',(-2.357022603955E-1,-2.357022603955E-1,-9.428090415821E-1));
#1142=VECTOR('',#1141,6.363961030679E-1);
#1143=CARTESIAN_POINT('',(3.25E0,-4.95E0,-4.71E0));
#1144=LINE('',#1143,#1142);
#1145=DIRECTION('',(-1.E0,0.E0,0.E0));
#1146=VECTOR('',#1145,5.E-1);
#1147=CARTESIAN_POINT('',(3.25E0,-4.95E0,-4.71E0));
#1148=LINE('',#1147,#1146);
#1149=DIRECTION('',(1.E0,0.E0,0.E0));
#1150=VECTOR('',#1149,5.E-1);
#1151=CARTESIAN_POINT('',(2.75E0,-4.95E0,5.5E-1));
#1152=LINE('',#1151,#1150);
#1153=DIRECTION('',(1.E0,0.E0,0.E0));
#1154=VECTOR('',#1153,5.E-1);
#1155=CARTESIAN_POINT('',(2.75E0,-4.75E0,7.5E-1));
#1156=LINE('',#1155,#1154);
#1157=DIRECTION('',(-1.E0,0.E0,0.E0));
#1158=VECTOR('',#1157,5.E-1);
#1159=CARTESIAN_POINT('',(3.25E0,2.3E0,7.5E-1));
#1160=LINE('',#1159,#1158);
#1161=DIRECTION('',(2.357022603955E-1,-9.428090415821E-1,-2.357022603955E-1));
#1162=VECTOR('',#1161,6.363961030679E-1);
#1163=CARTESIAN_POINT('',(3.1E0,2.9E0,9.E-1));
#1164=LINE('',#1163,#1162);
#1165=DIRECTION('',(-2.357022603955E-1,-9.428090415821E-1,-2.357022603955E-1));
#1166=VECTOR('',#1165,6.363961030679E-1);
#1167=CARTESIAN_POINT('',(2.9E0,2.9E0,9.E-1));
#1168=LINE('',#1167,#1166);
#1169=DIRECTION('',(-1.E0,0.E0,0.E0));
#1170=VECTOR('',#1169,2.E-1);
#1171=CARTESIAN_POINT('',(3.1E0,-3.1E0,-5.31E0));
#1172=LINE('',#1171,#1170);
#1173=DIRECTION('',(0.E0,-1.E0,0.E0));
#1174=VECTOR('',#1173,2.E-1);
#1175=CARTESIAN_POINT('',(2.9E0,-3.1E0,-5.31E0));
#1176=LINE('',#1175,#1174);
#1177=DIRECTION('',(-1.E0,0.E0,0.E0));
#1178=VECTOR('',#1177,2.E-1);
#1179=CARTESIAN_POINT('',(3.1E0,-3.3E0,-5.31E0));
#1180=LINE('',#1179,#1178);
#1181=DIRECTION('',(0.E0,1.E0,0.E0));
#1182=VECTOR('',#1181,2.E-1);
#1183=CARTESIAN_POINT('',(3.1E0,-3.3E0,-5.31E0));
#1184=LINE('',#1183,#1182);
#1185=DIRECTION('',(-2.357022603955E-1,2.357022603955E-1,9.428090415821E-1));
#1186=VECTOR('',#1185,6.363961030679E-1);
#1187=CARTESIAN_POINT('',(2.9E0,-3.1E0,-5.31E0));
#1188=LINE('',#1187,#1186);
#1189=DIRECTION('',(-2.357022603955E-1,-2.357022603955E-1,-9.428090415821E-1));
#1190=VECTOR('',#1189,6.363961030679E-1);
#1191=CARTESIAN_POINT('',(3.25E0,-2.95E0,-4.71E0));
#1192=LINE('',#1191,#1190);
#1193=DIRECTION('',(-1.E0,0.E0,0.E0));
#1194=VECTOR('',#1193,5.E-1);
#1195=CARTESIAN_POINT('',(3.25E0,-2.95E0,-4.71E0));
#1196=LINE('',#1195,#1194);
#1197=DIRECTION('',(1.E0,0.E0,0.E0));
#1198=VECTOR('',#1197,5.E-1);
#1199=CARTESIAN_POINT('',(2.75E0,-2.95E0,-1.45E0));
#1200=LINE('',#1199,#1198);
#1201=DIRECTION('',(0.E0,-5.E-1,8.660254037844E-1));
#1202=VECTOR('',#1201,5.567475985127E-2);
#1203=CARTESIAN_POINT('',(2.75E0,-2.922162620074E0,-1.348215756381E0));
#1204=LINE('',#1203,#1202);
#1205=DIRECTION('',(1.E0,0.E0,0.E0));
#1206=VECTOR('',#1205,5.E-1);
#1207=CARTESIAN_POINT('',(2.75E0,-2.922162620074E0,-1.348215756381E0));
#1208=LINE('',#1207,#1206);
#1209=DIRECTION('',(0.E0,-5.E-1,8.660254037844E-1));
#1210=VECTOR('',#1209,5.567475985127E-2);
#1211=CARTESIAN_POINT('',(3.25E0,-2.922162620074E0,-1.348215756381E0));
#1212=LINE('',#1211,#1210);
#1213=DIRECTION('',(0.E0,1.E0,0.E0));
#1214=VECTOR('',#1213,6.541451884327E-1);
#1215=CARTESIAN_POINT('',(3.65E0,-3.2E0,-2.E0));
#1216=LINE('',#1215,#1214);
#1217=DIRECTION('',(0.E0,1.E0,0.E0));
#1218=VECTOR('',#1217,1.7E0);
#1219=CARTESIAN_POINT('',(4.5E0,-3.2E0,-2.E0));
#1220=LINE('',#1219,#1218);
#1221=DIRECTION('',(0.E0,1.E0,0.E0));
#1222=VECTOR('',#1221,6.541451884327E-1);
#1223=CARTESIAN_POINT('',(-3.65E0,-3.2E0,-2.E0));
#1224=LINE('',#1223,#1222);
#1225=DIRECTION('',(1.E0,0.E0,0.E0));
#1226=VECTOR('',#1225,1.3E0);
#1227=CARTESIAN_POINT('',(-3.65E0,-2.545854811567E0,-2.E0));
#1228=LINE('',#1227,#1226);
#1229=DIRECTION('',(0.E0,1.E0,0.E0));
#1230=VECTOR('',#1229,6.541451884327E-1);
#1231=CARTESIAN_POINT('',(-2.35E0,-3.2E0,-2.E0));
#1232=LINE('',#1231,#1230);
#1233=DIRECTION('',(0.E0,1.E0,0.E0));
#1234=VECTOR('',#1233,6.541451884327E-1);
#1235=CARTESIAN_POINT('',(-1.65E0,-3.2E0,-2.E0));
#1236=LINE('',#1235,#1234);
#1237=DIRECTION('',(1.E0,0.E0,0.E0));
#1238=VECTOR('',#1237,1.3E0);
#1239=CARTESIAN_POINT('',(-1.65E0,-2.545854811567E0,-2.E0));
#1240=LINE('',#1239,#1238);
#1241=DIRECTION('',(0.E0,1.E0,0.E0));
#1242=VECTOR('',#1241,6.541451884327E-1);
#1243=CARTESIAN_POINT('',(-3.5E-1,-3.2E0,-2.E0));
#1244=LINE('',#1243,#1242);
#1245=DIRECTION('',(0.E0,1.E0,0.E0));
#1246=VECTOR('',#1245,6.541451884327E-1);
#1247=CARTESIAN_POINT('',(3.5E-1,-3.2E0,-2.E0));
#1248=LINE('',#1247,#1246);
#1249=DIRECTION('',(1.E0,0.E0,0.E0));
#1250=VECTOR('',#1249,1.3E0);
#1251=CARTESIAN_POINT('',(3.5E-1,-2.545854811567E0,-2.E0));
#1252=LINE('',#1251,#1250);
#1253=DIRECTION('',(0.E0,1.E0,0.E0));
#1254=VECTOR('',#1253,6.541451884327E-1);
#1255=CARTESIAN_POINT('',(1.65E0,-3.2E0,-2.E0));
#1256=LINE('',#1255,#1254);
#1257=DIRECTION('',(0.E0,1.E0,0.E0));
#1258=VECTOR('',#1257,6.541451884327E-1);
#1259=CARTESIAN_POINT('',(2.35E0,-3.2E0,-2.E0));
#1260=LINE('',#1259,#1258);
#1261=DIRECTION('',(1.E0,0.E0,0.E0));
#1262=VECTOR('',#1261,1.3E0);
#1263=CARTESIAN_POINT('',(2.35E0,-2.545854811567E0,-2.E0));
#1264=LINE('',#1263,#1262);
#1265=DIRECTION('',(1.E0,0.E0,0.E0));
#1266=VECTOR('',#1265,8.5E-1);
#1267=CARTESIAN_POINT('',(-4.5E0,-3.2E0,2.E0));
#1268=LINE('',#1267,#1266);
#1269=DIRECTION('',(0.E0,0.E0,1.E0));
#1270=VECTOR('',#1269,4.E0);
#1271=CARTESIAN_POINT('',(-3.65E0,-3.2E0,-2.E0));
#1272=LINE('',#1271,#1270);
#1273=DIRECTION('',(-1.E0,0.E0,0.E0));
#1274=VECTOR('',#1273,8.5E-1);
#1275=CARTESIAN_POINT('',(-3.65E0,-3.2E0,-2.E0));
#1276=LINE('',#1275,#1274);
#1277=DIRECTION('',(0.E0,0.E0,1.E0));
#1278=VECTOR('',#1277,4.E0);
#1279=CARTESIAN_POINT('',(-4.5E0,-3.2E0,-2.E0));
#1280=LINE('',#1279,#1278);
#1281=DIRECTION('',(0.E0,0.E0,1.E0));
#1282=VECTOR('',#1281,4.E0);
#1283=CARTESIAN_POINT('',(-1.65E0,-3.2E0,-2.E0));
#1284=LINE('',#1283,#1282);
#1285=DIRECTION('',(-1.E0,0.E0,0.E0));
#1286=VECTOR('',#1285,7.E-1);
#1287=CARTESIAN_POINT('',(-1.65E0,-3.2E0,-2.E0));
#1288=LINE('',#1287,#1286);
#1289=DIRECTION('',(0.E0,0.E0,1.E0));
#1290=VECTOR('',#1289,4.E0);
#1291=CARTESIAN_POINT('',(-2.35E0,-3.2E0,-2.E0));
#1292=LINE('',#1291,#1290);
#1293=DIRECTION('',(1.E0,0.E0,0.E0));
#1294=VECTOR('',#1293,7.E-1);
#1295=CARTESIAN_POINT('',(-2.35E0,-3.2E0,2.E0));
#1296=LINE('',#1295,#1294);
#1297=DIRECTION('',(0.E0,0.E0,1.E0));
#1298=VECTOR('',#1297,4.E0);
#1299=CARTESIAN_POINT('',(3.65E0,-3.2E0,-2.E0));
#1300=LINE('',#1299,#1298);
#1301=DIRECTION('',(1.E0,0.E0,0.E0));
#1302=VECTOR('',#1301,8.5E-1);
#1303=CARTESIAN_POINT('',(3.65E0,-3.2E0,2.E0));
#1304=LINE('',#1303,#1302);
#1305=DIRECTION('',(0.E0,0.E0,-1.E0));
#1306=VECTOR('',#1305,4.E0);
#1307=CARTESIAN_POINT('',(4.5E0,-3.2E0,2.E0));
#1308=LINE('',#1307,#1306);
#1309=DIRECTION('',(-1.E0,0.E0,0.E0));
#1310=VECTOR('',#1309,8.5E-1);
#1311=CARTESIAN_POINT('',(4.5E0,-3.2E0,-2.E0));
#1312=LINE('',#1311,#1310);
#1313=DIRECTION('',(0.E0,0.E0,1.E0));
#1314=VECTOR('',#1313,4.E0);
#1315=CARTESIAN_POINT('',(2.35E0,-3.2E0,-2.E0));
#1316=LINE('',#1315,#1314);
#1317=DIRECTION('',(-1.E0,0.E0,0.E0));
#1318=VECTOR('',#1317,7.E-1);
#1319=CARTESIAN_POINT('',(2.35E0,-3.2E0,-2.E0));
#1320=LINE('',#1319,#1318);
#1321=DIRECTION('',(0.E0,0.E0,1.E0));
#1322=VECTOR('',#1321,4.E0);
#1323=CARTESIAN_POINT('',(1.65E0,-3.2E0,-2.E0));
#1324=LINE('',#1323,#1322);
#1325=DIRECTION('',(1.E0,0.E0,0.E0));
#1326=VECTOR('',#1325,7.E-1);
#1327=CARTESIAN_POINT('',(1.65E0,-3.2E0,2.E0));
#1328=LINE('',#1327,#1326);
#1329=DIRECTION('',(1.E0,0.E0,0.E0));
#1330=VECTOR('',#1329,7.E-1);
#1331=CARTESIAN_POINT('',(-3.5E-1,-3.2E0,-2.5E-1));
#1332=LINE('',#1331,#1330);
#1333=DIRECTION('',(0.E0,0.E0,1.E0));
#1334=VECTOR('',#1333,1.75E0);
#1335=CARTESIAN_POINT('',(3.5E-1,-3.2E0,-2.E0));
#1336=LINE('',#1335,#1334);
#1337=DIRECTION('',(-1.E0,0.E0,0.E0));
#1338=VECTOR('',#1337,7.E-1);
#1339=CARTESIAN_POINT('',(3.5E-1,-3.2E0,-2.E0));
#1340=LINE('',#1339,#1338);
#1341=DIRECTION('',(0.E0,0.E0,1.E0));
#1342=VECTOR('',#1341,1.75E0);
#1343=CARTESIAN_POINT('',(-3.5E-1,-3.2E0,-2.E0));
#1344=LINE('',#1343,#1342);
#1345=DIRECTION('',(-1.E0,0.E0,0.E0));
#1346=VECTOR('',#1345,7.E-1);
#1347=CARTESIAN_POINT('',(3.5E-1,-3.2E0,2.5E-1));
#1348=LINE('',#1347,#1346);
#1349=DIRECTION('',(0.E0,0.E0,1.E0));
#1350=VECTOR('',#1349,1.75E0);
#1351=CARTESIAN_POINT('',(-3.5E-1,-3.2E0,2.5E-1));
#1352=LINE('',#1351,#1350);
#1353=DIRECTION('',(1.E0,0.E0,0.E0));
#1354=VECTOR('',#1353,7.E-1);
#1355=CARTESIAN_POINT('',(-3.5E-1,-3.2E0,2.E0));
#1356=LINE('',#1355,#1354);
#1357=DIRECTION('',(0.E0,0.E0,1.E0));
#1358=VECTOR('',#1357,1.75E0);
#1359=CARTESIAN_POINT('',(3.5E-1,-3.2E0,2.5E-1));
#1360=LINE('',#1359,#1358);
#1361=DIRECTION('',(0.E0,1.E0,0.E0));
#1362=VECTOR('',#1361,6.541451884327E-1);
#1363=CARTESIAN_POINT('',(3.65E0,-3.2E0,2.E0));
#1364=LINE('',#1363,#1362);
#1365=DIRECTION('',(1.E0,0.E0,0.E0));
#1366=VECTOR('',#1365,1.3E0);
#1367=CARTESIAN_POINT('',(2.35E0,-2.545854811567E0,2.E0));
#1368=LINE('',#1367,#1366);
#1369=DIRECTION('',(0.E0,1.E0,0.E0));
#1370=VECTOR('',#1369,6.541451884327E-1);
#1371=CARTESIAN_POINT('',(2.35E0,-3.2E0,2.E0));
#1372=LINE('',#1371,#1370);
#1373=DIRECTION('',(0.E0,1.E0,0.E0));
#1374=VECTOR('',#1373,6.541451884327E-1);
#1375=CARTESIAN_POINT('',(1.65E0,-3.2E0,2.E0));
#1376=LINE('',#1375,#1374);
#1377=DIRECTION('',(1.E0,0.E0,0.E0));
#1378=VECTOR('',#1377,1.3E0);
#1379=CARTESIAN_POINT('',(3.5E-1,-2.545854811567E0,2.E0));
#1380=LINE('',#1379,#1378);
#1381=DIRECTION('',(0.E0,1.E0,0.E0));
#1382=VECTOR('',#1381,6.541451884327E-1);
#1383=CARTESIAN_POINT('',(3.5E-1,-3.2E0,2.E0));
#1384=LINE('',#1383,#1382);
#1385=DIRECTION('',(0.E0,1.E0,0.E0));
#1386=VECTOR('',#1385,6.541451884327E-1);
#1387=CARTESIAN_POINT('',(-3.5E-1,-3.2E0,2.E0));
#1388=LINE('',#1387,#1386);
#1389=DIRECTION('',(1.E0,0.E0,0.E0));
#1390=VECTOR('',#1389,1.3E0);
#1391=CARTESIAN_POINT('',(-1.65E0,-2.545854811567E0,2.E0));
#1392=LINE('',#1391,#1390);
#1393=DIRECTION('',(0.E0,1.E0,0.E0));
#1394=VECTOR('',#1393,6.541451884327E-1);
#1395=CARTESIAN_POINT('',(-1.65E0,-3.2E0,2.E0));
#1396=LINE('',#1395,#1394);
#1397=DIRECTION('',(0.E0,1.E0,0.E0));
#1398=VECTOR('',#1397,6.541451884327E-1);
#1399=CARTESIAN_POINT('',(-2.35E0,-3.2E0,2.E0));
#1400=LINE('',#1399,#1398);
#1401=DIRECTION('',(1.E0,0.E0,0.E0));
#1402=VECTOR('',#1401,1.3E0);
#1403=CARTESIAN_POINT('',(-3.65E0,-2.545854811567E0,2.E0));
#1404=LINE('',#1403,#1402);
#1405=DIRECTION('',(0.E0,1.E0,0.E0));
#1406=VECTOR('',#1405,6.541451884327E-1);
#1407=CARTESIAN_POINT('',(-3.65E0,-3.2E0,2.E0));
#1408=LINE('',#1407,#1406);
#1409=DIRECTION('',(0.E0,1.E0,0.E0));
#1410=VECTOR('',#1409,1.7E0);
#1411=CARTESIAN_POINT('',(-4.5E0,-3.2E0,2.E0));
#1412=LINE('',#1411,#1410);
#1413=DIRECTION('',(-1.E0,0.E0,0.E0));
#1414=VECTOR('',#1413,1.3E0);
#1415=CARTESIAN_POINT('',(3.65E0,-2.95E0,1.3E0));
#1416=LINE('',#1415,#1414);
#1417=DIRECTION('',(0.E0,0.E0,1.E0));
#1418=VECTOR('',#1417,1.05E0);
#1419=CARTESIAN_POINT('',(2.35E0,-2.95E0,-1.3E0));
#1420=LINE('',#1419,#1418);
#1421=DIRECTION('',(0.E0,-5.E-1,8.660254037844E-1));
#1422=VECTOR('',#1421,8.082903768655E-1);
#1423=CARTESIAN_POINT('',(2.35E0,-2.545854811567E0,-2.E0));
#1424=LINE('',#1423,#1422);
#1425=DIRECTION('',(0.E0,5.E-1,8.660254037844E-1));
#1426=VECTOR('',#1425,8.082903768655E-1);
#1427=CARTESIAN_POINT('',(2.35E0,-2.95E0,1.3E0));
#1428=LINE('',#1427,#1426);
#1429=DIRECTION('',(0.E0,0.E0,1.E0));
#1430=VECTOR('',#1429,1.05E0);
#1431=CARTESIAN_POINT('',(2.35E0,-2.95E0,2.5E-1));
#1432=LINE('',#1431,#1430);
#1433=DIRECTION('',(0.E0,1.E0,0.E0));
#1434=VECTOR('',#1433,2.5E-1);
#1435=CARTESIAN_POINT('',(2.35E0,-2.95E0,2.5E-1));
#1436=LINE('',#1435,#1434);
#1437=DIRECTION('',(0.E0,1.E0,0.E0));
#1438=VECTOR('',#1437,2.5E-1);
#1439=CARTESIAN_POINT('',(2.35E0,-2.95E0,-2.5E-1));
#1440=LINE('',#1439,#1438);
#1441=DIRECTION('',(0.E0,0.E0,1.E0));
#1442=VECTOR('',#1441,1.05E0);
#1443=CARTESIAN_POINT('',(1.65E0,-2.95E0,2.5E-1));
#1444=LINE('',#1443,#1442);
#1445=DIRECTION('',(0.E0,5.E-1,8.660254037844E-1));
#1446=VECTOR('',#1445,8.082903768655E-1);
#1447=CARTESIAN_POINT('',(1.65E0,-2.95E0,1.3E0));
#1448=LINE('',#1447,#1446);
#1449=DIRECTION('',(0.E0,-5.E-1,8.660254037844E-1));
#1450=VECTOR('',#1449,8.082903768655E-1);
#1451=CARTESIAN_POINT('',(1.65E0,-2.545854811567E0,-2.E0));
#1452=LINE('',#1451,#1450);
#1453=DIRECTION('',(0.E0,0.E0,1.E0));
#1454=VECTOR('',#1453,1.05E0);
#1455=CARTESIAN_POINT('',(1.65E0,-2.95E0,-1.3E0));
#1456=LINE('',#1455,#1454);
#1457=DIRECTION('',(0.E0,1.E0,0.E0));
#1458=VECTOR('',#1457,2.5E-1);
#1459=CARTESIAN_POINT('',(1.65E0,-2.95E0,-2.5E-1));
#1460=LINE('',#1459,#1458);
#1461=DIRECTION('',(0.E0,1.E0,0.E0));
#1462=VECTOR('',#1461,2.5E-1);
#1463=CARTESIAN_POINT('',(1.65E0,-2.95E0,2.5E-1));
#1464=LINE('',#1463,#1462);
#1465=DIRECTION('',(0.E0,1.E0,0.E0));
#1466=VECTOR('',#1465,2.5E-1);
#1467=CARTESIAN_POINT('',(3.5E-1,-3.2E0,-2.5E-1));
#1468=LINE('',#1467,#1466);
#1469=DIRECTION('',(0.E0,0.E0,1.E0));
#1470=VECTOR('',#1469,1.05E0);
#1471=CARTESIAN_POINT('',(3.5E-1,-2.95E0,-1.3E0));
#1472=LINE('',#1471,#1470);
#1473=DIRECTION('',(0.E0,-5.E-1,8.660254037844E-1));
#1474=VECTOR('',#1473,8.082903768655E-1);
#1475=CARTESIAN_POINT('',(3.5E-1,-2.545854811567E0,-2.E0));
#1476=LINE('',#1475,#1474);
#1477=DIRECTION('',(0.E0,1.E0,0.E0));
#1478=VECTOR('',#1477,2.5E-1);
#1479=CARTESIAN_POINT('',(3.5E-1,-3.2E0,2.5E-1));
#1480=LINE('',#1479,#1478);
#1481=DIRECTION('',(0.E0,5.E-1,8.660254037844E-1));
#1482=VECTOR('',#1481,8.082903768655E-1);
#1483=CARTESIAN_POINT('',(3.5E-1,-2.95E0,1.3E0));
#1484=LINE('',#1483,#1482);
#1485=DIRECTION('',(0.E0,0.E0,1.E0));
#1486=VECTOR('',#1485,1.05E0);
#1487=CARTESIAN_POINT('',(3.5E-1,-2.95E0,2.5E-1));
#1488=LINE('',#1487,#1486);
#1489=DIRECTION('',(0.E0,1.E0,0.E0));
#1490=VECTOR('',#1489,2.5E-1);
#1491=CARTESIAN_POINT('',(-1.65E0,-2.95E0,-2.5E-1));
#1492=LINE('',#1491,#1490);
#1493=DIRECTION('',(0.E0,1.E0,0.E0));
#1494=VECTOR('',#1493,2.5E-1);
#1495=CARTESIAN_POINT('',(-3.5E-1,-3.2E0,-2.5E-1));
#1496=LINE('',#1495,#1494);
#1497=DIRECTION('',(0.E0,-5.E-1,8.660254037844E-1));
#1498=VECTOR('',#1497,8.082903768655E-1);
#1499=CARTESIAN_POINT('',(-3.5E-1,-2.545854811567E0,-2.E0));
#1500=LINE('',#1499,#1498);
#1501=DIRECTION('',(0.E0,0.E0,1.E0));
#1502=VECTOR('',#1501,1.05E0);
#1503=CARTESIAN_POINT('',(-3.5E-1,-2.95E0,-1.3E0));
#1504=LINE('',#1503,#1502);
#1505=DIRECTION('',(0.E0,1.E0,0.E0));
#1506=VECTOR('',#1505,2.5E-1);
#1507=CARTESIAN_POINT('',(-3.5E-1,-3.2E0,2.5E-1));
#1508=LINE('',#1507,#1506);
#1509=DIRECTION('',(0.E0,0.E0,1.E0));
#1510=VECTOR('',#1509,1.05E0);
#1511=CARTESIAN_POINT('',(-3.5E-1,-2.95E0,2.5E-1));
#1512=LINE('',#1511,#1510);
#1513=DIRECTION('',(0.E0,5.E-1,8.660254037844E-1));
#1514=VECTOR('',#1513,8.082903768655E-1);
#1515=CARTESIAN_POINT('',(-3.5E-1,-2.95E0,1.3E0));
#1516=LINE('',#1515,#1514);
#1517=DIRECTION('',(0.E0,-5.E-1,8.660254037844E-1));
#1518=VECTOR('',#1517,5.567475985127E-2);
#1519=CARTESIAN_POINT('',(-1.25E0,-2.922162620074E0,-1.348215756381E0));
#1520=LINE('',#1519,#1518);
#1521=DIRECTION('',(1.E0,0.E0,0.E0));
#1522=VECTOR('',#1521,5.E-1);
#1523=CARTESIAN_POINT('',(-1.25E0,-2.922162620074E0,-1.348215756381E0));
#1524=LINE('',#1523,#1522);
#1525=DIRECTION('',(0.E0,-5.E-1,8.660254037844E-1));
#1526=VECTOR('',#1525,5.567475985127E-2);
#1527=CARTESIAN_POINT('',(-7.5E-1,-2.922162620074E0,-1.348215756381E0));
#1528=LINE('',#1527,#1526);
#1529=DIRECTION('',(0.E0,0.E0,-1.E0));
#1530=VECTOR('',#1529,5.E-1);
#1531=CARTESIAN_POINT('',(-1.25E0,2.3E0,-7.5E-1));
#1532=LINE('',#1531,#1530);
#1533=DIRECTION('',(0.E0,-1.E0,0.E0));
#1534=VECTOR('',#1533,3.E0);
#1535=CARTESIAN_POINT('',(-1.25E0,2.3E0,-7.5E-1));
#1536=LINE('',#1535,#1534);
#1537=DIRECTION('',(0.E0,1.E0,0.E0));
#1538=VECTOR('',#1537,3.E0);
#1539=CARTESIAN_POINT('',(-1.25E0,-7.E-1,-1.25E0));
#1540=LINE('',#1539,#1538);
#1541=DIRECTION('',(0.E0,0.E0,-1.E0));
#1542=VECTOR('',#1541,5.E-1);
#1543=CARTESIAN_POINT('',(-1.25E0,2.3E0,1.25E0));
#1544=LINE('',#1543,#1542);
#1545=DIRECTION('',(0.E0,-1.E0,0.E0));
#1546=VECTOR('',#1545,3.E0);
#1547=CARTESIAN_POINT('',(-1.25E0,2.3E0,1.25E0));
#1548=LINE('',#1547,#1546);
#1549=DIRECTION('',(0.E0,1.E0,0.E0));
#1550=VECTOR('',#1549,3.E0);
#1551=CARTESIAN_POINT('',(-1.25E0,-7.E-1,7.5E-1));
#1552=LINE('',#1551,#1550);
#1553=DIRECTION('',(0.E0,-1.E0,0.E0));
#1554=VECTOR('',#1553,5.E-1);
#1555=CARTESIAN_POINT('',(-1.25E0,-2.95E0,-4.71E0));
#1556=LINE('',#1555,#1554);
#1557=DIRECTION('',(0.E0,0.E0,1.E0));
#1558=VECTOR('',#1557,3.26E0);
#1559=CARTESIAN_POINT('',(-1.25E0,-2.95E0,-4.71E0));
#1560=LINE('',#1559,#1558);
#1561=CARTESIAN_POINT('',(-1.25E0,-2.75E0,-1.45E0));
#1562=DIRECTION('',(-1.E0,0.E0,0.E0));
#1563=DIRECTION('',(0.E0,-1.E0,2.287059430728E-13));
#1564=AXIS2_PLACEMENT_3D('',#1561,#1562,#1563);
#1566=CARTESIAN_POINT('',(-1.25E0,-2.75E0,-1.45E0));
#1567=DIRECTION('',(1.E0,0.E0,0.E0));
#1568=DIRECTION('',(0.E0,-2.857142857143E-1,9.583148474999E-1));
#1569=AXIS2_PLACEMENT_3D('',#1566,#1567,#1568);
#1571=DIRECTION('',(0.E0,0.E0,-1.E0));
#1572=VECTOR('',#1571,3.26E0);
#1573=CARTESIAN_POINT('',(-1.25E0,-3.45E0,-1.45E0));
#1574=LINE('',#1573,#1572);
#1575=DIRECTION('',(0.E0,-1.E0,0.E0));
#1576=VECTOR('',#1575,5.E-1);
#1577=CARTESIAN_POINT('',(-1.25E0,-4.95E0,-4.71E0));
#1578=LINE('',#1577,#1576);
#1579=DIRECTION('',(0.E0,0.E0,1.E0));
#1580=VECTOR('',#1579,5.26E0);
#1581=CARTESIAN_POINT('',(-1.25E0,-4.95E0,-4.71E0));
#1582=LINE('',#1581,#1580);
#1583=CARTESIAN_POINT('',(-1.25E0,-4.75E0,5.5E-1));
#1584=DIRECTION('',(-1.E0,0.E0,0.E0));
#1585=DIRECTION('',(0.E0,-1.E0,0.E0));
#1586=AXIS2_PLACEMENT_3D('',#1583,#1584,#1585);
#1588=DIRECTION('',(0.E0,1.E0,0.E0));
#1589=VECTOR('',#1588,1.8E0);
#1590=CARTESIAN_POINT('',(-1.25E0,-4.75E0,7.5E-1));
#1591=LINE('',#1590,#1589);
#1592=DIRECTION('',(0.E0,-1.E0,0.E0));
#1593=VECTOR('',#1592,1.8E0);
#1594=CARTESIAN_POINT('',(-1.25E0,-2.95E0,1.25E0));
#1595=LINE('',#1594,#1593);
#1596=CARTESIAN_POINT('',(-1.25E0,-4.75E0,5.5E-1));
#1597=DIRECTION('',(1.E0,0.E0,0.E0));
#1598=DIRECTION('',(0.E0,0.E0,1.E0));
#1599=AXIS2_PLACEMENT_3D('',#1596,#1597,#1598);
#1601=DIRECTION('',(0.E0,0.E0,-1.E0));
#1602=VECTOR('',#1601,5.26E0);
#1603=CARTESIAN_POINT('',(-1.25E0,-5.45E0,5.5E-1));
#1604=LINE('',#1603,#1602);
#1605=DIRECTION('',(-2.357022603955E-1,-9.428090415821E-1,-2.357022603955E-1));
#1606=VECTOR('',#1605,6.363961030679E-1);
#1607=CARTESIAN_POINT('',(-1.1E0,2.9E0,-1.1E0));
#1608=LINE('',#1607,#1606);
#1609=DIRECTION('',(2.357022603955E-1,-9.428090415821E-1,-2.357022603955E-1));
#1610=VECTOR('',#1609,6.363961030679E-1);
#1611=CARTESIAN_POINT('',(-9.E-1,2.9E0,-1.1E0));
#1612=LINE('',#1611,#1610);
#1613=DIRECTION('',(-1.E0,0.E0,0.E0));
#1614=VECTOR('',#1613,5.E-1);
#1615=CARTESIAN_POINT('',(-7.5E-1,2.3E0,-1.25E0));
#1616=LINE('',#1615,#1614);
#1617=DIRECTION('',(0.E0,0.E0,1.E0));
#1618=VECTOR('',#1617,5.E-1);
#1619=CARTESIAN_POINT('',(-7.5E-1,2.3E0,-1.25E0));
#1620=LINE('',#1619,#1618);
#1621=DIRECTION('',(0.E0,1.E0,0.E0));
#1622=VECTOR('',#1621,3.E0);
#1623=CARTESIAN_POINT('',(-7.5E-1,-7.E-1,-1.25E0));
#1624=LINE('',#1623,#1622);
#1625=DIRECTION('',(0.E0,-1.E0,0.E0));
#1626=VECTOR('',#1625,3.E0);
#1627=CARTESIAN_POINT('',(-7.5E-1,2.3E0,-7.5E-1));
#1628=LINE('',#1627,#1626);
#1629=DIRECTION('',(0.E0,0.E0,1.E0));
#1630=VECTOR('',#1629,5.E-1);
#1631=CARTESIAN_POINT('',(-7.5E-1,2.3E0,7.5E-1));
#1632=LINE('',#1631,#1630);
#1633=DIRECTION('',(0.E0,1.E0,0.E0));
#1634=VECTOR('',#1633,3.E0);
#1635=CARTESIAN_POINT('',(-7.5E-1,-7.E-1,7.5E-1));
#1636=LINE('',#1635,#1634);
#1637=DIRECTION('',(0.E0,-1.E0,0.E0));
#1638=VECTOR('',#1637,3.E0);
#1639=CARTESIAN_POINT('',(-7.5E-1,2.3E0,1.25E0));
#1640=LINE('',#1639,#1638);
#1641=DIRECTION('',(0.E0,1.E0,0.E0));
#1642=VECTOR('',#1641,5.E-1);
#1643=CARTESIAN_POINT('',(-7.5E-1,-3.45E0,-4.71E0));
#1644=LINE('',#1643,#1642);
#1645=DIRECTION('',(0.E0,0.E0,-1.E0));
#1646=VECTOR('',#1645,3.26E0);
#1647=CARTESIAN_POINT('',(-7.5E-1,-3.45E0,-1.45E0));
#1648=LINE('',#1647,#1646);
#1649=CARTESIAN_POINT('',(-7.5E-1,-2.75E0,-1.45E0));
#1650=DIRECTION('',(1.E0,0.E0,0.E0));
#1651=DIRECTION('',(0.E0,-2.857142857143E-1,9.583148474999E-1));
#1652=AXIS2_PLACEMENT_3D('',#1649,#1650,#1651);
#1654=CARTESIAN_POINT('',(-7.5E-1,-2.75E0,-1.45E0));
#1655=DIRECTION('',(-1.E0,0.E0,0.E0));
#1656=DIRECTION('',(0.E0,-1.E0,2.287059430728E-13));
#1657=AXIS2_PLACEMENT_3D('',#1654,#1655,#1656);
#1659=DIRECTION('',(0.E0,0.E0,1.E0));
#1660=VECTOR('',#1659,3.26E0);
#1661=CARTESIAN_POINT('',(-7.5E-1,-2.95E0,-4.71E0));
#1662=LINE('',#1661,#1660);
#1663=DIRECTION('',(0.E0,1.E0,0.E0));
#1664=VECTOR('',#1663,5.E-1);
#1665=CARTESIAN_POINT('',(-7.5E-1,-5.45E0,-4.71E0));
#1666=LINE('',#1665,#1664);
#1667=DIRECTION('',(0.E0,0.E0,-1.E0));
#1668=VECTOR('',#1667,5.26E0);
#1669=CARTESIAN_POINT('',(-7.5E-1,-5.45E0,5.5E-1));
#1670=LINE('',#1669,#1668);
#1671=CARTESIAN_POINT('',(-7.5E-1,-4.75E0,5.5E-1));
#1672=DIRECTION('',(1.E0,0.E0,0.E0));
#1673=DIRECTION('',(0.E0,0.E0,1.E0));
#1674=AXIS2_PLACEMENT_3D('',#1671,#1672,#1673);
#1676=DIRECTION('',(0.E0,-1.E0,0.E0));
#1677=VECTOR('',#1676,1.8E0);
#1678=CARTESIAN_POINT('',(-7.5E-1,-2.95E0,1.25E0));
#1679=LINE('',#1678,#1677);
#1680=DIRECTION('',(0.E0,1.E0,0.E0));
#1681=VECTOR('',#1680,1.8E0);
#1682=CARTESIAN_POINT('',(-7.5E-1,-4.75E0,7.5E-1));
#1683=LINE('',#1682,#1681);
#1684=CARTESIAN_POINT('',(-7.5E-1,-4.75E0,5.5E-1));
#1685=DIRECTION('',(-1.E0,0.E0,0.E0));
#1686=DIRECTION('',(0.E0,-1.E0,0.E0));
#1687=AXIS2_PLACEMENT_3D('',#1684,#1685,#1686);
#1689=DIRECTION('',(0.E0,0.E0,1.E0));
#1690=VECTOR('',#1689,5.26E0);
#1691=CARTESIAN_POINT('',(-7.5E-1,-4.95E0,-4.71E0));
#1692=LINE('',#1691,#1690);
#1693=DIRECTION('',(-1.E0,0.E0,0.E0));
#1694=VECTOR('',#1693,2.E-1);
#1695=CARTESIAN_POINT('',(-9.E-1,2.9E0,-9.E-1));
#1696=LINE('',#1695,#1694);
#1697=DIRECTION('',(0.E0,0.E0,-1.E0));
#1698=VECTOR('',#1697,2.E-1);
#1699=CARTESIAN_POINT('',(-1.1E0,2.9E0,-9.E-1));
#1700=LINE('',#1699,#1698);
#1701=DIRECTION('',(-1.E0,0.E0,0.E0));
#1702=VECTOR('',#1701,2.E-1);
#1703=CARTESIAN_POINT('',(-9.E-1,2.9E0,-1.1E0));
#1704=LINE('',#1703,#1702);
#1705=DIRECTION('',(0.E0,0.E0,1.E0));
#1706=VECTOR('',#1705,2.E-1);
#1707=CARTESIAN_POINT('',(-9.E-1,2.9E0,-1.1E0));
#1708=LINE('',#1707,#1706);
#1709=DIRECTION('',(-2.357022603955E-1,-9.428090415821E-1,2.357022603955E-1));
#1710=VECTOR('',#1709,6.363961030679E-1);
#1711=CARTESIAN_POINT('',(-1.1E0,2.9E0,-9.E-1));
#1712=LINE('',#1711,#1710);
#1713=DIRECTION('',(-2.357022603955E-1,9.428090415821E-1,-2.357022603955E-1));
#1714=VECTOR('',#1713,6.363961030679E-1);
#1715=CARTESIAN_POINT('',(-7.5E-1,2.3E0,-7.5E-1));
#1716=LINE('',#1715,#1714);
#1717=DIRECTION('',(-1.E0,0.E0,0.E0));
#1718=VECTOR('',#1717,5.E-1);
#1719=CARTESIAN_POINT('',(-7.5E-1,2.3E0,-7.5E-1));
#1720=LINE('',#1719,#1718);
#1721=DIRECTION('',(2.357022603955E-1,-9.428090415821E-1,2.357022603955E-1));
#1722=VECTOR('',#1721,6.363961030679E-1);
#1723=CARTESIAN_POINT('',(-9.E-1,2.9E0,1.1E0));
#1724=LINE('',#1723,#1722);
#1725=DIRECTION('',(-1.E0,0.E0,0.E0));
#1726=VECTOR('',#1725,2.E-1);
#1727=CARTESIAN_POINT('',(-9.E-1,2.9E0,1.1E0));
#1728=LINE('',#1727,#1726);
#1729=DIRECTION('',(0.E0,0.E0,-1.E0));
#1730=VECTOR('',#1729,2.E-1);
#1731=CARTESIAN_POINT('',(-1.1E0,2.9E0,1.1E0));
#1732=LINE('',#1731,#1730);
#1733=DIRECTION('',(-1.E0,0.E0,0.E0));
#1734=VECTOR('',#1733,2.E-1);
#1735=CARTESIAN_POINT('',(-9.E-1,2.9E0,9.E-1));
#1736=LINE('',#1735,#1734);
#1737=DIRECTION('',(0.E0,0.E0,1.E0));
#1738=VECTOR('',#1737,2.E-1);
#1739=CARTESIAN_POINT('',(-9.E-1,2.9E0,9.E-1));
#1740=LINE('',#1739,#1738);
#1741=DIRECTION('',(-2.357022603955E-1,-9.428090415821E-1,2.357022603955E-1));
#1742=VECTOR('',#1741,6.363961030679E-1);
#1743=CARTESIAN_POINT('',(-1.1E0,2.9E0,1.1E0));
#1744=LINE('',#1743,#1742);
#1745=DIRECTION('',(-1.E0,0.E0,0.E0));
#1746=VECTOR('',#1745,5.E-1);
#1747=CARTESIAN_POINT('',(-7.5E-1,2.3E0,1.25E0));
#1748=LINE('',#1747,#1746);
#1749=DIRECTION('',(0.E0,0.E0,1.E0));
#1750=VECTOR('',#1749,5.E-1);
#1751=CARTESIAN_POINT('',(-1.25E0,-2.95E0,7.5E-1));
#1752=LINE('',#1751,#1750);
#1753=DIRECTION('',(1.E0,0.E0,0.E0));
#1754=VECTOR('',#1753,5.E-1);
#1755=CARTESIAN_POINT('',(-1.25E0,-2.95E0,7.5E-1));
#1756=LINE('',#1755,#1754);
#1757=DIRECTION('',(0.E0,0.E0,1.E0));
#1758=VECTOR('',#1757,5.E-1);
#1759=CARTESIAN_POINT('',(-7.5E-1,-2.95E0,7.5E-1));
#1760=LINE('',#1759,#1758);
#1761=DIRECTION('',(1.E0,0.E0,0.E0));
#1762=VECTOR('',#1761,5.E-1);
#1763=CARTESIAN_POINT('',(-1.25E0,-2.95E0,1.25E0));
#1764=LINE('',#1763,#1762);
#1765=DIRECTION('',(1.E0,0.E0,0.E0));
#1766=VECTOR('',#1765,1.3E0);
#1767=CARTESIAN_POINT('',(-1.65E0,-2.95E0,-2.5E-1));
#1768=LINE('',#1767,#1766);
#1769=DIRECTION('',(-1.E0,0.E0,0.E0));
#1770=VECTOR('',#1769,4.E-1);
#1771=CARTESIAN_POINT('',(-3.5E-1,-2.95E0,-1.3E0));
#1772=LINE('',#1771,#1770);
#1773=DIRECTION('',(0.E0,0.E0,1.E0));
#1774=VECTOR('',#1773,5.208203932499E-1);
#1775=CARTESIAN_POINT('',(-7.5E-1,-2.95E0,-1.3E0));
#1776=LINE('',#1775,#1774);
#1777=DIRECTION('',(1.E0,0.E0,0.E0));
#1778=VECTOR('',#1777,5.E-1);
#1779=CARTESIAN_POINT('',(-1.25E0,-2.95E0,-7.791796067501E-1));
#1780=LINE('',#1779,#1778);
#1781=DIRECTION('',(0.E0,0.E0,1.E0));
#1782=VECTOR('',#1781,5.208203932499E-1);
#1783=CARTESIAN_POINT('',(-1.25E0,-2.95E0,-1.3E0));
#1784=LINE('',#1783,#1782);
#1785=DIRECTION('',(-1.E0,0.E0,0.E0));
#1786=VECTOR('',#1785,4.E-1);
#1787=CARTESIAN_POINT('',(-1.25E0,-2.95E0,-1.3E0));
#1788=LINE('',#1787,#1786);
#1789=DIRECTION('',(1.E0,0.E0,0.E0));
#1790=VECTOR('',#1789,1.3E0);
#1791=CARTESIAN_POINT('',(-1.65E0,-2.95E0,2.5E-1));
#1792=LINE('',#1791,#1790);
#1793=DIRECTION('',(1.E0,0.E0,0.E0));
#1794=VECTOR('',#1793,5.E-1);
#1795=CARTESIAN_POINT('',(-1.25E0,-4.75E0,7.5E-1));
#1796=LINE('',#1795,#1794);
#1797=DIRECTION('',(-1.E0,0.E0,0.E0));
#1798=VECTOR('',#1797,5.E-1);
#1799=CARTESIAN_POINT('',(-7.5E-1,2.3E0,7.5E-1));
#1800=LINE('',#1799,#1798);
#1801=DIRECTION('',(1.E0,0.E0,0.E0));
#1802=VECTOR('',#1801,5.E-1);
#1803=CARTESIAN_POINT('',(-1.25E0,-4.95E0,5.5E-1));
#1804=LINE('',#1803,#1802);
#1805=DIRECTION('',(-1.E0,0.E0,0.E0));
#1806=VECTOR('',#1805,5.E-1);
#1807=CARTESIAN_POINT('',(-7.5E-1,-4.95E0,-4.71E0));
#1808=LINE('',#1807,#1806);
#1809=DIRECTION('',(-2.357022603955E-1,2.357022603955E-1,9.428090415821E-1));
#1810=VECTOR('',#1809,6.363961030679E-1);
#1811=CARTESIAN_POINT('',(-1.1E0,-5.1E0,-5.31E0));
#1812=LINE('',#1811,#1810);
#1813=DIRECTION('',(-2.357022603955E-1,-2.357022603955E-1,-9.428090415821E-1));
#1814=VECTOR('',#1813,6.363961030679E-1);
#1815=CARTESIAN_POINT('',(-7.5E-1,-4.95E0,-4.71E0));
#1816=LINE('',#1815,#1814);
#1817=DIRECTION('',(-2.357022603955E-1,-2.357022603955E-1,9.428090415821E-1));
#1818=VECTOR('',#1817,6.363961030679E-1);
#1819=CARTESIAN_POINT('',(-1.1E0,-5.3E0,-5.31E0));
#1820=LINE('',#1819,#1818);
#1821=DIRECTION('',(2.357022603955E-1,-2.357022603955E-1,9.428090415821E-1));
#1822=VECTOR('',#1821,6.363961030679E-1);
#1823=CARTESIAN_POINT('',(-9.E-1,-5.3E0,-5.31E0));
#1824=LINE('',#1823,#1822);
#1825=DIRECTION('',(-1.E0,0.E0,0.E0));
#1826=VECTOR('',#1825,5.E-1);
#1827=CARTESIAN_POINT('',(-7.5E-1,-5.45E0,-4.71E0));
#1828=LINE('',#1827,#1826);
#1829=DIRECTION('',(1.E0,0.E0,0.E0));
#1830=VECTOR('',#1829,5.E-1);
#1831=CARTESIAN_POINT('',(-1.25E0,-5.45E0,5.5E-1));
#1832=LINE('',#1831,#1830);
#1833=DIRECTION('',(1.E0,0.E0,0.E0));
#1834=VECTOR('',#1833,5.E-1);
#1835=CARTESIAN_POINT('',(-1.25E0,-4.75E0,1.25E0));
#1836=LINE('',#1835,#1834);
#1837=DIRECTION('',(-1.E0,0.E0,0.E0));
#1838=VECTOR('',#1837,2.E-1);
#1839=CARTESIAN_POINT('',(-9.E-1,-5.1E0,-5.31E0));
#1840=LINE('',#1839,#1838);
#1841=DIRECTION('',(0.E0,-1.E0,0.E0));
#1842=VECTOR('',#1841,2.E-1);
#1843=CARTESIAN_POINT('',(-1.1E0,-5.1E0,-5.31E0));
#1844=LINE('',#1843,#1842);
#1845=DIRECTION('',(-1.E0,0.E0,0.E0));
#1846=VECTOR('',#1845,2.E-1);
#1847=CARTESIAN_POINT('',(-9.E-1,-5.3E0,-5.31E0));
#1848=LINE('',#1847,#1846);
#1849=DIRECTION('',(0.E0,1.E0,0.E0));
#1850=VECTOR('',#1849,2.E-1);
#1851=CARTESIAN_POINT('',(-9.E-1,-5.3E0,-5.31E0));
#1852=LINE('',#1851,#1850);
#1853=DIRECTION('',(2.357022603955E-1,-9.428090415821E-1,-2.357022603955E-1));
#1854=VECTOR('',#1853,6.363961030679E-1);
#1855=CARTESIAN_POINT('',(-9.E-1,2.9E0,9.E-1));
#1856=LINE('',#1855,#1854);
#1857=DIRECTION('',(-2.357022603955E-1,-9.428090415821E-1,-2.357022603955E-1));
#1858=VECTOR('',#1857,6.363961030679E-1);
#1859=CARTESIAN_POINT('',(-1.1E0,2.9E0,9.E-1));
#1860=LINE('',#1859,#1858);
#1861=DIRECTION('',(-1.E0,0.E0,0.E0));
#1862=VECTOR('',#1861,5.E-1);
#1863=CARTESIAN_POINT('',(-7.5E-1,-3.45E0,-4.71E0));
#1864=LINE('',#1863,#1862);
#1865=DIRECTION('',(1.E0,0.E0,0.E0));
#1866=VECTOR('',#1865,5.E-1);
#1867=CARTESIAN_POINT('',(-1.25E0,-3.45E0,-1.45E0));
#1868=LINE('',#1867,#1866);
#1869=DIRECTION('',(2.357022603955E-1,-2.357022603955E-1,9.428090415821E-1));
#1870=VECTOR('',#1869,6.363961030679E-1);
#1871=CARTESIAN_POINT('',(-9.E-1,-3.3E0,-5.31E0));
#1872=LINE('',#1871,#1870);
#1873=DIRECTION('',(-1.E0,0.E0,0.E0));
#1874=VECTOR('',#1873,2.E-1);
#1875=CARTESIAN_POINT('',(-9.E-1,-3.1E0,-5.31E0));
#1876=LINE('',#1875,#1874);
#1877=DIRECTION('',(0.E0,-1.E0,0.E0));
#1878=VECTOR('',#1877,2.E-1);
#1879=CARTESIAN_POINT('',(-1.1E0,-3.1E0,-5.31E0));
#1880=LINE('',#1879,#1878);
#1881=DIRECTION('',(-1.E0,0.E0,0.E0));
#1882=VECTOR('',#1881,2.E-1);
#1883=CARTESIAN_POINT('',(-9.E-1,-3.3E0,-5.31E0));
#1884=LINE('',#1883,#1882);
#1885=DIRECTION('',(0.E0,1.E0,0.E0));
#1886=VECTOR('',#1885,2.E-1);
#1887=CARTESIAN_POINT('',(-9.E-1,-3.3E0,-5.31E0));
#1888=LINE('',#1887,#1886);
#1889=DIRECTION('',(-2.357022603955E-1,2.357022603955E-1,9.428090415821E-1));
#1890=VECTOR('',#1889,6.363961030679E-1);
#1891=CARTESIAN_POINT('',(-1.1E0,-3.1E0,-5.31E0));
#1892=LINE('',#1891,#1890);
#1893=DIRECTION('',(-2.357022603955E-1,-2.357022603955E-1,-9.428090415821E-1));
#1894=VECTOR('',#1893,6.363961030679E-1);
#1895=CARTESIAN_POINT('',(-7.5E-1,-2.95E0,-4.71E0));
#1896=LINE('',#1895,#1894);
#1897=DIRECTION('',(-1.E0,0.E0,0.E0));
#1898=VECTOR('',#1897,5.E-1);
#1899=CARTESIAN_POINT('',(-7.5E-1,-2.95E0,-4.71E0));
#1900=LINE('',#1899,#1898);
#1901=DIRECTION('',(1.E0,0.E0,0.E0));
#1902=VECTOR('',#1901,5.E-1);
#1903=CARTESIAN_POINT('',(-1.25E0,-2.95E0,-1.45E0));
#1904=LINE('',#1903,#1902);
#1905=DIRECTION('',(-2.357022603955E-1,-2.357022603955E-1,9.428090415821E-1));
#1906=VECTOR('',#1905,6.363961030679E-1);
#1907=CARTESIAN_POINT('',(-1.1E0,-3.3E0,-5.31E0));
#1908=LINE('',#1907,#1906);
#1909=DIRECTION('',(0.E0,0.E0,1.E0));
#1910=VECTOR('',#1909,1.05E0);
#1911=CARTESIAN_POINT('',(-1.65E0,-2.95E0,-1.3E0));
#1912=LINE('',#1911,#1910);
#1913=DIRECTION('',(0.E0,-5.E-1,8.660254037844E-1));
#1914=VECTOR('',#1913,8.082903768655E-1);
#1915=CARTESIAN_POINT('',(-1.65E0,-2.545854811567E0,-2.E0));
#1916=LINE('',#1915,#1914);
#1917=DIRECTION('',(0.E0,5.E-1,8.660254037844E-1));
#1918=VECTOR('',#1917,8.082903768655E-1);
#1919=CARTESIAN_POINT('',(-1.65E0,-2.95E0,1.3E0));
#1920=LINE('',#1919,#1918);
#1921=DIRECTION('',(0.E0,0.E0,1.E0));
#1922=VECTOR('',#1921,1.05E0);
#1923=CARTESIAN_POINT('',(-1.65E0,-2.95E0,2.5E-1));
#1924=LINE('',#1923,#1922);
#1925=DIRECTION('',(0.E0,1.E0,0.E0));
#1926=VECTOR('',#1925,2.5E-1);
#1927=CARTESIAN_POINT('',(-1.65E0,-2.95E0,2.5E-1));
#1928=LINE('',#1927,#1926);
#1929=DIRECTION('',(-1.E0,0.E0,0.E0));
#1930=VECTOR('',#1929,1.3E0);
#1931=CARTESIAN_POINT('',(-3.5E-1,-2.95E0,1.3E0));
#1932=LINE('',#1931,#1930);
#1933=DIRECTION('',(0.E0,0.E0,-1.E0));
#1934=VECTOR('',#1933,5.E-1);
#1935=CARTESIAN_POINT('',(-1.65E0,-2.7E0,2.5E-1));
#1936=LINE('',#1935,#1934);
#1937=DIRECTION('',(-1.E0,0.E0,0.E0));
#1938=VECTOR('',#1937,3.3E0);
#1939=CARTESIAN_POINT('',(1.65E0,-2.7E0,2.5E-1));
#1940=LINE('',#1939,#1938);
#1941=DIRECTION('',(0.E0,0.E0,1.E0));
#1942=VECTOR('',#1941,5.E-1);
#1943=CARTESIAN_POINT('',(1.65E0,-2.7E0,-2.5E-1));
#1944=LINE('',#1943,#1942);
#1945=DIRECTION('',(1.E0,0.E0,0.E0));
#1946=VECTOR('',#1945,3.3E0);
#1947=CARTESIAN_POINT('',(-1.65E0,-2.7E0,-2.5E-1));
#1948=LINE('',#1947,#1946);
#1949=DIRECTION('',(0.E0,0.E0,1.E0));
#1950=VECTOR('',#1949,5.E-1);
#1951=CARTESIAN_POINT('',(7.5E-1,-2.95E0,7.5E-1));
#1952=LINE('',#1951,#1950);
#1953=DIRECTION('',(1.E0,0.E0,0.E0));
#1954=VECTOR('',#1953,5.E-1);
#1955=CARTESIAN_POINT('',(7.5E-1,-2.95E0,7.5E-1));
#1956=LINE('',#1955,#1954);
#1957=DIRECTION('',(0.E0,0.E0,1.E0));
#1958=VECTOR('',#1957,5.E-1);
#1959=CARTESIAN_POINT('',(1.25E0,-2.95E0,7.5E-1));
#1960=LINE('',#1959,#1958);
#1961=DIRECTION('',(1.E0,0.E0,0.E0));
#1962=VECTOR('',#1961,5.E-1);
#1963=CARTESIAN_POINT('',(7.5E-1,-2.95E0,1.25E0));
#1964=LINE('',#1963,#1962);
#1965=DIRECTION('',(1.E0,0.E0,0.E0));
#1966=VECTOR('',#1965,1.3E0);
#1967=CARTESIAN_POINT('',(3.5E-1,-2.95E0,-2.5E-1));
#1968=LINE('',#1967,#1966);
#1969=DIRECTION('',(-1.E0,0.E0,0.E0));
#1970=VECTOR('',#1969,4.E-1);
#1971=CARTESIAN_POINT('',(1.65E0,-2.95E0,-1.3E0));
#1972=LINE('',#1971,#1970);
#1973=DIRECTION('',(0.E0,0.E0,1.E0));
#1974=VECTOR('',#1973,5.208203932499E-1);
#1975=CARTESIAN_POINT('',(1.25E0,-2.95E0,-1.3E0));
#1976=LINE('',#1975,#1974);
#1977=DIRECTION('',(1.E0,0.E0,0.E0));
#1978=VECTOR('',#1977,5.E-1);
#1979=CARTESIAN_POINT('',(7.5E-1,-2.95E0,-7.791796067501E-1));
#1980=LINE('',#1979,#1978);
#1981=DIRECTION('',(0.E0,0.E0,1.E0));
#1982=VECTOR('',#1981,5.208203932499E-1);
#1983=CARTESIAN_POINT('',(7.5E-1,-2.95E0,-1.3E0));
#1984=LINE('',#1983,#1982);
#1985=DIRECTION('',(-1.E0,0.E0,0.E0));
#1986=VECTOR('',#1985,4.E-1);
#1987=CARTESIAN_POINT('',(7.5E-1,-2.95E0,-1.3E0));
#1988=LINE('',#1987,#1986);
#1989=DIRECTION('',(1.E0,0.E0,0.E0));
#1990=VECTOR('',#1989,1.3E0);
#1991=CARTESIAN_POINT('',(3.5E-1,-2.95E0,2.5E-1));
#1992=LINE('',#1991,#1990);
#1993=DIRECTION('',(0.E0,0.E0,-1.E0));
#1994=VECTOR('',#1993,5.E-1);
#1995=CARTESIAN_POINT('',(7.5E-1,2.3E0,-7.5E-1));
#1996=LINE('',#1995,#1994);
#1997=DIRECTION('',(0.E0,-1.E0,0.E0));
#1998=VECTOR('',#1997,3.E0);
#1999=CARTESIAN_POINT('',(7.5E-1,2.3E0,-7.5E-1));
#2000=LINE('',#1999,#1998);
#2001=DIRECTION('',(0.E0,1.E0,0.E0));
#2002=VECTOR('',#2001,3.E0);
#2003=CARTESIAN_POINT('',(7.5E-1,-7.E-1,-1.25E0));
#2004=LINE('',#2003,#2002);
#2005=DIRECTION('',(0.E0,0.E0,-1.E0));
#2006=VECTOR('',#2005,5.E-1);
#2007=CARTESIAN_POINT('',(7.5E-1,2.3E0,1.25E0));
#2008=LINE('',#2007,#2006);
#2009=DIRECTION('',(0.E0,-1.E0,0.E0));
#2010=VECTOR('',#2009,3.E0);
#2011=CARTESIAN_POINT('',(7.5E-1,2.3E0,1.25E0));
#2012=LINE('',#2011,#2010);
#2013=DIRECTION('',(0.E0,1.E0,0.E0));
#2014=VECTOR('',#2013,3.E0);
#2015=CARTESIAN_POINT('',(7.5E-1,-7.E-1,7.5E-1));
#2016=LINE('',#2015,#2014);
#2017=DIRECTION('',(0.E0,-1.E0,0.E0));
#2018=VECTOR('',#2017,5.E-1);
#2019=CARTESIAN_POINT('',(7.5E-1,-2.95E0,-4.71E0));
#2020=LINE('',#2019,#2018);
#2021=DIRECTION('',(0.E0,0.E0,1.E0));
#2022=VECTOR('',#2021,3.26E0);
#2023=CARTESIAN_POINT('',(7.5E-1,-2.95E0,-4.71E0));
#2024=LINE('',#2023,#2022);
#2025=CARTESIAN_POINT('',(7.5E-1,-2.75E0,-1.45E0));
#2026=DIRECTION('',(-1.E0,0.E0,0.E0));
#2027=DIRECTION('',(0.E0,-1.E0,2.287059430728E-13));
#2028=AXIS2_PLACEMENT_3D('',#2025,#2026,#2027);
#2030=CARTESIAN_POINT('',(7.5E-1,-2.75E0,-1.45E0));
#2031=DIRECTION('',(1.E0,0.E0,0.E0));
#2032=DIRECTION('',(0.E0,-2.857142857143E-1,9.583148474999E-1));
#2033=AXIS2_PLACEMENT_3D('',#2030,#2031,#2032);
#2035=DIRECTION('',(0.E0,0.E0,-1.E0));
#2036=VECTOR('',#2035,3.26E0);
#2037=CARTESIAN_POINT('',(7.5E-1,-3.45E0,-1.45E0));
#2038=LINE('',#2037,#2036);
#2039=DIRECTION('',(0.E0,-1.E0,0.E0));
#2040=VECTOR('',#2039,5.E-1);
#2041=CARTESIAN_POINT('',(7.5E-1,-4.95E0,-4.71E0));
#2042=LINE('',#2041,#2040);
#2043=DIRECTION('',(0.E0,0.E0,1.E0));
#2044=VECTOR('',#2043,5.26E0);
#2045=CARTESIAN_POINT('',(7.5E-1,-4.95E0,-4.71E0));
#2046=LINE('',#2045,#2044);
#2047=CARTESIAN_POINT('',(7.5E-1,-4.75E0,5.5E-1));
#2048=DIRECTION('',(-1.E0,0.E0,0.E0));
#2049=DIRECTION('',(0.E0,-1.E0,0.E0));
#2050=AXIS2_PLACEMENT_3D('',#2047,#2048,#2049);
#2052=DIRECTION('',(0.E0,1.E0,0.E0));
#2053=VECTOR('',#2052,1.8E0);
#2054=CARTESIAN_POINT('',(7.5E-1,-4.75E0,7.5E-1));
#2055=LINE('',#2054,#2053);
#2056=DIRECTION('',(0.E0,-1.E0,0.E0));
#2057=VECTOR('',#2056,1.8E0);
#2058=CARTESIAN_POINT('',(7.5E-1,-2.95E0,1.25E0));
#2059=LINE('',#2058,#2057);
#2060=CARTESIAN_POINT('',(7.5E-1,-4.75E0,5.5E-1));
#2061=DIRECTION('',(1.E0,0.E0,0.E0));
#2062=DIRECTION('',(0.E0,0.E0,1.E0));
#2063=AXIS2_PLACEMENT_3D('',#2060,#2061,#2062);
#2065=DIRECTION('',(0.E0,0.E0,-1.E0));
#2066=VECTOR('',#2065,5.26E0);
#2067=CARTESIAN_POINT('',(7.5E-1,-5.45E0,5.5E-1));
#2068=LINE('',#2067,#2066);
#2069=DIRECTION('',(-2.357022603955E-1,-9.428090415821E-1,-2.357022603955E-1));
#2070=VECTOR('',#2069,6.363961030679E-1);
#2071=CARTESIAN_POINT('',(9.E-1,2.9E0,-1.1E0));
#2072=LINE('',#2071,#2070);
#2073=DIRECTION('',(2.357022603955E-1,-9.428090415821E-1,-2.357022603955E-1));
#2074=VECTOR('',#2073,6.363961030679E-1);
#2075=CARTESIAN_POINT('',(1.1E0,2.9E0,-1.1E0));
#2076=LINE('',#2075,#2074);
#2077=DIRECTION('',(-1.E0,0.E0,0.E0));
#2078=VECTOR('',#2077,5.E-1);
#2079=CARTESIAN_POINT('',(1.25E0,2.3E0,-1.25E0));
#2080=LINE('',#2079,#2078);
#2081=DIRECTION('',(0.E0,0.E0,1.E0));
#2082=VECTOR('',#2081,5.E-1);
#2083=CARTESIAN_POINT('',(1.25E0,2.3E0,-1.25E0));
#2084=LINE('',#2083,#2082);
#2085=DIRECTION('',(0.E0,1.E0,0.E0));
#2086=VECTOR('',#2085,3.E0);
#2087=CARTESIAN_POINT('',(1.25E0,-7.E-1,-1.25E0));
#2088=LINE('',#2087,#2086);
#2089=DIRECTION('',(0.E0,-1.E0,0.E0));
#2090=VECTOR('',#2089,3.E0);
#2091=CARTESIAN_POINT('',(1.25E0,2.3E0,-7.5E-1));
#2092=LINE('',#2091,#2090);
#2093=DIRECTION('',(0.E0,0.E0,1.E0));
#2094=VECTOR('',#2093,5.E-1);
#2095=CARTESIAN_POINT('',(1.25E0,2.3E0,7.5E-1));
#2096=LINE('',#2095,#2094);
#2097=DIRECTION('',(0.E0,1.E0,0.E0));
#2098=VECTOR('',#2097,3.E0);
#2099=CARTESIAN_POINT('',(1.25E0,-7.E-1,7.5E-1));
#2100=LINE('',#2099,#2098);
#2101=DIRECTION('',(0.E0,-1.E0,0.E0));
#2102=VECTOR('',#2101,3.E0);
#2103=CARTESIAN_POINT('',(1.25E0,2.3E0,1.25E0));
#2104=LINE('',#2103,#2102);
#2105=DIRECTION('',(0.E0,1.E0,0.E0));
#2106=VECTOR('',#2105,5.E-1);
#2107=CARTESIAN_POINT('',(1.25E0,-3.45E0,-4.71E0));
#2108=LINE('',#2107,#2106);
#2109=DIRECTION('',(0.E0,0.E0,-1.E0));
#2110=VECTOR('',#2109,3.26E0);
#2111=CARTESIAN_POINT('',(1.25E0,-3.45E0,-1.45E0));
#2112=LINE('',#2111,#2110);
#2113=CARTESIAN_POINT('',(1.25E0,-2.75E0,-1.45E0));
#2114=DIRECTION('',(1.E0,0.E0,0.E0));
#2115=DIRECTION('',(0.E0,-2.857142857143E-1,9.583148474999E-1));
#2116=AXIS2_PLACEMENT_3D('',#2113,#2114,#2115);
#2118=CARTESIAN_POINT('',(1.25E0,-2.75E0,-1.45E0));
#2119=DIRECTION('',(-1.E0,0.E0,0.E0));
#2120=DIRECTION('',(0.E0,-1.E0,2.287059430728E-13));
#2121=AXIS2_PLACEMENT_3D('',#2118,#2119,#2120);
#2123=DIRECTION('',(0.E0,0.E0,1.E0));
#2124=VECTOR('',#2123,3.26E0);
#2125=CARTESIAN_POINT('',(1.25E0,-2.95E0,-4.71E0));
#2126=LINE('',#2125,#2124);
#2127=DIRECTION('',(0.E0,1.E0,0.E0));
#2128=VECTOR('',#2127,5.E-1);
#2129=CARTESIAN_POINT('',(1.25E0,-5.45E0,-4.71E0));
#2130=LINE('',#2129,#2128);
#2131=DIRECTION('',(0.E0,0.E0,-1.E0));
#2132=VECTOR('',#2131,5.26E0);
#2133=CARTESIAN_POINT('',(1.25E0,-5.45E0,5.5E-1));
#2134=LINE('',#2133,#2132);
#2135=CARTESIAN_POINT('',(1.25E0,-4.75E0,5.5E-1));
#2136=DIRECTION('',(1.E0,0.E0,0.E0));
#2137=DIRECTION('',(0.E0,0.E0,1.E0));
#2138=AXIS2_PLACEMENT_3D('',#2135,#2136,#2137);
#2140=DIRECTION('',(0.E0,-1.E0,0.E0));
#2141=VECTOR('',#2140,1.8E0);
#2142=CARTESIAN_POINT('',(1.25E0,-2.95E0,1.25E0));
#2143=LINE('',#2142,#2141);
#2144=DIRECTION('',(0.E0,1.E0,0.E0));
#2145=VECTOR('',#2144,1.8E0);
#2146=CARTESIAN_POINT('',(1.25E0,-4.75E0,7.5E-1));
#2147=LINE('',#2146,#2145);
#2148=CARTESIAN_POINT('',(1.25E0,-4.75E0,5.5E-1));
#2149=DIRECTION('',(-1.E0,0.E0,0.E0));
#2150=DIRECTION('',(0.E0,-1.E0,0.E0));
#2151=AXIS2_PLACEMENT_3D('',#2148,#2149,#2150);
#2153=DIRECTION('',(0.E0,0.E0,1.E0));
#2154=VECTOR('',#2153,5.26E0);
#2155=CARTESIAN_POINT('',(1.25E0,-4.95E0,-4.71E0));
#2156=LINE('',#2155,#2154);
#2157=DIRECTION('',(-1.E0,0.E0,0.E0));
#2158=VECTOR('',#2157,2.E-1);
#2159=CARTESIAN_POINT('',(1.1E0,2.9E0,-9.E-1));
#2160=LINE('',#2159,#2158);
#2161=DIRECTION('',(0.E0,0.E0,-1.E0));
#2162=VECTOR('',#2161,2.E-1);
#2163=CARTESIAN_POINT('',(9.E-1,2.9E0,-9.E-1));
#2164=LINE('',#2163,#2162);
#2165=DIRECTION('',(-1.E0,0.E0,0.E0));
#2166=VECTOR('',#2165,2.E-1);
#2167=CARTESIAN_POINT('',(1.1E0,2.9E0,-1.1E0));
#2168=LINE('',#2167,#2166);
#2169=DIRECTION('',(0.E0,0.E0,1.E0));
#2170=VECTOR('',#2169,2.E-1);
#2171=CARTESIAN_POINT('',(1.1E0,2.9E0,-1.1E0));
#2172=LINE('',#2171,#2170);
#2173=DIRECTION('',(-2.357022603955E-1,-9.428090415821E-1,2.357022603955E-1));
#2174=VECTOR('',#2173,6.363961030679E-1);
#2175=CARTESIAN_POINT('',(9.E-1,2.9E0,-9.E-1));
#2176=LINE('',#2175,#2174);
#2177=DIRECTION('',(-2.357022603955E-1,9.428090415821E-1,-2.357022603955E-1));
#2178=VECTOR('',#2177,6.363961030679E-1);
#2179=CARTESIAN_POINT('',(1.25E0,2.3E0,-7.5E-1));
#2180=LINE('',#2179,#2178);
#2181=DIRECTION('',(-1.E0,0.E0,0.E0));
#2182=VECTOR('',#2181,5.E-1);
#2183=CARTESIAN_POINT('',(1.25E0,2.3E0,-7.5E-1));
#2184=LINE('',#2183,#2182);
#2185=DIRECTION('',(2.357022603955E-1,-9.428090415821E-1,2.357022603955E-1));
#2186=VECTOR('',#2185,6.363961030679E-1);
#2187=CARTESIAN_POINT('',(1.1E0,2.9E0,1.1E0));
#2188=LINE('',#2187,#2186);
#2189=DIRECTION('',(-1.E0,0.E0,0.E0));
#2190=VECTOR('',#2189,2.E-1);
#2191=CARTESIAN_POINT('',(1.1E0,2.9E0,1.1E0));
#2192=LINE('',#2191,#2190);
#2193=DIRECTION('',(0.E0,0.E0,-1.E0));
#2194=VECTOR('',#2193,2.E-1);
#2195=CARTESIAN_POINT('',(9.E-1,2.9E0,1.1E0));
#2196=LINE('',#2195,#2194);
#2197=DIRECTION('',(-1.E0,0.E0,0.E0));
#2198=VECTOR('',#2197,2.E-1);
#2199=CARTESIAN_POINT('',(1.1E0,2.9E0,9.E-1));
#2200=LINE('',#2199,#2198);
#2201=DIRECTION('',(0.E0,0.E0,1.E0));
#2202=VECTOR('',#2201,2.E-1);
#2203=CARTESIAN_POINT('',(1.1E0,2.9E0,9.E-1));
#2204=LINE('',#2203,#2202);
#2205=DIRECTION('',(-2.357022603955E-1,-9.428090415821E-1,2.357022603955E-1));
#2206=VECTOR('',#2205,6.363961030679E-1);
#2207=CARTESIAN_POINT('',(9.E-1,2.9E0,1.1E0));
#2208=LINE('',#2207,#2206);
#2209=DIRECTION('',(-1.E0,0.E0,0.E0));
#2210=VECTOR('',#2209,5.E-1);
#2211=CARTESIAN_POINT('',(1.25E0,2.3E0,1.25E0));
#2212=LINE('',#2211,#2210);
#2213=DIRECTION('',(1.E0,0.E0,0.E0));
#2214=VECTOR('',#2213,5.E-1);
#2215=CARTESIAN_POINT('',(7.5E-1,-4.75E0,1.25E0));
#2216=LINE('',#2215,#2214);
#2217=DIRECTION('',(-1.E0,0.E0,0.E0));
#2218=VECTOR('',#2217,5.E-1);
#2219=CARTESIAN_POINT('',(1.25E0,-5.45E0,-4.71E0));
#2220=LINE('',#2219,#2218);
#2221=DIRECTION('',(1.E0,0.E0,0.E0));
#2222=VECTOR('',#2221,5.E-1);
#2223=CARTESIAN_POINT('',(7.5E-1,-5.45E0,5.5E-1));
#2224=LINE('',#2223,#2222);
#2225=DIRECTION('',(2.357022603955E-1,-2.357022603955E-1,9.428090415821E-1));
#2226=VECTOR('',#2225,6.363961030679E-1);
#2227=CARTESIAN_POINT('',(1.1E0,-5.3E0,-5.31E0));
#2228=LINE('',#2227,#2226);
#2229=DIRECTION('',(-2.357022603955E-1,-2.357022603955E-1,9.428090415821E-1));
#2230=VECTOR('',#2229,6.363961030679E-1);
#2231=CARTESIAN_POINT('',(9.E-1,-5.3E0,-5.31E0));
#2232=LINE('',#2231,#2230);
#2233=DIRECTION('',(-1.E0,0.E0,0.E0));
#2234=VECTOR('',#2233,2.E-1);
#2235=CARTESIAN_POINT('',(1.1E0,-5.1E0,-5.31E0));
#2236=LINE('',#2235,#2234);
#2237=DIRECTION('',(0.E0,-1.E0,0.E0));
#2238=VECTOR('',#2237,2.E-1);
#2239=CARTESIAN_POINT('',(9.E-1,-5.1E0,-5.31E0));
#2240=LINE('',#2239,#2238);
#2241=DIRECTION('',(-1.E0,0.E0,0.E0));
#2242=VECTOR('',#2241,2.E-1);
#2243=CARTESIAN_POINT('',(1.1E0,-5.3E0,-5.31E0));
#2244=LINE('',#2243,#2242);
#2245=DIRECTION('',(0.E0,1.E0,0.E0));
#2246=VECTOR('',#2245,2.E-1);
#2247=CARTESIAN_POINT('',(1.1E0,-5.3E0,-5.31E0));
#2248=LINE('',#2247,#2246);
#2249=DIRECTION('',(-2.357022603955E-1,2.357022603955E-1,9.428090415821E-1));
#2250=VECTOR('',#2249,6.363961030679E-1);
#2251=CARTESIAN_POINT('',(9.E-1,-5.1E0,-5.31E0));
#2252=LINE('',#2251,#2250);
#2253=DIRECTION('',(-2.357022603955E-1,-2.357022603955E-1,-9.428090415821E-1));
#2254=VECTOR('',#2253,6.363961030679E-1);
#2255=CARTESIAN_POINT('',(1.25E0,-4.95E0,-4.71E0));
#2256=LINE('',#2255,#2254);
#2257=DIRECTION('',(-1.E0,0.E0,0.E0));
#2258=VECTOR('',#2257,5.E-1);
#2259=CARTESIAN_POINT('',(1.25E0,-4.95E0,-4.71E0));
#2260=LINE('',#2259,#2258);
#2261=DIRECTION('',(1.E0,0.E0,0.E0));
#2262=VECTOR('',#2261,5.E-1);
#2263=CARTESIAN_POINT('',(7.5E-1,-4.95E0,5.5E-1));
#2264=LINE('',#2263,#2262);
#2265=DIRECTION('',(1.E0,0.E0,0.E0));
#2266=VECTOR('',#2265,5.E-1);
#2267=CARTESIAN_POINT('',(7.5E-1,-4.75E0,7.5E-1));
#2268=LINE('',#2267,#2266);
#2269=DIRECTION('',(-1.E0,0.E0,0.E0));
#2270=VECTOR('',#2269,5.E-1);
#2271=CARTESIAN_POINT('',(1.25E0,2.3E0,7.5E-1));
#2272=LINE('',#2271,#2270);
#2273=DIRECTION('',(2.357022603955E-1,-9.428090415821E-1,-2.357022603955E-1));
#2274=VECTOR('',#2273,6.363961030679E-1);
#2275=CARTESIAN_POINT('',(1.1E0,2.9E0,9.E-1));
#2276=LINE('',#2275,#2274);
#2277=DIRECTION('',(-2.357022603955E-1,-9.428090415821E-1,-2.357022603955E-1));
#2278=VECTOR('',#2277,6.363961030679E-1);
#2279=CARTESIAN_POINT('',(9.E-1,2.9E0,9.E-1));
#2280=LINE('',#2279,#2278);
#2281=DIRECTION('',(-1.E0,0.E0,0.E0));
#2282=VECTOR('',#2281,2.E-1);
#2283=CARTESIAN_POINT('',(1.1E0,-3.1E0,-5.31E0));
#2284=LINE('',#2283,#2282);
#2285=DIRECTION('',(0.E0,-1.E0,0.E0));
#2286=VECTOR('',#2285,2.E-1);
#2287=CARTESIAN_POINT('',(9.E-1,-3.1E0,-5.31E0));
#2288=LINE('',#2287,#2286);
#2289=DIRECTION('',(-1.E0,0.E0,0.E0));
#2290=VECTOR('',#2289,2.E-1);
#2291=CARTESIAN_POINT('',(1.1E0,-3.3E0,-5.31E0));
#2292=LINE('',#2291,#2290);
#2293=DIRECTION('',(0.E0,1.E0,0.E0));
#2294=VECTOR('',#2293,2.E-1);
#2295=CARTESIAN_POINT('',(1.1E0,-3.3E0,-5.31E0));
#2296=LINE('',#2295,#2294);
#2297=DIRECTION('',(-2.357022603955E-1,2.357022603955E-1,9.428090415821E-1));
#2298=VECTOR('',#2297,6.363961030679E-1);
#2299=CARTESIAN_POINT('',(9.E-1,-3.1E0,-5.31E0));
#2300=LINE('',#2299,#2298);
#2301=DIRECTION('',(-2.357022603955E-1,-2.357022603955E-1,-9.428090415821E-1));
#2302=VECTOR('',#2301,6.363961030679E-1);
#2303=CARTESIAN_POINT('',(1.25E0,-2.95E0,-4.71E0));
#2304=LINE('',#2303,#2302);
#2305=DIRECTION('',(-1.E0,0.E0,0.E0));
#2306=VECTOR('',#2305,5.E-1);
#2307=CARTESIAN_POINT('',(1.25E0,-2.95E0,-4.71E0));
#2308=LINE('',#2307,#2306);
#2309=DIRECTION('',(1.E0,0.E0,0.E0));
#2310=VECTOR('',#2309,5.E-1);
#2311=CARTESIAN_POINT('',(7.5E-1,-2.95E0,-1.45E0));
#2312=LINE('',#2311,#2310);
#2313=DIRECTION('',(0.E0,-5.E-1,8.660254037844E-1));
#2314=VECTOR('',#2313,5.567475985127E-2);
#2315=CARTESIAN_POINT('',(7.5E-1,-2.922162620074E0,-1.348215756381E0));
#2316=LINE('',#2315,#2314);
#2317=DIRECTION('',(1.E0,0.E0,0.E0));
#2318=VECTOR('',#2317,5.E-1);
#2319=CARTESIAN_POINT('',(7.5E-1,-2.922162620074E0,-1.348215756381E0));
#2320=LINE('',#2319,#2318);
#2321=DIRECTION('',(0.E0,-5.E-1,8.660254037844E-1));
#2322=VECTOR('',#2321,5.567475985127E-2);
#2323=CARTESIAN_POINT('',(1.25E0,-2.922162620074E0,-1.348215756381E0));
#2324=LINE('',#2323,#2322);
#2325=DIRECTION('',(-2.357022603955E-1,-2.357022603955E-1,9.428090415821E-1));
#2326=VECTOR('',#2325,6.363961030679E-1);
#2327=CARTESIAN_POINT('',(9.E-1,-3.3E0,-5.31E0));
#2328=LINE('',#2327,#2326);
#2329=DIRECTION('',(2.357022603955E-1,-2.357022603955E-1,9.428090415821E-1));
#2330=VECTOR('',#2329,6.363961030679E-1);
#2331=CARTESIAN_POINT('',(1.1E0,-3.3E0,-5.31E0));
#2332=LINE('',#2331,#2330);
#2333=DIRECTION('',(-1.E0,0.E0,0.E0));
#2334=VECTOR('',#2333,5.E-1);
#2335=CARTESIAN_POINT('',(1.25E0,-3.45E0,-4.71E0));
#2336=LINE('',#2335,#2334);
#2337=DIRECTION('',(1.E0,0.E0,0.E0));
#2338=VECTOR('',#2337,5.E-1);
#2339=CARTESIAN_POINT('',(7.5E-1,-3.45E0,-1.45E0));
#2340=LINE('',#2339,#2338);
#2341=DIRECTION('',(-1.E0,0.E0,0.E0));
#2342=VECTOR('',#2341,1.3E0);
#2343=CARTESIAN_POINT('',(1.65E0,-2.95E0,1.3E0));
#2344=LINE('',#2343,#2342);
#2345=DIRECTION('',(-1.E0,0.E0,0.E0));
#2346=VECTOR('',#2345,1.3E0);
#2347=CARTESIAN_POINT('',(-2.35E0,-2.95E0,1.3E0));
#2348=LINE('',#2347,#2346);
#2349=DIRECTION('',(0.E0,1.E0,0.E0));
#2350=VECTOR('',#2349,1.7E0);
#2351=CARTESIAN_POINT('',(-4.5E0,-3.2E0,-2.E0));
#2352=LINE('',#2351,#2350);
#2353=DIRECTION('',(0.E0,0.E0,1.E0));
#2354=VECTOR('',#2353,4.E0);
#2355=CARTESIAN_POINT('',(-4.5E0,-1.5E0,-2.E0));
#2356=LINE('',#2355,#2354);
#2357=DIRECTION('',(-1.E0,0.E0,0.E0));
#2358=VECTOR('',#2357,9.E0);
#2359=CARTESIAN_POINT('',(4.5E0,-1.5E0,-2.E0));
#2360=LINE('',#2359,#2358);
#2361=DIRECTION('',(0.E0,0.E0,-1.E0));
#2362=VECTOR('',#2361,4.E0);
#2363=CARTESIAN_POINT('',(4.5E0,-1.5E0,2.E0));
#2364=LINE('',#2363,#2362);
#2365=DIRECTION('',(1.E0,0.E0,0.E0));
#2366=VECTOR('',#2365,9.E0);
#2367=CARTESIAN_POINT('',(-4.5E0,-1.5E0,2.E0));
#2368=LINE('',#2367,#2366);
#2369=DIRECTION('',(0.E0,0.E0,-1.E0));
#2370=VECTOR('',#2369,9.E-1);
#2371=CARTESIAN_POINT('',(-1.65E0,-1.5E0,3.15E0));
#2372=LINE('',#2371,#2370);
#2373=DIRECTION('',(1.E0,0.E0,0.E0));
#2374=VECTOR('',#2373,3.3E0);
#2375=CARTESIAN_POINT('',(-1.65E0,-1.5E0,2.25E0));
#2376=LINE('',#2375,#2374);
#2377=DIRECTION('',(0.E0,0.E0,-1.E0));
#2378=VECTOR('',#2377,9.E-1);
#2379=CARTESIAN_POINT('',(1.65E0,-1.5E0,3.15E0));
#2380=LINE('',#2379,#2378);
#2381=DIRECTION('',(0.E0,1.E0,0.E0));
#2382=VECTOR('',#2381,1.7E0);
#2383=CARTESIAN_POINT('',(4.5E0,-3.2E0,2.E0));
#2384=LINE('',#2383,#2382);
#2385=DIRECTION('',(0.E0,0.E0,-1.E0));
#2386=VECTOR('',#2385,6.5E-1);
#2387=CARTESIAN_POINT('',(-1.5E0,1.7E0,3.15E0));
#2388=LINE('',#2387,#2386);
#2389=DIRECTION('',(2.588190451025E-1,-9.659258262891E-1,0.E0));
#2390=VECTOR('',#2389,1.931851652578E0);
#2391=CARTESIAN_POINT('',(-3.325E0,3.2E0,3.15E0));
#2392=LINE('',#2391,#2390);
#2393=DIRECTION('',(2.588190451025E-1,9.659258262891E-1,0.E0));
#2394=VECTOR('',#2393,1.931851652578E0);
#2395=CARTESIAN_POINT('',(-2.825E0,1.333974596216E0,3.15E0));
#2396=LINE('',#2395,#2394);
#2397=DIRECTION('',(-1.E0,0.E0,0.E0));
#2398=VECTOR('',#2397,7.65E0);
#2399=CARTESIAN_POINT('',(5.325E0,3.2E0,3.15E0));
#2400=LINE('',#2399,#2398);
#2401=DIRECTION('',(0.E0,1.E0,0.E0));
#2402=VECTOR('',#2401,4.7E0);
#2403=CARTESIAN_POINT('',(5.325E0,-1.5E0,3.15E0));
#2404=LINE('',#2403,#2402);
#2405=DIRECTION('',(1.E0,0.E0,0.E0));
#2406=VECTOR('',#2405,3.675E0);
#2407=CARTESIAN_POINT('',(1.65E0,-1.5E0,3.15E0));
#2408=LINE('',#2407,#2406);
#2409=DIRECTION('',(-4.682358629859E-2,9.989031743698E-1,0.E0));
#2410=VECTOR('',#2409,3.203513695928E0);
#2411=CARTESIAN_POINT('',(1.65E0,-1.5E0,3.15E0));
#2412=LINE('',#2411,#2410);
#2413=DIRECTION('',(-1.E0,0.E0,0.E0));
#2414=VECTOR('',#2413,5.E-1);
#2415=CARTESIAN_POINT('',(1.5E0,1.7E0,3.15E0));
#2416=LINE('',#2415,#2414);
#2417=DIRECTION('',(0.E0,-1.E0,0.E0));
#2418=VECTOR('',#2417,1.2E0);
#2419=CARTESIAN_POINT('',(1.E0,1.7E0,3.15E0));
#2420=LINE('',#2419,#2418);
#2421=DIRECTION('',(-1.E0,0.E0,0.E0));
#2422=VECTOR('',#2421,2.E0);
#2423=CARTESIAN_POINT('',(1.E0,5.E-1,3.15E0));
#2424=LINE('',#2423,#2422);
#2425=DIRECTION('',(0.E0,1.E0,0.E0));
#2426=VECTOR('',#2425,1.2E0);
#2427=CARTESIAN_POINT('',(-1.E0,5.E-1,3.15E0));
#2428=LINE('',#2427,#2426);
#2429=DIRECTION('',(-1.E0,0.E0,0.E0));
#2430=VECTOR('',#2429,5.E-1);
#2431=CARTESIAN_POINT('',(-1.E0,1.7E0,3.15E0));
#2432=LINE('',#2431,#2430);
#2433=DIRECTION('',(-4.682358629859E-2,-9.989031743698E-1,0.E0));
#2434=VECTOR('',#2433,3.203513695928E0);
#2435=CARTESIAN_POINT('',(-1.5E0,1.7E0,3.15E0));
#2436=LINE('',#2435,#2434);
#2437=DIRECTION('',(1.E0,0.E0,0.E0));
#2438=VECTOR('',#2437,3.675E0);
#2439=CARTESIAN_POINT('',(-5.325E0,-1.5E0,3.15E0));
#2440=LINE('',#2439,#2438);
#2441=DIRECTION('',(0.E0,-1.E0,0.E0));
#2442=VECTOR('',#2441,4.7E0);
#2443=CARTESIAN_POINT('',(-5.325E0,3.2E0,3.15E0));
#2444=LINE('',#2443,#2442);
#2445=DIRECTION('',(-1.E0,0.E0,0.E0));
#2446=VECTOR('',#2445,2.E0);
#2447=CARTESIAN_POINT('',(-3.325E0,3.2E0,3.15E0));
#2448=LINE('',#2447,#2446);
#2449=DIRECTION('',(2.588190451025E-1,9.659258262891E-1,0.E0));
#2450=VECTOR('',#2449,1.931851652578E0);
#2451=CARTESIAN_POINT('',(-2.825E0,1.333974596216E0,3.13E0));
#2452=LINE('',#2451,#2450);
#2453=DIRECTION('',(2.588190451025E-1,-9.659258262891E-1,0.E0));
#2454=VECTOR('',#2453,1.931851652578E0);
#2455=CARTESIAN_POINT('',(-3.325E0,3.2E0,3.13E0));
#2456=LINE('',#2455,#2454);
#2457=DIRECTION('',(0.E0,-2.220446049250E-14,-1.E0));
#2458=VECTOR('',#2457,2.E-2);
#2459=CARTESIAN_POINT('',(-2.825E0,1.333974596216E0,3.15E0));
#2460=LINE('',#2459,#2458);
#2461=DIRECTION('',(-4.682358629859E-2,-9.989031743698E-1,0.E0));
#2462=VECTOR('',#2461,8.008784239821E-1);
#2463=CARTESIAN_POINT('',(-1.6125E0,-7.E-1,2.25E0));
#2464=LINE('',#2463,#2462);
#2465=DIRECTION('',(-4.682358629859E-2,9.989031743698E-1,0.E0));
#2466=VECTOR('',#2465,8.008784239821E-1);
#2467=CARTESIAN_POINT('',(1.65E0,-1.5E0,2.25E0));
#2468=LINE('',#2467,#2466);
#2469=DIRECTION('',(0.E0,-1.E0,0.E0));
#2470=VECTOR('',#2469,1.2E0);
#2471=CARTESIAN_POINT('',(1.E0,1.7E0,2.5E0));
#2472=LINE('',#2471,#2470);
#2473=DIRECTION('',(-1.E0,0.E0,0.E0));
#2474=VECTOR('',#2473,5.E-1);
#2475=CARTESIAN_POINT('',(1.5E0,1.7E0,2.5E0));
#2476=LINE('',#2475,#2474);
#2477=DIRECTION('',(-4.682358629859E-2,9.989031743698E-1,0.E0));
#2478=VECTOR('',#2477,2.402635271946E0);
#2479=CARTESIAN_POINT('',(1.6125E0,-7.E-1,2.5E0));
#2480=LINE('',#2479,#2478);
#2481=DIRECTION('',(0.E0,1.E0,0.E0));
#2482=VECTOR('',#2481,3.55E0);
#2483=CARTESIAN_POINT('',(-2.6E0,-7.E-1,2.5E0));
#2484=LINE('',#2483,#2482);
#2485=DIRECTION('',(4.682358629859E-2,9.989031743698E-1,0.E0));
#2486=VECTOR('',#2485,2.402635271946E0);
#2487=CARTESIAN_POINT('',(-1.6125E0,-7.E-1,2.5E0));
#2488=LINE('',#2487,#2486);
#2489=DIRECTION('',(-1.E0,0.E0,0.E0));
#2490=VECTOR('',#2489,5.E-1);
#2491=CARTESIAN_POINT('',(-1.E0,1.7E0,2.5E0));
#2492=LINE('',#2491,#2490);
#2493=DIRECTION('',(0.E0,1.E0,0.E0));
#2494=VECTOR('',#2493,1.2E0);
#2495=CARTESIAN_POINT('',(-1.E0,5.E-1,2.5E0));
#2496=LINE('',#2495,#2494);
#2497=DIRECTION('',(-1.E0,0.E0,0.E0));
#2498=VECTOR('',#2497,2.E0);
#2499=CARTESIAN_POINT('',(1.E0,5.E-1,2.5E0));
#2500=LINE('',#2499,#2498);
#2501=DIRECTION('',(0.E0,0.E0,-1.E0));
#2502=VECTOR('',#2501,6.5E-1);
#2503=CARTESIAN_POINT('',(1.E0,1.7E0,3.15E0));
#2504=LINE('',#2503,#2502);
#2505=DIRECTION('',(0.E0,0.E0,-1.E0));
#2506=VECTOR('',#2505,6.5E-1);
#2507=CARTESIAN_POINT('',(1.5E0,1.7E0,3.15E0));
#2508=LINE('',#2507,#2506);
#2509=DIRECTION('',(0.E0,0.E0,-1.E0));
#2510=VECTOR('',#2509,6.5E-1);
#2511=CARTESIAN_POINT('',(1.E0,5.E-1,3.15E0));
#2512=LINE('',#2511,#2510);
#2513=DIRECTION('',(0.E0,0.E0,-1.E0));
#2514=VECTOR('',#2513,6.5E-1);
#2515=CARTESIAN_POINT('',(-1.E0,5.E-1,3.15E0));
#2516=LINE('',#2515,#2514);
#2517=DIRECTION('',(0.E0,0.E0,-1.E0));
#2518=VECTOR('',#2517,6.5E-1);
#2519=CARTESIAN_POINT('',(-1.E0,1.7E0,3.15E0));
#2520=LINE('',#2519,#2518);
#2521=DIRECTION('',(0.E0,-1.E0,0.E0));
#2522=VECTOR('',#2521,3.55E0);
#2523=CARTESIAN_POINT('',(2.6E0,2.85E0,2.5E0));
#2524=LINE('',#2523,#2522);
#2525=DIRECTION('',(-1.E0,0.E0,0.E0));
#2526=VECTOR('',#2525,4.E-1);
#2527=CARTESIAN_POINT('',(4.425E0,2.6E0,2.25E0));
#2528=LINE('',#2527,#2526);
#2529=DIRECTION('',(0.E0,-1.E0,0.E0));
#2530=VECTOR('',#2529,3.3E0);
#2531=CARTESIAN_POINT('',(4.025E0,2.6E0,2.25E0));
#2532=LINE('',#2531,#2530);
#2533=DIRECTION('',(0.E0,-1.E0,0.E0));
#2534=VECTOR('',#2533,3.3E0);
#2535=CARTESIAN_POINT('',(-4.025E0,2.6E0,2.25E0));
#2536=LINE('',#2535,#2534);
#2537=DIRECTION('',(-1.E0,0.E0,0.E0));
#2538=VECTOR('',#2537,4.E-1);
#2539=CARTESIAN_POINT('',(-4.025E0,2.6E0,2.25E0));
#2540=LINE('',#2539,#2538);
#2541=DIRECTION('',(0.E0,-1.E0,0.E0));
#2542=VECTOR('',#2541,3.3E0);
#2543=CARTESIAN_POINT('',(-2.6E0,2.6E0,2.25E0));
#2544=LINE('',#2543,#2542);
#2545=DIRECTION('',(-1.E0,0.E0,0.E0));
#2546=VECTOR('',#2545,8.E-1);
#2547=CARTESIAN_POINT('',(-2.6E0,2.6E0,2.25E0));
#2548=LINE('',#2547,#2546);
#2549=DIRECTION('',(0.E0,-1.E0,0.E0));
#2550=VECTOR('',#2549,3.3E0);
#2551=CARTESIAN_POINT('',(-3.4E0,2.6E0,2.25E0));
#2552=LINE('',#2551,#2550);
#2553=DIRECTION('',(0.E0,-1.E0,0.E0));
#2554=VECTOR('',#2553,3.3E0);
#2555=CARTESIAN_POINT('',(2.6E0,2.6E0,2.25E0));
#2556=LINE('',#2555,#2554);
#2557=DIRECTION('',(0.E0,-1.E0,0.E0));
#2558=VECTOR('',#2557,3.3E0);
#2559=CARTESIAN_POINT('',(3.4E0,2.6E0,2.25E0));
#2560=LINE('',#2559,#2558);
#2561=DIRECTION('',(-1.E0,0.E0,0.E0));
#2562=VECTOR('',#2561,8.E-1);
#2563=CARTESIAN_POINT('',(3.4E0,2.6E0,2.25E0));
#2564=LINE('',#2563,#2562);
#2565=DIRECTION('',(0.E0,0.E0,1.E0));
#2566=VECTOR('',#2565,1.1E0);
#2567=CARTESIAN_POINT('',(4.425E0,2.6E0,-2.25E0));
#2568=LINE('',#2567,#2566);
#2569=DIRECTION('',(0.E0,1.E0,0.E0));
#2570=VECTOR('',#2569,3.3E0);
#2571=CARTESIAN_POINT('',(4.425E0,-7.E-1,-1.15E0));
#2572=LINE('',#2571,#2570);
#2573=DIRECTION('',(0.E0,0.E0,1.E0));
#2574=VECTOR('',#2573,1.1E0);
#2575=CARTESIAN_POINT('',(4.425E0,-7.E-1,-2.25E0));
#2576=LINE('',#2575,#2574);
#2577=DIRECTION('',(0.E0,1.E0,0.E0));
#2578=VECTOR('',#2577,3.3E0);
#2579=CARTESIAN_POINT('',(4.425E0,-7.E-1,-2.25E0));
#2580=LINE('',#2579,#2578);
#2581=DIRECTION('',(0.E0,0.E0,1.E0));
#2582=VECTOR('',#2581,2.1E0);
#2583=CARTESIAN_POINT('',(4.425E0,2.6E0,1.5E-1));
#2584=LINE('',#2583,#2582);
#2585=DIRECTION('',(0.E0,-1.E0,0.E0));
#2586=VECTOR('',#2585,3.3E0);
#2587=CARTESIAN_POINT('',(4.425E0,2.6E0,2.25E0));
#2588=LINE('',#2587,#2586);
#2589=DIRECTION('',(0.E0,0.E0,1.E0));
#2590=VECTOR('',#2589,2.1E0);
#2591=CARTESIAN_POINT('',(4.425E0,-7.E-1,1.5E-1));
#2592=LINE('',#2591,#2590);
#2593=DIRECTION('',(0.E0,1.E0,0.E0));
#2594=VECTOR('',#2593,3.3E0);
#2595=CARTESIAN_POINT('',(4.425E0,-7.E-1,1.5E-1));
#2596=LINE('',#2595,#2594);
#2597=DIRECTION('',(5.773502691896E-1,5.773502691896E-1,-5.773502691896E-1));
#2598=VECTOR('',#2597,1.039230484541E0);
#2599=CARTESIAN_POINT('',(4.425E0,2.6E0,-1.15E0));
#2600=LINE('',#2599,#2598);
#2601=DIRECTION('',(0.E0,7.071067811865E-1,-7.071067811865E-1));
#2602=VECTOR('',#2601,3.535533905933E-1);
#2603=CARTESIAN_POINT('',(-4.E-1,2.6E0,-2.25E0));
#2604=LINE('',#2603,#2602);
#2605=DIRECTION('',(-1.E0,0.E0,0.E0));
#2606=VECTOR('',#2605,2.2E0);
#2607=CARTESIAN_POINT('',(-4.E-1,2.85E0,-2.5E0));
#2608=LINE('',#2607,#2606);
#2609=DIRECTION('',(0.E0,7.071067811865E-1,-7.071067811865E-1));
#2610=VECTOR('',#2609,3.535533905933E-1);
#2611=CARTESIAN_POINT('',(-2.6E0,2.6E0,-2.25E0));
#2612=LINE('',#2611,#2610);
#2613=DIRECTION('',(0.E0,7.071067811865E-1,-7.071067811865E-1));
#2614=VECTOR('',#2613,3.535533905933E-1);
#2615=CARTESIAN_POINT('',(-3.4E0,2.6E0,-2.25E0));
#2616=LINE('',#2615,#2614);
#2617=DIRECTION('',(-1.E0,0.E0,0.E0));
#2618=VECTOR('',#2617,6.25E-1);
#2619=CARTESIAN_POINT('',(-3.4E0,2.85E0,-2.5E0));
#2620=LINE('',#2619,#2618);
#2621=DIRECTION('',(0.E0,7.071067811865E-1,-7.071067811865E-1));
#2622=VECTOR('',#2621,3.535533905933E-1);
#2623=CARTESIAN_POINT('',(-4.025E0,2.6E0,-2.25E0));
#2624=LINE('',#2623,#2622);
#2625=DIRECTION('',(5.773502691896E-1,5.773502691896E-1,-5.773502691896E-1));
#2626=VECTOR('',#2625,1.039230484541E0);
#2627=CARTESIAN_POINT('',(4.425E0,2.6E0,-2.25E0));
#2628=LINE('',#2627,#2626);
#2629=DIRECTION('',(0.E0,7.071067811865E-1,-7.071067811865E-1));
#2630=VECTOR('',#2629,3.535533905933E-1);
#2631=CARTESIAN_POINT('',(4.025E0,2.6E0,-2.25E0));
#2632=LINE('',#2631,#2630);
#2633=DIRECTION('',(-1.E0,0.E0,0.E0));
#2634=VECTOR('',#2633,6.25E-1);
#2635=CARTESIAN_POINT('',(4.025E0,2.85E0,-2.5E0));
#2636=LINE('',#2635,#2634);
#2637=DIRECTION('',(0.E0,7.071067811865E-1,-7.071067811865E-1));
#2638=VECTOR('',#2637,3.535533905933E-1);
#2639=CARTESIAN_POINT('',(3.4E0,2.6E0,-2.25E0));
#2640=LINE('',#2639,#2638);
#2641=DIRECTION('',(0.E0,7.071067811865E-1,-7.071067811865E-1));
#2642=VECTOR('',#2641,3.535533905933E-1);
#2643=CARTESIAN_POINT('',(2.6E0,2.6E0,-2.25E0));
#2644=LINE('',#2643,#2642);
#2645=DIRECTION('',(-1.E0,0.E0,0.E0));
#2646=VECTOR('',#2645,2.2E0);
#2647=CARTESIAN_POINT('',(2.6E0,2.85E0,-2.5E0));
#2648=LINE('',#2647,#2646);
#2649=DIRECTION('',(0.E0,7.071067811865E-1,-7.071067811865E-1));
#2650=VECTOR('',#2649,3.535533905933E-1);
#2651=CARTESIAN_POINT('',(4.E-1,2.6E0,-2.25E0));
#2652=LINE('',#2651,#2650);
#2653=DIRECTION('',(0.E0,-1.E0,0.E0));
#2654=VECTOR('',#2653,3.55E0);
#2655=CARTESIAN_POINT('',(-4.E-1,2.85E0,-2.5E0));
#2656=LINE('',#2655,#2654);
#2657=DIRECTION('',(0.E0,-1.E0,0.E0));
#2658=VECTOR('',#2657,3.55E0);
#2659=CARTESIAN_POINT('',(-2.6E0,2.85E0,-2.5E0));
#2660=LINE('',#2659,#2658);
#2661=DIRECTION('',(-1.E0,0.E0,0.E0));
#2662=VECTOR('',#2661,4.E-1);
#2663=CARTESIAN_POINT('',(4.425E0,-7.E-1,-2.25E0));
#2664=LINE('',#2663,#2662);
#2665=DIRECTION('',(0.E0,1.E0,0.E0));
#2666=VECTOR('',#2665,3.3E0);
#2667=CARTESIAN_POINT('',(4.025E0,-7.E-1,-2.25E0));
#2668=LINE('',#2667,#2666);
#2669=DIRECTION('',(1.E0,0.E0,0.E0));
#2670=VECTOR('',#2669,4.E-1);
#2671=CARTESIAN_POINT('',(4.025E0,2.6E0,-2.25E0));
#2672=LINE('',#2671,#2670);
#2673=DIRECTION('',(0.E0,1.E0,0.E0));
#2674=VECTOR('',#2673,3.3E0);
#2675=CARTESIAN_POINT('',(-4.025E0,-7.E-1,-2.25E0));
#2676=LINE('',#2675,#2674);
#2677=DIRECTION('',(-1.E0,0.E0,0.E0));
#2678=VECTOR('',#2677,4.E-1);
#2679=CARTESIAN_POINT('',(-4.025E0,-7.E-1,-2.25E0));
#2680=LINE('',#2679,#2678);
#2681=DIRECTION('',(1.E0,0.E0,0.E0));
#2682=VECTOR('',#2681,4.E-1);
#2683=CARTESIAN_POINT('',(-4.425E0,2.6E0,-2.25E0));
#2684=LINE('',#2683,#2682);
#2685=DIRECTION('',(0.E0,1.E0,0.E0));
#2686=VECTOR('',#2685,3.3E0);
#2687=CARTESIAN_POINT('',(-4.E-1,-7.E-1,-2.25E0));
#2688=LINE('',#2687,#2686);
#2689=DIRECTION('',(1.E0,0.E0,0.E0));
#2690=VECTOR('',#2689,8.E-1);
#2691=CARTESIAN_POINT('',(-4.E-1,2.6E0,-2.25E0));
#2692=LINE('',#2691,#2690);
#2693=DIRECTION('',(0.E0,1.E0,0.E0));
#2694=VECTOR('',#2693,3.3E0);
#2695=CARTESIAN_POINT('',(4.E-1,-7.E-1,-2.25E0));
#2696=LINE('',#2695,#2694);
#2697=DIRECTION('',(-1.E0,0.E0,0.E0));
#2698=VECTOR('',#2697,8.E-1);
#2699=CARTESIAN_POINT('',(4.E-1,-7.E-1,-2.25E0));
#2700=LINE('',#2699,#2698);
#2701=DIRECTION('',(0.E0,1.E0,0.E0));
#2702=VECTOR('',#2701,3.3E0);
#2703=CARTESIAN_POINT('',(-2.6E0,-7.E-1,-2.25E0));
#2704=LINE('',#2703,#2702);
#2705=DIRECTION('',(-1.E0,0.E0,0.E0));
#2706=VECTOR('',#2705,8.E-1);
#2707=CARTESIAN_POINT('',(-2.6E0,-7.E-1,-2.25E0));
#2708=LINE('',#2707,#2706);
#2709=DIRECTION('',(0.E0,1.E0,0.E0));
#2710=VECTOR('',#2709,3.3E0);
#2711=CARTESIAN_POINT('',(-3.4E0,-7.E-1,-2.25E0));
#2712=LINE('',#2711,#2710);
#2713=DIRECTION('',(1.E0,0.E0,0.E0));
#2714=VECTOR('',#2713,8.E-1);
#2715=CARTESIAN_POINT('',(-3.4E0,2.6E0,-2.25E0));
#2716=LINE('',#2715,#2714);
#2717=DIRECTION('',(0.E0,1.E0,0.E0));
#2718=VECTOR('',#2717,3.3E0);
#2719=CARTESIAN_POINT('',(2.6E0,-7.E-1,-2.25E0));
#2720=LINE('',#2719,#2718);
#2721=DIRECTION('',(1.E0,0.E0,0.E0));
#2722=VECTOR('',#2721,8.E-1);
#2723=CARTESIAN_POINT('',(2.6E0,2.6E0,-2.25E0));
#2724=LINE('',#2723,#2722);
#2725=DIRECTION('',(0.E0,1.E0,0.E0));
#2726=VECTOR('',#2725,3.3E0);
#2727=CARTESIAN_POINT('',(3.4E0,-7.E-1,-2.25E0));
#2728=LINE('',#2727,#2726);
#2729=DIRECTION('',(-1.E0,0.E0,0.E0));
#2730=VECTOR('',#2729,8.E-1);
#2731=CARTESIAN_POINT('',(3.4E0,-7.E-1,-2.25E0));
#2732=LINE('',#2731,#2730);
#2733=DIRECTION('',(0.E0,-1.E0,0.E0));
#2734=VECTOR('',#2733,3.55E0);
#2735=CARTESIAN_POINT('',(4.025E0,2.85E0,-2.5E0));
#2736=LINE('',#2735,#2734);
#2737=DIRECTION('',(0.E0,-1.E0,0.E0));
#2738=VECTOR('',#2737,3.55E0);
#2739=CARTESIAN_POINT('',(3.4E0,2.85E0,-2.5E0));
#2740=LINE('',#2739,#2738);
#2741=DIRECTION('',(0.E0,-1.E0,0.E0));
#2742=VECTOR('',#2741,3.55E0);
#2743=CARTESIAN_POINT('',(-4.025E0,2.85E0,-2.5E0));
#2744=LINE('',#2743,#2742);
#2745=DIRECTION('',(0.E0,-1.E0,0.E0));
#2746=VECTOR('',#2745,3.55E0);
#2747=CARTESIAN_POINT('',(-3.4E0,2.85E0,-2.5E0));
#2748=LINE('',#2747,#2746);
#2749=DIRECTION('',(0.E0,0.E0,-1.E0));
#2750=VECTOR('',#2749,2.1E0);
#2751=CARTESIAN_POINT('',(-4.425E0,2.6E0,-1.5E-1));
#2752=LINE('',#2751,#2750);
#2753=DIRECTION('',(0.E0,1.E0,0.E0));
#2754=VECTOR('',#2753,3.3E0);
#2755=CARTESIAN_POINT('',(-4.425E0,-7.E-1,-2.25E0));
#2756=LINE('',#2755,#2754);
#2757=DIRECTION('',(0.E0,0.E0,1.E0));
#2758=VECTOR('',#2757,2.1E0);
#2759=CARTESIAN_POINT('',(-4.425E0,-7.E-1,-2.25E0));
#2760=LINE('',#2759,#2758);
#2761=DIRECTION('',(0.E0,1.E0,0.E0));
#2762=VECTOR('',#2761,3.3E0);
#2763=CARTESIAN_POINT('',(-4.425E0,-7.E-1,-1.5E-1));
#2764=LINE('',#2763,#2762);
#2765=DIRECTION('',(0.E0,0.E0,-1.E0));
#2766=VECTOR('',#2765,1.1E0);
#2767=CARTESIAN_POINT('',(-4.425E0,2.6E0,2.25E0));
#2768=LINE('',#2767,#2766);
#2769=DIRECTION('',(0.E0,1.E0,0.E0));
#2770=VECTOR('',#2769,3.3E0);
#2771=CARTESIAN_POINT('',(-4.425E0,-7.E-1,1.15E0));
#2772=LINE('',#2771,#2770);
#2773=DIRECTION('',(0.E0,0.E0,1.E0));
#2774=VECTOR('',#2773,1.1E0);
#2775=CARTESIAN_POINT('',(-4.425E0,-7.E-1,1.15E0));
#2776=LINE('',#2775,#2774);
#2777=DIRECTION('',(0.E0,-1.E0,0.E0));
#2778=VECTOR('',#2777,3.3E0);
#2779=CARTESIAN_POINT('',(-4.425E0,2.6E0,2.25E0));
#2780=LINE('',#2779,#2778);
#2781=DIRECTION('',(-5.773502691896E-1,5.773502691896E-1,-5.773502691896E-1));
#2782=VECTOR('',#2781,1.039230484541E0);
#2783=CARTESIAN_POINT('',(-4.425E0,2.6E0,-2.25E0));
#2784=LINE('',#2783,#2782);
#2785=DIRECTION('',(1.E0,0.E0,0.E0));
#2786=VECTOR('',#2785,9.E-1);
#2787=CARTESIAN_POINT('',(-5.325E0,2.6E0,-1.5E-1));
#2788=LINE('',#2787,#2786);
#2789=DIRECTION('',(-5.773502691896E-1,5.773502691896E-1,5.773502691896E-1));
#2790=VECTOR('',#2789,1.039230484541E0);
#2791=CARTESIAN_POINT('',(-4.425E0,2.6E0,1.15E0));
#2792=LINE('',#2791,#2790);
#2793=DIRECTION('',(0.E0,7.071067811865E-1,7.071067811865E-1));
#2794=VECTOR('',#2793,3.535533905933E-1);
#2795=CARTESIAN_POINT('',(-2.6E0,2.6E0,2.25E0));
#2796=LINE('',#2795,#2794);
#2797=DIRECTION('',(1.E0,0.E0,0.E0));
#2798=VECTOR('',#2797,5.2E0);
#2799=CARTESIAN_POINT('',(-2.6E0,2.85E0,2.5E0));
#2800=LINE('',#2799,#2798);
#2801=DIRECTION('',(0.E0,7.071067811865E-1,7.071067811865E-1));
#2802=VECTOR('',#2801,3.535533905933E-1);
#2803=CARTESIAN_POINT('',(2.6E0,2.6E0,2.25E0));
#2804=LINE('',#2803,#2802);
#2805=DIRECTION('',(0.E0,7.071067811865E-1,7.071067811865E-1));
#2806=VECTOR('',#2805,3.535533905933E-1);
#2807=CARTESIAN_POINT('',(3.4E0,2.6E0,2.25E0));
#2808=LINE('',#2807,#2806);
#2809=DIRECTION('',(1.E0,0.E0,0.E0));
#2810=VECTOR('',#2809,6.25E-1);
#2811=CARTESIAN_POINT('',(3.4E0,2.85E0,2.5E0));
#2812=LINE('',#2811,#2810);
#2813=DIRECTION('',(0.E0,7.071067811865E-1,7.071067811865E-1));
#2814=VECTOR('',#2813,3.535533905933E-1);
#2815=CARTESIAN_POINT('',(4.025E0,2.6E0,2.25E0));
#2816=LINE('',#2815,#2814);
#2817=DIRECTION('',(-5.773502691896E-1,5.773502691896E-1,5.773502691896E-1));
#2818=VECTOR('',#2817,1.039230484541E0);
#2819=CARTESIAN_POINT('',(-4.425E0,2.6E0,2.25E0));
#2820=LINE('',#2819,#2818);
#2821=DIRECTION('',(0.E0,7.071067811865E-1,7.071067811865E-1));
#2822=VECTOR('',#2821,3.535533905933E-1);
#2823=CARTESIAN_POINT('',(-4.025E0,2.6E0,2.25E0));
#2824=LINE('',#2823,#2822);
#2825=DIRECTION('',(1.E0,0.E0,0.E0));
#2826=VECTOR('',#2825,6.25E-1);
#2827=CARTESIAN_POINT('',(-4.025E0,2.85E0,2.5E0));
#2828=LINE('',#2827,#2826);
#2829=DIRECTION('',(0.E0,7.071067811865E-1,7.071067811865E-1));
#2830=VECTOR('',#2829,3.535533905933E-1);
#2831=CARTESIAN_POINT('',(-3.4E0,2.6E0,2.25E0));
#2832=LINE('',#2831,#2830);
#2833=DIRECTION('',(0.E0,-1.E0,0.E0));
#2834=VECTOR('',#2833,3.55E0);
#2835=CARTESIAN_POINT('',(3.4E0,2.85E0,2.5E0));
#2836=LINE('',#2835,#2834);
#2837=DIRECTION('',(0.E0,-1.E0,0.E0));
#2838=VECTOR('',#2837,3.55E0);
#2839=CARTESIAN_POINT('',(4.025E0,2.85E0,2.5E0));
#2840=LINE('',#2839,#2838);
#2841=DIRECTION('',(5.773502691896E-1,5.773502691896E-1,5.773502691896E-1));
#2842=VECTOR('',#2841,1.039230484541E0);
#2843=CARTESIAN_POINT('',(4.425E0,2.6E0,2.25E0));
#2844=LINE('',#2843,#2842);
#2845=DIRECTION('',(5.773502691896E-1,5.773502691896E-1,5.773502691896E-1));
#2846=VECTOR('',#2845,1.039230484541E0);
#2847=CARTESIAN_POINT('',(4.425E0,2.6E0,1.5E-1));
#2848=LINE('',#2847,#2846);
#2849=DIRECTION('',(-1.E0,0.E0,0.E0));
#2850=VECTOR('',#2849,9.E-1);
#2851=CARTESIAN_POINT('',(5.325E0,2.6E0,1.5E-1));
#2852=LINE('',#2851,#2850);
#2853=DIRECTION('',(0.E0,-1.E0,0.E0));
#2854=VECTOR('',#2853,3.55E0);
#2855=CARTESIAN_POINT('',(-4.025E0,2.85E0,2.5E0));
#2856=LINE('',#2855,#2854);
#2857=DIRECTION('',(0.E0,-1.E0,0.E0));
#2858=VECTOR('',#2857,3.55E0);
#2859=CARTESIAN_POINT('',(-3.4E0,2.85E0,2.5E0));
#2860=LINE('',#2859,#2858);
#2861=DIRECTION('',(-1.E0,0.E0,0.E0));
#2862=VECTOR('',#2861,9.E-1);
#2863=CARTESIAN_POINT('',(-4.425E0,2.6E0,1.15E0));
#2864=LINE('',#2863,#2862);
#2865=DIRECTION('',(0.E0,-1.E0,0.E0));
#2866=VECTOR('',#2865,3.55E0);
#2867=CARTESIAN_POINT('',(4.E-1,2.85E0,-2.5E0));
#2868=LINE('',#2867,#2866);
#2869=DIRECTION('',(0.E0,-1.E0,0.E0));
#2870=VECTOR('',#2869,3.55E0);
#2871=CARTESIAN_POINT('',(2.6E0,2.85E0,-2.5E0));
#2872=LINE('',#2871,#2870);
#2873=DIRECTION('',(0.E0,-5.E-1,8.660254037844E-1));
#2874=VECTOR('',#2873,5.567475985127E-2);
#2875=CARTESIAN_POINT('',(-3.25E0,-2.922162620074E0,-1.348215756381E0));
#2876=LINE('',#2875,#2874);
#2877=DIRECTION('',(1.E0,0.E0,0.E0));
#2878=VECTOR('',#2877,5.E-1);
#2879=CARTESIAN_POINT('',(-3.25E0,-2.922162620074E0,-1.348215756381E0));
#2880=LINE('',#2879,#2878);
#2881=DIRECTION('',(0.E0,-5.E-1,8.660254037844E-1));
#2882=VECTOR('',#2881,5.567475985127E-2);
#2883=CARTESIAN_POINT('',(-2.75E0,-2.922162620074E0,-1.348215756381E0));
#2884=LINE('',#2883,#2882);
#2885=DIRECTION('',(1.E0,0.E0,0.E0));
#2886=VECTOR('',#2885,5.E-1);
#2887=CARTESIAN_POINT('',(-3.25E0,-2.95E0,-1.45E0));
#2888=LINE('',#2887,#2886);
#2889=DIRECTION('',(-1.E0,0.E0,0.E0));
#2890=VECTOR('',#2889,5.E-1);
#2891=CARTESIAN_POINT('',(-2.75E0,-2.95E0,-4.71E0));
#2892=LINE('',#2891,#2890);
#2893=DIRECTION('',(-2.357022603955E-1,2.357022603955E-1,9.428090415821E-1));
#2894=VECTOR('',#2893,6.363961030679E-1);
#2895=CARTESIAN_POINT('',(-3.1E0,-3.1E0,-5.31E0));
#2896=LINE('',#2895,#2894);
#2897=DIRECTION('',(-2.357022603955E-1,-2.357022603955E-1,-9.428090415821E-1));
#2898=VECTOR('',#2897,6.363961030679E-1);
#2899=CARTESIAN_POINT('',(-2.75E0,-2.95E0,-4.71E0));
#2900=LINE('',#2899,#2898);
#2901=DIRECTION('',(-2.357022603955E-1,-2.357022603955E-1,9.428090415821E-1));
#2902=VECTOR('',#2901,6.363961030679E-1);
#2903=CARTESIAN_POINT('',(-3.1E0,-3.3E0,-5.31E0));
#2904=LINE('',#2903,#2902);
#2905=DIRECTION('',(2.357022603955E-1,-2.357022603955E-1,9.428090415821E-1));
#2906=VECTOR('',#2905,6.363961030679E-1);
#2907=CARTESIAN_POINT('',(-2.9E0,-3.3E0,-5.31E0));
#2908=LINE('',#2907,#2906);
#2909=DIRECTION('',(-1.E0,0.E0,0.E0));
#2910=VECTOR('',#2909,5.E-1);
#2911=CARTESIAN_POINT('',(-2.75E0,-3.45E0,-4.71E0));
#2912=LINE('',#2911,#2910);
#2913=DIRECTION('',(1.E0,0.E0,0.E0));
#2914=VECTOR('',#2913,5.E-1);
#2915=CARTESIAN_POINT('',(-3.25E0,-3.45E0,-1.45E0));
#2916=LINE('',#2915,#2914);
#2917=DIRECTION('',(-1.E0,0.E0,0.E0));
#2918=VECTOR('',#2917,2.E-1);
#2919=CARTESIAN_POINT('',(-2.9E0,-3.1E0,-5.31E0));
#2920=LINE('',#2919,#2918);
#2921=DIRECTION('',(0.E0,-1.E0,0.E0));
#2922=VECTOR('',#2921,2.E-1);
#2923=CARTESIAN_POINT('',(-3.1E0,-3.1E0,-5.31E0));
#2924=LINE('',#2923,#2922);
#2925=DIRECTION('',(-1.E0,0.E0,0.E0));
#2926=VECTOR('',#2925,2.E-1);
#2927=CARTESIAN_POINT('',(-2.9E0,-3.3E0,-5.31E0));
#2928=LINE('',#2927,#2926);
#2929=DIRECTION('',(0.E0,1.E0,0.E0));
#2930=VECTOR('',#2929,2.E-1);
#2931=CARTESIAN_POINT('',(-2.9E0,-3.3E0,-5.31E0));
#2932=LINE('',#2931,#2930);
#2933=DIRECTION('',(-2.357022603955E-1,-2.357022603955E-1,9.428090415821E-1));
#2934=VECTOR('',#2933,6.363961030679E-1);
#2935=CARTESIAN_POINT('',(2.9E0,-3.3E0,-5.31E0));
#2936=LINE('',#2935,#2934);
#2937=DIRECTION('',(2.357022603955E-1,-2.357022603955E-1,9.428090415821E-1));
#2938=VECTOR('',#2937,6.363961030679E-1);
#2939=CARTESIAN_POINT('',(3.1E0,-3.3E0,-5.31E0));
#2940=LINE('',#2939,#2938);
#2941=DIRECTION('',(-1.E0,0.E0,0.E0));
#2942=VECTOR('',#2941,5.E-1);
#2943=CARTESIAN_POINT('',(3.25E0,-3.45E0,-4.71E0));
#2944=LINE('',#2943,#2942);
#2945=DIRECTION('',(1.E0,0.E0,0.E0));
#2946=VECTOR('',#2945,5.E-1);
#2947=CARTESIAN_POINT('',(2.75E0,-3.45E0,-1.45E0));
#2948=LINE('',#2947,#2946);
#2949=CARTESIAN_POINT('',(5.325E0,3.2E0,-3.15E0));
#2950=CARTESIAN_POINT('',(-5.325E0,3.2E0,-3.15E0));
#2951=VERTEX_POINT('',#2949);
#2952=VERTEX_POINT('',#2950);
#2953=CARTESIAN_POINT('',(-4.5E0,-1.5E0,-2.E0));
#2954=CARTESIAN_POINT('',(-4.5E0,-1.5E0,2.E0));
#2955=VERTEX_POINT('',#2953);
#2956=VERTEX_POINT('',#2954);
#2957=CARTESIAN_POINT('',(4.5E0,-1.5E0,2.E0));
#2958=VERTEX_POINT('',#2957);
#2959=CARTESIAN_POINT('',(4.5E0,-1.5E0,-2.E0));
#2960=VERTEX_POINT('',#2959);
#2961=CARTESIAN_POINT('',(-4.5E0,-3.2E0,-2.E0));
#2962=CARTESIAN_POINT('',(-4.5E0,-3.2E0,2.E0));
#2963=VERTEX_POINT('',#2961);
#2964=VERTEX_POINT('',#2962);
#2965=CARTESIAN_POINT('',(4.5E0,-3.2E0,2.E0));
#2966=CARTESIAN_POINT('',(4.5E0,-3.2E0,-2.E0));
#2967=VERTEX_POINT('',#2965);
#2968=VERTEX_POINT('',#2966);
#2969=CARTESIAN_POINT('',(-5.325E0,-1.5E0,-3.15E0));
#2970=VERTEX_POINT('',#2969);
#2971=CARTESIAN_POINT('',(5.325E0,-1.5E0,-3.15E0));
#2972=VERTEX_POINT('',#2971);
#2973=CARTESIAN_POINT('',(-5.325E0,3.2E0,3.15E0));
#2974=CARTESIAN_POINT('',(-5.325E0,-1.5E0,3.15E0));
#2975=VERTEX_POINT('',#2973);
#2976=VERTEX_POINT('',#2974);
#2977=CARTESIAN_POINT('',(5.325E0,-1.5E0,3.15E0));
#2978=CARTESIAN_POINT('',(5.325E0,3.2E0,3.15E0));
#2979=VERTEX_POINT('',#2977);
#2980=VERTEX_POINT('',#2978);
#2981=CARTESIAN_POINT('',(-3.65E0,-3.2E0,2.E0));
#2982=VERTEX_POINT('',#2981);
#2983=CARTESIAN_POINT('',(-3.65E0,-3.2E0,-2.E0));
#2984=VERTEX_POINT('',#2983);
#2985=CARTESIAN_POINT('',(-3.25E0,-2.95E0,-7.791796067501E-1));
#2986=CARTESIAN_POINT('',(-3.25E0,-2.95E0,-1.3E0));
#2987=VERTEX_POINT('',#2985);
#2988=VERTEX_POINT('',#2986);
#2989=CARTESIAN_POINT('',(-3.25E0,-2.95E0,1.25E0));
#2990=CARTESIAN_POINT('',(-3.25E0,-2.95E0,7.5E-1));
#2991=VERTEX_POINT('',#2989);
#2992=VERTEX_POINT('',#2990);
#2993=CARTESIAN_POINT('',(-2.75E0,-2.95E0,-7.791796067501E-1));
#2994=CARTESIAN_POINT('',(-2.75E0,-2.95E0,-1.3E0));
#2995=VERTEX_POINT('',#2993);
#2996=VERTEX_POINT('',#2994);
#2997=CARTESIAN_POINT('',(-2.75E0,-2.95E0,1.25E0));
#2998=CARTESIAN_POINT('',(-2.75E0,-2.95E0,7.5E-1));
#2999=VERTEX_POINT('',#2997);
#3000=VERTEX_POINT('',#2998);
#3001=CARTESIAN_POINT('',(-3.25E0,-4.75E0,1.25E0));
#3002=VERTEX_POINT('',#3001);
#3003=CARTESIAN_POINT('',(-3.25E0,-4.75E0,7.5E-1));
#3004=VERTEX_POINT('',#3003);
#3005=CARTESIAN_POINT('',(-2.75E0,-4.75E0,1.25E0));
#3006=VERTEX_POINT('',#3005);
#3007=CARTESIAN_POINT('',(-2.75E0,-4.75E0,7.5E-1));
#3008=VERTEX_POINT('',#3007);
#3009=CARTESIAN_POINT('',(-3.4E0,-7.E-1,-2.5E0));
#3010=CARTESIAN_POINT('',(-4.025E0,-7.E-1,-2.5E0));
#3011=VERTEX_POINT('',#3009);
#3012=VERTEX_POINT('',#3010);
#3013=CARTESIAN_POINT('',(4.025E0,-7.E-1,-2.5E0));
#3014=CARTESIAN_POINT('',(3.4E0,-7.E-1,-2.5E0));
#3015=VERTEX_POINT('',#3013);
#3016=VERTEX_POINT('',#3014);
#3017=CARTESIAN_POINT('',(-3.4E0,-7.E-1,-2.25E0));
#3018=CARTESIAN_POINT('',(-3.4E0,2.6E0,-2.25E0));
#3019=VERTEX_POINT('',#3017);
#3020=VERTEX_POINT('',#3018);
#3021=CARTESIAN_POINT('',(3.4E0,-7.E-1,-2.25E0));
#3022=CARTESIAN_POINT('',(3.4E0,2.6E0,-2.25E0));
#3023=VERTEX_POINT('',#3021);
#3024=VERTEX_POINT('',#3022);
#3025=CARTESIAN_POINT('',(4.425E0,-7.E-1,2.25E0));
#3026=CARTESIAN_POINT('',(4.025E0,-7.E-1,2.25E0));
#3027=VERTEX_POINT('',#3025);
#3028=VERTEX_POINT('',#3026);
#3029=CARTESIAN_POINT('',(4.425E0,-7.E-1,-2.25E0));
#3030=CARTESIAN_POINT('',(4.025E0,-7.E-1,-2.25E0));
#3031=VERTEX_POINT('',#3029);
#3032=VERTEX_POINT('',#3030);
#3033=CARTESIAN_POINT('',(-5.325E0,-7.E-1,1.15E0));
#3034=CARTESIAN_POINT('',(-5.325E0,-7.E-1,-1.5E-1));
#3035=VERTEX_POINT('',#3033);
#3036=VERTEX_POINT('',#3034);
#3037=CARTESIAN_POINT('',(5.325E0,-7.E-1,1.5E-1));
#3038=CARTESIAN_POINT('',(5.325E0,-7.E-1,-1.15E0));
#3039=VERTEX_POINT('',#3037);
#3040=VERTEX_POINT('',#3038);
#3041=CARTESIAN_POINT('',(4.425E0,-7.E-1,1.5E-1));
#3042=VERTEX_POINT('',#3041);
#3043=CARTESIAN_POINT('',(4.425E0,-7.E-1,-1.15E0));
#3044=VERTEX_POINT('',#3043);
#3045=CARTESIAN_POINT('',(-4.425E0,-7.E-1,1.15E0));
#3046=VERTEX_POINT('',#3045);
#3047=CARTESIAN_POINT('',(-4.425E0,-7.E-1,-1.5E-1));
#3048=VERTEX_POINT('',#3047);
#3049=CARTESIAN_POINT('',(-4.025E0,-7.E-1,-2.25E0));
#3050=CARTESIAN_POINT('',(-4.025E0,2.6E0,-2.25E0));
#3051=VERTEX_POINT('',#3049);
#3052=VERTEX_POINT('',#3050);
#3053=CARTESIAN_POINT('',(4.025E0,2.6E0,-2.25E0));
#3054=VERTEX_POINT('',#3053);
#3055=CARTESIAN_POINT('',(-4.025E0,-7.E-1,2.25E0));
#3056=CARTESIAN_POINT('',(-4.425E0,-7.E-1,2.25E0));
#3057=VERTEX_POINT('',#3055);
#3058=VERTEX_POINT('',#3056);
#3059=CARTESIAN_POINT('',(-4.425E0,-7.E-1,-2.25E0));
#3060=VERTEX_POINT('',#3059);
#3061=CARTESIAN_POINT('',(-3.4E0,2.85E0,-2.5E0));
#3062=VERTEX_POINT('',#3061);
#3063=CARTESIAN_POINT('',(-4.025E0,2.85E0,-2.5E0));
#3064=VERTEX_POINT('',#3063);
#3065=CARTESIAN_POINT('',(4.025E0,2.85E0,-2.5E0));
#3066=VERTEX_POINT('',#3065);
#3067=CARTESIAN_POINT('',(3.4E0,2.85E0,-2.5E0));
#3068=VERTEX_POINT('',#3067);
#3069=CARTESIAN_POINT('',(-3.25E0,-7.E-1,-7.5E-1));
#3070=CARTESIAN_POINT('',(-3.25E0,-7.E-1,-1.25E0));
#3071=VERTEX_POINT('',#3069);
#3072=VERTEX_POINT('',#3070);
#3073=CARTESIAN_POINT('',(-3.25E0,-7.E-1,1.25E0));
#3074=CARTESIAN_POINT('',(-3.25E0,-7.E-1,7.5E-1));
#3075=VERTEX_POINT('',#3073);
#3076=VERTEX_POINT('',#3074);
#3077=CARTESIAN_POINT('',(-2.75E0,-7.E-1,-7.5E-1));
#3078=CARTESIAN_POINT('',(-2.75E0,-7.E-1,-1.25E0));
#3079=VERTEX_POINT('',#3077);
#3080=VERTEX_POINT('',#3078);
#3081=CARTESIAN_POINT('',(-2.75E0,-7.E-1,1.25E0));
#3082=CARTESIAN_POINT('',(-2.75E0,-7.E-1,7.5E-1));
#3083=VERTEX_POINT('',#3081);
#3084=VERTEX_POINT('',#3082);
#3085=CARTESIAN_POINT('',(-3.325E0,3.2E0,3.15E0));
#3086=CARTESIAN_POINT('',(-2.825E0,1.333974596216E0,3.15E0));
#3087=VERTEX_POINT('',#3085);
#3088=VERTEX_POINT('',#3086);
#3089=CARTESIAN_POINT('',(-2.325E0,3.2E0,3.15E0));
#3090=VERTEX_POINT('',#3089);
#3091=CARTESIAN_POINT('',(-3.325E0,3.2E0,3.13E0));
#3092=VERTEX_POINT('',#3091);
#3093=CARTESIAN_POINT('',(-2.325E0,3.2E0,3.13E0));
#3094=VERTEX_POINT('',#3093);
#3095=CARTESIAN_POINT('',(-2.825E0,1.333974596216E0,3.13E0));
#3096=VERTEX_POINT('',#3095);
#3097=CARTESIAN_POINT('',(-1.65E0,-2.7E0,2.5E-1));
#3098=CARTESIAN_POINT('',(-1.65E0,-2.7E0,-2.5E-1));
#3099=VERTEX_POINT('',#3097);
#3100=VERTEX_POINT('',#3098);
#3101=CARTESIAN_POINT('',(1.65E0,-2.7E0,-2.5E-1));
#3102=VERTEX_POINT('',#3101);
#3103=CARTESIAN_POINT('',(1.65E0,-2.7E0,2.5E-1));
#3104=VERTEX_POINT('',#3103);
#3105=CARTESIAN_POINT('',(-3.5E-1,-3.2E0,-2.5E-1));
#3106=CARTESIAN_POINT('',(3.5E-1,-3.2E0,-2.5E-1));
#3107=VERTEX_POINT('',#3105);
#3108=VERTEX_POINT('',#3106);
#3109=CARTESIAN_POINT('',(3.5E-1,-3.2E0,2.5E-1));
#3110=CARTESIAN_POINT('',(-3.5E-1,-3.2E0,2.5E-1));
#3111=VERTEX_POINT('',#3109);
#3112=VERTEX_POINT('',#3110);
#3113=CARTESIAN_POINT('',(-3.25E0,-3.45E0,-1.45E0));
#3114=CARTESIAN_POINT('',(-2.75E0,-3.45E0,-1.45E0));
#3115=VERTEX_POINT('',#3113);
#3116=VERTEX_POINT('',#3114);
#3117=CARTESIAN_POINT('',(-3.25E0,-2.95E0,-1.45E0));
#3118=CARTESIAN_POINT('',(-2.75E0,-2.95E0,-1.45E0));
#3119=VERTEX_POINT('',#3117);
#3120=VERTEX_POINT('',#3118);
#3121=CARTESIAN_POINT('',(-1.E0,1.7E0,3.15E0));
#3122=CARTESIAN_POINT('',(-1.5E0,1.7E0,3.15E0));
#3123=VERTEX_POINT('',#3121);
#3124=VERTEX_POINT('',#3122);
#3125=CARTESIAN_POINT('',(-1.65E0,-1.5E0,3.15E0));
#3126=VERTEX_POINT('',#3125);
#3127=CARTESIAN_POINT('',(1.65E0,-1.5E0,3.15E0));
#3128=CARTESIAN_POINT('',(1.5E0,1.7E0,3.15E0));
#3129=VERTEX_POINT('',#3127);
#3130=VERTEX_POINT('',#3128);
#3131=CARTESIAN_POINT('',(1.E0,1.7E0,3.15E0));
#3132=VERTEX_POINT('',#3131);
#3133=CARTESIAN_POINT('',(-1.6125E0,-7.E-1,2.25E0));
#3134=CARTESIAN_POINT('',(-1.65E0,-1.5E0,2.25E0));
#3135=VERTEX_POINT('',#3133);
#3136=VERTEX_POINT('',#3134);
#3137=CARTESIAN_POINT('',(1.65E0,-1.5E0,2.25E0));
#3138=CARTESIAN_POINT('',(1.6125E0,-7.E-1,2.25E0));
#3139=VERTEX_POINT('',#3137);
#3140=VERTEX_POINT('',#3138);
#3141=CARTESIAN_POINT('',(-1.5E0,1.7E0,2.5E0));
#3142=VERTEX_POINT('',#3141);
#3143=CARTESIAN_POINT('',(1.5E0,1.7E0,2.5E0));
#3144=VERTEX_POINT('',#3143);
#3145=CARTESIAN_POINT('',(-4.E-1,-7.E-1,-2.5E0));
#3146=CARTESIAN_POINT('',(-2.6E0,-7.E-1,-2.5E0));
#3147=VERTEX_POINT('',#3145);
#3148=VERTEX_POINT('',#3146);
#3149=CARTESIAN_POINT('',(2.6E0,-7.E-1,-2.5E0));
#3150=CARTESIAN_POINT('',(4.E-1,-7.E-1,-2.5E0));
#3151=VERTEX_POINT('',#3149);
#3152=VERTEX_POINT('',#3150);
#3153=CARTESIAN_POINT('',(-2.6E0,-7.E-1,2.5E0));
#3154=CARTESIAN_POINT('',(-2.6E0,2.85E0,2.5E0));
#3155=VERTEX_POINT('',#3153);
#3156=VERTEX_POINT('',#3154);
#3157=CARTESIAN_POINT('',(2.6E0,2.85E0,2.5E0));
#3158=CARTESIAN_POINT('',(2.6E0,-7.E-1,2.5E0));
#3159=VERTEX_POINT('',#3157);
#3160=VERTEX_POINT('',#3158);
#3161=CARTESIAN_POINT('',(-2.6E0,-7.E-1,-2.25E0));
#3162=VERTEX_POINT('',#3161);
#3163=CARTESIAN_POINT('',(-4.E-1,-7.E-1,-2.25E0));
#3164=VERTEX_POINT('',#3163);
#3165=CARTESIAN_POINT('',(4.E-1,-7.E-1,-2.25E0));
#3166=VERTEX_POINT('',#3165);
#3167=CARTESIAN_POINT('',(2.6E0,-7.E-1,-2.25E0));
#3168=VERTEX_POINT('',#3167);
#3169=CARTESIAN_POINT('',(-2.6E0,2.6E0,2.25E0));
#3170=CARTESIAN_POINT('',(-2.6E0,-7.E-1,2.25E0));
#3171=VERTEX_POINT('',#3169);
#3172=VERTEX_POINT('',#3170);
#3173=CARTESIAN_POINT('',(2.6E0,2.6E0,2.25E0));
#3174=CARTESIAN_POINT('',(2.6E0,-7.E-1,2.25E0));
#3175=VERTEX_POINT('',#3173);
#3176=VERTEX_POINT('',#3174);
#3177=CARTESIAN_POINT('',(1.E0,5.E-1,3.15E0));
#3178=VERTEX_POINT('',#3177);
#3179=CARTESIAN_POINT('',(-1.E0,5.E-1,3.15E0));
#3180=VERTEX_POINT('',#3179);
#3181=CARTESIAN_POINT('',(1.E0,1.7E0,2.5E0));
#3182=VERTEX_POINT('',#3181);
#3183=CARTESIAN_POINT('',(1.E0,5.E-1,2.5E0));
#3184=VERTEX_POINT('',#3183);
#3185=CARTESIAN_POINT('',(-1.E0,5.E-1,2.5E0));
#3186=VERTEX_POINT('',#3185);
#3187=CARTESIAN_POINT('',(-1.E0,1.7E0,2.5E0));
#3188=VERTEX_POINT('',#3187);
#3189=CARTESIAN_POINT('',(-1.6125E0,-7.E-1,2.5E0));
#3190=VERTEX_POINT('',#3189);
#3191=CARTESIAN_POINT('',(1.6125E0,-7.E-1,2.5E0));
#3192=VERTEX_POINT('',#3191);
#3193=CARTESIAN_POINT('',(-1.65E0,-2.95E0,2.5E-1));
#3194=VERTEX_POINT('',#3193);
#3195=CARTESIAN_POINT('',(-1.65E0,-2.95E0,-2.5E-1));
#3196=VERTEX_POINT('',#3195);
#3197=CARTESIAN_POINT('',(1.65E0,-2.95E0,-2.5E-1));
#3198=VERTEX_POINT('',#3197);
#3199=CARTESIAN_POINT('',(1.65E0,-2.95E0,2.5E-1));
#3200=VERTEX_POINT('',#3199);
#3201=CARTESIAN_POINT('',(-3.65E0,-2.7E0,2.5E-1));
#3202=CARTESIAN_POINT('',(-3.65E0,-2.7E0,-2.5E-1));
#3203=VERTEX_POINT('',#3201);
#3204=VERTEX_POINT('',#3202);
#3205=CARTESIAN_POINT('',(-2.35E0,-2.7E0,-2.5E-1));
#3206=VERTEX_POINT('',#3205);
#3207=CARTESIAN_POINT('',(-2.35E0,-2.7E0,2.5E-1));
#3208=VERTEX_POINT('',#3207);
#3209=CARTESIAN_POINT('',(3.65E0,-2.7E0,2.5E-1));
#3210=CARTESIAN_POINT('',(2.35E0,-2.7E0,2.5E-1));
#3211=VERTEX_POINT('',#3209);
#3212=VERTEX_POINT('',#3210);
#3213=CARTESIAN_POINT('',(2.35E0,-2.7E0,-2.5E-1));
#3214=VERTEX_POINT('',#3213);
#3215=CARTESIAN_POINT('',(3.65E0,-2.7E0,-2.5E-1));
#3216=VERTEX_POINT('',#3215);
#3217=CARTESIAN_POINT('',(-2.35E0,-2.95E0,-2.5E-1));
#3218=CARTESIAN_POINT('',(-3.65E0,-2.95E0,-2.5E-1));
#3219=VERTEX_POINT('',#3217);
#3220=VERTEX_POINT('',#3218);
#3221=CARTESIAN_POINT('',(-2.35E0,-2.95E0,2.5E-1));
#3222=CARTESIAN_POINT('',(-3.65E0,-2.95E0,2.5E-1));
#3223=VERTEX_POINT('',#3221);
#3224=VERTEX_POINT('',#3222);
#3225=CARTESIAN_POINT('',(3.65E0,-2.95E0,2.5E-1));
#3226=VERTEX_POINT('',#3225);
#3227=CARTESIAN_POINT('',(2.35E0,-2.95E0,2.5E-1));
#3228=VERTEX_POINT('',#3227);
#3229=CARTESIAN_POINT('',(2.35E0,-2.95E0,-2.5E-1));
#3230=VERTEX_POINT('',#3229);
#3231=CARTESIAN_POINT('',(3.65E0,-2.95E0,-2.5E-1));
#3232=VERTEX_POINT('',#3231);
#3233=CARTESIAN_POINT('',(-2.35E0,-2.95E0,1.3E0));
#3234=CARTESIAN_POINT('',(-3.65E0,-2.95E0,1.3E0));
#3235=VERTEX_POINT('',#3233);
#3236=VERTEX_POINT('',#3234);
#3237=CARTESIAN_POINT('',(-2.35E0,-3.2E0,-2.E0));
#3238=CARTESIAN_POINT('',(-2.35E0,-3.2E0,2.E0));
#3239=VERTEX_POINT('',#3237);
#3240=VERTEX_POINT('',#3238);
#3241=CARTESIAN_POINT('',(-2.35E0,-2.545854811567E0,2.E0));
#3242=VERTEX_POINT('',#3241);
#3243=CARTESIAN_POINT('',(-3.65E0,-2.545854811567E0,2.E0));
#3244=VERTEX_POINT('',#3243);
#3245=CARTESIAN_POINT('',(-2.35E0,-2.545854811567E0,-2.E0));
#3246=VERTEX_POINT('',#3245);
#3247=CARTESIAN_POINT('',(-3.65E0,-2.545854811567E0,-2.E0));
#3248=VERTEX_POINT('',#3247);
#3249=CARTESIAN_POINT('',(-2.35E0,-2.95E0,-1.3E0));
#3250=VERTEX_POINT('',#3249);
#3251=CARTESIAN_POINT('',(-3.65E0,-2.95E0,-1.3E0));
#3252=VERTEX_POINT('',#3251);
#3253=CARTESIAN_POINT('',(-2.75E0,2.3E0,-7.5E-1));
#3254=CARTESIAN_POINT('',(-3.25E0,2.3E0,-7.5E-1));
#3255=VERTEX_POINT('',#3253);
#3256=VERTEX_POINT('',#3254);
#3257=CARTESIAN_POINT('',(-2.9E0,2.9E0,-9.E-1));
#3258=CARTESIAN_POINT('',(-3.1E0,2.9E0,-9.E-1));
#3259=VERTEX_POINT('',#3257);
#3260=VERTEX_POINT('',#3258);
#3261=CARTESIAN_POINT('',(-2.9E0,2.9E0,-1.1E0));
#3262=VERTEX_POINT('',#3261);
#3263=CARTESIAN_POINT('',(-2.75E0,2.3E0,-1.25E0));
#3264=VERTEX_POINT('',#3263);
#3265=CARTESIAN_POINT('',(-3.25E0,2.3E0,-1.25E0));
#3266=VERTEX_POINT('',#3265);
#3267=CARTESIAN_POINT('',(-3.1E0,2.9E0,-1.1E0));
#3268=VERTEX_POINT('',#3267);
#3269=CARTESIAN_POINT('',(-2.75E0,2.3E0,1.25E0));
#3270=CARTESIAN_POINT('',(-3.25E0,2.3E0,1.25E0));
#3271=VERTEX_POINT('',#3269);
#3272=VERTEX_POINT('',#3270);
#3273=CARTESIAN_POINT('',(-2.9E0,2.9E0,1.1E0));
#3274=CARTESIAN_POINT('',(-3.1E0,2.9E0,1.1E0));
#3275=VERTEX_POINT('',#3273);
#3276=VERTEX_POINT('',#3274);
#3277=CARTESIAN_POINT('',(-2.9E0,2.9E0,9.E-1));
#3278=VERTEX_POINT('',#3277);
#3279=CARTESIAN_POINT('',(-2.75E0,2.3E0,7.5E-1));
#3280=VERTEX_POINT('',#3279);
#3281=CARTESIAN_POINT('',(-3.25E0,2.3E0,7.5E-1));
#3282=VERTEX_POINT('',#3281);
#3283=CARTESIAN_POINT('',(-3.1E0,2.9E0,9.E-1));
#3284=VERTEX_POINT('',#3283);
#3285=CARTESIAN_POINT('',(-2.75E0,-2.95E0,-4.71E0));
#3286=CARTESIAN_POINT('',(-3.25E0,-2.95E0,-4.71E0));
#3287=VERTEX_POINT('',#3285);
#3288=VERTEX_POINT('',#3286);
#3289=CARTESIAN_POINT('',(-2.9E0,-3.1E0,-5.31E0));
#3290=CARTESIAN_POINT('',(-3.1E0,-3.1E0,-5.31E0));
#3291=VERTEX_POINT('',#3289);
#3292=VERTEX_POINT('',#3290);
#3293=CARTESIAN_POINT('',(-2.9E0,-3.3E0,-5.31E0));
#3294=VERTEX_POINT('',#3293);
#3295=CARTESIAN_POINT('',(-2.75E0,-3.45E0,-4.71E0));
#3296=VERTEX_POINT('',#3295);
#3297=CARTESIAN_POINT('',(-3.25E0,-3.45E0,-4.71E0));
#3298=VERTEX_POINT('',#3297);
#3299=CARTESIAN_POINT('',(-3.1E0,-3.3E0,-5.31E0));
#3300=VERTEX_POINT('',#3299);
#3301=CARTESIAN_POINT('',(-3.1E0,-5.3E0,-5.31E0));
#3302=CARTESIAN_POINT('',(-3.25E0,-5.45E0,-4.71E0));
#3303=VERTEX_POINT('',#3301);
#3304=VERTEX_POINT('',#3302);
#3305=CARTESIAN_POINT('',(-2.9E0,-5.3E0,-5.31E0));
#3306=CARTESIAN_POINT('',(-2.75E0,-5.45E0,-4.71E0));
#3307=VERTEX_POINT('',#3305);
#3308=VERTEX_POINT('',#3306);
#3309=CARTESIAN_POINT('',(-3.1E0,-5.1E0,-5.31E0));
#3310=CARTESIAN_POINT('',(-3.25E0,-4.95E0,-4.71E0));
#3311=VERTEX_POINT('',#3309);
#3312=VERTEX_POINT('',#3310);
#3313=CARTESIAN_POINT('',(-2.75E0,-4.95E0,-4.71E0));
#3314=CARTESIAN_POINT('',(-2.9E0,-5.1E0,-5.31E0));
#3315=VERTEX_POINT('',#3313);
#3316=VERTEX_POINT('',#3314);
#3317=CARTESIAN_POINT('',(-5.325E0,2.6E0,-1.5E-1));
#3318=CARTESIAN_POINT('',(-5.325E0,3.2E0,-7.5E-1));
#3319=VERTEX_POINT('',#3317);
#3320=VERTEX_POINT('',#3318);
#3321=CARTESIAN_POINT('',(-5.025E0,3.2E0,-7.5E-1));
#3322=VERTEX_POINT('',#3321);
#3323=CARTESIAN_POINT('',(-4.425E0,2.6E0,-1.5E-1));
#3324=VERTEX_POINT('',#3323);
#3325=CARTESIAN_POINT('',(-4.425E0,2.6E0,-2.25E0));
#3326=VERTEX_POINT('',#3325);
#3327=CARTESIAN_POINT('',(-5.025E0,3.2E0,-2.85E0));
#3328=VERTEX_POINT('',#3327);
#3329=CARTESIAN_POINT('',(5.025E0,3.2E0,-2.85E0));
#3330=VERTEX_POINT('',#3329);
#3331=CARTESIAN_POINT('',(4.425E0,2.6E0,-2.25E0));
#3332=CARTESIAN_POINT('',(4.425E0,2.6E0,-1.15E0));
#3333=VERTEX_POINT('',#3331);
#3334=VERTEX_POINT('',#3332);
#3335=CARTESIAN_POINT('',(5.025E0,3.2E0,-1.75E0));
#3336=VERTEX_POINT('',#3335);
#3337=CARTESIAN_POINT('',(5.325E0,3.2E0,-1.75E0));
#3338=CARTESIAN_POINT('',(5.325E0,2.6E0,-1.15E0));
#3339=VERTEX_POINT('',#3337);
#3340=VERTEX_POINT('',#3338);
#3341=CARTESIAN_POINT('',(5.325E0,2.6E0,1.5E-1));
#3342=CARTESIAN_POINT('',(5.325E0,3.2E0,7.5E-1));
#3343=VERTEX_POINT('',#3341);
#3344=VERTEX_POINT('',#3342);
#3345=CARTESIAN_POINT('',(5.025E0,3.2E0,7.5E-1));
#3346=VERTEX_POINT('',#3345);
#3347=CARTESIAN_POINT('',(4.425E0,2.6E0,1.5E-1));
#3348=VERTEX_POINT('',#3347);
#3349=CARTESIAN_POINT('',(4.425E0,2.6E0,2.25E0));
#3350=VERTEX_POINT('',#3349);
#3351=CARTESIAN_POINT('',(5.025E0,3.2E0,2.85E0));
#3352=VERTEX_POINT('',#3351);
#3353=CARTESIAN_POINT('',(-5.025E0,3.2E0,2.85E0));
#3354=VERTEX_POINT('',#3353);
#3355=CARTESIAN_POINT('',(-4.425E0,2.6E0,2.25E0));
#3356=CARTESIAN_POINT('',(-4.425E0,2.6E0,1.15E0));
#3357=VERTEX_POINT('',#3355);
#3358=VERTEX_POINT('',#3356);
#3359=CARTESIAN_POINT('',(-5.025E0,3.2E0,1.75E0));
#3360=VERTEX_POINT('',#3359);
#3361=CARTESIAN_POINT('',(-5.325E0,3.2E0,1.75E0));
#3362=CARTESIAN_POINT('',(-5.325E0,2.6E0,1.15E0));
#3363=VERTEX_POINT('',#3361);
#3364=VERTEX_POINT('',#3362);
#3365=CARTESIAN_POINT('',(-3.5E-1,-2.95E0,1.3E0));
#3366=CARTESIAN_POINT('',(-1.65E0,-2.95E0,1.3E0));
#3367=VERTEX_POINT('',#3365);
#3368=VERTEX_POINT('',#3366);
#3369=CARTESIAN_POINT('',(-1.65E0,-3.2E0,-2.E0));
#3370=CARTESIAN_POINT('',(-1.65E0,-3.2E0,2.E0));
#3371=VERTEX_POINT('',#3369);
#3372=VERTEX_POINT('',#3370);
#3373=CARTESIAN_POINT('',(-3.5E-1,-3.2E0,2.E0));
#3374=CARTESIAN_POINT('',(-3.5E-1,-2.545854811567E0,2.E0));
#3375=VERTEX_POINT('',#3373);
#3376=VERTEX_POINT('',#3374);
#3377=CARTESIAN_POINT('',(-1.65E0,-2.545854811567E0,2.E0));
#3378=VERTEX_POINT('',#3377);
#3379=CARTESIAN_POINT('',(-3.5E-1,-3.2E0,-2.E0));
#3380=CARTESIAN_POINT('',(-3.5E-1,-2.545854811567E0,-2.E0));
#3381=VERTEX_POINT('',#3379);
#3382=VERTEX_POINT('',#3380);
#3383=CARTESIAN_POINT('',(-1.65E0,-2.545854811567E0,-2.E0));
#3384=VERTEX_POINT('',#3383);
#3385=CARTESIAN_POINT('',(-3.5E-1,-2.95E0,-1.3E0));
#3386=VERTEX_POINT('',#3385);
#3387=CARTESIAN_POINT('',(-1.65E0,-2.95E0,-1.3E0));
#3388=VERTEX_POINT('',#3387);
#3389=CARTESIAN_POINT('',(1.65E0,-2.95E0,1.3E0));
#3390=CARTESIAN_POINT('',(3.5E-1,-2.95E0,1.3E0));
#3391=VERTEX_POINT('',#3389);
#3392=VERTEX_POINT('',#3390);
#3393=CARTESIAN_POINT('',(1.65E0,-3.2E0,-2.E0));
#3394=CARTESIAN_POINT('',(1.65E0,-3.2E0,2.E0));
#3395=VERTEX_POINT('',#3393);
#3396=VERTEX_POINT('',#3394);
#3397=CARTESIAN_POINT('',(1.65E0,-2.545854811567E0,2.E0));
#3398=VERTEX_POINT('',#3397);
#3399=CARTESIAN_POINT('',(3.5E-1,-3.2E0,2.E0));
#3400=CARTESIAN_POINT('',(3.5E-1,-2.545854811567E0,2.E0));
#3401=VERTEX_POINT('',#3399);
#3402=VERTEX_POINT('',#3400);
#3403=CARTESIAN_POINT('',(1.65E0,-2.545854811567E0,-2.E0));
#3404=VERTEX_POINT('',#3403);
#3405=CARTESIAN_POINT('',(3.5E-1,-3.2E0,-2.E0));
#3406=CARTESIAN_POINT('',(3.5E-1,-2.545854811567E0,-2.E0));
#3407=VERTEX_POINT('',#3405);
#3408=VERTEX_POINT('',#3406);
#3409=CARTESIAN_POINT('',(1.65E0,-2.95E0,-1.3E0));
#3410=VERTEX_POINT('',#3409);
#3411=CARTESIAN_POINT('',(3.5E-1,-2.95E0,-1.3E0));
#3412=VERTEX_POINT('',#3411);
#3413=CARTESIAN_POINT('',(3.65E0,-2.95E0,1.3E0));
#3414=CARTESIAN_POINT('',(2.35E0,-2.95E0,1.3E0));
#3415=VERTEX_POINT('',#3413);
#3416=VERTEX_POINT('',#3414);
#3417=CARTESIAN_POINT('',(3.65E0,-3.2E0,-2.E0));
#3418=CARTESIAN_POINT('',(3.65E0,-3.2E0,2.E0));
#3419=VERTEX_POINT('',#3417);
#3420=VERTEX_POINT('',#3418);
#3421=CARTESIAN_POINT('',(2.35E0,-3.2E0,-2.E0));
#3422=CARTESIAN_POINT('',(2.35E0,-3.2E0,2.E0));
#3423=VERTEX_POINT('',#3421);
#3424=VERTEX_POINT('',#3422);
#3425=CARTESIAN_POINT('',(3.65E0,-2.545854811567E0,2.E0));
#3426=VERTEX_POINT('',#3425);
#3427=CARTESIAN_POINT('',(2.35E0,-2.545854811567E0,2.E0));
#3428=VERTEX_POINT('',#3427);
#3429=CARTESIAN_POINT('',(3.65E0,-2.545854811567E0,-2.E0));
#3430=VERTEX_POINT('',#3429);
#3431=CARTESIAN_POINT('',(2.35E0,-2.545854811567E0,-2.E0));
#3432=VERTEX_POINT('',#3431);
#3433=CARTESIAN_POINT('',(3.65E0,-2.95E0,-1.3E0));
#3434=VERTEX_POINT('',#3433);
#3435=CARTESIAN_POINT('',(2.35E0,-2.95E0,-1.3E0));
#3436=VERTEX_POINT('',#3435);
#3437=CARTESIAN_POINT('',(-3.5E-1,-2.95E0,-2.5E-1));
#3438=VERTEX_POINT('',#3437);
#3439=CARTESIAN_POINT('',(-3.5E-1,-2.95E0,2.5E-1));
#3440=VERTEX_POINT('',#3439);
#3441=CARTESIAN_POINT('',(3.5E-1,-2.95E0,-2.5E-1));
#3442=VERTEX_POINT('',#3441);
#3443=CARTESIAN_POINT('',(3.5E-1,-2.95E0,2.5E-1));
#3444=VERTEX_POINT('',#3443);
#3445=CARTESIAN_POINT('',(-1.25E0,-3.45E0,-1.45E0));
#3446=CARTESIAN_POINT('',(-7.5E-1,-3.45E0,-1.45E0));
#3447=VERTEX_POINT('',#3445);
#3448=VERTEX_POINT('',#3446);
#3449=CARTESIAN_POINT('',(-1.25E0,-2.95E0,-1.45E0));
#3450=CARTESIAN_POINT('',(-7.5E-1,-2.95E0,-1.45E0));
#3451=VERTEX_POINT('',#3449);
#3452=VERTEX_POINT('',#3450);
#3453=CARTESIAN_POINT('',(-1.25E0,-7.E-1,-7.5E-1));
#3454=CARTESIAN_POINT('',(-1.25E0,-7.E-1,-1.25E0));
#3455=VERTEX_POINT('',#3453);
#3456=VERTEX_POINT('',#3454);
#3457=CARTESIAN_POINT('',(-1.25E0,-7.E-1,1.25E0));
#3458=CARTESIAN_POINT('',(-1.25E0,-7.E-1,7.5E-1));
#3459=VERTEX_POINT('',#3457);
#3460=VERTEX_POINT('',#3458);
#3461=CARTESIAN_POINT('',(-7.5E-1,-7.E-1,-7.5E-1));
#3462=CARTESIAN_POINT('',(-7.5E-1,-7.E-1,-1.25E0));
#3463=VERTEX_POINT('',#3461);
#3464=VERTEX_POINT('',#3462);
#3465=CARTESIAN_POINT('',(-7.5E-1,-7.E-1,1.25E0));
#3466=CARTESIAN_POINT('',(-7.5E-1,-7.E-1,7.5E-1));
#3467=VERTEX_POINT('',#3465);
#3468=VERTEX_POINT('',#3466);
#3469=CARTESIAN_POINT('',(-1.25E0,-2.95E0,-1.3E0));
#3470=CARTESIAN_POINT('',(-1.25E0,-2.95E0,-7.791796067501E-1));
#3471=VERTEX_POINT('',#3469);
#3472=VERTEX_POINT('',#3470);
#3473=CARTESIAN_POINT('',(-1.25E0,-2.95E0,7.5E-1));
#3474=CARTESIAN_POINT('',(-1.25E0,-2.95E0,1.25E0));
#3475=VERTEX_POINT('',#3473);
#3476=VERTEX_POINT('',#3474);
#3477=CARTESIAN_POINT('',(-7.5E-1,-2.95E0,-1.3E0));
#3478=CARTESIAN_POINT('',(-7.5E-1,-2.95E0,-7.791796067501E-1));
#3479=VERTEX_POINT('',#3477);
#3480=VERTEX_POINT('',#3478);
#3481=CARTESIAN_POINT('',(-7.5E-1,-2.95E0,7.5E-1));
#3482=CARTESIAN_POINT('',(-7.5E-1,-2.95E0,1.25E0));
#3483=VERTEX_POINT('',#3481);
#3484=VERTEX_POINT('',#3482);
#3485=CARTESIAN_POINT('',(-1.25E0,-4.75E0,1.25E0));
#3486=VERTEX_POINT('',#3485);
#3487=CARTESIAN_POINT('',(-1.25E0,-4.75E0,7.5E-1));
#3488=VERTEX_POINT('',#3487);
#3489=CARTESIAN_POINT('',(-7.5E-1,-4.75E0,1.25E0));
#3490=VERTEX_POINT('',#3489);
#3491=CARTESIAN_POINT('',(-7.5E-1,-4.75E0,7.5E-1));
#3492=VERTEX_POINT('',#3491);
#3493=CARTESIAN_POINT('',(7.5E-1,-3.45E0,-1.45E0));
#3494=CARTESIAN_POINT('',(1.25E0,-3.45E0,-1.45E0));
#3495=VERTEX_POINT('',#3493);
#3496=VERTEX_POINT('',#3494);
#3497=CARTESIAN_POINT('',(7.5E-1,-2.95E0,-1.45E0));
#3498=CARTESIAN_POINT('',(1.25E0,-2.95E0,-1.45E0));
#3499=VERTEX_POINT('',#3497);
#3500=VERTEX_POINT('',#3498);
#3501=CARTESIAN_POINT('',(7.5E-1,-7.E-1,-7.5E-1));
#3502=CARTESIAN_POINT('',(7.5E-1,-7.E-1,-1.25E0));
#3503=VERTEX_POINT('',#3501);
#3504=VERTEX_POINT('',#3502);
#3505=CARTESIAN_POINT('',(7.5E-1,-7.E-1,1.25E0));
#3506=CARTESIAN_POINT('',(7.5E-1,-7.E-1,7.5E-1));
#3507=VERTEX_POINT('',#3505);
#3508=VERTEX_POINT('',#3506);
#3509=CARTESIAN_POINT('',(1.25E0,-7.E-1,-7.5E-1));
#3510=CARTESIAN_POINT('',(1.25E0,-7.E-1,-1.25E0));
#3511=VERTEX_POINT('',#3509);
#3512=VERTEX_POINT('',#3510);
#3513=CARTESIAN_POINT('',(1.25E0,-7.E-1,1.25E0));
#3514=CARTESIAN_POINT('',(1.25E0,-7.E-1,7.5E-1));
#3515=VERTEX_POINT('',#3513);
#3516=VERTEX_POINT('',#3514);
#3517=CARTESIAN_POINT('',(7.5E-1,-2.95E0,-1.3E0));
#3518=CARTESIAN_POINT('',(7.5E-1,-2.95E0,-7.791796067501E-1));
#3519=VERTEX_POINT('',#3517);
#3520=VERTEX_POINT('',#3518);
#3521=CARTESIAN_POINT('',(7.5E-1,-2.95E0,7.5E-1));
#3522=CARTESIAN_POINT('',(7.5E-1,-2.95E0,1.25E0));
#3523=VERTEX_POINT('',#3521);
#3524=VERTEX_POINT('',#3522);
#3525=CARTESIAN_POINT('',(1.25E0,-2.95E0,-1.3E0));
#3526=CARTESIAN_POINT('',(1.25E0,-2.95E0,-7.791796067501E-1));
#3527=VERTEX_POINT('',#3525);
#3528=VERTEX_POINT('',#3526);
#3529=CARTESIAN_POINT('',(1.25E0,-2.95E0,7.5E-1));
#3530=CARTESIAN_POINT('',(1.25E0,-2.95E0,1.25E0));
#3531=VERTEX_POINT('',#3529);
#3532=VERTEX_POINT('',#3530);
#3533=CARTESIAN_POINT('',(7.5E-1,-4.75E0,1.25E0));
#3534=VERTEX_POINT('',#3533);
#3535=CARTESIAN_POINT('',(7.5E-1,-4.75E0,7.5E-1));
#3536=VERTEX_POINT('',#3535);
#3537=CARTESIAN_POINT('',(1.25E0,-4.75E0,1.25E0));
#3538=VERTEX_POINT('',#3537);
#3539=CARTESIAN_POINT('',(1.25E0,-4.75E0,7.5E-1));
#3540=VERTEX_POINT('',#3539);
#3541=CARTESIAN_POINT('',(2.75E0,-3.45E0,-1.45E0));
#3542=CARTESIAN_POINT('',(3.25E0,-3.45E0,-1.45E0));
#3543=VERTEX_POINT('',#3541);
#3544=VERTEX_POINT('',#3542);
#3545=CARTESIAN_POINT('',(2.75E0,-2.95E0,-1.45E0));
#3546=CARTESIAN_POINT('',(3.25E0,-2.95E0,-1.45E0));
#3547=VERTEX_POINT('',#3545);
#3548=VERTEX_POINT('',#3546);
#3549=CARTESIAN_POINT('',(2.75E0,-7.E-1,-7.5E-1));
#3550=CARTESIAN_POINT('',(2.75E0,-7.E-1,-1.25E0));
#3551=VERTEX_POINT('',#3549);
#3552=VERTEX_POINT('',#3550);
#3553=CARTESIAN_POINT('',(2.75E0,-7.E-1,1.25E0));
#3554=CARTESIAN_POINT('',(2.75E0,-7.E-1,7.5E-1));
#3555=VERTEX_POINT('',#3553);
#3556=VERTEX_POINT('',#3554);
#3557=CARTESIAN_POINT('',(3.25E0,-7.E-1,-7.5E-1));
#3558=CARTESIAN_POINT('',(3.25E0,-7.E-1,-1.25E0));
#3559=VERTEX_POINT('',#3557);
#3560=VERTEX_POINT('',#3558);
#3561=CARTESIAN_POINT('',(3.25E0,-7.E-1,1.25E0));
#3562=CARTESIAN_POINT('',(3.25E0,-7.E-1,7.5E-1));
#3563=VERTEX_POINT('',#3561);
#3564=VERTEX_POINT('',#3562);
#3565=CARTESIAN_POINT('',(2.75E0,-2.95E0,-1.3E0));
#3566=CARTESIAN_POINT('',(2.75E0,-2.95E0,-7.791796067501E-1));
#3567=VERTEX_POINT('',#3565);
#3568=VERTEX_POINT('',#3566);
#3569=CARTESIAN_POINT('',(2.75E0,-2.95E0,7.5E-1));
#3570=CARTESIAN_POINT('',(2.75E0,-2.95E0,1.25E0));
#3571=VERTEX_POINT('',#3569);
#3572=VERTEX_POINT('',#3570);
#3573=CARTESIAN_POINT('',(3.25E0,-2.95E0,-1.3E0));
#3574=CARTESIAN_POINT('',(3.25E0,-2.95E0,-7.791796067501E-1));
#3575=VERTEX_POINT('',#3573);
#3576=VERTEX_POINT('',#3574);
#3577=CARTESIAN_POINT('',(3.25E0,-2.95E0,7.5E-1));
#3578=CARTESIAN_POINT('',(3.25E0,-2.95E0,1.25E0));
#3579=VERTEX_POINT('',#3577);
#3580=VERTEX_POINT('',#3578);
#3581=CARTESIAN_POINT('',(2.75E0,-4.75E0,1.25E0));
#3582=VERTEX_POINT('',#3581);
#3583=CARTESIAN_POINT('',(2.75E0,-4.75E0,7.5E-1));
#3584=VERTEX_POINT('',#3583);
#3585=CARTESIAN_POINT('',(3.25E0,-4.75E0,1.25E0));
#3586=VERTEX_POINT('',#3585);
#3587=CARTESIAN_POINT('',(3.25E0,-4.75E0,7.5E-1));
#3588=VERTEX_POINT('',#3587);
#3589=CARTESIAN_POINT('',(-7.5E-1,2.3E0,-7.5E-1));
#3590=CARTESIAN_POINT('',(-1.25E0,2.3E0,-7.5E-1));
#3591=VERTEX_POINT('',#3589);
#3592=VERTEX_POINT('',#3590);
#3593=CARTESIAN_POINT('',(-9.E-1,2.9E0,-9.E-1));
#3594=CARTESIAN_POINT('',(-1.1E0,2.9E0,-9.E-1));
#3595=VERTEX_POINT('',#3593);
#3596=VERTEX_POINT('',#3594);
#3597=CARTESIAN_POINT('',(-9.E-1,2.9E0,-1.1E0));
#3598=VERTEX_POINT('',#3597);
#3599=CARTESIAN_POINT('',(-7.5E-1,2.3E0,-1.25E0));
#3600=VERTEX_POINT('',#3599);
#3601=CARTESIAN_POINT('',(-1.25E0,2.3E0,-1.25E0));
#3602=VERTEX_POINT('',#3601);
#3603=CARTESIAN_POINT('',(-1.1E0,2.9E0,-1.1E0));
#3604=VERTEX_POINT('',#3603);
#3605=CARTESIAN_POINT('',(-7.5E-1,2.3E0,1.25E0));
#3606=CARTESIAN_POINT('',(-1.25E0,2.3E0,1.25E0));
#3607=VERTEX_POINT('',#3605);
#3608=VERTEX_POINT('',#3606);
#3609=CARTESIAN_POINT('',(-9.E-1,2.9E0,1.1E0));
#3610=CARTESIAN_POINT('',(-1.1E0,2.9E0,1.1E0));
#3611=VERTEX_POINT('',#3609);
#3612=VERTEX_POINT('',#3610);
#3613=CARTESIAN_POINT('',(-9.E-1,2.9E0,9.E-1));
#3614=VERTEX_POINT('',#3613);
#3615=CARTESIAN_POINT('',(-7.5E-1,2.3E0,7.5E-1));
#3616=VERTEX_POINT('',#3615);
#3617=CARTESIAN_POINT('',(-1.25E0,2.3E0,7.5E-1));
#3618=VERTEX_POINT('',#3617);
#3619=CARTESIAN_POINT('',(-1.1E0,2.9E0,9.E-1));
#3620=VERTEX_POINT('',#3619);
#3621=CARTESIAN_POINT('',(-7.5E-1,-2.95E0,-4.71E0));
#3622=CARTESIAN_POINT('',(-1.25E0,-2.95E0,-4.71E0));
#3623=VERTEX_POINT('',#3621);
#3624=VERTEX_POINT('',#3622);
#3625=CARTESIAN_POINT('',(-9.E-1,-3.1E0,-5.31E0));
#3626=CARTESIAN_POINT('',(-1.1E0,-3.1E0,-5.31E0));
#3627=VERTEX_POINT('',#3625);
#3628=VERTEX_POINT('',#3626);
#3629=CARTESIAN_POINT('',(-9.E-1,-3.3E0,-5.31E0));
#3630=VERTEX_POINT('',#3629);
#3631=CARTESIAN_POINT('',(-7.5E-1,-3.45E0,-4.71E0));
#3632=VERTEX_POINT('',#3631);
#3633=CARTESIAN_POINT('',(-1.25E0,-3.45E0,-4.71E0));
#3634=VERTEX_POINT('',#3633);
#3635=CARTESIAN_POINT('',(-1.1E0,-3.3E0,-5.31E0));
#3636=VERTEX_POINT('',#3635);
#3637=CARTESIAN_POINT('',(-1.1E0,-5.3E0,-5.31E0));
#3638=CARTESIAN_POINT('',(-1.25E0,-5.45E0,-4.71E0));
#3639=VERTEX_POINT('',#3637);
#3640=VERTEX_POINT('',#3638);
#3641=CARTESIAN_POINT('',(-9.E-1,-5.3E0,-5.31E0));
#3642=CARTESIAN_POINT('',(-7.5E-1,-5.45E0,-4.71E0));
#3643=VERTEX_POINT('',#3641);
#3644=VERTEX_POINT('',#3642);
#3645=CARTESIAN_POINT('',(-1.1E0,-5.1E0,-5.31E0));
#3646=CARTESIAN_POINT('',(-1.25E0,-4.95E0,-4.71E0));
#3647=VERTEX_POINT('',#3645);
#3648=VERTEX_POINT('',#3646);
#3649=CARTESIAN_POINT('',(-7.5E-1,-4.95E0,-4.71E0));
#3650=CARTESIAN_POINT('',(-9.E-1,-5.1E0,-5.31E0));
#3651=VERTEX_POINT('',#3649);
#3652=VERTEX_POINT('',#3650);
#3653=CARTESIAN_POINT('',(1.25E0,2.3E0,-7.5E-1));
#3654=CARTESIAN_POINT('',(7.5E-1,2.3E0,-7.5E-1));
#3655=VERTEX_POINT('',#3653);
#3656=VERTEX_POINT('',#3654);
#3657=CARTESIAN_POINT('',(1.1E0,2.9E0,-9.E-1));
#3658=CARTESIAN_POINT('',(9.E-1,2.9E0,-9.E-1));
#3659=VERTEX_POINT('',#3657);
#3660=VERTEX_POINT('',#3658);
#3661=CARTESIAN_POINT('',(1.1E0,2.9E0,-1.1E0));
#3662=VERTEX_POINT('',#3661);
#3663=CARTESIAN_POINT('',(1.25E0,2.3E0,-1.25E0));
#3664=VERTEX_POINT('',#3663);
#3665=CARTESIAN_POINT('',(7.5E-1,2.3E0,-1.25E0));
#3666=VERTEX_POINT('',#3665);
#3667=CARTESIAN_POINT('',(9.E-1,2.9E0,-1.1E0));
#3668=VERTEX_POINT('',#3667);
#3669=CARTESIAN_POINT('',(1.25E0,2.3E0,1.25E0));
#3670=CARTESIAN_POINT('',(7.5E-1,2.3E0,1.25E0));
#3671=VERTEX_POINT('',#3669);
#3672=VERTEX_POINT('',#3670);
#3673=CARTESIAN_POINT('',(1.1E0,2.9E0,1.1E0));
#3674=CARTESIAN_POINT('',(9.E-1,2.9E0,1.1E0));
#3675=VERTEX_POINT('',#3673);
#3676=VERTEX_POINT('',#3674);
#3677=CARTESIAN_POINT('',(1.1E0,2.9E0,9.E-1));
#3678=VERTEX_POINT('',#3677);
#3679=CARTESIAN_POINT('',(1.25E0,2.3E0,7.5E-1));
#3680=VERTEX_POINT('',#3679);
#3681=CARTESIAN_POINT('',(7.5E-1,2.3E0,7.5E-1));
#3682=VERTEX_POINT('',#3681);
#3683=CARTESIAN_POINT('',(9.E-1,2.9E0,9.E-1));
#3684=VERTEX_POINT('',#3683);
#3685=CARTESIAN_POINT('',(1.25E0,-2.95E0,-4.71E0));
#3686=CARTESIAN_POINT('',(7.5E-1,-2.95E0,-4.71E0));
#3687=VERTEX_POINT('',#3685);
#3688=VERTEX_POINT('',#3686);
#3689=CARTESIAN_POINT('',(1.1E0,-3.1E0,-5.31E0));
#3690=CARTESIAN_POINT('',(9.E-1,-3.1E0,-5.31E0));
#3691=VERTEX_POINT('',#3689);
#3692=VERTEX_POINT('',#3690);
#3693=CARTESIAN_POINT('',(1.1E0,-3.3E0,-5.31E0));
#3694=VERTEX_POINT('',#3693);
#3695=CARTESIAN_POINT('',(1.25E0,-3.45E0,-4.71E0));
#3696=VERTEX_POINT('',#3695);
#3697=CARTESIAN_POINT('',(7.5E-1,-3.45E0,-4.71E0));
#3698=VERTEX_POINT('',#3697);
#3699=CARTESIAN_POINT('',(9.E-1,-3.3E0,-5.31E0));
#3700=VERTEX_POINT('',#3699);
#3701=CARTESIAN_POINT('',(9.E-1,-5.3E0,-5.31E0));
#3702=CARTESIAN_POINT('',(7.5E-1,-5.45E0,-4.71E0));
#3703=VERTEX_POINT('',#3701);
#3704=VERTEX_POINT('',#3702);
#3705=CARTESIAN_POINT('',(1.1E0,-5.3E0,-5.31E0));
#3706=CARTESIAN_POINT('',(1.25E0,-5.45E0,-4.71E0));
#3707=VERTEX_POINT('',#3705);
#3708=VERTEX_POINT('',#3706);
#3709=CARTESIAN_POINT('',(9.E-1,-5.1E0,-5.31E0));
#3710=CARTESIAN_POINT('',(7.5E-1,-4.95E0,-4.71E0));
#3711=VERTEX_POINT('',#3709);
#3712=VERTEX_POINT('',#3710);
#3713=CARTESIAN_POINT('',(1.25E0,-4.95E0,-4.71E0));
#3714=CARTESIAN_POINT('',(1.1E0,-5.1E0,-5.31E0));
#3715=VERTEX_POINT('',#3713);
#3716=VERTEX_POINT('',#3714);
#3717=CARTESIAN_POINT('',(3.25E0,2.3E0,-7.5E-1));
#3718=CARTESIAN_POINT('',(2.75E0,2.3E0,-7.5E-1));
#3719=VERTEX_POINT('',#3717);
#3720=VERTEX_POINT('',#3718);
#3721=CARTESIAN_POINT('',(3.1E0,2.9E0,-9.E-1));
#3722=CARTESIAN_POINT('',(2.9E0,2.9E0,-9.E-1));
#3723=VERTEX_POINT('',#3721);
#3724=VERTEX_POINT('',#3722);
#3725=CARTESIAN_POINT('',(3.1E0,2.9E0,-1.1E0));
#3726=VERTEX_POINT('',#3725);
#3727=CARTESIAN_POINT('',(3.25E0,2.3E0,-1.25E0));
#3728=VERTEX_POINT('',#3727);
#3729=CARTESIAN_POINT('',(2.75E0,2.3E0,-1.25E0));
#3730=VERTEX_POINT('',#3729);
#3731=CARTESIAN_POINT('',(2.9E0,2.9E0,-1.1E0));
#3732=VERTEX_POINT('',#3731);
#3733=CARTESIAN_POINT('',(3.25E0,2.3E0,1.25E0));
#3734=CARTESIAN_POINT('',(2.75E0,2.3E0,1.25E0));
#3735=VERTEX_POINT('',#3733);
#3736=VERTEX_POINT('',#3734);
#3737=CARTESIAN_POINT('',(3.1E0,2.9E0,1.1E0));
#3738=CARTESIAN_POINT('',(2.9E0,2.9E0,1.1E0));
#3739=VERTEX_POINT('',#3737);
#3740=VERTEX_POINT('',#3738);
#3741=CARTESIAN_POINT('',(3.1E0,2.9E0,9.E-1));
#3742=VERTEX_POINT('',#3741);
#3743=CARTESIAN_POINT('',(3.25E0,2.3E0,7.5E-1));
#3744=VERTEX_POINT('',#3743);
#3745=CARTESIAN_POINT('',(2.75E0,2.3E0,7.5E-1));
#3746=VERTEX_POINT('',#3745);
#3747=CARTESIAN_POINT('',(2.9E0,2.9E0,9.E-1));
#3748=VERTEX_POINT('',#3747);
#3749=CARTESIAN_POINT('',(3.25E0,-2.95E0,-4.71E0));
#3750=CARTESIAN_POINT('',(2.75E0,-2.95E0,-4.71E0));
#3751=VERTEX_POINT('',#3749);
#3752=VERTEX_POINT('',#3750);
#3753=CARTESIAN_POINT('',(3.1E0,-3.1E0,-5.31E0));
#3754=CARTESIAN_POINT('',(2.9E0,-3.1E0,-5.31E0));
#3755=VERTEX_POINT('',#3753);
#3756=VERTEX_POINT('',#3754);
#3757=CARTESIAN_POINT('',(3.1E0,-3.3E0,-5.31E0));
#3758=VERTEX_POINT('',#3757);
#3759=CARTESIAN_POINT('',(3.25E0,-3.45E0,-4.71E0));
#3760=VERTEX_POINT('',#3759);
#3761=CARTESIAN_POINT('',(2.75E0,-3.45E0,-4.71E0));
#3762=VERTEX_POINT('',#3761);
#3763=CARTESIAN_POINT('',(2.9E0,-3.3E0,-5.31E0));
#3764=VERTEX_POINT('',#3763);
#3765=CARTESIAN_POINT('',(2.9E0,-5.3E0,-5.31E0));
#3766=CARTESIAN_POINT('',(2.75E0,-5.45E0,-4.71E0));
#3767=VERTEX_POINT('',#3765);
#3768=VERTEX_POINT('',#3766);
#3769=CARTESIAN_POINT('',(3.1E0,-5.3E0,-5.31E0));
#3770=CARTESIAN_POINT('',(3.25E0,-5.45E0,-4.71E0));
#3771=VERTEX_POINT('',#3769);
#3772=VERTEX_POINT('',#3770);
#3773=CARTESIAN_POINT('',(2.9E0,-5.1E0,-5.31E0));
#3774=CARTESIAN_POINT('',(2.75E0,-4.95E0,-4.71E0));
#3775=VERTEX_POINT('',#3773);
#3776=VERTEX_POINT('',#3774);
#3777=CARTESIAN_POINT('',(3.25E0,-4.95E0,-4.71E0));
#3778=CARTESIAN_POINT('',(3.1E0,-5.1E0,-5.31E0));
#3779=VERTEX_POINT('',#3777);
#3780=VERTEX_POINT('',#3778);
#3781=CARTESIAN_POINT('',(-3.25E0,-5.45E0,5.5E-1));
#3782=VERTEX_POINT('',#3781);
#3783=CARTESIAN_POINT('',(-3.25E0,-4.95E0,5.5E-1));
#3784=VERTEX_POINT('',#3783);
#3785=CARTESIAN_POINT('',(-2.75E0,-5.45E0,5.5E-1));
#3786=VERTEX_POINT('',#3785);
#3787=CARTESIAN_POINT('',(-2.75E0,-4.95E0,5.5E-1));
#3788=VERTEX_POINT('',#3787);
#3789=CARTESIAN_POINT('',(-3.25E0,-2.922162620074E0,-1.348215756381E0));
#3790=VERTEX_POINT('',#3789);
#3791=CARTESIAN_POINT('',(-2.75E0,-2.922162620074E0,-1.348215756381E0));
#3792=VERTEX_POINT('',#3791);
#3793=CARTESIAN_POINT('',(-1.25E0,-5.45E0,5.5E-1));
#3794=VERTEX_POINT('',#3793);
#3795=CARTESIAN_POINT('',(-1.25E0,-4.95E0,5.5E-1));
#3796=VERTEX_POINT('',#3795);
#3797=CARTESIAN_POINT('',(-7.5E-1,-5.45E0,5.5E-1));
#3798=VERTEX_POINT('',#3797);
#3799=CARTESIAN_POINT('',(-7.5E-1,-4.95E0,5.5E-1));
#3800=VERTEX_POINT('',#3799);
#3801=CARTESIAN_POINT('',(-1.25E0,-2.922162620074E0,-1.348215756381E0));
#3802=VERTEX_POINT('',#3801);
#3803=CARTESIAN_POINT('',(-7.5E-1,-2.922162620074E0,-1.348215756381E0));
#3804=VERTEX_POINT('',#3803);
#3805=CARTESIAN_POINT('',(7.5E-1,-5.45E0,5.5E-1));
#3806=VERTEX_POINT('',#3805);
#3807=CARTESIAN_POINT('',(7.5E-1,-4.95E0,5.5E-1));
#3808=VERTEX_POINT('',#3807);
#3809=CARTESIAN_POINT('',(1.25E0,-5.45E0,5.5E-1));
#3810=VERTEX_POINT('',#3809);
#3811=CARTESIAN_POINT('',(1.25E0,-4.95E0,5.5E-1));
#3812=VERTEX_POINT('',#3811);
#3813=CARTESIAN_POINT('',(7.5E-1,-2.922162620074E0,-1.348215756381E0));
#3814=VERTEX_POINT('',#3813);
#3815=CARTESIAN_POINT('',(1.25E0,-2.922162620074E0,-1.348215756381E0));
#3816=VERTEX_POINT('',#3815);
#3817=CARTESIAN_POINT('',(2.75E0,-5.45E0,5.5E-1));
#3818=VERTEX_POINT('',#3817);
#3819=CARTESIAN_POINT('',(2.75E0,-4.95E0,5.5E-1));
#3820=VERTEX_POINT('',#3819);
#3821=CARTESIAN_POINT('',(3.25E0,-5.45E0,5.5E-1));
#3822=VERTEX_POINT('',#3821);
#3823=CARTESIAN_POINT('',(3.25E0,-4.95E0,5.5E-1));
#3824=VERTEX_POINT('',#3823);
#3825=CARTESIAN_POINT('',(2.75E0,-2.922162620074E0,-1.348215756381E0));
#3826=VERTEX_POINT('',#3825);
#3827=CARTESIAN_POINT('',(3.25E0,-2.922162620074E0,-1.348215756381E0));
#3828=VERTEX_POINT('',#3827);
#3829=CARTESIAN_POINT('',(-4.025E0,-7.E-1,2.5E0));
#3830=CARTESIAN_POINT('',(-3.4E0,-7.E-1,2.5E0));
#3831=VERTEX_POINT('',#3829);
#3832=VERTEX_POINT('',#3830);
#3833=CARTESIAN_POINT('',(3.4E0,-7.E-1,2.5E0));
#3834=CARTESIAN_POINT('',(4.025E0,-7.E-1,2.5E0));
#3835=VERTEX_POINT('',#3833);
#3836=VERTEX_POINT('',#3834);
#3837=CARTESIAN_POINT('',(-4.025E0,2.6E0,2.25E0));
#3838=VERTEX_POINT('',#3837);
#3839=CARTESIAN_POINT('',(-3.4E0,2.6E0,2.25E0));
#3840=CARTESIAN_POINT('',(-3.4E0,-7.E-1,2.25E0));
#3841=VERTEX_POINT('',#3839);
#3842=VERTEX_POINT('',#3840);
#3843=CARTESIAN_POINT('',(3.4E0,2.6E0,2.25E0));
#3844=CARTESIAN_POINT('',(3.4E0,-7.E-1,2.25E0));
#3845=VERTEX_POINT('',#3843);
#3846=VERTEX_POINT('',#3844);
#3847=CARTESIAN_POINT('',(4.025E0,2.6E0,2.25E0));
#3848=VERTEX_POINT('',#3847);
#3849=CARTESIAN_POINT('',(-4.025E0,2.85E0,2.5E0));
#3850=VERTEX_POINT('',#3849);
#3851=CARTESIAN_POINT('',(-3.4E0,2.85E0,2.5E0));
#3852=VERTEX_POINT('',#3851);
#3853=CARTESIAN_POINT('',(3.4E0,2.85E0,2.5E0));
#3854=VERTEX_POINT('',#3853);
#3855=CARTESIAN_POINT('',(4.025E0,2.85E0,2.5E0));
#3856=VERTEX_POINT('',#3855);
#3857=CARTESIAN_POINT('',(-4.E-1,2.6E0,-2.25E0));
#3858=VERTEX_POINT('',#3857);
#3859=CARTESIAN_POINT('',(-2.6E0,2.6E0,-2.25E0));
#3860=VERTEX_POINT('',#3859);
#3861=CARTESIAN_POINT('',(2.6E0,2.6E0,-2.25E0));
#3862=VERTEX_POINT('',#3861);
#3863=CARTESIAN_POINT('',(4.E-1,2.6E0,-2.25E0));
#3864=VERTEX_POINT('',#3863);
#3865=CARTESIAN_POINT('',(-4.E-1,2.85E0,-2.5E0));
#3866=VERTEX_POINT('',#3865);
#3867=CARTESIAN_POINT('',(-2.6E0,2.85E0,-2.5E0));
#3868=VERTEX_POINT('',#3867);
#3869=CARTESIAN_POINT('',(2.6E0,2.85E0,-2.5E0));
#3870=VERTEX_POINT('',#3869);
#3871=CARTESIAN_POINT('',(4.E-1,2.85E0,-2.5E0));
#3872=VERTEX_POINT('',#3871);
#3873=CARTESIAN_POINT('',(0.E0,0.E0,-3.15E0));
#3874=DIRECTION('',(0.E0,0.E0,1.E0));
#3875=DIRECTION('',(1.E0,0.E0,0.E0));
#3876=AXIS2_PLACEMENT_3D('',#3873,#3874,#3875);
#3877=PLANE('',#3876);
#3879=ORIENTED_EDGE('',*,*,#3878,.T.);
#3881=ORIENTED_EDGE('',*,*,#3880,.T.);
#3883=ORIENTED_EDGE('',*,*,#3882,.T.);
#3885=ORIENTED_EDGE('',*,*,#3884,.T.);
#3886=EDGE_LOOP('',(#3879,#3881,#3883,#3885));
#3887=FACE_OUTER_BOUND('',#3886,.F.);
#3888=ADVANCED_FACE('',(#3887),#3877,.F.);
#3889=CARTESIAN_POINT('',(-5.325E0,3.2E0,-3.15E0));
#3890=DIRECTION('',(-1.E0,0.E0,0.E0));
#3891=DIRECTION('',(0.E0,-1.E0,0.E0));
#3892=AXIS2_PLACEMENT_3D('',#3889,#3890,#3891);
#3893=PLANE('',#3892);
#3895=ORIENTED_EDGE('',*,*,#3894,.F.);
#3897=ORIENTED_EDGE('',*,*,#3896,.T.);
#3899=ORIENTED_EDGE('',*,*,#3898,.F.);
#3901=ORIENTED_EDGE('',*,*,#3900,.F.);
#3903=ORIENTED_EDGE('',*,*,#3902,.F.);
#3905=ORIENTED_EDGE('',*,*,#3904,.T.);
#3907=ORIENTED_EDGE('',*,*,#3906,.T.);
#3909=ORIENTED_EDGE('',*,*,#3908,.F.);
#3910=ORIENTED_EDGE('',*,*,#3878,.F.);
#3912=ORIENTED_EDGE('',*,*,#3911,.T.);
#3913=EDGE_LOOP('',(#3895,#3897,#3899,#3901,#3903,#3905,#3907,#3909,#3910,
#3912));
#3914=FACE_OUTER_BOUND('',#3913,.F.);
#3915=ADVANCED_FACE('',(#3914),#3893,.T.);
#3916=CARTESIAN_POINT('',(-4.875E0,2.9E0,-4.5E-1));
#3917=DIRECTION('',(0.E0,7.071067811865E-1,7.071067811865E-1));
#3918=DIRECTION('',(0.E0,-7.071067811865E-1,7.071067811865E-1));
#3919=AXIS2_PLACEMENT_3D('',#3916,#3917,#3918);
#3920=PLANE('',#3919);
#3921=ORIENTED_EDGE('',*,*,#3894,.T.);
#3923=ORIENTED_EDGE('',*,*,#3922,.T.);
#3925=ORIENTED_EDGE('',*,*,#3924,.F.);
#3927=ORIENTED_EDGE('',*,*,#3926,.F.);
#3928=EDGE_LOOP('',(#3921,#3923,#3925,#3927));
#3929=FACE_OUTER_BOUND('',#3928,.F.);
#3930=ADVANCED_FACE('',(#3929),#3920,.T.);
#3931=CARTESIAN_POINT('',(5.325E0,3.2E0,-3.15E0));
#3932=DIRECTION('',(0.E0,1.E0,0.E0));
#3933=DIRECTION('',(-1.E0,0.E0,0.E0));
#3934=AXIS2_PLACEMENT_3D('',#3931,#3932,#3933);
#3935=PLANE('',#3934);
#3936=ORIENTED_EDGE('',*,*,#3922,.F.);
#3937=ORIENTED_EDGE('',*,*,#3911,.F.);
#3938=ORIENTED_EDGE('',*,*,#3884,.F.);
#3940=ORIENTED_EDGE('',*,*,#3939,.T.);
#3942=ORIENTED_EDGE('',*,*,#3941,.F.);
#3944=ORIENTED_EDGE('',*,*,#3943,.F.);
#3946=ORIENTED_EDGE('',*,*,#3945,.F.);
#3948=ORIENTED_EDGE('',*,*,#3947,.F.);
#3949=EDGE_LOOP('',(#3936,#3937,#3938,#3940,#3942,#3944,#3946,#3948));
#3950=FACE_OUTER_BOUND('',#3949,.F.);
#3951=ADVANCED_FACE('',(#3950),#3935,.T.);
#3952=CARTESIAN_POINT('',(5.325E0,3.2E0,-3.15E0));
#3953=DIRECTION('',(0.E0,1.E0,0.E0));
#3954=DIRECTION('',(-1.E0,0.E0,0.E0));
#3955=AXIS2_PLACEMENT_3D('',#3952,#3953,#3954);
#3956=PLANE('',#3955);
#3958=ORIENTED_EDGE('',*,*,#3957,.F.);
#3960=ORIENTED_EDGE('',*,*,#3959,.T.);
#3961=ORIENTED_EDGE('',*,*,#3904,.F.);
#3963=ORIENTED_EDGE('',*,*,#3962,.F.);
#3965=ORIENTED_EDGE('',*,*,#3964,.F.);
#3967=ORIENTED_EDGE('',*,*,#3966,.F.);
#3969=ORIENTED_EDGE('',*,*,#3968,.F.);
#3971=ORIENTED_EDGE('',*,*,#3970,.F.);
#3973=ORIENTED_EDGE('',*,*,#3972,.T.);
#3975=ORIENTED_EDGE('',*,*,#3974,.T.);
#3977=ORIENTED_EDGE('',*,*,#3976,.T.);
#3979=ORIENTED_EDGE('',*,*,#3978,.F.);
#3980=EDGE_LOOP('',(#3958,#3960,#3961,#3963,#3965,#3967,#3969,#3971,#3973,#3975,
#3977,#3979));
#3981=FACE_OUTER_BOUND('',#3980,.F.);
#3982=ADVANCED_FACE('',(#3981),#3956,.T.);
#3983=CARTESIAN_POINT('',(5.325E0,-3.2E0,-3.15E0));
#3984=DIRECTION('',(1.E0,0.E0,0.E0));
#3985=DIRECTION('',(0.E0,1.E0,0.E0));
#3986=AXIS2_PLACEMENT_3D('',#3983,#3984,#3985);
#3987=PLANE('',#3986);
#3989=ORIENTED_EDGE('',*,*,#3988,.F.);
#3990=ORIENTED_EDGE('',*,*,#3939,.F.);
#3991=ORIENTED_EDGE('',*,*,#3882,.F.);
#3993=ORIENTED_EDGE('',*,*,#3992,.T.);
#3995=ORIENTED_EDGE('',*,*,#3994,.T.);
#3996=ORIENTED_EDGE('',*,*,#3972,.F.);
#3998=ORIENTED_EDGE('',*,*,#3997,.F.);
#4000=ORIENTED_EDGE('',*,*,#3999,.T.);
#4002=ORIENTED_EDGE('',*,*,#4001,.T.);
#4004=ORIENTED_EDGE('',*,*,#4003,.F.);
#4005=EDGE_LOOP('',(#3989,#3990,#3991,#3993,#3995,#3996,#3998,#4000,#4002,
#4004));
#4006=FACE_OUTER_BOUND('',#4005,.F.);
#4007=ADVANCED_FACE('',(#4006),#3987,.T.);
#4008=CARTESIAN_POINT('',(4.875E0,2.9E0,-1.45E0));
#4009=DIRECTION('',(0.E0,7.071067811865E-1,7.071067811865E-1));
#4010=DIRECTION('',(0.E0,-7.071067811865E-1,7.071067811865E-1));
#4011=AXIS2_PLACEMENT_3D('',#4008,#4009,#4010);
#4012=PLANE('',#4011);
#4013=ORIENTED_EDGE('',*,*,#3988,.T.);
#4015=ORIENTED_EDGE('',*,*,#4014,.F.);
#4017=ORIENTED_EDGE('',*,*,#4016,.T.);
#4018=ORIENTED_EDGE('',*,*,#3941,.T.);
#4019=EDGE_LOOP('',(#4013,#4015,#4017,#4018));
#4020=FACE_OUTER_BOUND('',#4019,.F.);
#4021=ADVANCED_FACE('',(#4020),#4012,.T.);
#4022=CARTESIAN_POINT('',(5.325E0,3.2E0,-1.15E0));
#4023=DIRECTION('',(0.E0,0.E0,-1.E0));
#4024=DIRECTION('',(-1.E0,0.E0,0.E0));
#4025=AXIS2_PLACEMENT_3D('',#4022,#4023,#4024);
#4026=PLANE('',#4025);
#4027=ORIENTED_EDGE('',*,*,#4014,.T.);
#4028=ORIENTED_EDGE('',*,*,#4003,.T.);
#4030=ORIENTED_EDGE('',*,*,#4029,.T.);
#4032=ORIENTED_EDGE('',*,*,#4031,.T.);
#4033=EDGE_LOOP('',(#4027,#4028,#4030,#4032));
#4034=FACE_OUTER_BOUND('',#4033,.F.);
#4035=ADVANCED_FACE('',(#4034),#4026,.F.);
#4036=CARTESIAN_POINT('',(-4.425E0,-7.E-1,2.25E0));
#4037=DIRECTION('',(0.E0,-1.E0,0.E0));
#4038=DIRECTION('',(0.E0,0.E0,-1.E0));
#4039=AXIS2_PLACEMENT_3D('',#4036,#4037,#4038);
#4040=PLANE('',#4039);
#4042=ORIENTED_EDGE('',*,*,#4041,.F.);
#4044=ORIENTED_EDGE('',*,*,#4043,.F.);
#4046=ORIENTED_EDGE('',*,*,#4045,.F.);
#4048=ORIENTED_EDGE('',*,*,#4047,.T.);
#4050=ORIENTED_EDGE('',*,*,#4049,.F.);
#4052=ORIENTED_EDGE('',*,*,#4051,.F.);
#4054=ORIENTED_EDGE('',*,*,#4053,.F.);
#4056=ORIENTED_EDGE('',*,*,#4055,.T.);
#4058=ORIENTED_EDGE('',*,*,#4057,.F.);
#4060=ORIENTED_EDGE('',*,*,#4059,.F.);
#4061=ORIENTED_EDGE('',*,*,#3898,.T.);
#4063=ORIENTED_EDGE('',*,*,#4062,.F.);
#4065=ORIENTED_EDGE('',*,*,#4064,.F.);
#4067=ORIENTED_EDGE('',*,*,#4066,.F.);
#4069=ORIENTED_EDGE('',*,*,#4068,.F.);
#4071=ORIENTED_EDGE('',*,*,#4070,.F.);
#4073=ORIENTED_EDGE('',*,*,#4072,.F.);
#4075=ORIENTED_EDGE('',*,*,#4074,.F.);
#4077=ORIENTED_EDGE('',*,*,#4076,.F.);
#4079=ORIENTED_EDGE('',*,*,#4078,.F.);
#4081=ORIENTED_EDGE('',*,*,#4080,.F.);
#4083=ORIENTED_EDGE('',*,*,#4082,.F.);
#4085=ORIENTED_EDGE('',*,*,#4084,.F.);
#4087=ORIENTED_EDGE('',*,*,#4086,.F.);
#4089=ORIENTED_EDGE('',*,*,#4088,.F.);
#4091=ORIENTED_EDGE('',*,*,#4090,.F.);
#4093=ORIENTED_EDGE('',*,*,#4092,.F.);
#4095=ORIENTED_EDGE('',*,*,#4094,.F.);
#4097=ORIENTED_EDGE('',*,*,#4096,.F.);
#4099=ORIENTED_EDGE('',*,*,#4098,.F.);
#4101=ORIENTED_EDGE('',*,*,#4100,.T.);
#4102=ORIENTED_EDGE('',*,*,#4029,.F.);
#4103=ORIENTED_EDGE('',*,*,#4001,.F.);
#4105=ORIENTED_EDGE('',*,*,#4104,.F.);
#4107=ORIENTED_EDGE('',*,*,#4106,.T.);
#4109=ORIENTED_EDGE('',*,*,#4108,.T.);
#4111=ORIENTED_EDGE('',*,*,#4110,.F.);
#4113=ORIENTED_EDGE('',*,*,#4112,.F.);
#4115=ORIENTED_EDGE('',*,*,#4114,.F.);
#4117=ORIENTED_EDGE('',*,*,#4116,.T.);
#4119=ORIENTED_EDGE('',*,*,#4118,.F.);
#4121=ORIENTED_EDGE('',*,*,#4120,.F.);
#4123=ORIENTED_EDGE('',*,*,#4122,.T.);
#4125=ORIENTED_EDGE('',*,*,#4124,.F.);
#4126=EDGE_LOOP('',(#4042,#4044,#4046,#4048,#4050,#4052,#4054,#4056,#4058,#4060,
#4061,#4063,#4065,#4067,#4069,#4071,#4073,#4075,#4077,#4079,#4081,#4083,#4085,
#4087,#4089,#4091,#4093,#4095,#4097,#4099,#4101,#4102,#4103,#4105,#4107,#4109,
#4111,#4113,#4115,#4117,#4119,#4121,#4123,#4125));
#4127=FACE_OUTER_BOUND('',#4126,.F.);
#4129=ORIENTED_EDGE('',*,*,#4128,.F.);
#4131=ORIENTED_EDGE('',*,*,#4130,.T.);
#4133=ORIENTED_EDGE('',*,*,#4132,.T.);
#4135=ORIENTED_EDGE('',*,*,#4134,.F.);
#4136=EDGE_LOOP('',(#4129,#4131,#4133,#4135));
#4137=FACE_BOUND('',#4136,.F.);
#4139=ORIENTED_EDGE('',*,*,#4138,.F.);
#4141=ORIENTED_EDGE('',*,*,#4140,.T.);
#4143=ORIENTED_EDGE('',*,*,#4142,.T.);
#4145=ORIENTED_EDGE('',*,*,#4144,.F.);
#4146=EDGE_LOOP('',(#4139,#4141,#4143,#4145));
#4147=FACE_BOUND('',#4146,.F.);
#4149=ORIENTED_EDGE('',*,*,#4148,.F.);
#4151=ORIENTED_EDGE('',*,*,#4150,.T.);
#4153=ORIENTED_EDGE('',*,*,#4152,.T.);
#4155=ORIENTED_EDGE('',*,*,#4154,.F.);
#4156=EDGE_LOOP('',(#4149,#4151,#4153,#4155));
#4157=FACE_BOUND('',#4156,.F.);
#4159=ORIENTED_EDGE('',*,*,#4158,.F.);
#4161=ORIENTED_EDGE('',*,*,#4160,.T.);
#4163=ORIENTED_EDGE('',*,*,#4162,.T.);
#4165=ORIENTED_EDGE('',*,*,#4164,.F.);
#4166=EDGE_LOOP('',(#4159,#4161,#4163,#4165));
#4167=FACE_BOUND('',#4166,.F.);
#4169=ORIENTED_EDGE('',*,*,#4168,.F.);
#4171=ORIENTED_EDGE('',*,*,#4170,.T.);
#4173=ORIENTED_EDGE('',*,*,#4172,.T.);
#4175=ORIENTED_EDGE('',*,*,#4174,.F.);
#4176=EDGE_LOOP('',(#4169,#4171,#4173,#4175));
#4177=FACE_BOUND('',#4176,.F.);
#4179=ORIENTED_EDGE('',*,*,#4178,.F.);
#4181=ORIENTED_EDGE('',*,*,#4180,.T.);
#4183=ORIENTED_EDGE('',*,*,#4182,.T.);
#4185=ORIENTED_EDGE('',*,*,#4184,.F.);
#4186=EDGE_LOOP('',(#4179,#4181,#4183,#4185));
#4187=FACE_BOUND('',#4186,.F.);
#4189=ORIENTED_EDGE('',*,*,#4188,.F.);
#4191=ORIENTED_EDGE('',*,*,#4190,.T.);
#4193=ORIENTED_EDGE('',*,*,#4192,.T.);
#4195=ORIENTED_EDGE('',*,*,#4194,.F.);
#4196=EDGE_LOOP('',(#4189,#4191,#4193,#4195));
#4197=FACE_BOUND('',#4196,.F.);
#4199=ORIENTED_EDGE('',*,*,#4198,.F.);
#4201=ORIENTED_EDGE('',*,*,#4200,.T.);
#4203=ORIENTED_EDGE('',*,*,#4202,.T.);
#4205=ORIENTED_EDGE('',*,*,#4204,.F.);
#4206=EDGE_LOOP('',(#4199,#4201,#4203,#4205));
#4207=FACE_BOUND('',#4206,.F.);
#4208=ADVANCED_FACE('',(#4127,#4137,#4147,#4157,#4167,#4177,#4187,#4197,#4207),
#4040,.F.);
#4209=CARTESIAN_POINT('',(-3.25E0,0.E0,0.E0));
#4210=DIRECTION('',(1.E0,0.E0,0.E0));
#4211=DIRECTION('',(0.E0,0.E0,-1.E0));
#4212=AXIS2_PLACEMENT_3D('',#4209,#4210,#4211);
#4213=PLANE('',#4212);
#4215=ORIENTED_EDGE('',*,*,#4214,.F.);
#4217=ORIENTED_EDGE('',*,*,#4216,.T.);
#4218=ORIENTED_EDGE('',*,*,#4198,.T.);
#4220=ORIENTED_EDGE('',*,*,#4219,.T.);
#4221=EDGE_LOOP('',(#4215,#4217,#4218,#4220));
#4222=FACE_OUTER_BOUND('',#4221,.F.);
#4223=ADVANCED_FACE('',(#4222),#4213,.F.);
#4224=CARTESIAN_POINT('',(-3.25E0,0.E0,0.E0));
#4225=DIRECTION('',(1.E0,0.E0,0.E0));
#4226=DIRECTION('',(0.E0,0.E0,-1.E0));
#4227=AXIS2_PLACEMENT_3D('',#4224,#4225,#4226);
#4228=PLANE('',#4227);
#4230=ORIENTED_EDGE('',*,*,#4229,.F.);
#4232=ORIENTED_EDGE('',*,*,#4231,.T.);
#4233=ORIENTED_EDGE('',*,*,#4128,.T.);
#4235=ORIENTED_EDGE('',*,*,#4234,.T.);
#4236=EDGE_LOOP('',(#4230,#4232,#4233,#4235));
#4237=FACE_OUTER_BOUND('',#4236,.F.);
#4238=ADVANCED_FACE('',(#4237),#4228,.F.);
#4239=CARTESIAN_POINT('',(-3.25E0,0.E0,0.E0));
#4240=DIRECTION('',(1.E0,0.E0,0.E0));
#4241=DIRECTION('',(0.E0,0.E0,-1.E0));
#4242=AXIS2_PLACEMENT_3D('',#4239,#4240,#4241);
#4243=PLANE('',#4242);
#4245=ORIENTED_EDGE('',*,*,#4244,.F.);
#4247=ORIENTED_EDGE('',*,*,#4246,.T.);
#4249=ORIENTED_EDGE('',*,*,#4248,.T.);
#4251=ORIENTED_EDGE('',*,*,#4250,.T.);
#4253=ORIENTED_EDGE('',*,*,#4252,.F.);
#4255=ORIENTED_EDGE('',*,*,#4254,.T.);
#4257=ORIENTED_EDGE('',*,*,#4256,.T.);
#4258=EDGE_LOOP('',(#4245,#4247,#4249,#4251,#4253,#4255,#4257));
#4259=FACE_OUTER_BOUND('',#4258,.F.);
#4260=ADVANCED_FACE('',(#4259),#4243,.F.);
#4261=CARTESIAN_POINT('',(-3.25E0,0.E0,0.E0));
#4262=DIRECTION('',(1.E0,0.E0,0.E0));
#4263=DIRECTION('',(0.E0,0.E0,-1.E0));
#4264=AXIS2_PLACEMENT_3D('',#4261,#4262,#4263);
#4265=PLANE('',#4264);
#4267=ORIENTED_EDGE('',*,*,#4266,.F.);
#4269=ORIENTED_EDGE('',*,*,#4268,.T.);
#4271=ORIENTED_EDGE('',*,*,#4270,.T.);
#4273=ORIENTED_EDGE('',*,*,#4272,.T.);
#4275=ORIENTED_EDGE('',*,*,#4274,.F.);
#4277=ORIENTED_EDGE('',*,*,#4276,.T.);
#4279=ORIENTED_EDGE('',*,*,#4278,.T.);
#4281=ORIENTED_EDGE('',*,*,#4280,.T.);
#4282=EDGE_LOOP('',(#4267,#4269,#4271,#4273,#4275,#4277,#4279,#4281));
#4283=FACE_OUTER_BOUND('',#4282,.F.);
#4284=ADVANCED_FACE('',(#4283),#4265,.F.);
#4285=CARTESIAN_POINT('',(-3.175E0,2.6E0,-1.E0));
#4286=DIRECTION('',(-9.701425001453E-1,2.425356250363E-1,0.E0));
#4287=DIRECTION('',(2.425356250363E-1,9.701425001453E-1,0.E0));
#4288=AXIS2_PLACEMENT_3D('',#4285,#4286,#4287);
#4289=PLANE('',#4288);
#4290=ORIENTED_EDGE('',*,*,#4214,.T.);
#4292=ORIENTED_EDGE('',*,*,#4291,.F.);
#4294=ORIENTED_EDGE('',*,*,#4293,.F.);
#4296=ORIENTED_EDGE('',*,*,#4295,.T.);
#4297=EDGE_LOOP('',(#4290,#4292,#4294,#4296));
#4298=FACE_OUTER_BOUND('',#4297,.F.);
#4299=ADVANCED_FACE('',(#4298),#4289,.T.);
#4300=CARTESIAN_POINT('',(-3.E0,2.6E0,-1.175E0));
#4301=DIRECTION('',(0.E0,2.425356250363E-1,-9.701425001453E-1));
#4302=DIRECTION('',(0.E0,-9.701425001453E-1,-2.425356250363E-1));
#4303=AXIS2_PLACEMENT_3D('',#4300,#4301,#4302);
#4304=PLANE('',#4303);
#4306=ORIENTED_EDGE('',*,*,#4305,.F.);
#4308=ORIENTED_EDGE('',*,*,#4307,.F.);
#4310=ORIENTED_EDGE('',*,*,#4309,.T.);
#4311=ORIENTED_EDGE('',*,*,#4291,.T.);
#4312=EDGE_LOOP('',(#4306,#4308,#4310,#4311));
#4313=FACE_OUTER_BOUND('',#4312,.F.);
#4314=ADVANCED_FACE('',(#4313),#4304,.T.);
#4315=CARTESIAN_POINT('',(-3.25E0,-2.75E0,-1.25E0));
#4316=DIRECTION('',(0.E0,0.E0,-1.E0));
#4317=DIRECTION('',(0.E0,1.E0,0.E0));
#4318=AXIS2_PLACEMENT_3D('',#4315,#4316,#4317);
#4319=PLANE('',#4318);
#4320=ORIENTED_EDGE('',*,*,#4305,.T.);
#4321=ORIENTED_EDGE('',*,*,#4219,.F.);
#4322=ORIENTED_EDGE('',*,*,#4204,.T.);
#4324=ORIENTED_EDGE('',*,*,#4323,.T.);
#4325=EDGE_LOOP('',(#4320,#4321,#4322,#4324));
#4326=FACE_OUTER_BOUND('',#4325,.F.);
#4327=ADVANCED_FACE('',(#4326),#4319,.T.);
#4328=CARTESIAN_POINT('',(-2.75E0,0.E0,0.E0));
#4329=DIRECTION('',(1.E0,0.E0,0.E0));
#4330=DIRECTION('',(0.E0,0.E0,-1.E0));
#4331=AXIS2_PLACEMENT_3D('',#4328,#4329,#4330);
#4332=PLANE('',#4331);
#4334=ORIENTED_EDGE('',*,*,#4333,.F.);
#4335=ORIENTED_EDGE('',*,*,#4323,.F.);
#4336=ORIENTED_EDGE('',*,*,#4202,.F.);
#4338=ORIENTED_EDGE('',*,*,#4337,.F.);
#4339=EDGE_LOOP('',(#4334,#4335,#4336,#4338));
#4340=FACE_OUTER_BOUND('',#4339,.F.);
#4341=ADVANCED_FACE('',(#4340),#4332,.T.);
#4342=CARTESIAN_POINT('',(-2.75E0,0.E0,0.E0));
#4343=DIRECTION('',(1.E0,0.E0,0.E0));
#4344=DIRECTION('',(0.E0,0.E0,-1.E0));
#4345=AXIS2_PLACEMENT_3D('',#4342,#4343,#4344);
#4346=PLANE('',#4345);
#4348=ORIENTED_EDGE('',*,*,#4347,.F.);
#4350=ORIENTED_EDGE('',*,*,#4349,.F.);
#4351=ORIENTED_EDGE('',*,*,#4132,.F.);
#4353=ORIENTED_EDGE('',*,*,#4352,.F.);
#4354=EDGE_LOOP('',(#4348,#4350,#4351,#4353));
#4355=FACE_OUTER_BOUND('',#4354,.F.);
#4356=ADVANCED_FACE('',(#4355),#4346,.T.);
#4357=CARTESIAN_POINT('',(-2.75E0,0.E0,0.E0));
#4358=DIRECTION('',(1.E0,0.E0,0.E0));
#4359=DIRECTION('',(0.E0,0.E0,-1.E0));
#4360=AXIS2_PLACEMENT_3D('',#4357,#4358,#4359);
#4361=PLANE('',#4360);
#4363=ORIENTED_EDGE('',*,*,#4362,.F.);
#4365=ORIENTED_EDGE('',*,*,#4364,.F.);
#4367=ORIENTED_EDGE('',*,*,#4366,.F.);
#4369=ORIENTED_EDGE('',*,*,#4368,.T.);
#4371=ORIENTED_EDGE('',*,*,#4370,.F.);
#4373=ORIENTED_EDGE('',*,*,#4372,.F.);
#4375=ORIENTED_EDGE('',*,*,#4374,.F.);
#4376=EDGE_LOOP('',(#4363,#4365,#4367,#4369,#4371,#4373,#4375));
#4377=FACE_OUTER_BOUND('',#4376,.F.);
#4378=ADVANCED_FACE('',(#4377),#4361,.T.);
#4379=CARTESIAN_POINT('',(-2.75E0,0.E0,0.E0));
#4380=DIRECTION('',(1.E0,0.E0,0.E0));
#4381=DIRECTION('',(0.E0,0.E0,-1.E0));
#4382=AXIS2_PLACEMENT_3D('',#4379,#4380,#4381);
#4383=PLANE('',#4382);
#4385=ORIENTED_EDGE('',*,*,#4384,.F.);
#4387=ORIENTED_EDGE('',*,*,#4386,.F.);
#4389=ORIENTED_EDGE('',*,*,#4388,.F.);
#4391=ORIENTED_EDGE('',*,*,#4390,.F.);
#4393=ORIENTED_EDGE('',*,*,#4392,.T.);
#4395=ORIENTED_EDGE('',*,*,#4394,.F.);
#4397=ORIENTED_EDGE('',*,*,#4396,.F.);
#4399=ORIENTED_EDGE('',*,*,#4398,.F.);
#4400=EDGE_LOOP('',(#4385,#4387,#4389,#4391,#4393,#4395,#4397,#4399));
#4401=FACE_OUTER_BOUND('',#4400,.F.);
#4402=ADVANCED_FACE('',(#4401),#4383,.T.);
#4403=CARTESIAN_POINT('',(-2.825E0,2.6E0,-1.E0));
#4404=DIRECTION('',(9.701425001453E-1,2.425356250363E-1,0.E0));
#4405=DIRECTION('',(-2.425356250363E-1,9.701425001453E-1,0.E0));
#4406=AXIS2_PLACEMENT_3D('',#4403,#4404,#4405);
#4407=PLANE('',#4406);
#4409=ORIENTED_EDGE('',*,*,#4408,.F.);
#4410=ORIENTED_EDGE('',*,*,#4307,.T.);
#4411=ORIENTED_EDGE('',*,*,#4333,.T.);
#4413=ORIENTED_EDGE('',*,*,#4412,.T.);
#4414=EDGE_LOOP('',(#4409,#4410,#4411,#4413));
#4415=FACE_OUTER_BOUND('',#4414,.F.);
#4416=ADVANCED_FACE('',(#4415),#4407,.T.);
#4417=CARTESIAN_POINT('',(-3.25E0,2.9E0,-1.25E0));
#4418=DIRECTION('',(0.E0,1.E0,0.E0));
#4419=DIRECTION('',(0.E0,0.E0,1.E0));
#4420=AXIS2_PLACEMENT_3D('',#4417,#4418,#4419);
#4421=PLANE('',#4420);
#4423=ORIENTED_EDGE('',*,*,#4422,.T.);
#4424=ORIENTED_EDGE('',*,*,#4293,.T.);
#4425=ORIENTED_EDGE('',*,*,#4309,.F.);
#4426=ORIENTED_EDGE('',*,*,#4408,.T.);
#4427=EDGE_LOOP('',(#4423,#4424,#4425,#4426));
#4428=FACE_OUTER_BOUND('',#4427,.F.);
#4429=ADVANCED_FACE('',(#4428),#4421,.T.);
#4430=CARTESIAN_POINT('',(-3.E0,2.6E0,-8.25E-1));
#4431=DIRECTION('',(0.E0,2.425356250363E-1,9.701425001453E-1));
#4432=DIRECTION('',(0.E0,9.701425001453E-1,-2.425356250363E-1));
#4433=AXIS2_PLACEMENT_3D('',#4430,#4431,#4432);
#4434=PLANE('',#4433);
#4436=ORIENTED_EDGE('',*,*,#4435,.T.);
#4437=ORIENTED_EDGE('',*,*,#4295,.F.);
#4438=ORIENTED_EDGE('',*,*,#4422,.F.);
#4439=ORIENTED_EDGE('',*,*,#4412,.F.);
#4440=EDGE_LOOP('',(#4436,#4437,#4438,#4439));
#4441=FACE_OUTER_BOUND('',#4440,.F.);
#4442=ADVANCED_FACE('',(#4441),#4434,.T.);
#4443=CARTESIAN_POINT('',(-3.25E0,2.9E0,-7.5E-1));
#4444=DIRECTION('',(0.E0,0.E0,1.E0));
#4445=DIRECTION('',(0.E0,-1.E0,0.E0));
#4446=AXIS2_PLACEMENT_3D('',#4443,#4444,#4445);
#4447=PLANE('',#4446);
#4448=ORIENTED_EDGE('',*,*,#4435,.F.);
#4449=ORIENTED_EDGE('',*,*,#4337,.T.);
#4450=ORIENTED_EDGE('',*,*,#4200,.F.);
#4451=ORIENTED_EDGE('',*,*,#4216,.F.);
#4452=EDGE_LOOP('',(#4448,#4449,#4450,#4451));
#4453=FACE_OUTER_BOUND('',#4452,.F.);
#4454=ADVANCED_FACE('',(#4453),#4447,.T.);
#4455=CARTESIAN_POINT('',(-2.825E0,2.6E0,1.E0));
#4456=DIRECTION('',(9.701425001453E-1,2.425356250363E-1,0.E0));
#4457=DIRECTION('',(-2.425356250363E-1,9.701425001453E-1,0.E0));
#4458=AXIS2_PLACEMENT_3D('',#4455,#4456,#4457);
#4459=PLANE('',#4458);
#4461=ORIENTED_EDGE('',*,*,#4460,.F.);
#4463=ORIENTED_EDGE('',*,*,#4462,.T.);
#4464=ORIENTED_EDGE('',*,*,#4347,.T.);
#4466=ORIENTED_EDGE('',*,*,#4465,.F.);
#4467=EDGE_LOOP('',(#4461,#4463,#4464,#4466));
#4468=FACE_OUTER_BOUND('',#4467,.F.);
#4469=ADVANCED_FACE('',(#4468),#4459,.T.);
#4470=CARTESIAN_POINT('',(-3.25E0,2.9E0,7.5E-1));
#4471=DIRECTION('',(0.E0,1.E0,0.E0));
#4472=DIRECTION('',(0.E0,0.E0,1.E0));
#4473=AXIS2_PLACEMENT_3D('',#4470,#4471,#4472);
#4474=PLANE('',#4473);
#4476=ORIENTED_EDGE('',*,*,#4475,.T.);
#4478=ORIENTED_EDGE('',*,*,#4477,.T.);
#4480=ORIENTED_EDGE('',*,*,#4479,.F.);
#4481=ORIENTED_EDGE('',*,*,#4460,.T.);
#4482=EDGE_LOOP('',(#4476,#4478,#4480,#4481));
#4483=FACE_OUTER_BOUND('',#4482,.F.);
#4484=ADVANCED_FACE('',(#4483),#4474,.T.);
#4485=CARTESIAN_POINT('',(-3.E0,2.6E0,1.175E0));
#4486=DIRECTION('',(0.E0,2.425356250363E-1,9.701425001453E-1));
#4487=DIRECTION('',(0.E0,9.701425001453E-1,-2.425356250363E-1));
#4488=AXIS2_PLACEMENT_3D('',#4485,#4486,#4487);
#4489=PLANE('',#4488);
#4491=ORIENTED_EDGE('',*,*,#4490,.T.);
#4493=ORIENTED_EDGE('',*,*,#4492,.F.);
#4494=ORIENTED_EDGE('',*,*,#4475,.F.);
#4495=ORIENTED_EDGE('',*,*,#4465,.T.);
#4496=EDGE_LOOP('',(#4491,#4493,#4494,#4495));
#4497=FACE_OUTER_BOUND('',#4496,.F.);
#4498=ADVANCED_FACE('',(#4497),#4489,.T.);
#4499=CARTESIAN_POINT('',(-3.25E0,2.9E0,1.25E0));
#4500=DIRECTION('',(0.E0,0.E0,1.E0));
#4501=DIRECTION('',(0.E0,-1.E0,0.E0));
#4502=AXIS2_PLACEMENT_3D('',#4499,#4500,#4501);
#4503=PLANE('',#4502);
#4505=ORIENTED_EDGE('',*,*,#4504,.T.);
#4506=ORIENTED_EDGE('',*,*,#4390,.T.);
#4508=ORIENTED_EDGE('',*,*,#4507,.F.);
#4509=ORIENTED_EDGE('',*,*,#4276,.F.);
#4510=EDGE_LOOP('',(#4505,#4506,#4508,#4509));
#4511=FACE_OUTER_BOUND('',#4510,.F.);
#4512=ADVANCED_FACE('',(#4511),#4503,.T.);
#4513=CARTESIAN_POINT('',(-3.25E0,2.9E0,1.25E0));
#4514=DIRECTION('',(0.E0,0.E0,1.E0));
#4515=DIRECTION('',(0.E0,-1.E0,0.E0));
#4516=AXIS2_PLACEMENT_3D('',#4513,#4514,#4515);
#4517=PLANE('',#4516);
#4518=ORIENTED_EDGE('',*,*,#4490,.F.);
#4519=ORIENTED_EDGE('',*,*,#4352,.T.);
#4520=ORIENTED_EDGE('',*,*,#4130,.F.);
#4521=ORIENTED_EDGE('',*,*,#4231,.F.);
#4522=EDGE_LOOP('',(#4518,#4519,#4520,#4521));
#4523=FACE_OUTER_BOUND('',#4522,.F.);
#4524=ADVANCED_FACE('',(#4523),#4517,.T.);
#4525=CARTESIAN_POINT('',(-2.35E0,-2.95E0,-1.3E0));
#4526=DIRECTION('',(0.E0,1.E0,0.E0));
#4527=DIRECTION('',(0.E0,0.E0,1.E0));
#4528=AXIS2_PLACEMENT_3D('',#4525,#4526,#4527);
#4529=PLANE('',#4528);
#4531=ORIENTED_EDGE('',*,*,#4530,.F.);
#4533=ORIENTED_EDGE('',*,*,#4532,.F.);
#4535=ORIENTED_EDGE('',*,*,#4534,.T.);
#4536=ORIENTED_EDGE('',*,*,#4368,.F.);
#4538=ORIENTED_EDGE('',*,*,#4537,.F.);
#4539=ORIENTED_EDGE('',*,*,#4252,.T.);
#4541=ORIENTED_EDGE('',*,*,#4540,.T.);
#4543=ORIENTED_EDGE('',*,*,#4542,.T.);
#4544=EDGE_LOOP('',(#4531,#4533,#4535,#4536,#4538,#4539,#4541,#4543));
#4545=FACE_OUTER_BOUND('',#4544,.F.);
#4546=ADVANCED_FACE('',(#4545),#4529,.F.);
#4547=CARTESIAN_POINT('',(-2.35E0,-2.95E0,-1.3E0));
#4548=DIRECTION('',(0.E0,1.E0,0.E0));
#4549=DIRECTION('',(0.E0,0.E0,1.E0));
#4550=AXIS2_PLACEMENT_3D('',#4547,#4548,#4549);
#4551=PLANE('',#4550);
#4553=ORIENTED_EDGE('',*,*,#4552,.T.);
#4555=ORIENTED_EDGE('',*,*,#4554,.T.);
#4557=ORIENTED_EDGE('',*,*,#4556,.F.);
#4559=ORIENTED_EDGE('',*,*,#4558,.F.);
#4560=EDGE_LOOP('',(#4553,#4555,#4557,#4559));
#4561=FACE_OUTER_BOUND('',#4560,.F.);
#4562=ORIENTED_EDGE('',*,*,#4274,.T.);
#4564=ORIENTED_EDGE('',*,*,#4563,.T.);
#4565=ORIENTED_EDGE('',*,*,#4392,.F.);
#4566=ORIENTED_EDGE('',*,*,#4504,.F.);
#4567=EDGE_LOOP('',(#4562,#4564,#4565,#4566));
#4568=FACE_BOUND('',#4567,.F.);
#4569=ADVANCED_FACE('',(#4561,#4568),#4551,.F.);
#4570=CARTESIAN_POINT('',(-3.25E0,-4.75E0,7.5E-1));
#4571=DIRECTION('',(0.E0,0.E0,-1.E0));
#4572=DIRECTION('',(0.E0,1.E0,0.E0));
#4573=AXIS2_PLACEMENT_3D('',#4570,#4571,#4572);
#4574=PLANE('',#4573);
#4575=ORIENTED_EDGE('',*,*,#4563,.F.);
#4576=ORIENTED_EDGE('',*,*,#4272,.F.);
#4578=ORIENTED_EDGE('',*,*,#4577,.T.);
#4579=ORIENTED_EDGE('',*,*,#4394,.T.);
#4580=EDGE_LOOP('',(#4575,#4576,#4578,#4579));
#4581=FACE_OUTER_BOUND('',#4580,.F.);
#4582=ADVANCED_FACE('',(#4581),#4574,.T.);
#4583=CARTESIAN_POINT('',(-3.25E0,-4.75E0,7.5E-1));
#4584=DIRECTION('',(0.E0,0.E0,-1.E0));
#4585=DIRECTION('',(0.E0,1.E0,0.E0));
#4586=AXIS2_PLACEMENT_3D('',#4583,#4584,#4585);
#4587=PLANE('',#4586);
#4589=ORIENTED_EDGE('',*,*,#4588,.T.);
#4590=ORIENTED_EDGE('',*,*,#4234,.F.);
#4591=ORIENTED_EDGE('',*,*,#4134,.T.);
#4592=ORIENTED_EDGE('',*,*,#4349,.T.);
#4593=EDGE_LOOP('',(#4589,#4590,#4591,#4592));
#4594=FACE_OUTER_BOUND('',#4593,.F.);
#4595=ADVANCED_FACE('',(#4594),#4587,.T.);
#4596=CARTESIAN_POINT('',(-3.25E0,-4.75E0,5.5E-1));
#4597=DIRECTION('',(1.E0,0.E0,0.E0));
#4598=DIRECTION('',(0.E0,0.E0,-1.E0));
#4599=AXIS2_PLACEMENT_3D('',#4596,#4597,#4598);
#4600=CYLINDRICAL_SURFACE('',#4599,2.E-1);
#4601=ORIENTED_EDGE('',*,*,#4270,.F.);
#4603=ORIENTED_EDGE('',*,*,#4602,.T.);
#4604=ORIENTED_EDGE('',*,*,#4396,.T.);
#4605=ORIENTED_EDGE('',*,*,#4577,.F.);
#4606=EDGE_LOOP('',(#4601,#4603,#4604,#4605));
#4607=FACE_OUTER_BOUND('',#4606,.F.);
#4608=ADVANCED_FACE('',(#4607),#4600,.F.);
#4609=CARTESIAN_POINT('',(-3.25E0,-4.95E0,-5.31E0));
#4610=DIRECTION('',(0.E0,1.E0,0.E0));
#4611=DIRECTION('',(0.E0,0.E0,1.E0));
#4612=AXIS2_PLACEMENT_3D('',#4609,#4610,#4611);
#4613=PLANE('',#4612);
#4615=ORIENTED_EDGE('',*,*,#4614,.F.);
#4616=ORIENTED_EDGE('',*,*,#4398,.T.);
#4617=ORIENTED_EDGE('',*,*,#4602,.F.);
#4618=ORIENTED_EDGE('',*,*,#4268,.F.);
#4619=EDGE_LOOP('',(#4615,#4616,#4617,#4618));
#4620=FACE_OUTER_BOUND('',#4619,.F.);
#4621=ADVANCED_FACE('',(#4620),#4613,.T.);
#4622=CARTESIAN_POINT('',(-3.E0,-5.025E0,-5.01E0));
#4623=DIRECTION('',(0.E0,9.701425001453E-1,-2.425356250363E-1));
#4624=DIRECTION('',(0.E0,-2.425356250363E-1,-9.701425001453E-1));
#4625=AXIS2_PLACEMENT_3D('',#4622,#4623,#4624);
#4626=PLANE('',#4625);
#4628=ORIENTED_EDGE('',*,*,#4627,.F.);
#4630=ORIENTED_EDGE('',*,*,#4629,.F.);
#4632=ORIENTED_EDGE('',*,*,#4631,.F.);
#4633=ORIENTED_EDGE('',*,*,#4614,.T.);
#4634=EDGE_LOOP('',(#4628,#4630,#4632,#4633));
#4635=FACE_OUTER_BOUND('',#4634,.F.);
#4636=ADVANCED_FACE('',(#4635),#4626,.T.);
#4637=CARTESIAN_POINT('',(-3.175E0,-5.2E0,-5.01E0));
#4638=DIRECTION('',(-9.701425001453E-1,0.E0,-2.425356250363E-1));
#4639=DIRECTION('',(2.425356250363E-1,0.E0,-9.701425001453E-1));
#4640=AXIS2_PLACEMENT_3D('',#4637,#4638,#4639);
#4641=PLANE('',#4640);
#4643=ORIENTED_EDGE('',*,*,#4642,.F.);
#4645=ORIENTED_EDGE('',*,*,#4644,.F.);
#4646=ORIENTED_EDGE('',*,*,#4627,.T.);
#4647=ORIENTED_EDGE('',*,*,#4266,.T.);
#4648=EDGE_LOOP('',(#4643,#4645,#4646,#4647));
#4649=FACE_OUTER_BOUND('',#4648,.F.);
#4650=ADVANCED_FACE('',(#4649),#4641,.T.);
#4651=CARTESIAN_POINT('',(-3.E0,-5.375E0,-5.01E0));
#4652=DIRECTION('',(0.E0,-9.701425001453E-1,-2.425356250363E-1));
#4653=DIRECTION('',(0.E0,-2.425356250363E-1,9.701425001453E-1));
#4654=AXIS2_PLACEMENT_3D('',#4651,#4652,#4653);
#4655=PLANE('',#4654);
#4656=ORIENTED_EDGE('',*,*,#4642,.T.);
#4658=ORIENTED_EDGE('',*,*,#4657,.F.);
#4660=ORIENTED_EDGE('',*,*,#4659,.F.);
#4662=ORIENTED_EDGE('',*,*,#4661,.T.);
#4663=EDGE_LOOP('',(#4656,#4658,#4660,#4662));
#4664=FACE_OUTER_BOUND('',#4663,.F.);
#4665=ADVANCED_FACE('',(#4664),#4655,.T.);
#4666=CARTESIAN_POINT('',(-3.25E0,-5.45E0,5.5E-1));
#4667=DIRECTION('',(0.E0,-1.E0,0.E0));
#4668=DIRECTION('',(0.E0,0.E0,-1.E0));
#4669=AXIS2_PLACEMENT_3D('',#4666,#4667,#4668);
#4670=PLANE('',#4669);
#4671=ORIENTED_EDGE('',*,*,#4657,.T.);
#4672=ORIENTED_EDGE('',*,*,#4280,.F.);
#4674=ORIENTED_EDGE('',*,*,#4673,.T.);
#4675=ORIENTED_EDGE('',*,*,#4386,.T.);
#4676=EDGE_LOOP('',(#4671,#4672,#4674,#4675));
#4677=FACE_OUTER_BOUND('',#4676,.F.);
#4678=ADVANCED_FACE('',(#4677),#4670,.T.);
#4679=CARTESIAN_POINT('',(-3.25E0,-4.75E0,5.5E-1));
#4680=DIRECTION('',(1.E0,0.E0,0.E0));
#4681=DIRECTION('',(0.E0,0.E0,-1.E0));
#4682=AXIS2_PLACEMENT_3D('',#4679,#4680,#4681);
#4683=CYLINDRICAL_SURFACE('',#4682,7.E-1);
#4684=ORIENTED_EDGE('',*,*,#4278,.F.);
#4685=ORIENTED_EDGE('',*,*,#4507,.T.);
#4686=ORIENTED_EDGE('',*,*,#4388,.T.);
#4687=ORIENTED_EDGE('',*,*,#4673,.F.);
#4688=EDGE_LOOP('',(#4684,#4685,#4686,#4687));
#4689=FACE_OUTER_BOUND('',#4688,.F.);
#4690=ADVANCED_FACE('',(#4689),#4683,.T.);
#4691=CARTESIAN_POINT('',(-2.825E0,-5.2E0,-5.01E0));
#4692=DIRECTION('',(9.701425001453E-1,0.E0,-2.425356250363E-1));
#4693=DIRECTION('',(-2.425356250363E-1,0.E0,-9.701425001453E-1));
#4694=AXIS2_PLACEMENT_3D('',#4691,#4692,#4693);
#4695=PLANE('',#4694);
#4696=ORIENTED_EDGE('',*,*,#4659,.T.);
#4697=ORIENTED_EDGE('',*,*,#4384,.T.);
#4698=ORIENTED_EDGE('',*,*,#4631,.T.);
#4700=ORIENTED_EDGE('',*,*,#4699,.F.);
#4701=EDGE_LOOP('',(#4696,#4697,#4698,#4700));
#4702=FACE_OUTER_BOUND('',#4701,.F.);
#4703=ADVANCED_FACE('',(#4702),#4695,.T.);
#4704=CARTESIAN_POINT('',(-3.25E0,-5.45E0,-5.31E0));
#4705=DIRECTION('',(0.E0,0.E0,-1.E0));
#4706=DIRECTION('',(0.E0,1.E0,0.E0));
#4707=AXIS2_PLACEMENT_3D('',#4704,#4705,#4706);
#4708=PLANE('',#4707);
#4709=ORIENTED_EDGE('',*,*,#4629,.T.);
#4710=ORIENTED_EDGE('',*,*,#4644,.T.);
#4711=ORIENTED_EDGE('',*,*,#4661,.F.);
#4712=ORIENTED_EDGE('',*,*,#4699,.T.);
#4713=EDGE_LOOP('',(#4709,#4710,#4711,#4712));
#4714=FACE_OUTER_BOUND('',#4713,.F.);
#4715=ADVANCED_FACE('',(#4714),#4708,.T.);
#4716=CARTESIAN_POINT('',(-3.E0,2.6E0,8.25E-1));
#4717=DIRECTION('',(0.E0,2.425356250363E-1,-9.701425001453E-1));
#4718=DIRECTION('',(0.E0,-9.701425001453E-1,-2.425356250363E-1));
#4719=AXIS2_PLACEMENT_3D('',#4716,#4717,#4718);
#4720=PLANE('',#4719);
#4721=ORIENTED_EDGE('',*,*,#4588,.F.);
#4722=ORIENTED_EDGE('',*,*,#4462,.F.);
#4723=ORIENTED_EDGE('',*,*,#4479,.T.);
#4725=ORIENTED_EDGE('',*,*,#4724,.T.);
#4726=EDGE_LOOP('',(#4721,#4722,#4723,#4725));
#4727=FACE_OUTER_BOUND('',#4726,.F.);
#4728=ADVANCED_FACE('',(#4727),#4720,.T.);
#4729=CARTESIAN_POINT('',(-3.175E0,2.6E0,1.E0));
#4730=DIRECTION('',(-9.701425001453E-1,2.425356250363E-1,0.E0));
#4731=DIRECTION('',(2.425356250363E-1,9.701425001453E-1,0.E0));
#4732=AXIS2_PLACEMENT_3D('',#4729,#4730,#4731);
#4733=PLANE('',#4732);
#4734=ORIENTED_EDGE('',*,*,#4229,.T.);
#4735=ORIENTED_EDGE('',*,*,#4724,.F.);
#4736=ORIENTED_EDGE('',*,*,#4477,.F.);
#4737=ORIENTED_EDGE('',*,*,#4492,.T.);
#4738=EDGE_LOOP('',(#4734,#4735,#4736,#4737));
#4739=FACE_OUTER_BOUND('',#4738,.F.);
#4740=ADVANCED_FACE('',(#4739),#4733,.T.);
#4741=CARTESIAN_POINT('',(-3.65E0,-2.95E0,-2.5E-1));
#4742=DIRECTION('',(0.E0,0.E0,-1.E0));
#4743=DIRECTION('',(1.E0,0.E0,0.E0));
#4744=AXIS2_PLACEMENT_3D('',#4741,#4742,#4743);
#4745=PLANE('',#4744);
#4746=ORIENTED_EDGE('',*,*,#4530,.T.);
#4748=ORIENTED_EDGE('',*,*,#4747,.T.);
#4750=ORIENTED_EDGE('',*,*,#4749,.T.);
#4752=ORIENTED_EDGE('',*,*,#4751,.F.);
#4753=EDGE_LOOP('',(#4746,#4748,#4750,#4752));
#4754=FACE_OUTER_BOUND('',#4753,.F.);
#4755=ADVANCED_FACE('',(#4754),#4745,.F.);
#4756=CARTESIAN_POINT('',(-3.65E0,0.E0,0.E0));
#4757=DIRECTION('',(1.E0,0.E0,0.E0));
#4758=DIRECTION('',(0.E0,0.E0,-1.E0));
#4759=AXIS2_PLACEMENT_3D('',#4756,#4757,#4758);
#4760=PLANE('',#4759);
#4761=ORIENTED_EDGE('',*,*,#4554,.F.);
#4763=ORIENTED_EDGE('',*,*,#4762,.T.);
#4765=ORIENTED_EDGE('',*,*,#4764,.T.);
#4766=ORIENTED_EDGE('',*,*,#4747,.F.);
#4767=ORIENTED_EDGE('',*,*,#4542,.F.);
#4769=ORIENTED_EDGE('',*,*,#4768,.F.);
#4771=ORIENTED_EDGE('',*,*,#4770,.F.);
#4773=ORIENTED_EDGE('',*,*,#4772,.T.);
#4775=ORIENTED_EDGE('',*,*,#4774,.T.);
#4777=ORIENTED_EDGE('',*,*,#4776,.F.);
#4778=EDGE_LOOP('',(#4761,#4763,#4765,#4766,#4767,#4769,#4771,#4773,#4775,
#4777));
#4779=FACE_OUTER_BOUND('',#4778,.F.);
#4780=ADVANCED_FACE('',(#4779),#4760,.T.);
#4781=CARTESIAN_POINT('',(-2.35E0,-2.95E0,2.5E-1));
#4782=DIRECTION('',(0.E0,0.E0,1.E0));
#4783=DIRECTION('',(-1.E0,0.E0,0.E0));
#4784=AXIS2_PLACEMENT_3D('',#4781,#4782,#4783);
#4785=PLANE('',#4784);
#4786=ORIENTED_EDGE('',*,*,#4552,.F.);
#4788=ORIENTED_EDGE('',*,*,#4787,.T.);
#4790=ORIENTED_EDGE('',*,*,#4789,.T.);
#4791=ORIENTED_EDGE('',*,*,#4762,.F.);
#4792=EDGE_LOOP('',(#4786,#4788,#4790,#4791));
#4793=FACE_OUTER_BOUND('',#4792,.F.);
#4794=ADVANCED_FACE('',(#4793),#4785,.F.);
#4795=CARTESIAN_POINT('',(-2.35E0,0.E0,0.E0));
#4796=DIRECTION('',(1.E0,0.E0,0.E0));
#4797=DIRECTION('',(0.E0,0.E0,-1.E0));
#4798=AXIS2_PLACEMENT_3D('',#4795,#4796,#4797);
#4799=PLANE('',#4798);
#4800=ORIENTED_EDGE('',*,*,#4532,.T.);
#4801=ORIENTED_EDGE('',*,*,#4751,.T.);
#4803=ORIENTED_EDGE('',*,*,#4802,.T.);
#4804=ORIENTED_EDGE('',*,*,#4787,.F.);
#4805=ORIENTED_EDGE('',*,*,#4558,.T.);
#4807=ORIENTED_EDGE('',*,*,#4806,.T.);
#4809=ORIENTED_EDGE('',*,*,#4808,.F.);
#4811=ORIENTED_EDGE('',*,*,#4810,.F.);
#4813=ORIENTED_EDGE('',*,*,#4812,.T.);
#4815=ORIENTED_EDGE('',*,*,#4814,.T.);
#4816=EDGE_LOOP('',(#4800,#4801,#4803,#4804,#4805,#4807,#4809,#4811,#4813,
#4815));
#4817=FACE_OUTER_BOUND('',#4816,.F.);
#4818=ADVANCED_FACE('',(#4817),#4799,.F.);
#4819=CARTESIAN_POINT('',(-2.35E0,-2.7E0,0.E0));
#4820=DIRECTION('',(0.E0,-1.E0,0.E0));
#4821=DIRECTION('',(1.E0,0.E0,0.E0));
#4822=AXIS2_PLACEMENT_3D('',#4819,#4820,#4821);
#4823=PLANE('',#4822);
#4824=ORIENTED_EDGE('',*,*,#4764,.F.);
#4825=ORIENTED_EDGE('',*,*,#4789,.F.);
#4826=ORIENTED_EDGE('',*,*,#4802,.F.);
#4827=ORIENTED_EDGE('',*,*,#4749,.F.);
#4828=EDGE_LOOP('',(#4824,#4825,#4826,#4827));
#4829=FACE_OUTER_BOUND('',#4828,.F.);
#4830=ADVANCED_FACE('',(#4829),#4823,.T.);
#4831=CARTESIAN_POINT('',(-2.35E0,-2.7E0,0.E0));
#4832=DIRECTION('',(0.E0,-1.E0,0.E0));
#4833=DIRECTION('',(1.E0,0.E0,0.E0));
#4834=AXIS2_PLACEMENT_3D('',#4831,#4832,#4833);
#4835=PLANE('',#4834);
#4837=ORIENTED_EDGE('',*,*,#4836,.F.);
#4839=ORIENTED_EDGE('',*,*,#4838,.F.);
#4841=ORIENTED_EDGE('',*,*,#4840,.F.);
#4843=ORIENTED_EDGE('',*,*,#4842,.F.);
#4844=EDGE_LOOP('',(#4837,#4839,#4841,#4843));
#4845=FACE_OUTER_BOUND('',#4844,.F.);
#4846=ADVANCED_FACE('',(#4845),#4835,.T.);
#4847=CARTESIAN_POINT('',(3.65E0,-2.95E0,2.5E-1));
#4848=DIRECTION('',(0.E0,0.E0,1.E0));
#4849=DIRECTION('',(-1.E0,0.E0,0.E0));
#4850=AXIS2_PLACEMENT_3D('',#4847,#4848,#4849);
#4851=PLANE('',#4850);
#4853=ORIENTED_EDGE('',*,*,#4852,.T.);
#4854=ORIENTED_EDGE('',*,*,#4836,.T.);
#4856=ORIENTED_EDGE('',*,*,#4855,.F.);
#4858=ORIENTED_EDGE('',*,*,#4857,.T.);
#4859=EDGE_LOOP('',(#4853,#4854,#4856,#4858));
#4860=FACE_OUTER_BOUND('',#4859,.F.);
#4861=ADVANCED_FACE('',(#4860),#4851,.F.);
#4862=CARTESIAN_POINT('',(3.65E0,-2.95E0,-2.5E-1));
#4863=DIRECTION('',(1.E0,0.E0,0.E0));
#4864=DIRECTION('',(0.E0,0.E0,1.E0));
#4865=AXIS2_PLACEMENT_3D('',#4862,#4863,#4864);
#4866=PLANE('',#4865);
#4867=ORIENTED_EDGE('',*,*,#4852,.F.);
#4869=ORIENTED_EDGE('',*,*,#4868,.T.);
#4871=ORIENTED_EDGE('',*,*,#4870,.T.);
#4873=ORIENTED_EDGE('',*,*,#4872,.F.);
#4875=ORIENTED_EDGE('',*,*,#4874,.F.);
#4877=ORIENTED_EDGE('',*,*,#4876,.T.);
#4879=ORIENTED_EDGE('',*,*,#4878,.T.);
#4881=ORIENTED_EDGE('',*,*,#4880,.T.);
#4883=ORIENTED_EDGE('',*,*,#4882,.T.);
#4884=ORIENTED_EDGE('',*,*,#4838,.T.);
#4885=EDGE_LOOP('',(#4867,#4869,#4871,#4873,#4875,#4877,#4879,#4881,#4883,
#4884));
#4886=FACE_OUTER_BOUND('',#4885,.F.);
#4887=ADVANCED_FACE('',(#4886),#4866,.F.);
#4888=CARTESIAN_POINT('',(3.65E0,-2.95E0,-1.3E0));
#4889=DIRECTION('',(0.E0,1.E0,0.E0));
#4890=DIRECTION('',(0.E0,0.E0,1.E0));
#4891=AXIS2_PLACEMENT_3D('',#4888,#4889,#4890);
#4892=PLANE('',#4891);
#4893=ORIENTED_EDGE('',*,*,#4857,.F.);
#4895=ORIENTED_EDGE('',*,*,#4894,.T.);
#4897=ORIENTED_EDGE('',*,*,#4896,.F.);
#4898=ORIENTED_EDGE('',*,*,#4868,.F.);
#4899=EDGE_LOOP('',(#4893,#4895,#4897,#4898));
#4900=FACE_OUTER_BOUND('',#4899,.F.);
#4902=ORIENTED_EDGE('',*,*,#4901,.F.);
#4904=ORIENTED_EDGE('',*,*,#4903,.T.);
#4906=ORIENTED_EDGE('',*,*,#4905,.T.);
#4908=ORIENTED_EDGE('',*,*,#4907,.F.);
#4909=EDGE_LOOP('',(#4902,#4904,#4906,#4908));
#4910=FACE_BOUND('',#4909,.F.);
#4911=ADVANCED_FACE('',(#4900,#4910),#4892,.F.);
#4912=CARTESIAN_POINT('',(3.65E0,-2.95E0,-1.3E0));
#4913=DIRECTION('',(0.E0,1.E0,0.E0));
#4914=DIRECTION('',(0.E0,0.E0,1.E0));
#4915=AXIS2_PLACEMENT_3D('',#4912,#4913,#4914);
#4916=PLANE('',#4915);
#4918=ORIENTED_EDGE('',*,*,#4917,.T.);
#4919=ORIENTED_EDGE('',*,*,#4880,.F.);
#4921=ORIENTED_EDGE('',*,*,#4920,.T.);
#4923=ORIENTED_EDGE('',*,*,#4922,.T.);
#4925=ORIENTED_EDGE('',*,*,#4924,.F.);
#4927=ORIENTED_EDGE('',*,*,#4926,.F.);
#4929=ORIENTED_EDGE('',*,*,#4928,.T.);
#4931=ORIENTED_EDGE('',*,*,#4930,.T.);
#4932=EDGE_LOOP('',(#4918,#4919,#4921,#4923,#4925,#4927,#4929,#4931));
#4933=FACE_OUTER_BOUND('',#4932,.F.);
#4934=ADVANCED_FACE('',(#4933),#4916,.F.);
#4935=CARTESIAN_POINT('',(2.75E0,0.E0,0.E0));
#4936=DIRECTION('',(1.E0,0.E0,0.E0));
#4937=DIRECTION('',(0.E0,0.E0,-1.E0));
#4938=AXIS2_PLACEMENT_3D('',#4935,#4936,#4937);
#4939=PLANE('',#4938);
#4941=ORIENTED_EDGE('',*,*,#4940,.F.);
#4943=ORIENTED_EDGE('',*,*,#4942,.T.);
#4944=ORIENTED_EDGE('',*,*,#4178,.T.);
#4946=ORIENTED_EDGE('',*,*,#4945,.T.);
#4947=EDGE_LOOP('',(#4941,#4943,#4944,#4946));
#4948=FACE_OUTER_BOUND('',#4947,.F.);
#4949=ADVANCED_FACE('',(#4948),#4939,.F.);
#4950=CARTESIAN_POINT('',(2.75E0,0.E0,0.E0));
#4951=DIRECTION('',(1.E0,0.E0,0.E0));
#4952=DIRECTION('',(0.E0,0.E0,-1.E0));
#4953=AXIS2_PLACEMENT_3D('',#4950,#4951,#4952);
#4954=PLANE('',#4953);
#4956=ORIENTED_EDGE('',*,*,#4955,.F.);
#4958=ORIENTED_EDGE('',*,*,#4957,.T.);
#4959=ORIENTED_EDGE('',*,*,#4188,.T.);
#4961=ORIENTED_EDGE('',*,*,#4960,.T.);
#4962=EDGE_LOOP('',(#4956,#4958,#4959,#4961));
#4963=FACE_OUTER_BOUND('',#4962,.F.);
#4964=ADVANCED_FACE('',(#4963),#4954,.F.);
#4965=CARTESIAN_POINT('',(2.75E0,0.E0,0.E0));
#4966=DIRECTION('',(1.E0,0.E0,0.E0));
#4967=DIRECTION('',(0.E0,0.E0,-1.E0));
#4968=AXIS2_PLACEMENT_3D('',#4965,#4966,#4967);
#4969=PLANE('',#4968);
#4971=ORIENTED_EDGE('',*,*,#4970,.F.);
#4973=ORIENTED_EDGE('',*,*,#4972,.T.);
#4975=ORIENTED_EDGE('',*,*,#4974,.T.);
#4977=ORIENTED_EDGE('',*,*,#4976,.T.);
#4978=ORIENTED_EDGE('',*,*,#4926,.T.);
#4980=ORIENTED_EDGE('',*,*,#4979,.T.);
#4982=ORIENTED_EDGE('',*,*,#4981,.T.);
#4983=EDGE_LOOP('',(#4971,#4973,#4975,#4977,#4978,#4980,#4982));
#4984=FACE_OUTER_BOUND('',#4983,.F.);
#4985=ADVANCED_FACE('',(#4984),#4969,.F.);
#4986=CARTESIAN_POINT('',(2.75E0,0.E0,0.E0));
#4987=DIRECTION('',(1.E0,0.E0,0.E0));
#4988=DIRECTION('',(0.E0,0.E0,-1.E0));
#4989=AXIS2_PLACEMENT_3D('',#4986,#4987,#4988);
#4990=PLANE('',#4989);
#4992=ORIENTED_EDGE('',*,*,#4991,.F.);
#4994=ORIENTED_EDGE('',*,*,#4993,.T.);
#4996=ORIENTED_EDGE('',*,*,#4995,.T.);
#4998=ORIENTED_EDGE('',*,*,#4997,.T.);
#4999=ORIENTED_EDGE('',*,*,#4901,.T.);
#5001=ORIENTED_EDGE('',*,*,#5000,.T.);
#5003=ORIENTED_EDGE('',*,*,#5002,.T.);
#5005=ORIENTED_EDGE('',*,*,#5004,.T.);
#5006=EDGE_LOOP('',(#4992,#4994,#4996,#4998,#4999,#5001,#5003,#5005));
#5007=FACE_OUTER_BOUND('',#5006,.F.);
#5008=ADVANCED_FACE('',(#5007),#4990,.F.);
#5009=CARTESIAN_POINT('',(2.825E0,2.6E0,-1.E0));
#5010=DIRECTION('',(-9.701425001453E-1,2.425356250363E-1,0.E0));
#5011=DIRECTION('',(2.425356250363E-1,9.701425001453E-1,0.E0));
#5012=AXIS2_PLACEMENT_3D('',#5009,#5010,#5011);
#5013=PLANE('',#5012);
#5014=ORIENTED_EDGE('',*,*,#4940,.T.);
#5016=ORIENTED_EDGE('',*,*,#5015,.F.);
#5018=ORIENTED_EDGE('',*,*,#5017,.F.);
#5020=ORIENTED_EDGE('',*,*,#5019,.T.);
#5021=EDGE_LOOP('',(#5014,#5016,#5018,#5020));
#5022=FACE_OUTER_BOUND('',#5021,.F.);
#5023=ADVANCED_FACE('',(#5022),#5013,.T.);
#5024=CARTESIAN_POINT('',(3.E0,2.6E0,-1.175E0));
#5025=DIRECTION('',(0.E0,2.425356250363E-1,-9.701425001453E-1));
#5026=DIRECTION('',(0.E0,-9.701425001453E-1,-2.425356250363E-1));
#5027=AXIS2_PLACEMENT_3D('',#5024,#5025,#5026);
#5028=PLANE('',#5027);
#5030=ORIENTED_EDGE('',*,*,#5029,.F.);
#5032=ORIENTED_EDGE('',*,*,#5031,.F.);
#5034=ORIENTED_EDGE('',*,*,#5033,.T.);
#5035=ORIENTED_EDGE('',*,*,#5015,.T.);
#5036=EDGE_LOOP('',(#5030,#5032,#5034,#5035));
#5037=FACE_OUTER_BOUND('',#5036,.F.);
#5038=ADVANCED_FACE('',(#5037),#5028,.T.);
#5039=CARTESIAN_POINT('',(2.75E0,-2.75E0,-1.25E0));
#5040=DIRECTION('',(0.E0,0.E0,-1.E0));
#5041=DIRECTION('',(0.E0,1.E0,0.E0));
#5042=AXIS2_PLACEMENT_3D('',#5039,#5040,#5041);
#5043=PLANE('',#5042);
#5044=ORIENTED_EDGE('',*,*,#5029,.T.);
#5045=ORIENTED_EDGE('',*,*,#4945,.F.);
#5046=ORIENTED_EDGE('',*,*,#4184,.T.);
#5048=ORIENTED_EDGE('',*,*,#5047,.T.);
#5049=EDGE_LOOP('',(#5044,#5045,#5046,#5048));
#5050=FACE_OUTER_BOUND('',#5049,.F.);
#5051=ADVANCED_FACE('',(#5050),#5043,.T.);
#5052=CARTESIAN_POINT('',(3.25E0,0.E0,0.E0));
#5053=DIRECTION('',(1.E0,0.E0,0.E0));
#5054=DIRECTION('',(0.E0,0.E0,-1.E0));
#5055=AXIS2_PLACEMENT_3D('',#5052,#5053,#5054);
#5056=PLANE('',#5055);
#5058=ORIENTED_EDGE('',*,*,#5057,.F.);
#5059=ORIENTED_EDGE('',*,*,#5047,.F.);
#5060=ORIENTED_EDGE('',*,*,#4182,.F.);
#5062=ORIENTED_EDGE('',*,*,#5061,.F.);
#5063=EDGE_LOOP('',(#5058,#5059,#5060,#5062));
#5064=FACE_OUTER_BOUND('',#5063,.F.);
#5065=ADVANCED_FACE('',(#5064),#5056,.T.);
#5066=CARTESIAN_POINT('',(3.25E0,0.E0,0.E0));
#5067=DIRECTION('',(1.E0,0.E0,0.E0));
#5068=DIRECTION('',(0.E0,0.E0,-1.E0));
#5069=AXIS2_PLACEMENT_3D('',#5066,#5067,#5068);
#5070=PLANE('',#5069);
#5072=ORIENTED_EDGE('',*,*,#5071,.F.);
#5074=ORIENTED_EDGE('',*,*,#5073,.F.);
#5075=ORIENTED_EDGE('',*,*,#4192,.F.);
#5077=ORIENTED_EDGE('',*,*,#5076,.F.);
#5078=EDGE_LOOP('',(#5072,#5074,#5075,#5077));
#5079=FACE_OUTER_BOUND('',#5078,.F.);
#5080=ADVANCED_FACE('',(#5079),#5070,.T.);
#5081=CARTESIAN_POINT('',(3.25E0,0.E0,0.E0));
#5082=DIRECTION('',(1.E0,0.E0,0.E0));
#5083=DIRECTION('',(0.E0,0.E0,-1.E0));
#5084=AXIS2_PLACEMENT_3D('',#5081,#5082,#5083);
#5085=PLANE('',#5084);
#5087=ORIENTED_EDGE('',*,*,#5086,.F.);
#5089=ORIENTED_EDGE('',*,*,#5088,.F.);
#5091=ORIENTED_EDGE('',*,*,#5090,.F.);
#5092=ORIENTED_EDGE('',*,*,#4922,.F.);
#5094=ORIENTED_EDGE('',*,*,#5093,.F.);
#5096=ORIENTED_EDGE('',*,*,#5095,.F.);
#5098=ORIENTED_EDGE('',*,*,#5097,.F.);
#5099=EDGE_LOOP('',(#5087,#5089,#5091,#5092,#5094,#5096,#5098));
#5100=FACE_OUTER_BOUND('',#5099,.F.);
#5101=ADVANCED_FACE('',(#5100),#5085,.T.);
#5102=CARTESIAN_POINT('',(3.25E0,0.E0,0.E0));
#5103=DIRECTION('',(1.E0,0.E0,0.E0));
#5104=DIRECTION('',(0.E0,0.E0,-1.E0));
#5105=AXIS2_PLACEMENT_3D('',#5102,#5103,#5104);
#5106=PLANE('',#5105);
#5108=ORIENTED_EDGE('',*,*,#5107,.F.);
#5110=ORIENTED_EDGE('',*,*,#5109,.F.);
#5112=ORIENTED_EDGE('',*,*,#5111,.F.);
#5114=ORIENTED_EDGE('',*,*,#5113,.F.);
#5115=ORIENTED_EDGE('',*,*,#4905,.F.);
#5117=ORIENTED_EDGE('',*,*,#5116,.F.);
#5119=ORIENTED_EDGE('',*,*,#5118,.F.);
#5121=ORIENTED_EDGE('',*,*,#5120,.F.);
#5122=EDGE_LOOP('',(#5108,#5110,#5112,#5114,#5115,#5117,#5119,#5121));
#5123=FACE_OUTER_BOUND('',#5122,.F.);
#5124=ADVANCED_FACE('',(#5123),#5106,.T.);
#5125=CARTESIAN_POINT('',(3.175E0,2.6E0,-1.E0));
#5126=DIRECTION('',(9.701425001453E-1,2.425356250363E-1,0.E0));
#5127=DIRECTION('',(-2.425356250363E-1,9.701425001453E-1,0.E0));
#5128=AXIS2_PLACEMENT_3D('',#5125,#5126,#5127);
#5129=PLANE('',#5128);
#5131=ORIENTED_EDGE('',*,*,#5130,.F.);
#5132=ORIENTED_EDGE('',*,*,#5031,.T.);
#5133=ORIENTED_EDGE('',*,*,#5057,.T.);
#5135=ORIENTED_EDGE('',*,*,#5134,.T.);
#5136=EDGE_LOOP('',(#5131,#5132,#5133,#5135));
#5137=FACE_OUTER_BOUND('',#5136,.F.);
#5138=ADVANCED_FACE('',(#5137),#5129,.T.);
#5139=CARTESIAN_POINT('',(2.75E0,2.9E0,-1.25E0));
#5140=DIRECTION('',(0.E0,1.E0,0.E0));
#5141=DIRECTION('',(0.E0,0.E0,1.E0));
#5142=AXIS2_PLACEMENT_3D('',#5139,#5140,#5141);
#5143=PLANE('',#5142);
#5145=ORIENTED_EDGE('',*,*,#5144,.T.);
#5146=ORIENTED_EDGE('',*,*,#5017,.T.);
#5147=ORIENTED_EDGE('',*,*,#5033,.F.);
#5148=ORIENTED_EDGE('',*,*,#5130,.T.);
#5149=EDGE_LOOP('',(#5145,#5146,#5147,#5148));
#5150=FACE_OUTER_BOUND('',#5149,.F.);
#5151=ADVANCED_FACE('',(#5150),#5143,.T.);
#5152=CARTESIAN_POINT('',(3.E0,2.6E0,-8.25E-1));
#5153=DIRECTION('',(0.E0,2.425356250363E-1,9.701425001453E-1));
#5154=DIRECTION('',(0.E0,9.701425001453E-1,-2.425356250363E-1));
#5155=AXIS2_PLACEMENT_3D('',#5152,#5153,#5154);
#5156=PLANE('',#5155);
#5158=ORIENTED_EDGE('',*,*,#5157,.T.);
#5159=ORIENTED_EDGE('',*,*,#5019,.F.);
#5160=ORIENTED_EDGE('',*,*,#5144,.F.);
#5161=ORIENTED_EDGE('',*,*,#5134,.F.);
#5162=EDGE_LOOP('',(#5158,#5159,#5160,#5161));
#5163=FACE_OUTER_BOUND('',#5162,.F.);
#5164=ADVANCED_FACE('',(#5163),#5156,.T.);
#5165=CARTESIAN_POINT('',(2.75E0,2.9E0,-7.5E-1));
#5166=DIRECTION('',(0.E0,0.E0,1.E0));
#5167=DIRECTION('',(0.E0,-1.E0,0.E0));
#5168=AXIS2_PLACEMENT_3D('',#5165,#5166,#5167);
#5169=PLANE('',#5168);
#5170=ORIENTED_EDGE('',*,*,#5157,.F.);
#5171=ORIENTED_EDGE('',*,*,#5061,.T.);
#5172=ORIENTED_EDGE('',*,*,#4180,.F.);
#5173=ORIENTED_EDGE('',*,*,#4942,.F.);
#5174=EDGE_LOOP('',(#5170,#5171,#5172,#5173));
#5175=FACE_OUTER_BOUND('',#5174,.F.);
#5176=ADVANCED_FACE('',(#5175),#5169,.T.);
#5177=CARTESIAN_POINT('',(3.175E0,2.6E0,1.E0));
#5178=DIRECTION('',(9.701425001453E-1,2.425356250363E-1,0.E0));
#5179=DIRECTION('',(-2.425356250363E-1,9.701425001453E-1,0.E0));
#5180=AXIS2_PLACEMENT_3D('',#5177,#5178,#5179);
#5181=PLANE('',#5180);
#5183=ORIENTED_EDGE('',*,*,#5182,.F.);
#5185=ORIENTED_EDGE('',*,*,#5184,.T.);
#5186=ORIENTED_EDGE('',*,*,#5071,.T.);
#5188=ORIENTED_EDGE('',*,*,#5187,.F.);
#5189=EDGE_LOOP('',(#5183,#5185,#5186,#5188));
#5190=FACE_OUTER_BOUND('',#5189,.F.);
#5191=ADVANCED_FACE('',(#5190),#5181,.T.);
#5192=CARTESIAN_POINT('',(2.75E0,2.9E0,7.5E-1));
#5193=DIRECTION('',(0.E0,1.E0,0.E0));
#5194=DIRECTION('',(0.E0,0.E0,1.E0));
#5195=AXIS2_PLACEMENT_3D('',#5192,#5193,#5194);
#5196=PLANE('',#5195);
#5198=ORIENTED_EDGE('',*,*,#5197,.T.);
#5200=ORIENTED_EDGE('',*,*,#5199,.T.);
#5202=ORIENTED_EDGE('',*,*,#5201,.F.);
#5203=ORIENTED_EDGE('',*,*,#5182,.T.);
#5204=EDGE_LOOP('',(#5198,#5200,#5202,#5203));
#5205=FACE_OUTER_BOUND('',#5204,.F.);
#5206=ADVANCED_FACE('',(#5205),#5196,.T.);
#5207=CARTESIAN_POINT('',(3.E0,2.6E0,1.175E0));
#5208=DIRECTION('',(0.E0,2.425356250363E-1,9.701425001453E-1));
#5209=DIRECTION('',(0.E0,9.701425001453E-1,-2.425356250363E-1));
#5210=AXIS2_PLACEMENT_3D('',#5207,#5208,#5209);
#5211=PLANE('',#5210);
#5213=ORIENTED_EDGE('',*,*,#5212,.T.);
#5215=ORIENTED_EDGE('',*,*,#5214,.F.);
#5216=ORIENTED_EDGE('',*,*,#5197,.F.);
#5217=ORIENTED_EDGE('',*,*,#5187,.T.);
#5218=EDGE_LOOP('',(#5213,#5215,#5216,#5217));
#5219=FACE_OUTER_BOUND('',#5218,.F.);
#5220=ADVANCED_FACE('',(#5219),#5211,.T.);
#5221=CARTESIAN_POINT('',(2.75E0,2.9E0,1.25E0));
#5222=DIRECTION('',(0.E0,0.E0,1.E0));
#5223=DIRECTION('',(0.E0,-1.E0,0.E0));
#5224=AXIS2_PLACEMENT_3D('',#5221,#5222,#5223);
#5225=PLANE('',#5224);
#5226=ORIENTED_EDGE('',*,*,#4907,.T.);
#5227=ORIENTED_EDGE('',*,*,#5113,.T.);
#5229=ORIENTED_EDGE('',*,*,#5228,.F.);
#5230=ORIENTED_EDGE('',*,*,#5000,.F.);
#5231=EDGE_LOOP('',(#5226,#5227,#5229,#5230));
#5232=FACE_OUTER_BOUND('',#5231,.F.);
#5233=ADVANCED_FACE('',(#5232),#5225,.T.);
#5234=CARTESIAN_POINT('',(2.75E0,2.9E0,1.25E0));
#5235=DIRECTION('',(0.E0,0.E0,1.E0));
#5236=DIRECTION('',(0.E0,-1.E0,0.E0));
#5237=AXIS2_PLACEMENT_3D('',#5234,#5235,#5236);
#5238=PLANE('',#5237);
#5239=ORIENTED_EDGE('',*,*,#5212,.F.);
#5240=ORIENTED_EDGE('',*,*,#5076,.T.);
#5241=ORIENTED_EDGE('',*,*,#4190,.F.);
#5242=ORIENTED_EDGE('',*,*,#4957,.F.);
#5243=EDGE_LOOP('',(#5239,#5240,#5241,#5242));
#5244=FACE_OUTER_BOUND('',#5243,.F.);
#5245=ADVANCED_FACE('',(#5244),#5238,.T.);
#5246=CARTESIAN_POINT('',(2.75E0,-4.75E0,5.5E-1));
#5247=DIRECTION('',(1.E0,0.E0,0.E0));
#5248=DIRECTION('',(0.E0,0.E0,-1.E0));
#5249=AXIS2_PLACEMENT_3D('',#5246,#5247,#5248);
#5250=CYLINDRICAL_SURFACE('',#5249,7.E-1);
#5251=ORIENTED_EDGE('',*,*,#5002,.F.);
#5252=ORIENTED_EDGE('',*,*,#5228,.T.);
#5253=ORIENTED_EDGE('',*,*,#5111,.T.);
#5255=ORIENTED_EDGE('',*,*,#5254,.F.);
#5256=EDGE_LOOP('',(#5251,#5252,#5253,#5255));
#5257=FACE_OUTER_BOUND('',#5256,.F.);
#5258=ADVANCED_FACE('',(#5257),#5250,.T.);
#5259=CARTESIAN_POINT('',(2.75E0,-5.45E0,5.5E-1));
#5260=DIRECTION('',(0.E0,-1.E0,0.E0));
#5261=DIRECTION('',(0.E0,0.E0,-1.E0));
#5262=AXIS2_PLACEMENT_3D('',#5259,#5260,#5261);
#5263=PLANE('',#5262);
#5265=ORIENTED_EDGE('',*,*,#5264,.T.);
#5266=ORIENTED_EDGE('',*,*,#5004,.F.);
#5267=ORIENTED_EDGE('',*,*,#5254,.T.);
#5268=ORIENTED_EDGE('',*,*,#5109,.T.);
#5269=EDGE_LOOP('',(#5265,#5266,#5267,#5268));
#5270=FACE_OUTER_BOUND('',#5269,.F.);
#5271=ADVANCED_FACE('',(#5270),#5263,.T.);
#5272=CARTESIAN_POINT('',(3.E0,-5.375E0,-5.01E0));
#5273=DIRECTION('',(0.E0,-9.701425001453E-1,-2.425356250363E-1));
#5274=DIRECTION('',(0.E0,-2.425356250363E-1,9.701425001453E-1));
#5275=AXIS2_PLACEMENT_3D('',#5272,#5273,#5274);
#5276=PLANE('',#5275);
#5278=ORIENTED_EDGE('',*,*,#5277,.T.);
#5279=ORIENTED_EDGE('',*,*,#5264,.F.);
#5281=ORIENTED_EDGE('',*,*,#5280,.F.);
#5283=ORIENTED_EDGE('',*,*,#5282,.T.);
#5284=EDGE_LOOP('',(#5278,#5279,#5281,#5283));
#5285=FACE_OUTER_BOUND('',#5284,.F.);
#5286=ADVANCED_FACE('',(#5285),#5276,.T.);
#5287=CARTESIAN_POINT('',(2.825E0,-5.2E0,-5.01E0));
#5288=DIRECTION('',(-9.701425001453E-1,0.E0,-2.425356250363E-1));
#5289=DIRECTION('',(2.425356250363E-1,0.E0,-9.701425001453E-1));
#5290=AXIS2_PLACEMENT_3D('',#5287,#5288,#5289);
#5291=PLANE('',#5290);
#5292=ORIENTED_EDGE('',*,*,#5277,.F.);
#5294=ORIENTED_EDGE('',*,*,#5293,.F.);
#5296=ORIENTED_EDGE('',*,*,#5295,.T.);
#5297=ORIENTED_EDGE('',*,*,#4991,.T.);
#5298=EDGE_LOOP('',(#5292,#5294,#5296,#5297));
#5299=FACE_OUTER_BOUND('',#5298,.F.);
#5300=ADVANCED_FACE('',(#5299),#5291,.T.);
#5301=CARTESIAN_POINT('',(2.75E0,-5.45E0,-5.31E0));
#5302=DIRECTION('',(0.E0,0.E0,-1.E0));
#5303=DIRECTION('',(0.E0,1.E0,0.E0));
#5304=AXIS2_PLACEMENT_3D('',#5301,#5302,#5303);
#5305=PLANE('',#5304);
#5307=ORIENTED_EDGE('',*,*,#5306,.T.);
#5308=ORIENTED_EDGE('',*,*,#5293,.T.);
#5309=ORIENTED_EDGE('',*,*,#5282,.F.);
#5311=ORIENTED_EDGE('',*,*,#5310,.T.);
#5312=EDGE_LOOP('',(#5307,#5308,#5309,#5311));
#5313=FACE_OUTER_BOUND('',#5312,.F.);
#5314=ADVANCED_FACE('',(#5313),#5305,.T.);
#5315=CARTESIAN_POINT('',(3.E0,-5.025E0,-5.01E0));
#5316=DIRECTION('',(0.E0,9.701425001453E-1,-2.425356250363E-1));
#5317=DIRECTION('',(0.E0,-2.425356250363E-1,-9.701425001453E-1));
#5318=AXIS2_PLACEMENT_3D('',#5315,#5316,#5317);
#5319=PLANE('',#5318);
#5320=ORIENTED_EDGE('',*,*,#5295,.F.);
#5321=ORIENTED_EDGE('',*,*,#5306,.F.);
#5323=ORIENTED_EDGE('',*,*,#5322,.F.);
#5325=ORIENTED_EDGE('',*,*,#5324,.T.);
#5326=EDGE_LOOP('',(#5320,#5321,#5323,#5325));
#5327=FACE_OUTER_BOUND('',#5326,.F.);
#5328=ADVANCED_FACE('',(#5327),#5319,.T.);
#5329=CARTESIAN_POINT('',(3.175E0,-5.2E0,-5.01E0));
#5330=DIRECTION('',(9.701425001453E-1,0.E0,-2.425356250363E-1));
#5331=DIRECTION('',(-2.425356250363E-1,0.E0,-9.701425001453E-1));
#5332=AXIS2_PLACEMENT_3D('',#5329,#5330,#5331);
#5333=PLANE('',#5332);
#5334=ORIENTED_EDGE('',*,*,#5280,.T.);
#5335=ORIENTED_EDGE('',*,*,#5107,.T.);
#5336=ORIENTED_EDGE('',*,*,#5322,.T.);
#5337=ORIENTED_EDGE('',*,*,#5310,.F.);
#5338=EDGE_LOOP('',(#5334,#5335,#5336,#5337));
#5339=FACE_OUTER_BOUND('',#5338,.F.);
#5340=ADVANCED_FACE('',(#5339),#5333,.T.);
#5341=CARTESIAN_POINT('',(2.75E0,-4.95E0,-5.31E0));
#5342=DIRECTION('',(0.E0,1.E0,0.E0));
#5343=DIRECTION('',(0.E0,0.E0,1.E0));
#5344=AXIS2_PLACEMENT_3D('',#5341,#5342,#5343);
#5345=PLANE('',#5344);
#5346=ORIENTED_EDGE('',*,*,#5324,.F.);
#5347=ORIENTED_EDGE('',*,*,#5120,.T.);
#5349=ORIENTED_EDGE('',*,*,#5348,.F.);
#5350=ORIENTED_EDGE('',*,*,#4993,.F.);
#5351=EDGE_LOOP('',(#5346,#5347,#5349,#5350));
#5352=FACE_OUTER_BOUND('',#5351,.F.);
#5353=ADVANCED_FACE('',(#5352),#5345,.T.);
#5354=CARTESIAN_POINT('',(2.75E0,-4.75E0,5.5E-1));
#5355=DIRECTION('',(1.E0,0.E0,0.E0));
#5356=DIRECTION('',(0.E0,0.E0,-1.E0));
#5357=AXIS2_PLACEMENT_3D('',#5354,#5355,#5356);
#5358=CYLINDRICAL_SURFACE('',#5357,2.E-1);
#5359=ORIENTED_EDGE('',*,*,#4995,.F.);
#5360=ORIENTED_EDGE('',*,*,#5348,.T.);
#5361=ORIENTED_EDGE('',*,*,#5118,.T.);
#5363=ORIENTED_EDGE('',*,*,#5362,.F.);
#5364=EDGE_LOOP('',(#5359,#5360,#5361,#5363));
#5365=FACE_OUTER_BOUND('',#5364,.F.);
#5366=ADVANCED_FACE('',(#5365),#5358,.F.);
#5367=CARTESIAN_POINT('',(2.75E0,-4.75E0,7.5E-1));
#5368=DIRECTION('',(0.E0,0.E0,-1.E0));
#5369=DIRECTION('',(0.E0,1.E0,0.E0));
#5370=AXIS2_PLACEMENT_3D('',#5367,#5368,#5369);
#5371=PLANE('',#5370);
#5372=ORIENTED_EDGE('',*,*,#4903,.F.);
#5373=ORIENTED_EDGE('',*,*,#4997,.F.);
#5374=ORIENTED_EDGE('',*,*,#5362,.T.);
#5375=ORIENTED_EDGE('',*,*,#5116,.T.);
#5376=EDGE_LOOP('',(#5372,#5373,#5374,#5375));
#5377=FACE_OUTER_BOUND('',#5376,.F.);
#5378=ADVANCED_FACE('',(#5377),#5371,.T.);
#5379=CARTESIAN_POINT('',(2.75E0,-4.75E0,7.5E-1));
#5380=DIRECTION('',(0.E0,0.E0,-1.E0));
#5381=DIRECTION('',(0.E0,1.E0,0.E0));
#5382=AXIS2_PLACEMENT_3D('',#5379,#5380,#5381);
#5383=PLANE('',#5382);
#5385=ORIENTED_EDGE('',*,*,#5384,.T.);
#5386=ORIENTED_EDGE('',*,*,#4960,.F.);
#5387=ORIENTED_EDGE('',*,*,#4194,.T.);
#5388=ORIENTED_EDGE('',*,*,#5073,.T.);
#5389=EDGE_LOOP('',(#5385,#5386,#5387,#5388));
#5390=FACE_OUTER_BOUND('',#5389,.F.);
#5391=ADVANCED_FACE('',(#5390),#5383,.T.);
#5392=CARTESIAN_POINT('',(3.E0,2.6E0,8.25E-1));
#5393=DIRECTION('',(0.E0,2.425356250363E-1,-9.701425001453E-1));
#5394=DIRECTION('',(0.E0,-9.701425001453E-1,-2.425356250363E-1));
#5395=AXIS2_PLACEMENT_3D('',#5392,#5393,#5394);
#5396=PLANE('',#5395);
#5397=ORIENTED_EDGE('',*,*,#5384,.F.);
#5398=ORIENTED_EDGE('',*,*,#5184,.F.);
#5399=ORIENTED_EDGE('',*,*,#5201,.T.);
#5401=ORIENTED_EDGE('',*,*,#5400,.T.);
#5402=EDGE_LOOP('',(#5397,#5398,#5399,#5401));
#5403=FACE_OUTER_BOUND('',#5402,.F.);
#5404=ADVANCED_FACE('',(#5403),#5396,.T.);
#5405=CARTESIAN_POINT('',(2.825E0,2.6E0,1.E0));
#5406=DIRECTION('',(-9.701425001453E-1,2.425356250363E-1,0.E0));
#5407=DIRECTION('',(2.425356250363E-1,9.701425001453E-1,0.E0));
#5408=AXIS2_PLACEMENT_3D('',#5405,#5406,#5407);
#5409=PLANE('',#5408);
#5410=ORIENTED_EDGE('',*,*,#4955,.T.);
#5411=ORIENTED_EDGE('',*,*,#5400,.F.);
#5412=ORIENTED_EDGE('',*,*,#5199,.F.);
#5413=ORIENTED_EDGE('',*,*,#5214,.T.);
#5414=EDGE_LOOP('',(#5410,#5411,#5412,#5413));
#5415=FACE_OUTER_BOUND('',#5414,.F.);
#5416=ADVANCED_FACE('',(#5415),#5409,.T.);
#5417=CARTESIAN_POINT('',(3.175E0,-3.2E0,-5.01E0));
#5418=DIRECTION('',(9.701425001453E-1,0.E0,-2.425356250363E-1));
#5419=DIRECTION('',(-2.425356250363E-1,0.E0,-9.701425001453E-1));
#5420=AXIS2_PLACEMENT_3D('',#5417,#5418,#5419);
#5421=PLANE('',#5420);
#5423=ORIENTED_EDGE('',*,*,#5422,.F.);
#5425=ORIENTED_EDGE('',*,*,#5424,.T.);
#5426=ORIENTED_EDGE('',*,*,#5086,.T.);
#5428=ORIENTED_EDGE('',*,*,#5427,.T.);
#5429=EDGE_LOOP('',(#5423,#5425,#5426,#5428));
#5430=FACE_OUTER_BOUND('',#5429,.F.);
#5431=ADVANCED_FACE('',(#5430),#5421,.T.);
#5432=CARTESIAN_POINT('',(2.75E0,-3.45E0,-5.31E0));
#5433=DIRECTION('',(0.E0,0.E0,-1.E0));
#5434=DIRECTION('',(0.E0,1.E0,0.E0));
#5435=AXIS2_PLACEMENT_3D('',#5432,#5433,#5434);
#5436=PLANE('',#5435);
#5438=ORIENTED_EDGE('',*,*,#5437,.T.);
#5440=ORIENTED_EDGE('',*,*,#5439,.T.);
#5442=ORIENTED_EDGE('',*,*,#5441,.F.);
#5443=ORIENTED_EDGE('',*,*,#5422,.T.);
#5444=EDGE_LOOP('',(#5438,#5440,#5442,#5443));
#5445=FACE_OUTER_BOUND('',#5444,.F.);
#5446=ADVANCED_FACE('',(#5445),#5436,.T.);
#5447=CARTESIAN_POINT('',(3.E0,-3.025E0,-5.01E0));
#5448=DIRECTION('',(0.E0,9.701425001453E-1,-2.425356250363E-1));
#5449=DIRECTION('',(0.E0,-2.425356250363E-1,-9.701425001453E-1));
#5450=AXIS2_PLACEMENT_3D('',#5447,#5448,#5449);
#5451=PLANE('',#5450);
#5453=ORIENTED_EDGE('',*,*,#5452,.T.);
#5455=ORIENTED_EDGE('',*,*,#5454,.F.);
#5456=ORIENTED_EDGE('',*,*,#5437,.F.);
#5457=ORIENTED_EDGE('',*,*,#5427,.F.);
#5458=EDGE_LOOP('',(#5453,#5455,#5456,#5457));
#5459=FACE_OUTER_BOUND('',#5458,.F.);
#5460=ADVANCED_FACE('',(#5459),#5451,.T.);
#5461=CARTESIAN_POINT('',(2.75E0,-2.95E0,-5.31E0));
#5462=DIRECTION('',(0.E0,1.E0,0.E0));
#5463=DIRECTION('',(0.E0,0.E0,1.E0));
#5464=AXIS2_PLACEMENT_3D('',#5461,#5462,#5463);
#5465=PLANE('',#5464);
#5466=ORIENTED_EDGE('',*,*,#5452,.F.);
#5467=ORIENTED_EDGE('',*,*,#5097,.T.);
#5469=ORIENTED_EDGE('',*,*,#5468,.F.);
#5470=ORIENTED_EDGE('',*,*,#4972,.F.);
#5471=EDGE_LOOP('',(#5466,#5467,#5469,#5470));
#5472=FACE_OUTER_BOUND('',#5471,.F.);
#5473=ADVANCED_FACE('',(#5472),#5465,.T.);
#5474=CARTESIAN_POINT('',(2.75E0,-2.75E0,-1.45E0));
#5475=DIRECTION('',(1.E0,0.E0,0.E0));
#5476=DIRECTION('',(0.E0,0.E0,-1.E0));
#5477=AXIS2_PLACEMENT_3D('',#5474,#5475,#5476);
#5478=CYLINDRICAL_SURFACE('',#5477,2.E-1);
#5480=ORIENTED_EDGE('',*,*,#5479,.F.);
#5481=ORIENTED_EDGE('',*,*,#4974,.F.);
#5482=ORIENTED_EDGE('',*,*,#5468,.T.);
#5483=ORIENTED_EDGE('',*,*,#5095,.T.);
#5484=EDGE_LOOP('',(#5480,#5481,#5482,#5483));
#5485=FACE_OUTER_BOUND('',#5484,.F.);
#5486=ADVANCED_FACE('',(#5485),#5478,.F.);
#5487=CARTESIAN_POINT('',(3.65E0,-2.545854811567E0,-2.E0));
#5488=DIRECTION('',(0.E0,8.660254037844E-1,5.E-1));
#5489=DIRECTION('',(0.E0,-5.E-1,8.660254037844E-1));
#5490=AXIS2_PLACEMENT_3D('',#5487,#5488,#5489);
#5491=PLANE('',#5490);
#5492=ORIENTED_EDGE('',*,*,#4976,.F.);
#5493=ORIENTED_EDGE('',*,*,#5479,.T.);
#5494=ORIENTED_EDGE('',*,*,#5093,.T.);
#5495=ORIENTED_EDGE('',*,*,#4920,.F.);
#5496=ORIENTED_EDGE('',*,*,#4878,.F.);
#5498=ORIENTED_EDGE('',*,*,#5497,.F.);
#5500=ORIENTED_EDGE('',*,*,#5499,.T.);
#5501=ORIENTED_EDGE('',*,*,#4928,.F.);
#5502=EDGE_LOOP('',(#5492,#5493,#5494,#5495,#5496,#5498,#5500,#5501));
#5503=FACE_OUTER_BOUND('',#5502,.F.);
#5504=ADVANCED_FACE('',(#5503),#5491,.F.);
#5505=CARTESIAN_POINT('',(4.5E0,-3.2E0,-2.E0));
#5506=DIRECTION('',(0.E0,0.E0,1.E0));
#5507=DIRECTION('',(-1.E0,0.E0,0.E0));
#5508=AXIS2_PLACEMENT_3D('',#5505,#5506,#5507);
#5509=PLANE('',#5508);
#5510=ORIENTED_EDGE('',*,*,#4876,.F.);
#5512=ORIENTED_EDGE('',*,*,#5511,.F.);
#5514=ORIENTED_EDGE('',*,*,#5513,.T.);
#5516=ORIENTED_EDGE('',*,*,#5515,.T.);
#5518=ORIENTED_EDGE('',*,*,#5517,.F.);
#5520=ORIENTED_EDGE('',*,*,#5519,.F.);
#5521=ORIENTED_EDGE('',*,*,#4770,.T.);
#5523=ORIENTED_EDGE('',*,*,#5522,.T.);
#5524=ORIENTED_EDGE('',*,*,#4812,.F.);
#5526=ORIENTED_EDGE('',*,*,#5525,.F.);
#5528=ORIENTED_EDGE('',*,*,#5527,.T.);
#5530=ORIENTED_EDGE('',*,*,#5529,.T.);
#5532=ORIENTED_EDGE('',*,*,#5531,.F.);
#5534=ORIENTED_EDGE('',*,*,#5533,.F.);
#5536=ORIENTED_EDGE('',*,*,#5535,.T.);
#5538=ORIENTED_EDGE('',*,*,#5537,.T.);
#5540=ORIENTED_EDGE('',*,*,#5539,.F.);
#5542=ORIENTED_EDGE('',*,*,#5541,.F.);
#5544=ORIENTED_EDGE('',*,*,#5543,.T.);
#5545=ORIENTED_EDGE('',*,*,#5497,.T.);
#5546=EDGE_LOOP('',(#5510,#5512,#5514,#5516,#5518,#5520,#5521,#5523,#5524,#5526,
#5528,#5530,#5532,#5534,#5536,#5538,#5540,#5542,#5544,#5545));
#5547=FACE_OUTER_BOUND('',#5546,.F.);
#5548=ADVANCED_FACE('',(#5547),#5509,.F.);
#5549=CARTESIAN_POINT('',(-5.325E0,-3.2E0,-3.15E0));
#5550=DIRECTION('',(0.E0,-1.E0,0.E0));
#5551=DIRECTION('',(1.E0,0.E0,0.E0));
#5552=AXIS2_PLACEMENT_3D('',#5549,#5550,#5551);
#5553=PLANE('',#5552);
#5555=ORIENTED_EDGE('',*,*,#5554,.T.);
#5556=ORIENTED_EDGE('',*,*,#4772,.F.);
#5557=ORIENTED_EDGE('',*,*,#5519,.T.);
#5559=ORIENTED_EDGE('',*,*,#5558,.T.);
#5560=EDGE_LOOP('',(#5555,#5556,#5557,#5559));
#5561=FACE_OUTER_BOUND('',#5560,.F.);
#5562=ADVANCED_FACE('',(#5561),#5553,.T.);
#5563=CARTESIAN_POINT('',(-5.325E0,-3.2E0,-3.15E0));
#5564=DIRECTION('',(0.E0,-1.E0,0.E0));
#5565=DIRECTION('',(1.E0,0.E0,0.E0));
#5566=AXIS2_PLACEMENT_3D('',#5563,#5564,#5565);
#5567=PLANE('',#5566);
#5569=ORIENTED_EDGE('',*,*,#5568,.F.);
#5570=ORIENTED_EDGE('',*,*,#5525,.T.);
#5571=ORIENTED_EDGE('',*,*,#4810,.T.);
#5573=ORIENTED_EDGE('',*,*,#5572,.T.);
#5574=EDGE_LOOP('',(#5569,#5570,#5571,#5573));
#5575=FACE_OUTER_BOUND('',#5574,.F.);
#5576=ADVANCED_FACE('',(#5575),#5567,.T.);
#5577=CARTESIAN_POINT('',(-5.325E0,-3.2E0,-3.15E0));
#5578=DIRECTION('',(0.E0,-1.E0,0.E0));
#5579=DIRECTION('',(1.E0,0.E0,0.E0));
#5580=AXIS2_PLACEMENT_3D('',#5577,#5578,#5579);
#5581=PLANE('',#5580);
#5582=ORIENTED_EDGE('',*,*,#4874,.T.);
#5584=ORIENTED_EDGE('',*,*,#5583,.T.);
#5586=ORIENTED_EDGE('',*,*,#5585,.T.);
#5587=ORIENTED_EDGE('',*,*,#5511,.T.);
#5588=EDGE_LOOP('',(#5582,#5584,#5586,#5587));
#5589=FACE_OUTER_BOUND('',#5588,.F.);
#5590=ADVANCED_FACE('',(#5589),#5581,.T.);
#5591=CARTESIAN_POINT('',(-5.325E0,-3.2E0,-3.15E0));
#5592=DIRECTION('',(0.E0,-1.E0,0.E0));
#5593=DIRECTION('',(1.E0,0.E0,0.E0));
#5594=AXIS2_PLACEMENT_3D('',#5591,#5592,#5593);
#5595=PLANE('',#5594);
#5597=ORIENTED_EDGE('',*,*,#5596,.F.);
#5598=ORIENTED_EDGE('',*,*,#5541,.T.);
#5600=ORIENTED_EDGE('',*,*,#5599,.T.);
#5602=ORIENTED_EDGE('',*,*,#5601,.T.);
#5603=EDGE_LOOP('',(#5597,#5598,#5600,#5602));
#5604=FACE_OUTER_BOUND('',#5603,.F.);
#5605=ADVANCED_FACE('',(#5604),#5595,.T.);
#5606=CARTESIAN_POINT('',(-5.325E0,-3.2E0,-3.15E0));
#5607=DIRECTION('',(0.E0,-1.E0,0.E0));
#5608=DIRECTION('',(1.E0,0.E0,0.E0));
#5609=AXIS2_PLACEMENT_3D('',#5606,#5607,#5608);
#5610=PLANE('',#5609);
#5612=ORIENTED_EDGE('',*,*,#5611,.T.);
#5614=ORIENTED_EDGE('',*,*,#5613,.F.);
#5615=ORIENTED_EDGE('',*,*,#5533,.T.);
#5617=ORIENTED_EDGE('',*,*,#5616,.T.);
#5618=EDGE_LOOP('',(#5612,#5614,#5615,#5617));
#5619=FACE_OUTER_BOUND('',#5618,.F.);
#5620=ADVANCED_FACE('',(#5619),#5610,.T.);
#5621=CARTESIAN_POINT('',(-5.325E0,-3.2E0,-3.15E0));
#5622=DIRECTION('',(0.E0,-1.E0,0.E0));
#5623=DIRECTION('',(1.E0,0.E0,0.E0));
#5624=AXIS2_PLACEMENT_3D('',#5621,#5622,#5623);
#5625=PLANE('',#5624);
#5627=ORIENTED_EDGE('',*,*,#5626,.T.);
#5629=ORIENTED_EDGE('',*,*,#5628,.T.);
#5631=ORIENTED_EDGE('',*,*,#5630,.T.);
#5633=ORIENTED_EDGE('',*,*,#5632,.F.);
#5634=EDGE_LOOP('',(#5627,#5629,#5631,#5633));
#5635=FACE_OUTER_BOUND('',#5634,.F.);
#5636=ADVANCED_FACE('',(#5635),#5625,.T.);
#5637=CARTESIAN_POINT('',(-4.5E0,-3.2E0,2.E0));
#5638=DIRECTION('',(0.E0,0.E0,-1.E0));
#5639=DIRECTION('',(1.E0,0.E0,0.E0));
#5640=AXIS2_PLACEMENT_3D('',#5637,#5638,#5639);
#5641=PLANE('',#5640);
#5642=ORIENTED_EDGE('',*,*,#4872,.T.);
#5644=ORIENTED_EDGE('',*,*,#5643,.F.);
#5646=ORIENTED_EDGE('',*,*,#5645,.F.);
#5647=ORIENTED_EDGE('',*,*,#5601,.F.);
#5649=ORIENTED_EDGE('',*,*,#5648,.T.);
#5651=ORIENTED_EDGE('',*,*,#5650,.F.);
#5653=ORIENTED_EDGE('',*,*,#5652,.F.);
#5654=ORIENTED_EDGE('',*,*,#5630,.F.);
#5656=ORIENTED_EDGE('',*,*,#5655,.T.);
#5658=ORIENTED_EDGE('',*,*,#5657,.F.);
#5660=ORIENTED_EDGE('',*,*,#5659,.F.);
#5661=ORIENTED_EDGE('',*,*,#5572,.F.);
#5662=ORIENTED_EDGE('',*,*,#4808,.T.);
#5664=ORIENTED_EDGE('',*,*,#5663,.F.);
#5665=ORIENTED_EDGE('',*,*,#4774,.F.);
#5666=ORIENTED_EDGE('',*,*,#5554,.F.);
#5668=ORIENTED_EDGE('',*,*,#5667,.T.);
#5670=ORIENTED_EDGE('',*,*,#5669,.T.);
#5672=ORIENTED_EDGE('',*,*,#5671,.F.);
#5673=ORIENTED_EDGE('',*,*,#5583,.F.);
#5674=EDGE_LOOP('',(#5642,#5644,#5646,#5647,#5649,#5651,#5653,#5654,#5656,#5658,
#5660,#5661,#5662,#5664,#5665,#5666,#5668,#5670,#5672,#5673));
#5675=FACE_OUTER_BOUND('',#5674,.F.);
#5676=ADVANCED_FACE('',(#5675),#5641,.F.);
#5677=CARTESIAN_POINT('',(3.65E0,-2.95E0,1.3E0));
#5678=DIRECTION('',(0.E0,8.660254037844E-1,-5.E-1));
#5679=DIRECTION('',(0.E0,5.E-1,8.660254037844E-1));
#5680=AXIS2_PLACEMENT_3D('',#5677,#5678,#5679);
#5681=PLANE('',#5680);
#5682=ORIENTED_EDGE('',*,*,#5643,.T.);
#5683=ORIENTED_EDGE('',*,*,#4870,.F.);
#5684=ORIENTED_EDGE('',*,*,#4896,.T.);
#5686=ORIENTED_EDGE('',*,*,#5685,.T.);
#5687=EDGE_LOOP('',(#5682,#5683,#5684,#5686));
#5688=FACE_OUTER_BOUND('',#5687,.F.);
#5689=ADVANCED_FACE('',(#5688),#5681,.F.);
#5690=CARTESIAN_POINT('',(2.35E0,-2.95E0,2.5E-1));
#5691=DIRECTION('',(-1.E0,0.E0,0.E0));
#5692=DIRECTION('',(0.E0,0.E0,-1.E0));
#5693=AXIS2_PLACEMENT_3D('',#5690,#5691,#5692);
#5694=PLANE('',#5693);
#5696=ORIENTED_EDGE('',*,*,#5695,.F.);
#5697=ORIENTED_EDGE('',*,*,#4930,.F.);
#5698=ORIENTED_EDGE('',*,*,#5499,.F.);
#5699=ORIENTED_EDGE('',*,*,#5543,.F.);
#5700=ORIENTED_EDGE('',*,*,#5596,.T.);
#5701=ORIENTED_EDGE('',*,*,#5645,.T.);
#5702=ORIENTED_EDGE('',*,*,#5685,.F.);
#5703=ORIENTED_EDGE('',*,*,#4894,.F.);
#5704=ORIENTED_EDGE('',*,*,#4855,.T.);
#5705=ORIENTED_EDGE('',*,*,#4842,.T.);
#5706=EDGE_LOOP('',(#5696,#5697,#5698,#5699,#5700,#5701,#5702,#5703,#5704,
#5705));
#5707=FACE_OUTER_BOUND('',#5706,.F.);
#5708=ADVANCED_FACE('',(#5707),#5694,.F.);
#5709=CARTESIAN_POINT('',(2.35E0,-2.95E0,-2.5E-1));
#5710=DIRECTION('',(0.E0,0.E0,-1.E0));
#5711=DIRECTION('',(1.E0,0.E0,0.E0));
#5712=AXIS2_PLACEMENT_3D('',#5709,#5710,#5711);
#5713=PLANE('',#5712);
#5714=ORIENTED_EDGE('',*,*,#5695,.T.);
#5715=ORIENTED_EDGE('',*,*,#4840,.T.);
#5716=ORIENTED_EDGE('',*,*,#4882,.F.);
#5717=ORIENTED_EDGE('',*,*,#4917,.F.);
#5718=EDGE_LOOP('',(#5714,#5715,#5716,#5717));
#5719=FACE_OUTER_BOUND('',#5718,.F.);
#5720=ADVANCED_FACE('',(#5719),#5713,.F.);
#5721=CARTESIAN_POINT('',(1.65E0,-3.2E0,-2.5E-1));
#5722=DIRECTION('',(1.E0,0.E0,0.E0));
#5723=DIRECTION('',(0.E0,0.E0,1.E0));
#5724=AXIS2_PLACEMENT_3D('',#5721,#5722,#5723);
#5725=PLANE('',#5724);
#5727=ORIENTED_EDGE('',*,*,#5726,.F.);
#5729=ORIENTED_EDGE('',*,*,#5728,.T.);
#5731=ORIENTED_EDGE('',*,*,#5730,.T.);
#5732=ORIENTED_EDGE('',*,*,#5648,.F.);
#5733=ORIENTED_EDGE('',*,*,#5599,.F.);
#5734=ORIENTED_EDGE('',*,*,#5539,.T.);
#5736=ORIENTED_EDGE('',*,*,#5735,.T.);
#5738=ORIENTED_EDGE('',*,*,#5737,.T.);
#5740=ORIENTED_EDGE('',*,*,#5739,.T.);
#5742=ORIENTED_EDGE('',*,*,#5741,.T.);
#5743=EDGE_LOOP('',(#5727,#5729,#5731,#5732,#5733,#5734,#5736,#5738,#5740,
#5742));
#5744=FACE_OUTER_BOUND('',#5743,.F.);
#5745=ADVANCED_FACE('',(#5744),#5725,.F.);
#5746=CARTESIAN_POINT('',(1.65E0,-3.2E0,2.5E-1));
#5747=DIRECTION('',(0.E0,0.E0,1.E0));
#5748=DIRECTION('',(-1.E0,0.E0,0.E0));
#5749=AXIS2_PLACEMENT_3D('',#5746,#5747,#5748);
#5750=PLANE('',#5749);
#5751=ORIENTED_EDGE('',*,*,#5626,.F.);
#5753=ORIENTED_EDGE('',*,*,#5752,.T.);
#5755=ORIENTED_EDGE('',*,*,#5754,.T.);
#5756=ORIENTED_EDGE('',*,*,#5726,.T.);
#5758=ORIENTED_EDGE('',*,*,#5757,.T.);
#5760=ORIENTED_EDGE('',*,*,#5759,.F.);
#5762=ORIENTED_EDGE('',*,*,#5761,.T.);
#5764=ORIENTED_EDGE('',*,*,#5763,.F.);
#5765=EDGE_LOOP('',(#5751,#5753,#5755,#5756,#5758,#5760,#5762,#5764));
#5766=FACE_OUTER_BOUND('',#5765,.F.);
#5767=ADVANCED_FACE('',(#5766),#5750,.F.);
#5768=CARTESIAN_POINT('',(3.5E-1,0.E0,0.E0));
#5769=DIRECTION('',(1.E0,0.E0,0.E0));
#5770=DIRECTION('',(0.E0,0.E0,-1.E0));
#5771=AXIS2_PLACEMENT_3D('',#5768,#5769,#5770);
#5772=PLANE('',#5771);
#5774=ORIENTED_EDGE('',*,*,#5773,.T.);
#5776=ORIENTED_EDGE('',*,*,#5775,.F.);
#5778=ORIENTED_EDGE('',*,*,#5777,.F.);
#5779=ORIENTED_EDGE('',*,*,#5535,.F.);
#5780=ORIENTED_EDGE('',*,*,#5613,.T.);
#5781=EDGE_LOOP('',(#5774,#5776,#5778,#5779,#5780));
#5782=FACE_OUTER_BOUND('',#5781,.F.);
#5783=ADVANCED_FACE('',(#5782),#5772,.T.);
#5784=CARTESIAN_POINT('',(3.5E-1,0.E0,0.E0));
#5785=DIRECTION('',(1.E0,0.E0,0.E0));
#5786=DIRECTION('',(0.E0,0.E0,-1.E0));
#5787=AXIS2_PLACEMENT_3D('',#5784,#5785,#5786);
#5788=PLANE('',#5787);
#5789=ORIENTED_EDGE('',*,*,#5752,.F.);
#5790=ORIENTED_EDGE('',*,*,#5632,.T.);
#5791=ORIENTED_EDGE('',*,*,#5652,.T.);
#5793=ORIENTED_EDGE('',*,*,#5792,.F.);
#5795=ORIENTED_EDGE('',*,*,#5794,.F.);
#5796=EDGE_LOOP('',(#5789,#5790,#5791,#5793,#5795));
#5797=FACE_OUTER_BOUND('',#5796,.F.);
#5798=ADVANCED_FACE('',(#5797),#5788,.T.);
#5799=CARTESIAN_POINT('',(-1.65E0,-3.2E0,-2.5E-1));
#5800=DIRECTION('',(0.E0,0.E0,-1.E0));
#5801=DIRECTION('',(1.E0,0.E0,0.E0));
#5802=AXIS2_PLACEMENT_3D('',#5799,#5800,#5801);
#5803=PLANE('',#5802);
#5804=ORIENTED_EDGE('',*,*,#5611,.F.);
#5806=ORIENTED_EDGE('',*,*,#5805,.T.);
#5808=ORIENTED_EDGE('',*,*,#5807,.F.);
#5810=ORIENTED_EDGE('',*,*,#5809,.T.);
#5812=ORIENTED_EDGE('',*,*,#5811,.T.);
#5813=ORIENTED_EDGE('',*,*,#5739,.F.);
#5815=ORIENTED_EDGE('',*,*,#5814,.F.);
#5816=ORIENTED_EDGE('',*,*,#5773,.F.);
#5817=EDGE_LOOP('',(#5804,#5806,#5808,#5810,#5812,#5813,#5815,#5816));
#5818=FACE_OUTER_BOUND('',#5817,.F.);
#5819=ADVANCED_FACE('',(#5818),#5803,.F.);
#5820=CARTESIAN_POINT('',(-3.5E-1,0.E0,0.E0));
#5821=DIRECTION('',(1.E0,0.E0,0.E0));
#5822=DIRECTION('',(0.E0,0.E0,-1.E0));
#5823=AXIS2_PLACEMENT_3D('',#5820,#5821,#5822);
#5824=PLANE('',#5823);
#5825=ORIENTED_EDGE('',*,*,#5805,.F.);
#5826=ORIENTED_EDGE('',*,*,#5616,.F.);
#5827=ORIENTED_EDGE('',*,*,#5531,.T.);
#5829=ORIENTED_EDGE('',*,*,#5828,.T.);
#5831=ORIENTED_EDGE('',*,*,#5830,.T.);
#5832=EDGE_LOOP('',(#5825,#5826,#5827,#5829,#5831));
#5833=FACE_OUTER_BOUND('',#5832,.F.);
#5834=ADVANCED_FACE('',(#5833),#5824,.F.);
#5835=CARTESIAN_POINT('',(-3.5E-1,0.E0,0.E0));
#5836=DIRECTION('',(1.E0,0.E0,0.E0));
#5837=DIRECTION('',(0.E0,0.E0,-1.E0));
#5838=AXIS2_PLACEMENT_3D('',#5835,#5836,#5837);
#5839=PLANE('',#5838);
#5840=ORIENTED_EDGE('',*,*,#5763,.T.);
#5842=ORIENTED_EDGE('',*,*,#5841,.T.);
#5844=ORIENTED_EDGE('',*,*,#5843,.T.);
#5845=ORIENTED_EDGE('',*,*,#5655,.F.);
#5846=ORIENTED_EDGE('',*,*,#5628,.F.);
#5847=EDGE_LOOP('',(#5840,#5842,#5844,#5845,#5846));
#5848=FACE_OUTER_BOUND('',#5847,.F.);
#5849=ADVANCED_FACE('',(#5848),#5839,.F.);
#5850=CARTESIAN_POINT('',(-3.5E-1,-2.545854811567E0,-2.E0));
#5851=DIRECTION('',(0.E0,8.660254037844E-1,5.E-1));
#5852=DIRECTION('',(0.E0,-5.E-1,8.660254037844E-1));
#5853=AXIS2_PLACEMENT_3D('',#5850,#5851,#5852);
#5854=PLANE('',#5853);
#5856=ORIENTED_EDGE('',*,*,#5855,.F.);
#5858=ORIENTED_EDGE('',*,*,#5857,.T.);
#5860=ORIENTED_EDGE('',*,*,#5859,.T.);
#5862=ORIENTED_EDGE('',*,*,#5861,.F.);
#5863=ORIENTED_EDGE('',*,*,#5828,.F.);
#5864=ORIENTED_EDGE('',*,*,#5529,.F.);
#5866=ORIENTED_EDGE('',*,*,#5865,.T.);
#5868=ORIENTED_EDGE('',*,*,#5867,.F.);
#5869=EDGE_LOOP('',(#5856,#5858,#5860,#5862,#5863,#5864,#5866,#5868));
#5870=FACE_OUTER_BOUND('',#5869,.F.);
#5871=ADVANCED_FACE('',(#5870),#5854,.F.);
#5872=CARTESIAN_POINT('',(-1.25E0,0.E0,0.E0));
#5873=DIRECTION('',(1.E0,0.E0,0.E0));
#5874=DIRECTION('',(0.E0,0.E0,-1.E0));
#5875=AXIS2_PLACEMENT_3D('',#5872,#5873,#5874);
#5876=PLANE('',#5875);
#5878=ORIENTED_EDGE('',*,*,#5877,.F.);
#5880=ORIENTED_EDGE('',*,*,#5879,.T.);
#5881=ORIENTED_EDGE('',*,*,#4138,.T.);
#5883=ORIENTED_EDGE('',*,*,#5882,.T.);
#5884=EDGE_LOOP('',(#5878,#5880,#5881,#5883));
#5885=FACE_OUTER_BOUND('',#5884,.F.);
#5886=ADVANCED_FACE('',(#5885),#5876,.F.);
#5887=CARTESIAN_POINT('',(-1.25E0,0.E0,0.E0));
#5888=DIRECTION('',(1.E0,0.E0,0.E0));
#5889=DIRECTION('',(0.E0,0.E0,-1.E0));
#5890=AXIS2_PLACEMENT_3D('',#5887,#5888,#5889);
#5891=PLANE('',#5890);
#5893=ORIENTED_EDGE('',*,*,#5892,.F.);
#5895=ORIENTED_EDGE('',*,*,#5894,.T.);
#5896=ORIENTED_EDGE('',*,*,#4148,.T.);
#5898=ORIENTED_EDGE('',*,*,#5897,.T.);
#5899=EDGE_LOOP('',(#5893,#5895,#5896,#5898));
#5900=FACE_OUTER_BOUND('',#5899,.F.);
#5901=ADVANCED_FACE('',(#5900),#5891,.F.);
#5902=CARTESIAN_POINT('',(-1.25E0,0.E0,0.E0));
#5903=DIRECTION('',(1.E0,0.E0,0.E0));
#5904=DIRECTION('',(0.E0,0.E0,-1.E0));
#5905=AXIS2_PLACEMENT_3D('',#5902,#5903,#5904);
#5906=PLANE('',#5905);
#5908=ORIENTED_EDGE('',*,*,#5907,.F.);
#5910=ORIENTED_EDGE('',*,*,#5909,.T.);
#5912=ORIENTED_EDGE('',*,*,#5911,.T.);
#5913=ORIENTED_EDGE('',*,*,#5855,.T.);
#5915=ORIENTED_EDGE('',*,*,#5914,.T.);
#5917=ORIENTED_EDGE('',*,*,#5916,.T.);
#5919=ORIENTED_EDGE('',*,*,#5918,.T.);
#5920=EDGE_LOOP('',(#5908,#5910,#5912,#5913,#5915,#5917,#5919));
#5921=FACE_OUTER_BOUND('',#5920,.F.);
#5922=ADVANCED_FACE('',(#5921),#5906,.F.);
#5923=CARTESIAN_POINT('',(-1.25E0,0.E0,0.E0));
#5924=DIRECTION('',(1.E0,0.E0,0.E0));
#5925=DIRECTION('',(0.E0,0.E0,-1.E0));
#5926=AXIS2_PLACEMENT_3D('',#5923,#5924,#5925);
#5927=PLANE('',#5926);
#5929=ORIENTED_EDGE('',*,*,#5928,.F.);
#5931=ORIENTED_EDGE('',*,*,#5930,.T.);
#5933=ORIENTED_EDGE('',*,*,#5932,.T.);
#5935=ORIENTED_EDGE('',*,*,#5934,.T.);
#5937=ORIENTED_EDGE('',*,*,#5936,.T.);
#5939=ORIENTED_EDGE('',*,*,#5938,.T.);
#5941=ORIENTED_EDGE('',*,*,#5940,.T.);
#5943=ORIENTED_EDGE('',*,*,#5942,.T.);
#5944=EDGE_LOOP('',(#5929,#5931,#5933,#5935,#5937,#5939,#5941,#5943));
#5945=FACE_OUTER_BOUND('',#5944,.F.);
#5946=ADVANCED_FACE('',(#5945),#5927,.F.);
#5947=CARTESIAN_POINT('',(-1.175E0,2.6E0,-1.E0));
#5948=DIRECTION('',(-9.701425001453E-1,2.425356250363E-1,0.E0));
#5949=DIRECTION('',(2.425356250363E-1,9.701425001453E-1,0.E0));
#5950=AXIS2_PLACEMENT_3D('',#5947,#5948,#5949);
#5951=PLANE('',#5950);
#5952=ORIENTED_EDGE('',*,*,#5877,.T.);
#5954=ORIENTED_EDGE('',*,*,#5953,.F.);
#5956=ORIENTED_EDGE('',*,*,#5955,.F.);
#5958=ORIENTED_EDGE('',*,*,#5957,.T.);
#5959=EDGE_LOOP('',(#5952,#5954,#5956,#5958));
#5960=FACE_OUTER_BOUND('',#5959,.F.);
#5961=ADVANCED_FACE('',(#5960),#5951,.T.);
#5962=CARTESIAN_POINT('',(-1.E0,2.6E0,-1.175E0));
#5963=DIRECTION('',(0.E0,2.425356250363E-1,-9.701425001453E-1));
#5964=DIRECTION('',(0.E0,-9.701425001453E-1,-2.425356250363E-1));
#5965=AXIS2_PLACEMENT_3D('',#5962,#5963,#5964);
#5966=PLANE('',#5965);
#5968=ORIENTED_EDGE('',*,*,#5967,.F.);
#5970=ORIENTED_EDGE('',*,*,#5969,.F.);
#5972=ORIENTED_EDGE('',*,*,#5971,.T.);
#5973=ORIENTED_EDGE('',*,*,#5953,.T.);
#5974=EDGE_LOOP('',(#5968,#5970,#5972,#5973));
#5975=FACE_OUTER_BOUND('',#5974,.F.);
#5976=ADVANCED_FACE('',(#5975),#5966,.T.);
#5977=CARTESIAN_POINT('',(-1.25E0,-2.75E0,-1.25E0));
#5978=DIRECTION('',(0.E0,0.E0,-1.E0));
#5979=DIRECTION('',(0.E0,1.E0,0.E0));
#5980=AXIS2_PLACEMENT_3D('',#5977,#5978,#5979);
#5981=PLANE('',#5980);
#5982=ORIENTED_EDGE('',*,*,#5967,.T.);
#5983=ORIENTED_EDGE('',*,*,#5882,.F.);
#5984=ORIENTED_EDGE('',*,*,#4144,.T.);
#5986=ORIENTED_EDGE('',*,*,#5985,.T.);
#5987=EDGE_LOOP('',(#5982,#5983,#5984,#5986));
#5988=FACE_OUTER_BOUND('',#5987,.F.);
#5989=ADVANCED_FACE('',(#5988),#5981,.T.);
#5990=CARTESIAN_POINT('',(-7.5E-1,0.E0,0.E0));
#5991=DIRECTION('',(1.E0,0.E0,0.E0));
#5992=DIRECTION('',(0.E0,0.E0,-1.E0));
#5993=AXIS2_PLACEMENT_3D('',#5990,#5991,#5992);
#5994=PLANE('',#5993);
#5996=ORIENTED_EDGE('',*,*,#5995,.F.);
#5997=ORIENTED_EDGE('',*,*,#5985,.F.);
#5998=ORIENTED_EDGE('',*,*,#4142,.F.);
#6000=ORIENTED_EDGE('',*,*,#5999,.F.);
#6001=EDGE_LOOP('',(#5996,#5997,#5998,#6000));
#6002=FACE_OUTER_BOUND('',#6001,.F.);
#6003=ADVANCED_FACE('',(#6002),#5994,.T.);
#6004=CARTESIAN_POINT('',(-7.5E-1,0.E0,0.E0));
#6005=DIRECTION('',(1.E0,0.E0,0.E0));
#6006=DIRECTION('',(0.E0,0.E0,-1.E0));
#6007=AXIS2_PLACEMENT_3D('',#6004,#6005,#6006);
#6008=PLANE('',#6007);
#6010=ORIENTED_EDGE('',*,*,#6009,.F.);
#6012=ORIENTED_EDGE('',*,*,#6011,.F.);
#6013=ORIENTED_EDGE('',*,*,#4152,.F.);
#6015=ORIENTED_EDGE('',*,*,#6014,.F.);
#6016=EDGE_LOOP('',(#6010,#6012,#6013,#6015));
#6017=FACE_OUTER_BOUND('',#6016,.F.);
#6018=ADVANCED_FACE('',(#6017),#6008,.T.);
#6019=CARTESIAN_POINT('',(-7.5E-1,0.E0,0.E0));
#6020=DIRECTION('',(1.E0,0.E0,0.E0));
#6021=DIRECTION('',(0.E0,0.E0,-1.E0));
#6022=AXIS2_PLACEMENT_3D('',#6019,#6020,#6021);
#6023=PLANE('',#6022);
#6025=ORIENTED_EDGE('',*,*,#6024,.F.);
#6027=ORIENTED_EDGE('',*,*,#6026,.F.);
#6029=ORIENTED_EDGE('',*,*,#6028,.F.);
#6031=ORIENTED_EDGE('',*,*,#6030,.F.);
#6032=ORIENTED_EDGE('',*,*,#5859,.F.);
#6034=ORIENTED_EDGE('',*,*,#6033,.F.);
#6036=ORIENTED_EDGE('',*,*,#6035,.F.);
#6037=EDGE_LOOP('',(#6025,#6027,#6029,#6031,#6032,#6034,#6036));
#6038=FACE_OUTER_BOUND('',#6037,.F.);
#6039=ADVANCED_FACE('',(#6038),#6023,.T.);
#6040=CARTESIAN_POINT('',(-7.5E-1,0.E0,0.E0));
#6041=DIRECTION('',(1.E0,0.E0,0.E0));
#6042=DIRECTION('',(0.E0,0.E0,-1.E0));
#6043=AXIS2_PLACEMENT_3D('',#6040,#6041,#6042);
#6044=PLANE('',#6043);
#6046=ORIENTED_EDGE('',*,*,#6045,.F.);
#6048=ORIENTED_EDGE('',*,*,#6047,.F.);
#6050=ORIENTED_EDGE('',*,*,#6049,.F.);
#6052=ORIENTED_EDGE('',*,*,#6051,.F.);
#6054=ORIENTED_EDGE('',*,*,#6053,.F.);
#6056=ORIENTED_EDGE('',*,*,#6055,.F.);
#6058=ORIENTED_EDGE('',*,*,#6057,.F.);
#6060=ORIENTED_EDGE('',*,*,#6059,.F.);
#6061=EDGE_LOOP('',(#6046,#6048,#6050,#6052,#6054,#6056,#6058,#6060));
#6062=FACE_OUTER_BOUND('',#6061,.F.);
#6063=ADVANCED_FACE('',(#6062),#6044,.T.);
#6064=CARTESIAN_POINT('',(-8.25E-1,2.6E0,-1.E0));
#6065=DIRECTION('',(9.701425001453E-1,2.425356250363E-1,0.E0));
#6066=DIRECTION('',(-2.425356250363E-1,9.701425001453E-1,0.E0));
#6067=AXIS2_PLACEMENT_3D('',#6064,#6065,#6066);
#6068=PLANE('',#6067);
#6070=ORIENTED_EDGE('',*,*,#6069,.F.);
#6071=ORIENTED_EDGE('',*,*,#5969,.T.);
#6072=ORIENTED_EDGE('',*,*,#5995,.T.);
#6074=ORIENTED_EDGE('',*,*,#6073,.T.);
#6075=EDGE_LOOP('',(#6070,#6071,#6072,#6074));
#6076=FACE_OUTER_BOUND('',#6075,.F.);
#6077=ADVANCED_FACE('',(#6076),#6068,.T.);
#6078=CARTESIAN_POINT('',(-1.25E0,2.9E0,-1.25E0));
#6079=DIRECTION('',(0.E0,1.E0,0.E0));
#6080=DIRECTION('',(0.E0,0.E0,1.E0));
#6081=AXIS2_PLACEMENT_3D('',#6078,#6079,#6080);
#6082=PLANE('',#6081);
#6084=ORIENTED_EDGE('',*,*,#6083,.T.);
#6085=ORIENTED_EDGE('',*,*,#5955,.T.);
#6086=ORIENTED_EDGE('',*,*,#5971,.F.);
#6087=ORIENTED_EDGE('',*,*,#6069,.T.);
#6088=EDGE_LOOP('',(#6084,#6085,#6086,#6087));
#6089=FACE_OUTER_BOUND('',#6088,.F.);
#6090=ADVANCED_FACE('',(#6089),#6082,.T.);
#6091=CARTESIAN_POINT('',(-1.E0,2.6E0,-8.25E-1));
#6092=DIRECTION('',(0.E0,2.425356250363E-1,9.701425001453E-1));
#6093=DIRECTION('',(0.E0,9.701425001453E-1,-2.425356250363E-1));
#6094=AXIS2_PLACEMENT_3D('',#6091,#6092,#6093);
#6095=PLANE('',#6094);
#6097=ORIENTED_EDGE('',*,*,#6096,.T.);
#6098=ORIENTED_EDGE('',*,*,#5957,.F.);
#6099=ORIENTED_EDGE('',*,*,#6083,.F.);
#6100=ORIENTED_EDGE('',*,*,#6073,.F.);
#6101=EDGE_LOOP('',(#6097,#6098,#6099,#6100));
#6102=FACE_OUTER_BOUND('',#6101,.F.);
#6103=ADVANCED_FACE('',(#6102),#6095,.T.);
#6104=CARTESIAN_POINT('',(-1.25E0,2.9E0,-7.5E-1));
#6105=DIRECTION('',(0.E0,0.E0,1.E0));
#6106=DIRECTION('',(0.E0,-1.E0,0.E0));
#6107=AXIS2_PLACEMENT_3D('',#6104,#6105,#6106);
#6108=PLANE('',#6107);
#6109=ORIENTED_EDGE('',*,*,#6096,.F.);
#6110=ORIENTED_EDGE('',*,*,#5999,.T.);
#6111=ORIENTED_EDGE('',*,*,#4140,.F.);
#6112=ORIENTED_EDGE('',*,*,#5879,.F.);
#6113=EDGE_LOOP('',(#6109,#6110,#6111,#6112));
#6114=FACE_OUTER_BOUND('',#6113,.F.);
#6115=ADVANCED_FACE('',(#6114),#6108,.T.);
#6116=CARTESIAN_POINT('',(-8.25E-1,2.6E0,1.E0));
#6117=DIRECTION('',(9.701425001453E-1,2.425356250363E-1,0.E0));
#6118=DIRECTION('',(-2.425356250363E-1,9.701425001453E-1,0.E0));
#6119=AXIS2_PLACEMENT_3D('',#6116,#6117,#6118);
#6120=PLANE('',#6119);
#6122=ORIENTED_EDGE('',*,*,#6121,.F.);
#6124=ORIENTED_EDGE('',*,*,#6123,.T.);
#6125=ORIENTED_EDGE('',*,*,#6009,.T.);
#6127=ORIENTED_EDGE('',*,*,#6126,.F.);
#6128=EDGE_LOOP('',(#6122,#6124,#6125,#6127));
#6129=FACE_OUTER_BOUND('',#6128,.F.);
#6130=ADVANCED_FACE('',(#6129),#6120,.T.);
#6131=CARTESIAN_POINT('',(-1.25E0,2.9E0,7.5E-1));
#6132=DIRECTION('',(0.E0,1.E0,0.E0));
#6133=DIRECTION('',(0.E0,0.E0,1.E0));
#6134=AXIS2_PLACEMENT_3D('',#6131,#6132,#6133);
#6135=PLANE('',#6134);
#6137=ORIENTED_EDGE('',*,*,#6136,.T.);
#6139=ORIENTED_EDGE('',*,*,#6138,.T.);
#6141=ORIENTED_EDGE('',*,*,#6140,.F.);
#6142=ORIENTED_EDGE('',*,*,#6121,.T.);
#6143=EDGE_LOOP('',(#6137,#6139,#6141,#6142));
#6144=FACE_OUTER_BOUND('',#6143,.F.);
#6145=ADVANCED_FACE('',(#6144),#6135,.T.);
#6146=CARTESIAN_POINT('',(-1.E0,2.6E0,1.175E0));
#6147=DIRECTION('',(0.E0,2.425356250363E-1,9.701425001453E-1));
#6148=DIRECTION('',(0.E0,9.701425001453E-1,-2.425356250363E-1));
#6149=AXIS2_PLACEMENT_3D('',#6146,#6147,#6148);
#6150=PLANE('',#6149);
#6152=ORIENTED_EDGE('',*,*,#6151,.T.);
#6154=ORIENTED_EDGE('',*,*,#6153,.F.);
#6155=ORIENTED_EDGE('',*,*,#6136,.F.);
#6156=ORIENTED_EDGE('',*,*,#6126,.T.);
#6157=EDGE_LOOP('',(#6152,#6154,#6155,#6156));
#6158=FACE_OUTER_BOUND('',#6157,.F.);
#6159=ADVANCED_FACE('',(#6158),#6150,.T.);
#6160=CARTESIAN_POINT('',(-1.25E0,2.9E0,1.25E0));
#6161=DIRECTION('',(0.E0,0.E0,1.E0));
#6162=DIRECTION('',(0.E0,-1.E0,0.E0));
#6163=AXIS2_PLACEMENT_3D('',#6160,#6161,#6162);
#6164=PLANE('',#6163);
#6166=ORIENTED_EDGE('',*,*,#6165,.T.);
#6167=ORIENTED_EDGE('',*,*,#6051,.T.);
#6169=ORIENTED_EDGE('',*,*,#6168,.F.);
#6170=ORIENTED_EDGE('',*,*,#5938,.F.);
#6171=EDGE_LOOP('',(#6166,#6167,#6169,#6170));
#6172=FACE_OUTER_BOUND('',#6171,.F.);
#6173=ADVANCED_FACE('',(#6172),#6164,.T.);
#6174=CARTESIAN_POINT('',(-1.25E0,2.9E0,1.25E0));
#6175=DIRECTION('',(0.E0,0.E0,1.E0));
#6176=DIRECTION('',(0.E0,-1.E0,0.E0));
#6177=AXIS2_PLACEMENT_3D('',#6174,#6175,#6176);
#6178=PLANE('',#6177);
#6179=ORIENTED_EDGE('',*,*,#6151,.F.);
#6180=ORIENTED_EDGE('',*,*,#6014,.T.);
#6181=ORIENTED_EDGE('',*,*,#4150,.F.);
#6182=ORIENTED_EDGE('',*,*,#5894,.F.);
#6183=EDGE_LOOP('',(#6179,#6180,#6181,#6182));
#6184=FACE_OUTER_BOUND('',#6183,.F.);
#6185=ADVANCED_FACE('',(#6184),#6178,.T.);
#6186=CARTESIAN_POINT('',(-3.5E-1,-2.95E0,-1.3E0));
#6187=DIRECTION('',(0.E0,1.E0,0.E0));
#6188=DIRECTION('',(0.E0,0.E0,1.E0));
#6189=AXIS2_PLACEMENT_3D('',#6186,#6187,#6188);
#6190=PLANE('',#6189);
#6191=ORIENTED_EDGE('',*,*,#5807,.T.);
#6192=ORIENTED_EDGE('',*,*,#5830,.F.);
#6193=ORIENTED_EDGE('',*,*,#5861,.T.);
#6194=ORIENTED_EDGE('',*,*,#6030,.T.);
#6196=ORIENTED_EDGE('',*,*,#6195,.F.);
#6197=ORIENTED_EDGE('',*,*,#5914,.F.);
#6198=ORIENTED_EDGE('',*,*,#5867,.T.);
#6200=ORIENTED_EDGE('',*,*,#6199,.T.);
#6201=EDGE_LOOP('',(#6191,#6192,#6193,#6194,#6196,#6197,#6198,#6200));
#6202=FACE_OUTER_BOUND('',#6201,.F.);
#6203=ADVANCED_FACE('',(#6202),#6190,.F.);
#6204=CARTESIAN_POINT('',(-3.5E-1,-2.95E0,-1.3E0));
#6205=DIRECTION('',(0.E0,1.E0,0.E0));
#6206=DIRECTION('',(0.E0,0.E0,1.E0));
#6207=AXIS2_PLACEMENT_3D('',#6204,#6205,#6206);
#6208=PLANE('',#6207);
#6209=ORIENTED_EDGE('',*,*,#5761,.F.);
#6211=ORIENTED_EDGE('',*,*,#6210,.T.);
#6213=ORIENTED_EDGE('',*,*,#6212,.F.);
#6214=ORIENTED_EDGE('',*,*,#5841,.F.);
#6215=EDGE_LOOP('',(#6209,#6211,#6213,#6214));
#6216=FACE_OUTER_BOUND('',#6215,.F.);
#6217=ORIENTED_EDGE('',*,*,#5936,.F.);
#6219=ORIENTED_EDGE('',*,*,#6218,.T.);
#6220=ORIENTED_EDGE('',*,*,#6053,.T.);
#6221=ORIENTED_EDGE('',*,*,#6165,.F.);
#6222=EDGE_LOOP('',(#6217,#6219,#6220,#6221));
#6223=FACE_BOUND('',#6222,.F.);
#6224=ADVANCED_FACE('',(#6216,#6223),#6208,.F.);
#6225=CARTESIAN_POINT('',(-1.25E0,-4.75E0,7.5E-1));
#6226=DIRECTION('',(0.E0,0.E0,-1.E0));
#6227=DIRECTION('',(0.E0,1.E0,0.E0));
#6228=AXIS2_PLACEMENT_3D('',#6225,#6226,#6227);
#6229=PLANE('',#6228);
#6230=ORIENTED_EDGE('',*,*,#6218,.F.);
#6231=ORIENTED_EDGE('',*,*,#5934,.F.);
#6233=ORIENTED_EDGE('',*,*,#6232,.T.);
#6234=ORIENTED_EDGE('',*,*,#6055,.T.);
#6235=EDGE_LOOP('',(#6230,#6231,#6233,#6234));
#6236=FACE_OUTER_BOUND('',#6235,.F.);
#6237=ADVANCED_FACE('',(#6236),#6229,.T.);
#6238=CARTESIAN_POINT('',(-1.25E0,-4.75E0,7.5E-1));
#6239=DIRECTION('',(0.E0,0.E0,-1.E0));
#6240=DIRECTION('',(0.E0,1.E0,0.E0));
#6241=AXIS2_PLACEMENT_3D('',#6238,#6239,#6240);
#6242=PLANE('',#6241);
#6244=ORIENTED_EDGE('',*,*,#6243,.T.);
#6245=ORIENTED_EDGE('',*,*,#5897,.F.);
#6246=ORIENTED_EDGE('',*,*,#4154,.T.);
#6247=ORIENTED_EDGE('',*,*,#6011,.T.);
#6248=EDGE_LOOP('',(#6244,#6245,#6246,#6247));
#6249=FACE_OUTER_BOUND('',#6248,.F.);
#6250=ADVANCED_FACE('',(#6249),#6242,.T.);
#6251=CARTESIAN_POINT('',(-1.25E0,-4.75E0,5.5E-1));
#6252=DIRECTION('',(1.E0,0.E0,0.E0));
#6253=DIRECTION('',(0.E0,0.E0,-1.E0));
#6254=AXIS2_PLACEMENT_3D('',#6251,#6252,#6253);
#6255=CYLINDRICAL_SURFACE('',#6254,2.E-1);
#6256=ORIENTED_EDGE('',*,*,#5932,.F.);
#6258=ORIENTED_EDGE('',*,*,#6257,.T.);
#6259=ORIENTED_EDGE('',*,*,#6057,.T.);
#6260=ORIENTED_EDGE('',*,*,#6232,.F.);
#6261=EDGE_LOOP('',(#6256,#6258,#6259,#6260));
#6262=FACE_OUTER_BOUND('',#6261,.F.);
#6263=ADVANCED_FACE('',(#6262),#6255,.F.);
#6264=CARTESIAN_POINT('',(-1.25E0,-4.95E0,-5.31E0));
#6265=DIRECTION('',(0.E0,1.E0,0.E0));
#6266=DIRECTION('',(0.E0,0.E0,1.E0));
#6267=AXIS2_PLACEMENT_3D('',#6264,#6265,#6266);
#6268=PLANE('',#6267);
#6270=ORIENTED_EDGE('',*,*,#6269,.F.);
#6271=ORIENTED_EDGE('',*,*,#6059,.T.);
#6272=ORIENTED_EDGE('',*,*,#6257,.F.);
#6273=ORIENTED_EDGE('',*,*,#5930,.F.);
#6274=EDGE_LOOP('',(#6270,#6271,#6272,#6273));
#6275=FACE_OUTER_BOUND('',#6274,.F.);
#6276=ADVANCED_FACE('',(#6275),#6268,.T.);
#6277=CARTESIAN_POINT('',(-1.E0,-5.025E0,-5.01E0));
#6278=DIRECTION('',(0.E0,9.701425001453E-1,-2.425356250363E-1));
#6279=DIRECTION('',(0.E0,-2.425356250363E-1,-9.701425001453E-1));
#6280=AXIS2_PLACEMENT_3D('',#6277,#6278,#6279);
#6281=PLANE('',#6280);
#6283=ORIENTED_EDGE('',*,*,#6282,.F.);
#6285=ORIENTED_EDGE('',*,*,#6284,.F.);
#6287=ORIENTED_EDGE('',*,*,#6286,.F.);
#6288=ORIENTED_EDGE('',*,*,#6269,.T.);
#6289=EDGE_LOOP('',(#6283,#6285,#6287,#6288));
#6290=FACE_OUTER_BOUND('',#6289,.F.);
#6291=ADVANCED_FACE('',(#6290),#6281,.T.);
#6292=CARTESIAN_POINT('',(-1.175E0,-5.2E0,-5.01E0));
#6293=DIRECTION('',(-9.701425001453E-1,0.E0,-2.425356250363E-1));
#6294=DIRECTION('',(2.425356250363E-1,0.E0,-9.701425001453E-1));
#6295=AXIS2_PLACEMENT_3D('',#6292,#6293,#6294);
#6296=PLANE('',#6295);
#6298=ORIENTED_EDGE('',*,*,#6297,.F.);
#6300=ORIENTED_EDGE('',*,*,#6299,.F.);
#6301=ORIENTED_EDGE('',*,*,#6282,.T.);
#6302=ORIENTED_EDGE('',*,*,#5928,.T.);
#6303=EDGE_LOOP('',(#6298,#6300,#6301,#6302));
#6304=FACE_OUTER_BOUND('',#6303,.F.);
#6305=ADVANCED_FACE('',(#6304),#6296,.T.);
#6306=CARTESIAN_POINT('',(-1.E0,-5.375E0,-5.01E0));
#6307=DIRECTION('',(0.E0,-9.701425001453E-1,-2.425356250363E-1));
#6308=DIRECTION('',(0.E0,-2.425356250363E-1,9.701425001453E-1));
#6309=AXIS2_PLACEMENT_3D('',#6306,#6307,#6308);
#6310=PLANE('',#6309);
#6311=ORIENTED_EDGE('',*,*,#6297,.T.);
#6313=ORIENTED_EDGE('',*,*,#6312,.F.);
#6315=ORIENTED_EDGE('',*,*,#6314,.F.);
#6317=ORIENTED_EDGE('',*,*,#6316,.T.);
#6318=EDGE_LOOP('',(#6311,#6313,#6315,#6317));
#6319=FACE_OUTER_BOUND('',#6318,.F.);
#6320=ADVANCED_FACE('',(#6319),#6310,.T.);
#6321=CARTESIAN_POINT('',(-1.25E0,-5.45E0,5.5E-1));
#6322=DIRECTION('',(0.E0,-1.E0,0.E0));
#6323=DIRECTION('',(0.E0,0.E0,-1.E0));
#6324=AXIS2_PLACEMENT_3D('',#6321,#6322,#6323);
#6325=PLANE('',#6324);
#6326=ORIENTED_EDGE('',*,*,#6312,.T.);
#6327=ORIENTED_EDGE('',*,*,#5942,.F.);
#6329=ORIENTED_EDGE('',*,*,#6328,.T.);
#6330=ORIENTED_EDGE('',*,*,#6047,.T.);
#6331=EDGE_LOOP('',(#6326,#6327,#6329,#6330));
#6332=FACE_OUTER_BOUND('',#6331,.F.);
#6333=ADVANCED_FACE('',(#6332),#6325,.T.);
#6334=CARTESIAN_POINT('',(-1.25E0,-4.75E0,5.5E-1));
#6335=DIRECTION('',(1.E0,0.E0,0.E0));
#6336=DIRECTION('',(0.E0,0.E0,-1.E0));
#6337=AXIS2_PLACEMENT_3D('',#6334,#6335,#6336);
#6338=CYLINDRICAL_SURFACE('',#6337,7.E-1);
#6339=ORIENTED_EDGE('',*,*,#5940,.F.);
#6340=ORIENTED_EDGE('',*,*,#6168,.T.);
#6341=ORIENTED_EDGE('',*,*,#6049,.T.);
#6342=ORIENTED_EDGE('',*,*,#6328,.F.);
#6343=EDGE_LOOP('',(#6339,#6340,#6341,#6342));
#6344=FACE_OUTER_BOUND('',#6343,.F.);
#6345=ADVANCED_FACE('',(#6344),#6338,.T.);
#6346=CARTESIAN_POINT('',(-8.25E-1,-5.2E0,-5.01E0));
#6347=DIRECTION('',(9.701425001453E-1,0.E0,-2.425356250363E-1));
#6348=DIRECTION('',(-2.425356250363E-1,0.E0,-9.701425001453E-1));
#6349=AXIS2_PLACEMENT_3D('',#6346,#6347,#6348);
#6350=PLANE('',#6349);
#6351=ORIENTED_EDGE('',*,*,#6314,.T.);
#6352=ORIENTED_EDGE('',*,*,#6045,.T.);
#6353=ORIENTED_EDGE('',*,*,#6286,.T.);
#6355=ORIENTED_EDGE('',*,*,#6354,.F.);
#6356=EDGE_LOOP('',(#6351,#6352,#6353,#6355));
#6357=FACE_OUTER_BOUND('',#6356,.F.);
#6358=ADVANCED_FACE('',(#6357),#6350,.T.);
#6359=CARTESIAN_POINT('',(-1.25E0,-5.45E0,-5.31E0));
#6360=DIRECTION('',(0.E0,0.E0,-1.E0));
#6361=DIRECTION('',(0.E0,1.E0,0.E0));
#6362=AXIS2_PLACEMENT_3D('',#6359,#6360,#6361);
#6363=PLANE('',#6362);
#6364=ORIENTED_EDGE('',*,*,#6284,.T.);
#6365=ORIENTED_EDGE('',*,*,#6299,.T.);
#6366=ORIENTED_EDGE('',*,*,#6316,.F.);
#6367=ORIENTED_EDGE('',*,*,#6354,.T.);
#6368=EDGE_LOOP('',(#6364,#6365,#6366,#6367));
#6369=FACE_OUTER_BOUND('',#6368,.F.);
#6370=ADVANCED_FACE('',(#6369),#6363,.T.);
#6371=CARTESIAN_POINT('',(-1.E0,2.6E0,8.25E-1));
#6372=DIRECTION('',(0.E0,2.425356250363E-1,-9.701425001453E-1));
#6373=DIRECTION('',(0.E0,-9.701425001453E-1,-2.425356250363E-1));
#6374=AXIS2_PLACEMENT_3D('',#6371,#6372,#6373);
#6375=PLANE('',#6374);
#6376=ORIENTED_EDGE('',*,*,#6243,.F.);
#6377=ORIENTED_EDGE('',*,*,#6123,.F.);
#6378=ORIENTED_EDGE('',*,*,#6140,.T.);
#6380=ORIENTED_EDGE('',*,*,#6379,.T.);
#6381=EDGE_LOOP('',(#6376,#6377,#6378,#6380));
#6382=FACE_OUTER_BOUND('',#6381,.F.);
#6383=ADVANCED_FACE('',(#6382),#6375,.T.);
#6384=CARTESIAN_POINT('',(-1.175E0,2.6E0,1.E0));
#6385=DIRECTION('',(-9.701425001453E-1,2.425356250363E-1,0.E0));
#6386=DIRECTION('',(2.425356250363E-1,9.701425001453E-1,0.E0));
#6387=AXIS2_PLACEMENT_3D('',#6384,#6385,#6386);
#6388=PLANE('',#6387);
#6389=ORIENTED_EDGE('',*,*,#5892,.T.);
#6390=ORIENTED_EDGE('',*,*,#6379,.F.);
#6391=ORIENTED_EDGE('',*,*,#6138,.F.);
#6392=ORIENTED_EDGE('',*,*,#6153,.T.);
#6393=EDGE_LOOP('',(#6389,#6390,#6391,#6392));
#6394=FACE_OUTER_BOUND('',#6393,.F.);
#6395=ADVANCED_FACE('',(#6394),#6388,.T.);
#6396=CARTESIAN_POINT('',(-1.25E0,-2.75E0,-1.45E0));
#6397=DIRECTION('',(1.E0,0.E0,0.E0));
#6398=DIRECTION('',(0.E0,0.E0,-1.E0));
#6399=AXIS2_PLACEMENT_3D('',#6396,#6397,#6398);
#6400=CYLINDRICAL_SURFACE('',#6399,7.E-1);
#6401=ORIENTED_EDGE('',*,*,#6195,.T.);
#6402=ORIENTED_EDGE('',*,*,#6028,.T.);
#6404=ORIENTED_EDGE('',*,*,#6403,.F.);
#6405=ORIENTED_EDGE('',*,*,#5916,.F.);
#6406=EDGE_LOOP('',(#6401,#6402,#6404,#6405));
#6407=FACE_OUTER_BOUND('',#6406,.F.);
#6408=ADVANCED_FACE('',(#6407),#6400,.T.);
#6409=CARTESIAN_POINT('',(-1.25E0,-3.45E0,-1.45E0));
#6410=DIRECTION('',(0.E0,-1.E0,0.E0));
#6411=DIRECTION('',(0.E0,0.E0,-1.E0));
#6412=AXIS2_PLACEMENT_3D('',#6409,#6410,#6411);
#6413=PLANE('',#6412);
#6415=ORIENTED_EDGE('',*,*,#6414,.T.);
#6416=ORIENTED_EDGE('',*,*,#5918,.F.);
#6417=ORIENTED_EDGE('',*,*,#6403,.T.);
#6418=ORIENTED_EDGE('',*,*,#6026,.T.);
#6419=EDGE_LOOP('',(#6415,#6416,#6417,#6418));
#6420=FACE_OUTER_BOUND('',#6419,.F.);
#6421=ADVANCED_FACE('',(#6420),#6413,.T.);
#6422=CARTESIAN_POINT('',(-1.E0,-3.375E0,-5.01E0));
#6423=DIRECTION('',(0.E0,-9.701425001453E-1,-2.425356250363E-1));
#6424=DIRECTION('',(0.E0,-2.425356250363E-1,9.701425001453E-1));
#6425=AXIS2_PLACEMENT_3D('',#6422,#6423,#6424);
#6426=PLANE('',#6425);
#6427=ORIENTED_EDGE('',*,*,#6414,.F.);
#6429=ORIENTED_EDGE('',*,*,#6428,.F.);
#6431=ORIENTED_EDGE('',*,*,#6430,.T.);
#6433=ORIENTED_EDGE('',*,*,#6432,.T.);
#6434=EDGE_LOOP('',(#6427,#6429,#6431,#6433));
#6435=FACE_OUTER_BOUND('',#6434,.F.);
#6436=ADVANCED_FACE('',(#6435),#6426,.T.);
#6437=CARTESIAN_POINT('',(-8.25E-1,-3.2E0,-5.01E0));
#6438=DIRECTION('',(9.701425001453E-1,0.E0,-2.425356250363E-1));
#6439=DIRECTION('',(-2.425356250363E-1,0.E0,-9.701425001453E-1));
#6440=AXIS2_PLACEMENT_3D('',#6437,#6438,#6439);
#6441=PLANE('',#6440);
#6443=ORIENTED_EDGE('',*,*,#6442,.F.);
#6444=ORIENTED_EDGE('',*,*,#6428,.T.);
#6445=ORIENTED_EDGE('',*,*,#6024,.T.);
#6447=ORIENTED_EDGE('',*,*,#6446,.T.);
#6448=EDGE_LOOP('',(#6443,#6444,#6445,#6447));
#6449=FACE_OUTER_BOUND('',#6448,.F.);
#6450=ADVANCED_FACE('',(#6449),#6441,.T.);
#6451=CARTESIAN_POINT('',(-1.25E0,-3.45E0,-5.31E0));
#6452=DIRECTION('',(0.E0,0.E0,-1.E0));
#6453=DIRECTION('',(0.E0,1.E0,0.E0));
#6454=AXIS2_PLACEMENT_3D('',#6451,#6452,#6453);
#6455=PLANE('',#6454);
#6457=ORIENTED_EDGE('',*,*,#6456,.T.);
#6459=ORIENTED_EDGE('',*,*,#6458,.T.);
#6460=ORIENTED_EDGE('',*,*,#6430,.F.);
#6461=ORIENTED_EDGE('',*,*,#6442,.T.);
#6462=EDGE_LOOP('',(#6457,#6459,#6460,#6461));
#6463=FACE_OUTER_BOUND('',#6462,.F.);
#6464=ADVANCED_FACE('',(#6463),#6455,.T.);
#6465=CARTESIAN_POINT('',(-1.E0,-3.025E0,-5.01E0));
#6466=DIRECTION('',(0.E0,9.701425001453E-1,-2.425356250363E-1));
#6467=DIRECTION('',(0.E0,-2.425356250363E-1,-9.701425001453E-1));
#6468=AXIS2_PLACEMENT_3D('',#6465,#6466,#6467);
#6469=PLANE('',#6468);
#6471=ORIENTED_EDGE('',*,*,#6470,.T.);
#6473=ORIENTED_EDGE('',*,*,#6472,.F.);
#6474=ORIENTED_EDGE('',*,*,#6456,.F.);
#6475=ORIENTED_EDGE('',*,*,#6446,.F.);
#6476=EDGE_LOOP('',(#6471,#6473,#6474,#6475));
#6477=FACE_OUTER_BOUND('',#6476,.F.);
#6478=ADVANCED_FACE('',(#6477),#6469,.T.);
#6479=CARTESIAN_POINT('',(-1.25E0,-2.95E0,-5.31E0));
#6480=DIRECTION('',(0.E0,1.E0,0.E0));
#6481=DIRECTION('',(0.E0,0.E0,1.E0));
#6482=AXIS2_PLACEMENT_3D('',#6479,#6480,#6481);
#6483=PLANE('',#6482);
#6484=ORIENTED_EDGE('',*,*,#6470,.F.);
#6485=ORIENTED_EDGE('',*,*,#6035,.T.);
#6487=ORIENTED_EDGE('',*,*,#6486,.F.);
#6488=ORIENTED_EDGE('',*,*,#5909,.F.);
#6489=EDGE_LOOP('',(#6484,#6485,#6487,#6488));
#6490=FACE_OUTER_BOUND('',#6489,.F.);
#6491=ADVANCED_FACE('',(#6490),#6483,.T.);
#6492=CARTESIAN_POINT('',(-1.25E0,-2.75E0,-1.45E0));
#6493=DIRECTION('',(1.E0,0.E0,0.E0));
#6494=DIRECTION('',(0.E0,0.E0,-1.E0));
#6495=AXIS2_PLACEMENT_3D('',#6492,#6493,#6494);
#6496=CYLINDRICAL_SURFACE('',#6495,2.E-1);
#6497=ORIENTED_EDGE('',*,*,#5857,.F.);
#6498=ORIENTED_EDGE('',*,*,#5911,.F.);
#6499=ORIENTED_EDGE('',*,*,#6486,.T.);
#6500=ORIENTED_EDGE('',*,*,#6033,.T.);
#6501=EDGE_LOOP('',(#6497,#6498,#6499,#6500));
#6502=FACE_OUTER_BOUND('',#6501,.F.);
#6503=ADVANCED_FACE('',(#6502),#6496,.F.);
#6504=CARTESIAN_POINT('',(-1.175E0,-3.2E0,-5.01E0));
#6505=DIRECTION('',(-9.701425001453E-1,0.E0,-2.425356250363E-1));
#6506=DIRECTION('',(2.425356250363E-1,0.E0,-9.701425001453E-1));
#6507=AXIS2_PLACEMENT_3D('',#6504,#6505,#6506);
#6508=PLANE('',#6507);
#6509=ORIENTED_EDGE('',*,*,#5907,.T.);
#6510=ORIENTED_EDGE('',*,*,#6432,.F.);
#6511=ORIENTED_EDGE('',*,*,#6458,.F.);
#6512=ORIENTED_EDGE('',*,*,#6472,.T.);
#6513=EDGE_LOOP('',(#6509,#6510,#6511,#6512));
#6514=FACE_OUTER_BOUND('',#6513,.F.);
#6515=ADVANCED_FACE('',(#6514),#6508,.T.);
#6516=CARTESIAN_POINT('',(-1.65E0,-3.2E0,2.5E-1));
#6517=DIRECTION('',(-1.E0,0.E0,0.E0));
#6518=DIRECTION('',(0.E0,0.E0,-1.E0));
#6519=AXIS2_PLACEMENT_3D('',#6516,#6517,#6518);
#6520=PLANE('',#6519);
#6521=ORIENTED_EDGE('',*,*,#5809,.F.);
#6522=ORIENTED_EDGE('',*,*,#6199,.F.);
#6523=ORIENTED_EDGE('',*,*,#5865,.F.);
#6524=ORIENTED_EDGE('',*,*,#5527,.F.);
#6525=ORIENTED_EDGE('',*,*,#5568,.T.);
#6526=ORIENTED_EDGE('',*,*,#5659,.T.);
#6528=ORIENTED_EDGE('',*,*,#6527,.F.);
#6529=ORIENTED_EDGE('',*,*,#6210,.F.);
#6530=ORIENTED_EDGE('',*,*,#5759,.T.);
#6532=ORIENTED_EDGE('',*,*,#6531,.T.);
#6533=EDGE_LOOP('',(#6521,#6522,#6523,#6524,#6525,#6526,#6528,#6529,#6530,
#6532));
#6534=FACE_OUTER_BOUND('',#6533,.F.);
#6535=ADVANCED_FACE('',(#6534),#6520,.F.);
#6536=CARTESIAN_POINT('',(-3.5E-1,-2.95E0,1.3E0));
#6537=DIRECTION('',(0.E0,8.660254037844E-1,-5.E-1));
#6538=DIRECTION('',(0.E0,5.E-1,8.660254037844E-1));
#6539=AXIS2_PLACEMENT_3D('',#6536,#6537,#6538);
#6540=PLANE('',#6539);
#6541=ORIENTED_EDGE('',*,*,#5657,.T.);
#6542=ORIENTED_EDGE('',*,*,#5843,.F.);
#6543=ORIENTED_EDGE('',*,*,#6212,.T.);
#6544=ORIENTED_EDGE('',*,*,#6527,.T.);
#6545=EDGE_LOOP('',(#6541,#6542,#6543,#6544));
#6546=FACE_OUTER_BOUND('',#6545,.F.);
#6547=ADVANCED_FACE('',(#6546),#6540,.F.);
#6548=CARTESIAN_POINT('',(0.E0,-2.7E0,-3.15E0));
#6549=DIRECTION('',(0.E0,-1.E0,0.E0));
#6550=DIRECTION('',(1.E0,0.E0,0.E0));
#6551=AXIS2_PLACEMENT_3D('',#6548,#6549,#6550);
#6552=PLANE('',#6551);
#6553=ORIENTED_EDGE('',*,*,#6531,.F.);
#6554=ORIENTED_EDGE('',*,*,#5757,.F.);
#6555=ORIENTED_EDGE('',*,*,#5741,.F.);
#6556=ORIENTED_EDGE('',*,*,#5811,.F.);
#6557=EDGE_LOOP('',(#6553,#6554,#6555,#6556));
#6558=FACE_OUTER_BOUND('',#6557,.F.);
#6559=ADVANCED_FACE('',(#6558),#6552,.T.);
#6560=CARTESIAN_POINT('',(1.65E0,-2.95E0,-1.3E0));
#6561=DIRECTION('',(0.E0,1.E0,0.E0));
#6562=DIRECTION('',(0.E0,0.E0,1.E0));
#6563=AXIS2_PLACEMENT_3D('',#6560,#6561,#6562);
#6564=PLANE('',#6563);
#6565=ORIENTED_EDGE('',*,*,#5814,.T.);
#6566=ORIENTED_EDGE('',*,*,#5737,.F.);
#6568=ORIENTED_EDGE('',*,*,#6567,.T.);
#6570=ORIENTED_EDGE('',*,*,#6569,.T.);
#6572=ORIENTED_EDGE('',*,*,#6571,.F.);
#6574=ORIENTED_EDGE('',*,*,#6573,.F.);
#6576=ORIENTED_EDGE('',*,*,#6575,.T.);
#6577=ORIENTED_EDGE('',*,*,#5775,.T.);
#6578=EDGE_LOOP('',(#6565,#6566,#6568,#6570,#6572,#6574,#6576,#6577));
#6579=FACE_OUTER_BOUND('',#6578,.F.);
#6580=ADVANCED_FACE('',(#6579),#6564,.F.);
#6581=CARTESIAN_POINT('',(1.65E0,-2.95E0,-1.3E0));
#6582=DIRECTION('',(0.E0,1.E0,0.E0));
#6583=DIRECTION('',(0.E0,0.E0,1.E0));
#6584=AXIS2_PLACEMENT_3D('',#6581,#6582,#6583);
#6585=PLANE('',#6584);
#6586=ORIENTED_EDGE('',*,*,#5754,.F.);
#6587=ORIENTED_EDGE('',*,*,#5794,.T.);
#6589=ORIENTED_EDGE('',*,*,#6588,.F.);
#6590=ORIENTED_EDGE('',*,*,#5728,.F.);
#6591=EDGE_LOOP('',(#6586,#6587,#6589,#6590));
#6592=FACE_OUTER_BOUND('',#6591,.F.);
#6594=ORIENTED_EDGE('',*,*,#6593,.F.);
#6596=ORIENTED_EDGE('',*,*,#6595,.T.);
#6598=ORIENTED_EDGE('',*,*,#6597,.T.);
#6600=ORIENTED_EDGE('',*,*,#6599,.F.);
#6601=EDGE_LOOP('',(#6594,#6596,#6598,#6600));
#6602=FACE_BOUND('',#6601,.F.);
#6603=ADVANCED_FACE('',(#6592,#6602),#6585,.F.);
#6604=CARTESIAN_POINT('',(7.5E-1,0.E0,0.E0));
#6605=DIRECTION('',(1.E0,0.E0,0.E0));
#6606=DIRECTION('',(0.E0,0.E0,-1.E0));
#6607=AXIS2_PLACEMENT_3D('',#6604,#6605,#6606);
#6608=PLANE('',#6607);
#6610=ORIENTED_EDGE('',*,*,#6609,.F.);
#6612=ORIENTED_EDGE('',*,*,#6611,.T.);
#6613=ORIENTED_EDGE('',*,*,#4158,.T.);
#6615=ORIENTED_EDGE('',*,*,#6614,.T.);
#6616=EDGE_LOOP('',(#6610,#6612,#6613,#6615));
#6617=FACE_OUTER_BOUND('',#6616,.F.);
#6618=ADVANCED_FACE('',(#6617),#6608,.F.);
#6619=CARTESIAN_POINT('',(7.5E-1,0.E0,0.E0));
#6620=DIRECTION('',(1.E0,0.E0,0.E0));
#6621=DIRECTION('',(0.E0,0.E0,-1.E0));
#6622=AXIS2_PLACEMENT_3D('',#6619,#6620,#6621);
#6623=PLANE('',#6622);
#6625=ORIENTED_EDGE('',*,*,#6624,.F.);
#6627=ORIENTED_EDGE('',*,*,#6626,.T.);
#6628=ORIENTED_EDGE('',*,*,#4168,.T.);
#6630=ORIENTED_EDGE('',*,*,#6629,.T.);
#6631=EDGE_LOOP('',(#6625,#6627,#6628,#6630));
#6632=FACE_OUTER_BOUND('',#6631,.F.);
#6633=ADVANCED_FACE('',(#6632),#6623,.F.);
#6634=CARTESIAN_POINT('',(7.5E-1,0.E0,0.E0));
#6635=DIRECTION('',(1.E0,0.E0,0.E0));
#6636=DIRECTION('',(0.E0,0.E0,-1.E0));
#6637=AXIS2_PLACEMENT_3D('',#6634,#6635,#6636);
#6638=PLANE('',#6637);
#6640=ORIENTED_EDGE('',*,*,#6639,.F.);
#6642=ORIENTED_EDGE('',*,*,#6641,.T.);
#6644=ORIENTED_EDGE('',*,*,#6643,.T.);
#6646=ORIENTED_EDGE('',*,*,#6645,.T.);
#6647=ORIENTED_EDGE('',*,*,#6573,.T.);
#6649=ORIENTED_EDGE('',*,*,#6648,.T.);
#6651=ORIENTED_EDGE('',*,*,#6650,.T.);
#6652=EDGE_LOOP('',(#6640,#6642,#6644,#6646,#6647,#6649,#6651));
#6653=FACE_OUTER_BOUND('',#6652,.F.);
#6654=ADVANCED_FACE('',(#6653),#6638,.F.);
#6655=CARTESIAN_POINT('',(7.5E-1,0.E0,0.E0));
#6656=DIRECTION('',(1.E0,0.E0,0.E0));
#6657=DIRECTION('',(0.E0,0.E0,-1.E0));
#6658=AXIS2_PLACEMENT_3D('',#6655,#6656,#6657);
#6659=PLANE('',#6658);
#6661=ORIENTED_EDGE('',*,*,#6660,.F.);
#6663=ORIENTED_EDGE('',*,*,#6662,.T.);
#6665=ORIENTED_EDGE('',*,*,#6664,.T.);
#6667=ORIENTED_EDGE('',*,*,#6666,.T.);
#6668=ORIENTED_EDGE('',*,*,#6593,.T.);
#6670=ORIENTED_EDGE('',*,*,#6669,.T.);
#6672=ORIENTED_EDGE('',*,*,#6671,.T.);
#6674=ORIENTED_EDGE('',*,*,#6673,.T.);
#6675=EDGE_LOOP('',(#6661,#6663,#6665,#6667,#6668,#6670,#6672,#6674));
#6676=FACE_OUTER_BOUND('',#6675,.F.);
#6677=ADVANCED_FACE('',(#6676),#6659,.F.);
#6678=CARTESIAN_POINT('',(8.25E-1,2.6E0,-1.E0));
#6679=DIRECTION('',(-9.701425001453E-1,2.425356250363E-1,0.E0));
#6680=DIRECTION('',(2.425356250363E-1,9.701425001453E-1,0.E0));
#6681=AXIS2_PLACEMENT_3D('',#6678,#6679,#6680);
#6682=PLANE('',#6681);
#6683=ORIENTED_EDGE('',*,*,#6609,.T.);
#6685=ORIENTED_EDGE('',*,*,#6684,.F.);
#6687=ORIENTED_EDGE('',*,*,#6686,.F.);
#6689=ORIENTED_EDGE('',*,*,#6688,.T.);
#6690=EDGE_LOOP('',(#6683,#6685,#6687,#6689));
#6691=FACE_OUTER_BOUND('',#6690,.F.);
#6692=ADVANCED_FACE('',(#6691),#6682,.T.);
#6693=CARTESIAN_POINT('',(1.E0,2.6E0,-1.175E0));
#6694=DIRECTION('',(0.E0,2.425356250363E-1,-9.701425001453E-1));
#6695=DIRECTION('',(0.E0,-9.701425001453E-1,-2.425356250363E-1));
#6696=AXIS2_PLACEMENT_3D('',#6693,#6694,#6695);
#6697=PLANE('',#6696);
#6699=ORIENTED_EDGE('',*,*,#6698,.F.);
#6701=ORIENTED_EDGE('',*,*,#6700,.F.);
#6703=ORIENTED_EDGE('',*,*,#6702,.T.);
#6704=ORIENTED_EDGE('',*,*,#6684,.T.);
#6705=EDGE_LOOP('',(#6699,#6701,#6703,#6704));
#6706=FACE_OUTER_BOUND('',#6705,.F.);
#6707=ADVANCED_FACE('',(#6706),#6697,.T.);
#6708=CARTESIAN_POINT('',(7.5E-1,-2.75E0,-1.25E0));
#6709=DIRECTION('',(0.E0,0.E0,-1.E0));
#6710=DIRECTION('',(0.E0,1.E0,0.E0));
#6711=AXIS2_PLACEMENT_3D('',#6708,#6709,#6710);
#6712=PLANE('',#6711);
#6713=ORIENTED_EDGE('',*,*,#6698,.T.);
#6714=ORIENTED_EDGE('',*,*,#6614,.F.);
#6715=ORIENTED_EDGE('',*,*,#4164,.T.);
#6717=ORIENTED_EDGE('',*,*,#6716,.T.);
#6718=EDGE_LOOP('',(#6713,#6714,#6715,#6717));
#6719=FACE_OUTER_BOUND('',#6718,.F.);
#6720=ADVANCED_FACE('',(#6719),#6712,.T.);
#6721=CARTESIAN_POINT('',(1.25E0,0.E0,0.E0));
#6722=DIRECTION('',(1.E0,0.E0,0.E0));
#6723=DIRECTION('',(0.E0,0.E0,-1.E0));
#6724=AXIS2_PLACEMENT_3D('',#6721,#6722,#6723);
#6725=PLANE('',#6724);
#6727=ORIENTED_EDGE('',*,*,#6726,.F.);
#6728=ORIENTED_EDGE('',*,*,#6716,.F.);
#6729=ORIENTED_EDGE('',*,*,#4162,.F.);
#6731=ORIENTED_EDGE('',*,*,#6730,.F.);
#6732=EDGE_LOOP('',(#6727,#6728,#6729,#6731));
#6733=FACE_OUTER_BOUND('',#6732,.F.);
#6734=ADVANCED_FACE('',(#6733),#6725,.T.);
#6735=CARTESIAN_POINT('',(1.25E0,0.E0,0.E0));
#6736=DIRECTION('',(1.E0,0.E0,0.E0));
#6737=DIRECTION('',(0.E0,0.E0,-1.E0));
#6738=AXIS2_PLACEMENT_3D('',#6735,#6736,#6737);
#6739=PLANE('',#6738);
#6741=ORIENTED_EDGE('',*,*,#6740,.F.);
#6743=ORIENTED_EDGE('',*,*,#6742,.F.);
#6744=ORIENTED_EDGE('',*,*,#4172,.F.);
#6746=ORIENTED_EDGE('',*,*,#6745,.F.);
#6747=EDGE_LOOP('',(#6741,#6743,#6744,#6746));
#6748=FACE_OUTER_BOUND('',#6747,.F.);
#6749=ADVANCED_FACE('',(#6748),#6739,.T.);
#6750=CARTESIAN_POINT('',(1.25E0,0.E0,0.E0));
#6751=DIRECTION('',(1.E0,0.E0,0.E0));
#6752=DIRECTION('',(0.E0,0.E0,-1.E0));
#6753=AXIS2_PLACEMENT_3D('',#6750,#6751,#6752);
#6754=PLANE('',#6753);
#6756=ORIENTED_EDGE('',*,*,#6755,.F.);
#6758=ORIENTED_EDGE('',*,*,#6757,.F.);
#6760=ORIENTED_EDGE('',*,*,#6759,.F.);
#6761=ORIENTED_EDGE('',*,*,#6569,.F.);
#6763=ORIENTED_EDGE('',*,*,#6762,.F.);
#6765=ORIENTED_EDGE('',*,*,#6764,.F.);
#6767=ORIENTED_EDGE('',*,*,#6766,.F.);
#6768=EDGE_LOOP('',(#6756,#6758,#6760,#6761,#6763,#6765,#6767));
#6769=FACE_OUTER_BOUND('',#6768,.F.);
#6770=ADVANCED_FACE('',(#6769),#6754,.T.);
#6771=CARTESIAN_POINT('',(1.25E0,0.E0,0.E0));
#6772=DIRECTION('',(1.E0,0.E0,0.E0));
#6773=DIRECTION('',(0.E0,0.E0,-1.E0));
#6774=AXIS2_PLACEMENT_3D('',#6771,#6772,#6773);
#6775=PLANE('',#6774);
#6777=ORIENTED_EDGE('',*,*,#6776,.F.);
#6779=ORIENTED_EDGE('',*,*,#6778,.F.);
#6781=ORIENTED_EDGE('',*,*,#6780,.F.);
#6783=ORIENTED_EDGE('',*,*,#6782,.F.);
#6784=ORIENTED_EDGE('',*,*,#6597,.F.);
#6786=ORIENTED_EDGE('',*,*,#6785,.F.);
#6788=ORIENTED_EDGE('',*,*,#6787,.F.);
#6790=ORIENTED_EDGE('',*,*,#6789,.F.);
#6791=EDGE_LOOP('',(#6777,#6779,#6781,#6783,#6784,#6786,#6788,#6790));
#6792=FACE_OUTER_BOUND('',#6791,.F.);
#6793=ADVANCED_FACE('',(#6792),#6775,.T.);
#6794=CARTESIAN_POINT('',(1.175E0,2.6E0,-1.E0));
#6795=DIRECTION('',(9.701425001453E-1,2.425356250363E-1,0.E0));
#6796=DIRECTION('',(-2.425356250363E-1,9.701425001453E-1,0.E0));
#6797=AXIS2_PLACEMENT_3D('',#6794,#6795,#6796);
#6798=PLANE('',#6797);
#6800=ORIENTED_EDGE('',*,*,#6799,.F.);
#6801=ORIENTED_EDGE('',*,*,#6700,.T.);
#6802=ORIENTED_EDGE('',*,*,#6726,.T.);
#6804=ORIENTED_EDGE('',*,*,#6803,.T.);
#6805=EDGE_LOOP('',(#6800,#6801,#6802,#6804));
#6806=FACE_OUTER_BOUND('',#6805,.F.);
#6807=ADVANCED_FACE('',(#6806),#6798,.T.);
#6808=CARTESIAN_POINT('',(7.5E-1,2.9E0,-1.25E0));
#6809=DIRECTION('',(0.E0,1.E0,0.E0));
#6810=DIRECTION('',(0.E0,0.E0,1.E0));
#6811=AXIS2_PLACEMENT_3D('',#6808,#6809,#6810);
#6812=PLANE('',#6811);
#6814=ORIENTED_EDGE('',*,*,#6813,.T.);
#6815=ORIENTED_EDGE('',*,*,#6686,.T.);
#6816=ORIENTED_EDGE('',*,*,#6702,.F.);
#6817=ORIENTED_EDGE('',*,*,#6799,.T.);
#6818=EDGE_LOOP('',(#6814,#6815,#6816,#6817));
#6819=FACE_OUTER_BOUND('',#6818,.F.);
#6820=ADVANCED_FACE('',(#6819),#6812,.T.);
#6821=CARTESIAN_POINT('',(1.E0,2.6E0,-8.25E-1));
#6822=DIRECTION('',(0.E0,2.425356250363E-1,9.701425001453E-1));
#6823=DIRECTION('',(0.E0,9.701425001453E-1,-2.425356250363E-1));
#6824=AXIS2_PLACEMENT_3D('',#6821,#6822,#6823);
#6825=PLANE('',#6824);
#6827=ORIENTED_EDGE('',*,*,#6826,.T.);
#6828=ORIENTED_EDGE('',*,*,#6688,.F.);
#6829=ORIENTED_EDGE('',*,*,#6813,.F.);
#6830=ORIENTED_EDGE('',*,*,#6803,.F.);
#6831=EDGE_LOOP('',(#6827,#6828,#6829,#6830));
#6832=FACE_OUTER_BOUND('',#6831,.F.);
#6833=ADVANCED_FACE('',(#6832),#6825,.T.);
#6834=CARTESIAN_POINT('',(7.5E-1,2.9E0,-7.5E-1));
#6835=DIRECTION('',(0.E0,0.E0,1.E0));
#6836=DIRECTION('',(0.E0,-1.E0,0.E0));
#6837=AXIS2_PLACEMENT_3D('',#6834,#6835,#6836);
#6838=PLANE('',#6837);
#6839=ORIENTED_EDGE('',*,*,#6826,.F.);
#6840=ORIENTED_EDGE('',*,*,#6730,.T.);
#6841=ORIENTED_EDGE('',*,*,#4160,.F.);
#6842=ORIENTED_EDGE('',*,*,#6611,.F.);
#6843=EDGE_LOOP('',(#6839,#6840,#6841,#6842));
#6844=FACE_OUTER_BOUND('',#6843,.F.);
#6845=ADVANCED_FACE('',(#6844),#6838,.T.);
#6846=CARTESIAN_POINT('',(1.175E0,2.6E0,1.E0));
#6847=DIRECTION('',(9.701425001453E-1,2.425356250363E-1,0.E0));
#6848=DIRECTION('',(-2.425356250363E-1,9.701425001453E-1,0.E0));
#6849=AXIS2_PLACEMENT_3D('',#6846,#6847,#6848);
#6850=PLANE('',#6849);
#6852=ORIENTED_EDGE('',*,*,#6851,.F.);
#6854=ORIENTED_EDGE('',*,*,#6853,.T.);
#6855=ORIENTED_EDGE('',*,*,#6740,.T.);
#6857=ORIENTED_EDGE('',*,*,#6856,.F.);
#6858=EDGE_LOOP('',(#6852,#6854,#6855,#6857));
#6859=FACE_OUTER_BOUND('',#6858,.F.);
#6860=ADVANCED_FACE('',(#6859),#6850,.T.);
#6861=CARTESIAN_POINT('',(7.5E-1,2.9E0,7.5E-1));
#6862=DIRECTION('',(0.E0,1.E0,0.E0));
#6863=DIRECTION('',(0.E0,0.E0,1.E0));
#6864=AXIS2_PLACEMENT_3D('',#6861,#6862,#6863);
#6865=PLANE('',#6864);
#6867=ORIENTED_EDGE('',*,*,#6866,.T.);
#6869=ORIENTED_EDGE('',*,*,#6868,.T.);
#6871=ORIENTED_EDGE('',*,*,#6870,.F.);
#6872=ORIENTED_EDGE('',*,*,#6851,.T.);
#6873=EDGE_LOOP('',(#6867,#6869,#6871,#6872));
#6874=FACE_OUTER_BOUND('',#6873,.F.);
#6875=ADVANCED_FACE('',(#6874),#6865,.T.);
#6876=CARTESIAN_POINT('',(1.E0,2.6E0,1.175E0));
#6877=DIRECTION('',(0.E0,2.425356250363E-1,9.701425001453E-1));
#6878=DIRECTION('',(0.E0,9.701425001453E-1,-2.425356250363E-1));
#6879=AXIS2_PLACEMENT_3D('',#6876,#6877,#6878);
#6880=PLANE('',#6879);
#6882=ORIENTED_EDGE('',*,*,#6881,.T.);
#6884=ORIENTED_EDGE('',*,*,#6883,.F.);
#6885=ORIENTED_EDGE('',*,*,#6866,.F.);
#6886=ORIENTED_EDGE('',*,*,#6856,.T.);
#6887=EDGE_LOOP('',(#6882,#6884,#6885,#6886));
#6888=FACE_OUTER_BOUND('',#6887,.F.);
#6889=ADVANCED_FACE('',(#6888),#6880,.T.);
#6890=CARTESIAN_POINT('',(7.5E-1,2.9E0,1.25E0));
#6891=DIRECTION('',(0.E0,0.E0,1.E0));
#6892=DIRECTION('',(0.E0,-1.E0,0.E0));
#6893=AXIS2_PLACEMENT_3D('',#6890,#6891,#6892);
#6894=PLANE('',#6893);
#6895=ORIENTED_EDGE('',*,*,#6599,.T.);
#6896=ORIENTED_EDGE('',*,*,#6782,.T.);
#6898=ORIENTED_EDGE('',*,*,#6897,.F.);
#6899=ORIENTED_EDGE('',*,*,#6669,.F.);
#6900=EDGE_LOOP('',(#6895,#6896,#6898,#6899));
#6901=FACE_OUTER_BOUND('',#6900,.F.);
#6902=ADVANCED_FACE('',(#6901),#6894,.T.);
#6903=CARTESIAN_POINT('',(7.5E-1,2.9E0,1.25E0));
#6904=DIRECTION('',(0.E0,0.E0,1.E0));
#6905=DIRECTION('',(0.E0,-1.E0,0.E0));
#6906=AXIS2_PLACEMENT_3D('',#6903,#6904,#6905);
#6907=PLANE('',#6906);
#6908=ORIENTED_EDGE('',*,*,#6881,.F.);
#6909=ORIENTED_EDGE('',*,*,#6745,.T.);
#6910=ORIENTED_EDGE('',*,*,#4170,.F.);
#6911=ORIENTED_EDGE('',*,*,#6626,.F.);
#6912=EDGE_LOOP('',(#6908,#6909,#6910,#6911));
#6913=FACE_OUTER_BOUND('',#6912,.F.);
#6914=ADVANCED_FACE('',(#6913),#6907,.T.);
#6915=CARTESIAN_POINT('',(7.5E-1,-4.75E0,5.5E-1));
#6916=DIRECTION('',(1.E0,0.E0,0.E0));
#6917=DIRECTION('',(0.E0,0.E0,-1.E0));
#6918=AXIS2_PLACEMENT_3D('',#6915,#6916,#6917);
#6919=CYLINDRICAL_SURFACE('',#6918,7.E-1);
#6920=ORIENTED_EDGE('',*,*,#6671,.F.);
#6921=ORIENTED_EDGE('',*,*,#6897,.T.);
#6922=ORIENTED_EDGE('',*,*,#6780,.T.);
#6924=ORIENTED_EDGE('',*,*,#6923,.F.);
#6925=EDGE_LOOP('',(#6920,#6921,#6922,#6924));
#6926=FACE_OUTER_BOUND('',#6925,.F.);
#6927=ADVANCED_FACE('',(#6926),#6919,.T.);
#6928=CARTESIAN_POINT('',(7.5E-1,-5.45E0,5.5E-1));
#6929=DIRECTION('',(0.E0,-1.E0,0.E0));
#6930=DIRECTION('',(0.E0,0.E0,-1.E0));
#6931=AXIS2_PLACEMENT_3D('',#6928,#6929,#6930);
#6932=PLANE('',#6931);
#6934=ORIENTED_EDGE('',*,*,#6933,.T.);
#6935=ORIENTED_EDGE('',*,*,#6673,.F.);
#6936=ORIENTED_EDGE('',*,*,#6923,.T.);
#6937=ORIENTED_EDGE('',*,*,#6778,.T.);
#6938=EDGE_LOOP('',(#6934,#6935,#6936,#6937));
#6939=FACE_OUTER_BOUND('',#6938,.F.);
#6940=ADVANCED_FACE('',(#6939),#6932,.T.);
#6941=CARTESIAN_POINT('',(1.E0,-5.375E0,-5.01E0));
#6942=DIRECTION('',(0.E0,-9.701425001453E-1,-2.425356250363E-1));
#6943=DIRECTION('',(0.E0,-2.425356250363E-1,9.701425001453E-1));
#6944=AXIS2_PLACEMENT_3D('',#6941,#6942,#6943);
#6945=PLANE('',#6944);
#6947=ORIENTED_EDGE('',*,*,#6946,.T.);
#6948=ORIENTED_EDGE('',*,*,#6933,.F.);
#6950=ORIENTED_EDGE('',*,*,#6949,.F.);
#6952=ORIENTED_EDGE('',*,*,#6951,.T.);
#6953=EDGE_LOOP('',(#6947,#6948,#6950,#6952));
#6954=FACE_OUTER_BOUND('',#6953,.F.);
#6955=ADVANCED_FACE('',(#6954),#6945,.T.);
#6956=CARTESIAN_POINT('',(8.25E-1,-5.2E0,-5.01E0));
#6957=DIRECTION('',(-9.701425001453E-1,0.E0,-2.425356250363E-1));
#6958=DIRECTION('',(2.425356250363E-1,0.E0,-9.701425001453E-1));
#6959=AXIS2_PLACEMENT_3D('',#6956,#6957,#6958);
#6960=PLANE('',#6959);
#6961=ORIENTED_EDGE('',*,*,#6946,.F.);
#6963=ORIENTED_EDGE('',*,*,#6962,.F.);
#6965=ORIENTED_EDGE('',*,*,#6964,.T.);
#6966=ORIENTED_EDGE('',*,*,#6660,.T.);
#6967=EDGE_LOOP('',(#6961,#6963,#6965,#6966));
#6968=FACE_OUTER_BOUND('',#6967,.F.);
#6969=ADVANCED_FACE('',(#6968),#6960,.T.);
#6970=CARTESIAN_POINT('',(7.5E-1,-5.45E0,-5.31E0));
#6971=DIRECTION('',(0.E0,0.E0,-1.E0));
#6972=DIRECTION('',(0.E0,1.E0,0.E0));
#6973=AXIS2_PLACEMENT_3D('',#6970,#6971,#6972);
#6974=PLANE('',#6973);
#6976=ORIENTED_EDGE('',*,*,#6975,.T.);
#6977=ORIENTED_EDGE('',*,*,#6962,.T.);
#6978=ORIENTED_EDGE('',*,*,#6951,.F.);
#6980=ORIENTED_EDGE('',*,*,#6979,.T.);
#6981=EDGE_LOOP('',(#6976,#6977,#6978,#6980));
#6982=FACE_OUTER_BOUND('',#6981,.F.);
#6983=ADVANCED_FACE('',(#6982),#6974,.T.);
#6984=CARTESIAN_POINT('',(1.E0,-5.025E0,-5.01E0));
#6985=DIRECTION('',(0.E0,9.701425001453E-1,-2.425356250363E-1));
#6986=DIRECTION('',(0.E0,-2.425356250363E-1,-9.701425001453E-1));
#6987=AXIS2_PLACEMENT_3D('',#6984,#6985,#6986);
#6988=PLANE('',#6987);
#6989=ORIENTED_EDGE('',*,*,#6964,.F.);
#6990=ORIENTED_EDGE('',*,*,#6975,.F.);
#6992=ORIENTED_EDGE('',*,*,#6991,.F.);
#6994=ORIENTED_EDGE('',*,*,#6993,.T.);
#6995=EDGE_LOOP('',(#6989,#6990,#6992,#6994));
#6996=FACE_OUTER_BOUND('',#6995,.F.);
#6997=ADVANCED_FACE('',(#6996),#6988,.T.);
#6998=CARTESIAN_POINT('',(1.175E0,-5.2E0,-5.01E0));
#6999=DIRECTION('',(9.701425001453E-1,0.E0,-2.425356250363E-1));
#7000=DIRECTION('',(-2.425356250363E-1,0.E0,-9.701425001453E-1));
#7001=AXIS2_PLACEMENT_3D('',#6998,#6999,#7000);
#7002=PLANE('',#7001);
#7003=ORIENTED_EDGE('',*,*,#6949,.T.);
#7004=ORIENTED_EDGE('',*,*,#6776,.T.);
#7005=ORIENTED_EDGE('',*,*,#6991,.T.);
#7006=ORIENTED_EDGE('',*,*,#6979,.F.);
#7007=EDGE_LOOP('',(#7003,#7004,#7005,#7006));
#7008=FACE_OUTER_BOUND('',#7007,.F.);
#7009=ADVANCED_FACE('',(#7008),#7002,.T.);
#7010=CARTESIAN_POINT('',(7.5E-1,-4.95E0,-5.31E0));
#7011=DIRECTION('',(0.E0,1.E0,0.E0));
#7012=DIRECTION('',(0.E0,0.E0,1.E0));
#7013=AXIS2_PLACEMENT_3D('',#7010,#7011,#7012);
#7014=PLANE('',#7013);
#7015=ORIENTED_EDGE('',*,*,#6993,.F.);
#7016=ORIENTED_EDGE('',*,*,#6789,.T.);
#7018=ORIENTED_EDGE('',*,*,#7017,.F.);
#7019=ORIENTED_EDGE('',*,*,#6662,.F.);
#7020=EDGE_LOOP('',(#7015,#7016,#7018,#7019));
#7021=FACE_OUTER_BOUND('',#7020,.F.);
#7022=ADVANCED_FACE('',(#7021),#7014,.T.);
#7023=CARTESIAN_POINT('',(7.5E-1,-4.75E0,5.5E-1));
#7024=DIRECTION('',(1.E0,0.E0,0.E0));
#7025=DIRECTION('',(0.E0,0.E0,-1.E0));
#7026=AXIS2_PLACEMENT_3D('',#7023,#7024,#7025);
#7027=CYLINDRICAL_SURFACE('',#7026,2.E-1);
#7028=ORIENTED_EDGE('',*,*,#6664,.F.);
#7029=ORIENTED_EDGE('',*,*,#7017,.T.);
#7030=ORIENTED_EDGE('',*,*,#6787,.T.);
#7032=ORIENTED_EDGE('',*,*,#7031,.F.);
#7033=EDGE_LOOP('',(#7028,#7029,#7030,#7032));
#7034=FACE_OUTER_BOUND('',#7033,.F.);
#7035=ADVANCED_FACE('',(#7034),#7027,.F.);
#7036=CARTESIAN_POINT('',(7.5E-1,-4.75E0,7.5E-1));
#7037=DIRECTION('',(0.E0,0.E0,-1.E0));
#7038=DIRECTION('',(0.E0,1.E0,0.E0));
#7039=AXIS2_PLACEMENT_3D('',#7036,#7037,#7038);
#7040=PLANE('',#7039);
#7041=ORIENTED_EDGE('',*,*,#6595,.F.);
#7042=ORIENTED_EDGE('',*,*,#6666,.F.);
#7043=ORIENTED_EDGE('',*,*,#7031,.T.);
#7044=ORIENTED_EDGE('',*,*,#6785,.T.);
#7045=EDGE_LOOP('',(#7041,#7042,#7043,#7044));
#7046=FACE_OUTER_BOUND('',#7045,.F.);
#7047=ADVANCED_FACE('',(#7046),#7040,.T.);
#7048=CARTESIAN_POINT('',(7.5E-1,-4.75E0,7.5E-1));
#7049=DIRECTION('',(0.E0,0.E0,-1.E0));
#7050=DIRECTION('',(0.E0,1.E0,0.E0));
#7051=AXIS2_PLACEMENT_3D('',#7048,#7049,#7050);
#7052=PLANE('',#7051);
#7054=ORIENTED_EDGE('',*,*,#7053,.T.);
#7055=ORIENTED_EDGE('',*,*,#6629,.F.);
#7056=ORIENTED_EDGE('',*,*,#4174,.T.);
#7057=ORIENTED_EDGE('',*,*,#6742,.T.);
#7058=EDGE_LOOP('',(#7054,#7055,#7056,#7057));
#7059=FACE_OUTER_BOUND('',#7058,.F.);
#7060=ADVANCED_FACE('',(#7059),#7052,.T.);
#7061=CARTESIAN_POINT('',(1.E0,2.6E0,8.25E-1));
#7062=DIRECTION('',(0.E0,2.425356250363E-1,-9.701425001453E-1));
#7063=DIRECTION('',(0.E0,-9.701425001453E-1,-2.425356250363E-1));
#7064=AXIS2_PLACEMENT_3D('',#7061,#7062,#7063);
#7065=PLANE('',#7064);
#7066=ORIENTED_EDGE('',*,*,#7053,.F.);
#7067=ORIENTED_EDGE('',*,*,#6853,.F.);
#7068=ORIENTED_EDGE('',*,*,#6870,.T.);
#7070=ORIENTED_EDGE('',*,*,#7069,.T.);
#7071=EDGE_LOOP('',(#7066,#7067,#7068,#7070));
#7072=FACE_OUTER_BOUND('',#7071,.F.);
#7073=ADVANCED_FACE('',(#7072),#7065,.T.);
#7074=CARTESIAN_POINT('',(8.25E-1,2.6E0,1.E0));
#7075=DIRECTION('',(-9.701425001453E-1,2.425356250363E-1,0.E0));
#7076=DIRECTION('',(2.425356250363E-1,9.701425001453E-1,0.E0));
#7077=AXIS2_PLACEMENT_3D('',#7074,#7075,#7076);
#7078=PLANE('',#7077);
#7079=ORIENTED_EDGE('',*,*,#6624,.T.);
#7080=ORIENTED_EDGE('',*,*,#7069,.F.);
#7081=ORIENTED_EDGE('',*,*,#6868,.F.);
#7082=ORIENTED_EDGE('',*,*,#6883,.T.);
#7083=EDGE_LOOP('',(#7079,#7080,#7081,#7082));
#7084=FACE_OUTER_BOUND('',#7083,.F.);
#7085=ADVANCED_FACE('',(#7084),#7078,.T.);
#7086=CARTESIAN_POINT('',(1.175E0,-3.2E0,-5.01E0));
#7087=DIRECTION('',(9.701425001453E-1,0.E0,-2.425356250363E-1));
#7088=DIRECTION('',(-2.425356250363E-1,0.E0,-9.701425001453E-1));
#7089=AXIS2_PLACEMENT_3D('',#7086,#7087,#7088);
#7090=PLANE('',#7089);
#7092=ORIENTED_EDGE('',*,*,#7091,.F.);
#7094=ORIENTED_EDGE('',*,*,#7093,.T.);
#7095=ORIENTED_EDGE('',*,*,#6755,.T.);
#7097=ORIENTED_EDGE('',*,*,#7096,.T.);
#7098=EDGE_LOOP('',(#7092,#7094,#7095,#7097));
#7099=FACE_OUTER_BOUND('',#7098,.F.);
#7100=ADVANCED_FACE('',(#7099),#7090,.T.);
#7101=CARTESIAN_POINT('',(7.5E-1,-3.45E0,-5.31E0));
#7102=DIRECTION('',(0.E0,0.E0,-1.E0));
#7103=DIRECTION('',(0.E0,1.E0,0.E0));
#7104=AXIS2_PLACEMENT_3D('',#7101,#7102,#7103);
#7105=PLANE('',#7104);
#7107=ORIENTED_EDGE('',*,*,#7106,.T.);
#7109=ORIENTED_EDGE('',*,*,#7108,.T.);
#7111=ORIENTED_EDGE('',*,*,#7110,.F.);
#7112=ORIENTED_EDGE('',*,*,#7091,.T.);
#7113=EDGE_LOOP('',(#7107,#7109,#7111,#7112));
#7114=FACE_OUTER_BOUND('',#7113,.F.);
#7115=ADVANCED_FACE('',(#7114),#7105,.T.);
#7116=CARTESIAN_POINT('',(1.E0,-3.025E0,-5.01E0));
#7117=DIRECTION('',(0.E0,9.701425001453E-1,-2.425356250363E-1));
#7118=DIRECTION('',(0.E0,-2.425356250363E-1,-9.701425001453E-1));
#7119=AXIS2_PLACEMENT_3D('',#7116,#7117,#7118);
#7120=PLANE('',#7119);
#7122=ORIENTED_EDGE('',*,*,#7121,.T.);
#7124=ORIENTED_EDGE('',*,*,#7123,.F.);
#7125=ORIENTED_EDGE('',*,*,#7106,.F.);
#7126=ORIENTED_EDGE('',*,*,#7096,.F.);
#7127=EDGE_LOOP('',(#7122,#7124,#7125,#7126));
#7128=FACE_OUTER_BOUND('',#7127,.F.);
#7129=ADVANCED_FACE('',(#7128),#7120,.T.);
#7130=CARTESIAN_POINT('',(7.5E-1,-2.95E0,-5.31E0));
#7131=DIRECTION('',(0.E0,1.E0,0.E0));
#7132=DIRECTION('',(0.E0,0.E0,1.E0));
#7133=AXIS2_PLACEMENT_3D('',#7130,#7131,#7132);
#7134=PLANE('',#7133);
#7135=ORIENTED_EDGE('',*,*,#7121,.F.);
#7136=ORIENTED_EDGE('',*,*,#6766,.T.);
#7138=ORIENTED_EDGE('',*,*,#7137,.F.);
#7139=ORIENTED_EDGE('',*,*,#6641,.F.);
#7140=EDGE_LOOP('',(#7135,#7136,#7138,#7139));
#7141=FACE_OUTER_BOUND('',#7140,.F.);
#7142=ADVANCED_FACE('',(#7141),#7134,.T.);
#7143=CARTESIAN_POINT('',(7.5E-1,-2.75E0,-1.45E0));
#7144=DIRECTION('',(1.E0,0.E0,0.E0));
#7145=DIRECTION('',(0.E0,0.E0,-1.E0));
#7146=AXIS2_PLACEMENT_3D('',#7143,#7144,#7145);
#7147=CYLINDRICAL_SURFACE('',#7146,2.E-1);
#7149=ORIENTED_EDGE('',*,*,#7148,.F.);
#7150=ORIENTED_EDGE('',*,*,#6643,.F.);
#7151=ORIENTED_EDGE('',*,*,#7137,.T.);
#7152=ORIENTED_EDGE('',*,*,#6764,.T.);
#7153=EDGE_LOOP('',(#7149,#7150,#7151,#7152));
#7154=FACE_OUTER_BOUND('',#7153,.F.);
#7155=ADVANCED_FACE('',(#7154),#7147,.F.);
#7156=CARTESIAN_POINT('',(1.65E0,-2.545854811567E0,-2.E0));
#7157=DIRECTION('',(0.E0,8.660254037844E-1,5.E-1));
#7158=DIRECTION('',(0.E0,-5.E-1,8.660254037844E-1));
#7159=AXIS2_PLACEMENT_3D('',#7156,#7157,#7158);
#7160=PLANE('',#7159);
#7161=ORIENTED_EDGE('',*,*,#6645,.F.);
#7162=ORIENTED_EDGE('',*,*,#7148,.T.);
#7163=ORIENTED_EDGE('',*,*,#6762,.T.);
#7164=ORIENTED_EDGE('',*,*,#6567,.F.);
#7165=ORIENTED_EDGE('',*,*,#5735,.F.);
#7166=ORIENTED_EDGE('',*,*,#5537,.F.);
#7167=ORIENTED_EDGE('',*,*,#5777,.T.);
#7168=ORIENTED_EDGE('',*,*,#6575,.F.);
#7169=EDGE_LOOP('',(#7161,#7162,#7163,#7164,#7165,#7166,#7167,#7168));
#7170=FACE_OUTER_BOUND('',#7169,.F.);
#7171=ADVANCED_FACE('',(#7170),#7160,.F.);
#7172=CARTESIAN_POINT('',(8.25E-1,-3.2E0,-5.01E0));
#7173=DIRECTION('',(-9.701425001453E-1,0.E0,-2.425356250363E-1));
#7174=DIRECTION('',(2.425356250363E-1,0.E0,-9.701425001453E-1));
#7175=AXIS2_PLACEMENT_3D('',#7172,#7173,#7174);
#7176=PLANE('',#7175);
#7177=ORIENTED_EDGE('',*,*,#6639,.T.);
#7179=ORIENTED_EDGE('',*,*,#7178,.F.);
#7180=ORIENTED_EDGE('',*,*,#7108,.F.);
#7181=ORIENTED_EDGE('',*,*,#7123,.T.);
#7182=EDGE_LOOP('',(#7177,#7179,#7180,#7181));
#7183=FACE_OUTER_BOUND('',#7182,.F.);
#7184=ADVANCED_FACE('',(#7183),#7176,.T.);
#7185=CARTESIAN_POINT('',(1.E0,-3.375E0,-5.01E0));
#7186=DIRECTION('',(0.E0,-9.701425001453E-1,-2.425356250363E-1));
#7187=DIRECTION('',(0.E0,-2.425356250363E-1,9.701425001453E-1));
#7188=AXIS2_PLACEMENT_3D('',#7185,#7186,#7187);
#7189=PLANE('',#7188);
#7191=ORIENTED_EDGE('',*,*,#7190,.F.);
#7192=ORIENTED_EDGE('',*,*,#7093,.F.);
#7193=ORIENTED_EDGE('',*,*,#7110,.T.);
#7194=ORIENTED_EDGE('',*,*,#7178,.T.);
#7195=EDGE_LOOP('',(#7191,#7192,#7193,#7194));
#7196=FACE_OUTER_BOUND('',#7195,.F.);
#7197=ADVANCED_FACE('',(#7196),#7189,.T.);
#7198=CARTESIAN_POINT('',(7.5E-1,-3.45E0,-1.45E0));
#7199=DIRECTION('',(0.E0,-1.E0,0.E0));
#7200=DIRECTION('',(0.E0,0.E0,-1.E0));
#7201=AXIS2_PLACEMENT_3D('',#7198,#7199,#7200);
#7202=PLANE('',#7201);
#7203=ORIENTED_EDGE('',*,*,#7190,.T.);
#7204=ORIENTED_EDGE('',*,*,#6650,.F.);
#7206=ORIENTED_EDGE('',*,*,#7205,.T.);
#7207=ORIENTED_EDGE('',*,*,#6757,.T.);
#7208=EDGE_LOOP('',(#7203,#7204,#7206,#7207));
#7209=FACE_OUTER_BOUND('',#7208,.F.);
#7210=ADVANCED_FACE('',(#7209),#7202,.T.);
#7211=CARTESIAN_POINT('',(7.5E-1,-2.75E0,-1.45E0));
#7212=DIRECTION('',(1.E0,0.E0,0.E0));
#7213=DIRECTION('',(0.E0,0.E0,-1.E0));
#7214=AXIS2_PLACEMENT_3D('',#7211,#7212,#7213);
#7215=CYLINDRICAL_SURFACE('',#7214,7.E-1);
#7216=ORIENTED_EDGE('',*,*,#6571,.T.);
#7217=ORIENTED_EDGE('',*,*,#6759,.T.);
#7218=ORIENTED_EDGE('',*,*,#7205,.F.);
#7219=ORIENTED_EDGE('',*,*,#6648,.F.);
#7220=EDGE_LOOP('',(#7216,#7217,#7218,#7219));
#7221=FACE_OUTER_BOUND('',#7220,.F.);
#7222=ADVANCED_FACE('',(#7221),#7215,.T.);
#7223=CARTESIAN_POINT('',(1.65E0,-2.95E0,1.3E0));
#7224=DIRECTION('',(0.E0,8.660254037844E-1,-5.E-1));
#7225=DIRECTION('',(0.E0,5.E-1,8.660254037844E-1));
#7226=AXIS2_PLACEMENT_3D('',#7223,#7224,#7225);
#7227=PLANE('',#7226);
#7228=ORIENTED_EDGE('',*,*,#5650,.T.);
#7229=ORIENTED_EDGE('',*,*,#5730,.F.);
#7230=ORIENTED_EDGE('',*,*,#6588,.T.);
#7231=ORIENTED_EDGE('',*,*,#5792,.T.);
#7232=EDGE_LOOP('',(#7228,#7229,#7230,#7231));
#7233=FACE_OUTER_BOUND('',#7232,.F.);
#7234=ADVANCED_FACE('',(#7233),#7227,.F.);
#7235=CARTESIAN_POINT('',(-2.35E0,-2.95E0,1.3E0));
#7236=DIRECTION('',(0.E0,8.660254037844E-1,-5.E-1));
#7237=DIRECTION('',(0.E0,5.E-1,8.660254037844E-1));
#7238=AXIS2_PLACEMENT_3D('',#7235,#7236,#7237);
#7239=PLANE('',#7238);
#7240=ORIENTED_EDGE('',*,*,#5663,.T.);
#7241=ORIENTED_EDGE('',*,*,#4806,.F.);
#7242=ORIENTED_EDGE('',*,*,#4556,.T.);
#7243=ORIENTED_EDGE('',*,*,#4776,.T.);
#7244=EDGE_LOOP('',(#7240,#7241,#7242,#7243));
#7245=FACE_OUTER_BOUND('',#7244,.F.);
#7246=ADVANCED_FACE('',(#7245),#7239,.F.);
#7247=CARTESIAN_POINT('',(-4.5E0,-3.2E0,-2.E0));
#7248=DIRECTION('',(1.E0,0.E0,0.E0));
#7249=DIRECTION('',(0.E0,0.E0,1.E0));
#7250=AXIS2_PLACEMENT_3D('',#7247,#7248,#7249);
#7251=PLANE('',#7250);
#7252=ORIENTED_EDGE('',*,*,#5558,.F.);
#7253=ORIENTED_EDGE('',*,*,#5517,.T.);
#7255=ORIENTED_EDGE('',*,*,#7254,.T.);
#7256=ORIENTED_EDGE('',*,*,#5667,.F.);
#7257=EDGE_LOOP('',(#7252,#7253,#7255,#7256));
#7258=FACE_OUTER_BOUND('',#7257,.F.);
#7259=ADVANCED_FACE('',(#7258),#7251,.F.);
#7260=CARTESIAN_POINT('',(0.E0,-1.5E0,-3.15E0));
#7261=DIRECTION('',(0.E0,-1.E0,0.E0));
#7262=DIRECTION('',(0.E0,0.E0,1.E0));
#7263=AXIS2_PLACEMENT_3D('',#7260,#7261,#7262);
#7264=PLANE('',#7263);
#7266=ORIENTED_EDGE('',*,*,#7265,.T.);
#7268=ORIENTED_EDGE('',*,*,#7267,.T.);
#7270=ORIENTED_EDGE('',*,*,#7269,.F.);
#7272=ORIENTED_EDGE('',*,*,#7271,.T.);
#7273=ORIENTED_EDGE('',*,*,#3992,.F.);
#7274=ORIENTED_EDGE('',*,*,#3880,.F.);
#7275=ORIENTED_EDGE('',*,*,#3908,.T.);
#7277=ORIENTED_EDGE('',*,*,#7276,.T.);
#7278=EDGE_LOOP('',(#7266,#7268,#7270,#7272,#7273,#7274,#7275,#7277));
#7279=FACE_OUTER_BOUND('',#7278,.F.);
#7280=ORIENTED_EDGE('',*,*,#7254,.F.);
#7281=ORIENTED_EDGE('',*,*,#5515,.F.);
#7283=ORIENTED_EDGE('',*,*,#7282,.F.);
#7284=ORIENTED_EDGE('',*,*,#5669,.F.);
#7285=EDGE_LOOP('',(#7280,#7281,#7283,#7284));
#7286=FACE_BOUND('',#7285,.F.);
#7287=ADVANCED_FACE('',(#7279,#7286),#7264,.T.);
#7288=CARTESIAN_POINT('',(4.5E0,-3.2E0,2.E0));
#7289=DIRECTION('',(-1.E0,0.E0,0.E0));
#7290=DIRECTION('',(0.E0,0.E0,-1.E0));
#7291=AXIS2_PLACEMENT_3D('',#7288,#7289,#7290);
#7292=PLANE('',#7291);
#7293=ORIENTED_EDGE('',*,*,#5585,.F.);
#7294=ORIENTED_EDGE('',*,*,#5671,.T.);
#7295=ORIENTED_EDGE('',*,*,#7282,.T.);
#7296=ORIENTED_EDGE('',*,*,#5513,.F.);
#7297=EDGE_LOOP('',(#7293,#7294,#7295,#7296));
#7298=FACE_OUTER_BOUND('',#7297,.F.);
#7299=ADVANCED_FACE('',(#7298),#7292,.F.);
#7300=CARTESIAN_POINT('',(-1.5E0,1.7E0,3.15E0));
#7301=DIRECTION('',(-9.989031743698E-1,4.682358629859E-2,0.E0));
#7302=DIRECTION('',(-4.682358629859E-2,-9.989031743698E-1,0.E0));
#7303=AXIS2_PLACEMENT_3D('',#7300,#7301,#7302);
#7304=PLANE('',#7303);
#7306=ORIENTED_EDGE('',*,*,#7305,.F.);
#7308=ORIENTED_EDGE('',*,*,#7307,.T.);
#7310=ORIENTED_EDGE('',*,*,#7309,.F.);
#7311=ORIENTED_EDGE('',*,*,#4041,.T.);
#7313=ORIENTED_EDGE('',*,*,#7312,.T.);
#7314=ORIENTED_EDGE('',*,*,#7265,.F.);
#7315=EDGE_LOOP('',(#7306,#7308,#7310,#7311,#7313,#7314));
#7316=FACE_OUTER_BOUND('',#7315,.F.);
#7317=ADVANCED_FACE('',(#7316),#7304,.F.);
#7318=CARTESIAN_POINT('',(0.E0,0.E0,3.15E0));
#7319=DIRECTION('',(0.E0,0.E0,1.E0));
#7320=DIRECTION('',(1.E0,0.E0,0.E0));
#7321=AXIS2_PLACEMENT_3D('',#7318,#7319,#7320);
#7322=PLANE('',#7321);
#7324=ORIENTED_EDGE('',*,*,#7323,.T.);
#7326=ORIENTED_EDGE('',*,*,#7325,.T.);
#7327=ORIENTED_EDGE('',*,*,#3974,.F.);
#7328=ORIENTED_EDGE('',*,*,#3994,.F.);
#7329=ORIENTED_EDGE('',*,*,#7271,.F.);
#7331=ORIENTED_EDGE('',*,*,#7330,.T.);
#7333=ORIENTED_EDGE('',*,*,#7332,.T.);
#7335=ORIENTED_EDGE('',*,*,#7334,.T.);
#7337=ORIENTED_EDGE('',*,*,#7336,.T.);
#7339=ORIENTED_EDGE('',*,*,#7338,.T.);
#7341=ORIENTED_EDGE('',*,*,#7340,.T.);
#7342=ORIENTED_EDGE('',*,*,#7305,.T.);
#7343=ORIENTED_EDGE('',*,*,#7276,.F.);
#7344=ORIENTED_EDGE('',*,*,#3906,.F.);
#7345=ORIENTED_EDGE('',*,*,#3959,.F.);
#7346=EDGE_LOOP('',(#7324,#7326,#7327,#7328,#7329,#7331,#7333,#7335,#7337,#7339,
#7341,#7342,#7343,#7344,#7345));
#7347=FACE_OUTER_BOUND('',#7346,.F.);
#7348=ADVANCED_FACE('',(#7347),#7322,.T.);
#7349=CARTESIAN_POINT('',(-3.325E0,3.2E0,3.15E0));
#7350=DIRECTION('',(-9.659258262891E-1,-2.588190451025E-1,0.E0));
#7351=DIRECTION('',(2.588190451025E-1,-9.659258262891E-1,0.E0));
#7352=AXIS2_PLACEMENT_3D('',#7349,#7350,#7351);
#7353=PLANE('',#7352);
#7354=ORIENTED_EDGE('',*,*,#7323,.F.);
#7355=ORIENTED_EDGE('',*,*,#3957,.T.);
#7357=ORIENTED_EDGE('',*,*,#7356,.T.);
#7359=ORIENTED_EDGE('',*,*,#7358,.F.);
#7360=EDGE_LOOP('',(#7354,#7355,#7357,#7359));
#7361=FACE_OUTER_BOUND('',#7360,.F.);
#7362=ADVANCED_FACE('',(#7361),#7353,.F.);
#7363=CARTESIAN_POINT('',(0.E0,0.E0,3.13E0));
#7364=DIRECTION('',(0.E0,0.E0,1.E0));
#7365=DIRECTION('',(1.E0,0.E0,0.E0));
#7366=AXIS2_PLACEMENT_3D('',#7363,#7364,#7365);
#7367=PLANE('',#7366);
#7368=ORIENTED_EDGE('',*,*,#3978,.T.);
#7370=ORIENTED_EDGE('',*,*,#7369,.F.);
#7371=ORIENTED_EDGE('',*,*,#7356,.F.);
#7372=EDGE_LOOP('',(#7368,#7370,#7371));
#7373=FACE_OUTER_BOUND('',#7372,.F.);
#7374=ADVANCED_FACE('',(#7373),#7367,.T.);
#7375=CARTESIAN_POINT('',(-2.825E0,1.333974596216E0,3.15E0));
#7376=DIRECTION('',(9.659258262891E-1,-2.588190451025E-1,0.E0));
#7377=DIRECTION('',(2.588190451025E-1,9.659258262891E-1,0.E0));
#7378=AXIS2_PLACEMENT_3D('',#7375,#7376,#7377);
#7379=PLANE('',#7378);
#7380=ORIENTED_EDGE('',*,*,#7325,.F.);
#7381=ORIENTED_EDGE('',*,*,#7358,.T.);
#7382=ORIENTED_EDGE('',*,*,#7369,.T.);
#7383=ORIENTED_EDGE('',*,*,#3976,.F.);
#7384=EDGE_LOOP('',(#7380,#7381,#7382,#7383));
#7385=FACE_OUTER_BOUND('',#7384,.F.);
#7386=ADVANCED_FACE('',(#7385),#7379,.F.);
#7387=CARTESIAN_POINT('',(1.65E0,-1.5E0,3.15E0));
#7388=DIRECTION('',(9.989031743698E-1,4.682358629859E-2,0.E0));
#7389=DIRECTION('',(-4.682358629859E-2,9.989031743698E-1,0.E0));
#7390=AXIS2_PLACEMENT_3D('',#7387,#7388,#7389);
#7391=PLANE('',#7390);
#7392=ORIENTED_EDGE('',*,*,#7330,.F.);
#7393=ORIENTED_EDGE('',*,*,#7269,.T.);
#7395=ORIENTED_EDGE('',*,*,#7394,.T.);
#7396=ORIENTED_EDGE('',*,*,#4122,.F.);
#7398=ORIENTED_EDGE('',*,*,#7397,.T.);
#7400=ORIENTED_EDGE('',*,*,#7399,.F.);
#7401=EDGE_LOOP('',(#7392,#7393,#7395,#7396,#7398,#7400));
#7402=FACE_OUTER_BOUND('',#7401,.F.);
#7403=ADVANCED_FACE('',(#7402),#7391,.F.);
#7404=CARTESIAN_POINT('',(-4.425E0,3.2E0,2.25E0));
#7405=DIRECTION('',(0.E0,0.E0,1.E0));
#7406=DIRECTION('',(0.E0,-1.E0,0.E0));
#7407=AXIS2_PLACEMENT_3D('',#7404,#7405,#7406);
#7408=PLANE('',#7407);
#7409=ORIENTED_EDGE('',*,*,#7312,.F.);
#7410=ORIENTED_EDGE('',*,*,#4124,.T.);
#7411=ORIENTED_EDGE('',*,*,#7394,.F.);
#7412=ORIENTED_EDGE('',*,*,#7267,.F.);
#7413=EDGE_LOOP('',(#7409,#7410,#7411,#7412));
#7414=FACE_OUTER_BOUND('',#7413,.F.);
#7415=ADVANCED_FACE('',(#7414),#7408,.T.);
#7416=CARTESIAN_POINT('',(-2.6E0,3.2E0,2.5E0));
#7417=DIRECTION('',(0.E0,0.E0,1.E0));
#7418=DIRECTION('',(1.E0,0.E0,0.E0));
#7419=AXIS2_PLACEMENT_3D('',#7416,#7417,#7418);
#7420=PLANE('',#7419);
#7422=ORIENTED_EDGE('',*,*,#7421,.F.);
#7424=ORIENTED_EDGE('',*,*,#7423,.F.);
#7425=ORIENTED_EDGE('',*,*,#7397,.F.);
#7426=ORIENTED_EDGE('',*,*,#4120,.T.);
#7428=ORIENTED_EDGE('',*,*,#7427,.F.);
#7430=ORIENTED_EDGE('',*,*,#7429,.F.);
#7432=ORIENTED_EDGE('',*,*,#7431,.F.);
#7433=ORIENTED_EDGE('',*,*,#4043,.T.);
#7434=ORIENTED_EDGE('',*,*,#7309,.T.);
#7436=ORIENTED_EDGE('',*,*,#7435,.F.);
#7438=ORIENTED_EDGE('',*,*,#7437,.F.);
#7440=ORIENTED_EDGE('',*,*,#7439,.F.);
#7441=EDGE_LOOP('',(#7422,#7424,#7425,#7426,#7428,#7430,#7432,#7433,#7434,#7436,
#7438,#7440));
#7442=FACE_OUTER_BOUND('',#7441,.F.);
#7443=ADVANCED_FACE('',(#7442),#7420,.F.);
#7444=CARTESIAN_POINT('',(1.E0,1.7E0,3.15E0));
#7445=DIRECTION('',(-1.E0,0.E0,0.E0));
#7446=DIRECTION('',(0.E0,-1.E0,0.E0));
#7447=AXIS2_PLACEMENT_3D('',#7444,#7445,#7446);
#7448=PLANE('',#7447);
#7449=ORIENTED_EDGE('',*,*,#7334,.F.);
#7451=ORIENTED_EDGE('',*,*,#7450,.T.);
#7452=ORIENTED_EDGE('',*,*,#7421,.T.);
#7454=ORIENTED_EDGE('',*,*,#7453,.F.);
#7455=EDGE_LOOP('',(#7449,#7451,#7452,#7454));
#7456=FACE_OUTER_BOUND('',#7455,.F.);
#7457=ADVANCED_FACE('',(#7456),#7448,.F.);
#7458=CARTESIAN_POINT('',(1.5E0,1.7E0,3.15E0));
#7459=DIRECTION('',(0.E0,1.E0,0.E0));
#7460=DIRECTION('',(-1.E0,0.E0,0.E0));
#7461=AXIS2_PLACEMENT_3D('',#7458,#7459,#7460);
#7462=PLANE('',#7461);
#7463=ORIENTED_EDGE('',*,*,#7332,.F.);
#7464=ORIENTED_EDGE('',*,*,#7399,.T.);
#7465=ORIENTED_EDGE('',*,*,#7423,.T.);
#7466=ORIENTED_EDGE('',*,*,#7450,.F.);
#7467=EDGE_LOOP('',(#7463,#7464,#7465,#7466));
#7468=FACE_OUTER_BOUND('',#7467,.F.);
#7469=ADVANCED_FACE('',(#7468),#7462,.F.);
#7470=CARTESIAN_POINT('',(1.E0,5.E-1,3.15E0));
#7471=DIRECTION('',(0.E0,1.E0,0.E0));
#7472=DIRECTION('',(-1.E0,0.E0,0.E0));
#7473=AXIS2_PLACEMENT_3D('',#7470,#7471,#7472);
#7474=PLANE('',#7473);
#7475=ORIENTED_EDGE('',*,*,#7336,.F.);
#7476=ORIENTED_EDGE('',*,*,#7453,.T.);
#7477=ORIENTED_EDGE('',*,*,#7439,.T.);
#7479=ORIENTED_EDGE('',*,*,#7478,.F.);
#7480=EDGE_LOOP('',(#7475,#7476,#7477,#7479));
#7481=FACE_OUTER_BOUND('',#7480,.F.);
#7482=ADVANCED_FACE('',(#7481),#7474,.F.);
#7483=CARTESIAN_POINT('',(-1.E0,5.E-1,3.15E0));
#7484=DIRECTION('',(1.E0,0.E0,0.E0));
#7485=DIRECTION('',(0.E0,1.E0,0.E0));
#7486=AXIS2_PLACEMENT_3D('',#7483,#7484,#7485);
#7487=PLANE('',#7486);
#7488=ORIENTED_EDGE('',*,*,#7338,.F.);
#7489=ORIENTED_EDGE('',*,*,#7478,.T.);
#7490=ORIENTED_EDGE('',*,*,#7437,.T.);
#7492=ORIENTED_EDGE('',*,*,#7491,.F.);
#7493=EDGE_LOOP('',(#7488,#7489,#7490,#7492));
#7494=FACE_OUTER_BOUND('',#7493,.F.);
#7495=ADVANCED_FACE('',(#7494),#7487,.F.);
#7496=CARTESIAN_POINT('',(-1.E0,1.7E0,3.15E0));
#7497=DIRECTION('',(0.E0,1.E0,0.E0));
#7498=DIRECTION('',(-1.E0,0.E0,0.E0));
#7499=AXIS2_PLACEMENT_3D('',#7496,#7497,#7498);
#7500=PLANE('',#7499);
#7501=ORIENTED_EDGE('',*,*,#7340,.F.);
#7502=ORIENTED_EDGE('',*,*,#7491,.T.);
#7503=ORIENTED_EDGE('',*,*,#7435,.T.);
#7504=ORIENTED_EDGE('',*,*,#7307,.F.);
#7505=EDGE_LOOP('',(#7501,#7502,#7503,#7504));
#7506=FACE_OUTER_BOUND('',#7505,.F.);
#7507=ADVANCED_FACE('',(#7506),#7500,.F.);
#7508=CARTESIAN_POINT('',(2.6E0,3.2E0,2.5E0));
#7509=DIRECTION('',(1.E0,0.E0,0.E0));
#7510=DIRECTION('',(0.E0,0.E0,-1.E0));
#7511=AXIS2_PLACEMENT_3D('',#7508,#7509,#7510);
#7512=PLANE('',#7511);
#7513=ORIENTED_EDGE('',*,*,#7427,.T.);
#7514=ORIENTED_EDGE('',*,*,#4118,.T.);
#7516=ORIENTED_EDGE('',*,*,#7515,.F.);
#7518=ORIENTED_EDGE('',*,*,#7517,.T.);
#7519=EDGE_LOOP('',(#7513,#7514,#7516,#7518));
#7520=FACE_OUTER_BOUND('',#7519,.F.);
#7521=ADVANCED_FACE('',(#7520),#7512,.F.);
#7522=CARTESIAN_POINT('',(-4.425E0,3.2E0,2.25E0));
#7523=DIRECTION('',(0.E0,0.E0,1.E0));
#7524=DIRECTION('',(0.E0,-1.E0,0.E0));
#7525=AXIS2_PLACEMENT_3D('',#7522,#7523,#7524);
#7526=PLANE('',#7525);
#7527=ORIENTED_EDGE('',*,*,#4108,.F.);
#7529=ORIENTED_EDGE('',*,*,#7528,.F.);
#7531=ORIENTED_EDGE('',*,*,#7530,.T.);
#7533=ORIENTED_EDGE('',*,*,#7532,.T.);
#7534=EDGE_LOOP('',(#7527,#7529,#7531,#7533));
#7535=FACE_OUTER_BOUND('',#7534,.F.);
#7536=ADVANCED_FACE('',(#7535),#7526,.F.);
#7537=CARTESIAN_POINT('',(-4.425E0,3.2E0,2.25E0));
#7538=DIRECTION('',(0.E0,0.E0,1.E0));
#7539=DIRECTION('',(0.E0,-1.E0,0.E0));
#7540=AXIS2_PLACEMENT_3D('',#7537,#7538,#7539);
#7541=PLANE('',#7540);
#7542=ORIENTED_EDGE('',*,*,#4055,.F.);
#7544=ORIENTED_EDGE('',*,*,#7543,.F.);
#7546=ORIENTED_EDGE('',*,*,#7545,.T.);
#7548=ORIENTED_EDGE('',*,*,#7547,.T.);
#7549=EDGE_LOOP('',(#7542,#7544,#7546,#7548));
#7550=FACE_OUTER_BOUND('',#7549,.F.);
#7551=ADVANCED_FACE('',(#7550),#7541,.F.);
#7552=CARTESIAN_POINT('',(-4.425E0,3.2E0,2.25E0));
#7553=DIRECTION('',(0.E0,0.E0,1.E0));
#7554=DIRECTION('',(0.E0,-1.E0,0.E0));
#7555=AXIS2_PLACEMENT_3D('',#7552,#7553,#7554);
#7556=PLANE('',#7555);
#7558=ORIENTED_EDGE('',*,*,#7557,.F.);
#7560=ORIENTED_EDGE('',*,*,#7559,.T.);
#7562=ORIENTED_EDGE('',*,*,#7561,.T.);
#7563=ORIENTED_EDGE('',*,*,#4047,.F.);
#7564=EDGE_LOOP('',(#7558,#7560,#7562,#7563));
#7565=FACE_OUTER_BOUND('',#7564,.F.);
#7566=ADVANCED_FACE('',(#7565),#7556,.F.);
#7567=CARTESIAN_POINT('',(-4.425E0,3.2E0,2.25E0));
#7568=DIRECTION('',(0.E0,0.E0,1.E0));
#7569=DIRECTION('',(0.E0,-1.E0,0.E0));
#7570=AXIS2_PLACEMENT_3D('',#7567,#7568,#7569);
#7571=PLANE('',#7570);
#7572=ORIENTED_EDGE('',*,*,#7515,.T.);
#7573=ORIENTED_EDGE('',*,*,#4116,.F.);
#7575=ORIENTED_EDGE('',*,*,#7574,.F.);
#7577=ORIENTED_EDGE('',*,*,#7576,.T.);
#7578=EDGE_LOOP('',(#7572,#7573,#7575,#7577));
#7579=FACE_OUTER_BOUND('',#7578,.F.);
#7580=ADVANCED_FACE('',(#7579),#7571,.F.);
#7581=CARTESIAN_POINT('',(4.425E0,0.E0,0.E0));
#7582=DIRECTION('',(1.E0,0.E0,0.E0));
#7583=DIRECTION('',(0.E0,0.E0,-1.E0));
#7584=AXIS2_PLACEMENT_3D('',#7581,#7582,#7583);
#7585=PLANE('',#7584);
#7587=ORIENTED_EDGE('',*,*,#7586,.T.);
#7588=ORIENTED_EDGE('',*,*,#4031,.F.);
#7589=ORIENTED_EDGE('',*,*,#4100,.F.);
#7591=ORIENTED_EDGE('',*,*,#7590,.T.);
#7592=EDGE_LOOP('',(#7587,#7588,#7589,#7591));
#7593=FACE_OUTER_BOUND('',#7592,.F.);
#7594=ADVANCED_FACE('',(#7593),#7585,.F.);
#7595=CARTESIAN_POINT('',(4.425E0,0.E0,0.E0));
#7596=DIRECTION('',(1.E0,0.E0,0.E0));
#7597=DIRECTION('',(0.E0,0.E0,-1.E0));
#7598=AXIS2_PLACEMENT_3D('',#7595,#7596,#7597);
#7599=PLANE('',#7598);
#7601=ORIENTED_EDGE('',*,*,#7600,.T.);
#7602=ORIENTED_EDGE('',*,*,#7528,.T.);
#7603=ORIENTED_EDGE('',*,*,#4106,.F.);
#7605=ORIENTED_EDGE('',*,*,#7604,.T.);
#7606=EDGE_LOOP('',(#7601,#7602,#7603,#7605));
#7607=FACE_OUTER_BOUND('',#7606,.F.);
#7608=ADVANCED_FACE('',(#7607),#7599,.F.);
#7609=CARTESIAN_POINT('',(4.725E0,2.9E0,-1.7E0));
#7610=DIRECTION('',(-7.071067811865E-1,7.071067811865E-1,0.E0));
#7611=DIRECTION('',(-7.071067811865E-1,-7.071067811865E-1,0.E0));
#7612=AXIS2_PLACEMENT_3D('',#7609,#7610,#7611);
#7613=PLANE('',#7612);
#7614=ORIENTED_EDGE('',*,*,#7586,.F.);
#7616=ORIENTED_EDGE('',*,*,#7615,.T.);
#7617=ORIENTED_EDGE('',*,*,#3943,.T.);
#7618=ORIENTED_EDGE('',*,*,#4016,.F.);
#7619=EDGE_LOOP('',(#7614,#7616,#7617,#7618));
#7620=FACE_OUTER_BOUND('',#7619,.F.);
#7621=ADVANCED_FACE('',(#7620),#7613,.T.);
#7622=CARTESIAN_POINT('',(0.E0,2.9E0,-2.55E0));
#7623=DIRECTION('',(0.E0,7.071067811865E-1,7.071067811865E-1));
#7624=DIRECTION('',(0.E0,-7.071067811865E-1,7.071067811865E-1));
#7625=AXIS2_PLACEMENT_3D('',#7622,#7623,#7624);
#7626=PLANE('',#7625);
#7628=ORIENTED_EDGE('',*,*,#7627,.T.);
#7630=ORIENTED_EDGE('',*,*,#7629,.T.);
#7632=ORIENTED_EDGE('',*,*,#7631,.F.);
#7634=ORIENTED_EDGE('',*,*,#7633,.F.);
#7636=ORIENTED_EDGE('',*,*,#7635,.T.);
#7638=ORIENTED_EDGE('',*,*,#7637,.T.);
#7640=ORIENTED_EDGE('',*,*,#7639,.F.);
#7642=ORIENTED_EDGE('',*,*,#7641,.F.);
#7644=ORIENTED_EDGE('',*,*,#7643,.T.);
#7645=ORIENTED_EDGE('',*,*,#3945,.T.);
#7646=ORIENTED_EDGE('',*,*,#7615,.F.);
#7648=ORIENTED_EDGE('',*,*,#7647,.F.);
#7650=ORIENTED_EDGE('',*,*,#7649,.T.);
#7652=ORIENTED_EDGE('',*,*,#7651,.T.);
#7654=ORIENTED_EDGE('',*,*,#7653,.F.);
#7656=ORIENTED_EDGE('',*,*,#7655,.F.);
#7658=ORIENTED_EDGE('',*,*,#7657,.T.);
#7660=ORIENTED_EDGE('',*,*,#7659,.T.);
#7662=ORIENTED_EDGE('',*,*,#7661,.F.);
#7664=ORIENTED_EDGE('',*,*,#7663,.F.);
#7665=EDGE_LOOP('',(#7628,#7630,#7632,#7634,#7636,#7638,#7640,#7642,#7644,#7645,
#7646,#7648,#7650,#7652,#7654,#7656,#7658,#7660,#7662,#7664));
#7666=FACE_OUTER_BOUND('',#7665,.F.);
#7667=ADVANCED_FACE('',(#7666),#7626,.T.);
#7668=CARTESIAN_POINT('',(-4.E-1,3.2E0,-2.25E0));
#7669=DIRECTION('',(1.E0,0.E0,0.E0));
#7670=DIRECTION('',(0.E0,0.E0,-1.E0));
#7671=AXIS2_PLACEMENT_3D('',#7668,#7669,#7670);
#7672=PLANE('',#7671);
#7673=ORIENTED_EDGE('',*,*,#4080,.T.);
#7675=ORIENTED_EDGE('',*,*,#7674,.F.);
#7676=ORIENTED_EDGE('',*,*,#7627,.F.);
#7678=ORIENTED_EDGE('',*,*,#7677,.F.);
#7679=EDGE_LOOP('',(#7673,#7675,#7676,#7678));
#7680=FACE_OUTER_BOUND('',#7679,.F.);
#7681=ADVANCED_FACE('',(#7680),#7672,.F.);
#7682=CARTESIAN_POINT('',(-4.E-1,3.2E0,-2.5E0));
#7683=DIRECTION('',(0.E0,0.E0,-1.E0));
#7684=DIRECTION('',(-1.E0,0.E0,0.E0));
#7685=AXIS2_PLACEMENT_3D('',#7682,#7683,#7684);
#7686=PLANE('',#7685);
#7687=ORIENTED_EDGE('',*,*,#7629,.F.);
#7688=ORIENTED_EDGE('',*,*,#7674,.T.);
#7689=ORIENTED_EDGE('',*,*,#4078,.T.);
#7691=ORIENTED_EDGE('',*,*,#7690,.F.);
#7692=EDGE_LOOP('',(#7687,#7688,#7689,#7691));
#7693=FACE_OUTER_BOUND('',#7692,.F.);
#7694=ADVANCED_FACE('',(#7693),#7686,.F.);
#7695=CARTESIAN_POINT('',(-2.6E0,3.2E0,-2.5E0));
#7696=DIRECTION('',(-1.E0,0.E0,0.E0));
#7697=DIRECTION('',(0.E0,0.E0,1.E0));
#7698=AXIS2_PLACEMENT_3D('',#7695,#7696,#7697);
#7699=PLANE('',#7698);
#7700=ORIENTED_EDGE('',*,*,#4076,.T.);
#7702=ORIENTED_EDGE('',*,*,#7701,.T.);
#7703=ORIENTED_EDGE('',*,*,#7631,.T.);
#7704=ORIENTED_EDGE('',*,*,#7690,.T.);
#7705=EDGE_LOOP('',(#7700,#7702,#7703,#7704));
#7706=FACE_OUTER_BOUND('',#7705,.F.);
#7707=ADVANCED_FACE('',(#7706),#7699,.F.);
#7708=CARTESIAN_POINT('',(-4.425E0,-7.E-1,-2.25E0));
#7709=DIRECTION('',(0.E0,0.E0,-1.E0));
#7710=DIRECTION('',(0.E0,1.E0,0.E0));
#7711=AXIS2_PLACEMENT_3D('',#7708,#7709,#7710);
#7712=PLANE('',#7711);
#7713=ORIENTED_EDGE('',*,*,#4098,.T.);
#7715=ORIENTED_EDGE('',*,*,#7714,.T.);
#7716=ORIENTED_EDGE('',*,*,#7647,.T.);
#7717=ORIENTED_EDGE('',*,*,#7590,.F.);
#7718=EDGE_LOOP('',(#7713,#7715,#7716,#7717));
#7719=FACE_OUTER_BOUND('',#7718,.F.);
#7720=ADVANCED_FACE('',(#7719),#7712,.F.);
#7721=CARTESIAN_POINT('',(-4.425E0,-7.E-1,-2.25E0));
#7722=DIRECTION('',(0.E0,0.E0,-1.E0));
#7723=DIRECTION('',(0.E0,1.E0,0.E0));
#7724=AXIS2_PLACEMENT_3D('',#7721,#7722,#7723);
#7725=PLANE('',#7724);
#7727=ORIENTED_EDGE('',*,*,#7726,.F.);
#7728=ORIENTED_EDGE('',*,*,#4066,.T.);
#7730=ORIENTED_EDGE('',*,*,#7729,.T.);
#7731=ORIENTED_EDGE('',*,*,#7641,.T.);
#7732=EDGE_LOOP('',(#7727,#7728,#7730,#7731));
#7733=FACE_OUTER_BOUND('',#7732,.F.);
#7734=ADVANCED_FACE('',(#7733),#7725,.F.);
#7735=CARTESIAN_POINT('',(-4.425E0,-7.E-1,-2.25E0));
#7736=DIRECTION('',(0.E0,0.E0,-1.E0));
#7737=DIRECTION('',(0.E0,1.E0,0.E0));
#7738=AXIS2_PLACEMENT_3D('',#7735,#7736,#7737);
#7739=PLANE('',#7738);
#7740=ORIENTED_EDGE('',*,*,#7677,.T.);
#7741=ORIENTED_EDGE('',*,*,#7663,.T.);
#7743=ORIENTED_EDGE('',*,*,#7742,.F.);
#7744=ORIENTED_EDGE('',*,*,#4082,.T.);
#7745=EDGE_LOOP('',(#7740,#7741,#7743,#7744));
#7746=FACE_OUTER_BOUND('',#7745,.F.);
#7747=ADVANCED_FACE('',(#7746),#7739,.F.);
#7748=CARTESIAN_POINT('',(-4.425E0,-7.E-1,-2.25E0));
#7749=DIRECTION('',(0.E0,0.E0,-1.E0));
#7750=DIRECTION('',(0.E0,1.E0,0.E0));
#7751=AXIS2_PLACEMENT_3D('',#7748,#7749,#7750);
#7752=PLANE('',#7751);
#7753=ORIENTED_EDGE('',*,*,#7701,.F.);
#7754=ORIENTED_EDGE('',*,*,#4074,.T.);
#7756=ORIENTED_EDGE('',*,*,#7755,.T.);
#7757=ORIENTED_EDGE('',*,*,#7633,.T.);
#7758=EDGE_LOOP('',(#7753,#7754,#7756,#7757));
#7759=FACE_OUTER_BOUND('',#7758,.F.);
#7760=ADVANCED_FACE('',(#7759),#7752,.F.);
#7761=CARTESIAN_POINT('',(-4.425E0,-7.E-1,-2.25E0));
#7762=DIRECTION('',(0.E0,0.E0,-1.E0));
#7763=DIRECTION('',(0.E0,1.E0,0.E0));
#7764=AXIS2_PLACEMENT_3D('',#7761,#7762,#7763);
#7765=PLANE('',#7764);
#7767=ORIENTED_EDGE('',*,*,#7766,.T.);
#7768=ORIENTED_EDGE('',*,*,#7655,.T.);
#7770=ORIENTED_EDGE('',*,*,#7769,.F.);
#7771=ORIENTED_EDGE('',*,*,#4090,.T.);
#7772=EDGE_LOOP('',(#7767,#7768,#7770,#7771));
#7773=FACE_OUTER_BOUND('',#7772,.F.);
#7774=ADVANCED_FACE('',(#7773),#7765,.F.);
#7775=CARTESIAN_POINT('',(4.025E0,3.2E0,-2.25E0));
#7776=DIRECTION('',(1.E0,0.E0,0.E0));
#7777=DIRECTION('',(0.E0,0.E0,-1.E0));
#7778=AXIS2_PLACEMENT_3D('',#7775,#7776,#7777);
#7779=PLANE('',#7778);
#7780=ORIENTED_EDGE('',*,*,#7714,.F.);
#7781=ORIENTED_EDGE('',*,*,#4096,.T.);
#7783=ORIENTED_EDGE('',*,*,#7782,.F.);
#7784=ORIENTED_EDGE('',*,*,#7649,.F.);
#7785=EDGE_LOOP('',(#7780,#7781,#7783,#7784));
#7786=FACE_OUTER_BOUND('',#7785,.F.);
#7787=ADVANCED_FACE('',(#7786),#7779,.F.);
#7788=CARTESIAN_POINT('',(4.025E0,3.2E0,-2.5E0));
#7789=DIRECTION('',(0.E0,0.E0,-1.E0));
#7790=DIRECTION('',(-1.E0,0.E0,0.E0));
#7791=AXIS2_PLACEMENT_3D('',#7788,#7789,#7790);
#7792=PLANE('',#7791);
#7793=ORIENTED_EDGE('',*,*,#7782,.T.);
#7794=ORIENTED_EDGE('',*,*,#4094,.T.);
#7796=ORIENTED_EDGE('',*,*,#7795,.F.);
#7797=ORIENTED_EDGE('',*,*,#7651,.F.);
#7798=EDGE_LOOP('',(#7793,#7794,#7796,#7797));
#7799=FACE_OUTER_BOUND('',#7798,.F.);
#7800=ADVANCED_FACE('',(#7799),#7792,.F.);
#7801=CARTESIAN_POINT('',(3.4E0,3.2E0,-2.5E0));
#7802=DIRECTION('',(-1.E0,0.E0,0.E0));
#7803=DIRECTION('',(0.E0,0.E0,1.E0));
#7804=AXIS2_PLACEMENT_3D('',#7801,#7802,#7803);
#7805=PLANE('',#7804);
#7806=ORIENTED_EDGE('',*,*,#7769,.T.);
#7807=ORIENTED_EDGE('',*,*,#7653,.T.);
#7808=ORIENTED_EDGE('',*,*,#7795,.T.);
#7809=ORIENTED_EDGE('',*,*,#4092,.T.);
#7810=EDGE_LOOP('',(#7806,#7807,#7808,#7809));
#7811=FACE_OUTER_BOUND('',#7810,.F.);
#7812=ADVANCED_FACE('',(#7811),#7805,.F.);
#7813=CARTESIAN_POINT('',(-4.025E0,3.2E0,-2.5E0));
#7814=DIRECTION('',(-1.E0,0.E0,0.E0));
#7815=DIRECTION('',(0.E0,0.E0,1.E0));
#7816=AXIS2_PLACEMENT_3D('',#7813,#7814,#7815);
#7817=PLANE('',#7816);
#7818=ORIENTED_EDGE('',*,*,#7726,.T.);
#7819=ORIENTED_EDGE('',*,*,#7639,.T.);
#7821=ORIENTED_EDGE('',*,*,#7820,.T.);
#7822=ORIENTED_EDGE('',*,*,#4068,.T.);
#7823=EDGE_LOOP('',(#7818,#7819,#7821,#7822));
#7824=FACE_OUTER_BOUND('',#7823,.F.);
#7825=ADVANCED_FACE('',(#7824),#7817,.F.);
#7826=CARTESIAN_POINT('',(-3.4E0,3.2E0,-2.5E0));
#7827=DIRECTION('',(0.E0,0.E0,-1.E0));
#7828=DIRECTION('',(-1.E0,0.E0,0.E0));
#7829=AXIS2_PLACEMENT_3D('',#7826,#7827,#7828);
#7830=PLANE('',#7829);
#7832=ORIENTED_EDGE('',*,*,#7831,.T.);
#7833=ORIENTED_EDGE('',*,*,#4070,.T.);
#7834=ORIENTED_EDGE('',*,*,#7820,.F.);
#7835=ORIENTED_EDGE('',*,*,#7637,.F.);
#7836=EDGE_LOOP('',(#7832,#7833,#7834,#7835));
#7837=FACE_OUTER_BOUND('',#7836,.F.);
#7838=ADVANCED_FACE('',(#7837),#7830,.F.);
#7839=CARTESIAN_POINT('',(-3.4E0,3.2E0,-2.25E0));
#7840=DIRECTION('',(1.E0,0.E0,0.E0));
#7841=DIRECTION('',(0.E0,0.E0,-1.E0));
#7842=AXIS2_PLACEMENT_3D('',#7839,#7840,#7841);
#7843=PLANE('',#7842);
#7844=ORIENTED_EDGE('',*,*,#7755,.F.);
#7845=ORIENTED_EDGE('',*,*,#4072,.T.);
#7846=ORIENTED_EDGE('',*,*,#7831,.F.);
#7847=ORIENTED_EDGE('',*,*,#7635,.F.);
#7848=EDGE_LOOP('',(#7844,#7845,#7846,#7847));
#7849=FACE_OUTER_BOUND('',#7848,.F.);
#7850=ADVANCED_FACE('',(#7849),#7843,.F.);
#7851=CARTESIAN_POINT('',(-4.425E0,0.E0,0.E0));
#7852=DIRECTION('',(1.E0,0.E0,0.E0));
#7853=DIRECTION('',(0.E0,0.E0,-1.E0));
#7854=AXIS2_PLACEMENT_3D('',#7851,#7852,#7853);
#7855=PLANE('',#7854);
#7857=ORIENTED_EDGE('',*,*,#7856,.T.);
#7858=ORIENTED_EDGE('',*,*,#7729,.F.);
#7859=ORIENTED_EDGE('',*,*,#4064,.T.);
#7861=ORIENTED_EDGE('',*,*,#7860,.T.);
#7862=EDGE_LOOP('',(#7857,#7858,#7859,#7861));
#7863=FACE_OUTER_BOUND('',#7862,.F.);
#7864=ADVANCED_FACE('',(#7863),#7855,.T.);
#7865=CARTESIAN_POINT('',(-4.425E0,0.E0,0.E0));
#7866=DIRECTION('',(1.E0,0.E0,0.E0));
#7867=DIRECTION('',(0.E0,0.E0,-1.E0));
#7868=AXIS2_PLACEMENT_3D('',#7865,#7866,#7867);
#7869=PLANE('',#7868);
#7871=ORIENTED_EDGE('',*,*,#7870,.T.);
#7873=ORIENTED_EDGE('',*,*,#7872,.F.);
#7874=ORIENTED_EDGE('',*,*,#4057,.T.);
#7875=ORIENTED_EDGE('',*,*,#7547,.F.);
#7876=EDGE_LOOP('',(#7871,#7873,#7874,#7875));
#7877=FACE_OUTER_BOUND('',#7876,.F.);
#7878=ADVANCED_FACE('',(#7877),#7869,.T.);
#7879=CARTESIAN_POINT('',(-4.725E0,2.9E0,-1.2E0));
#7880=DIRECTION('',(7.071067811865E-1,7.071067811865E-1,0.E0));
#7881=DIRECTION('',(7.071067811865E-1,-7.071067811865E-1,0.E0));
#7882=AXIS2_PLACEMENT_3D('',#7879,#7880,#7881);
#7883=PLANE('',#7882);
#7884=ORIENTED_EDGE('',*,*,#7856,.F.);
#7885=ORIENTED_EDGE('',*,*,#3924,.T.);
#7886=ORIENTED_EDGE('',*,*,#3947,.T.);
#7887=ORIENTED_EDGE('',*,*,#7643,.F.);
#7888=EDGE_LOOP('',(#7884,#7885,#7886,#7887));
#7889=FACE_OUTER_BOUND('',#7888,.F.);
#7890=ADVANCED_FACE('',(#7889),#7883,.T.);
#7891=CARTESIAN_POINT('',(-4.425E0,3.2E0,-1.5E-1));
#7892=DIRECTION('',(0.E0,0.E0,-1.E0));
#7893=DIRECTION('',(-1.E0,0.E0,0.E0));
#7894=AXIS2_PLACEMENT_3D('',#7891,#7892,#7893);
#7895=PLANE('',#7894);
#7896=ORIENTED_EDGE('',*,*,#3926,.T.);
#7897=ORIENTED_EDGE('',*,*,#7860,.F.);
#7898=ORIENTED_EDGE('',*,*,#4062,.T.);
#7899=ORIENTED_EDGE('',*,*,#3896,.F.);
#7900=EDGE_LOOP('',(#7896,#7897,#7898,#7899));
#7901=FACE_OUTER_BOUND('',#7900,.F.);
#7902=ADVANCED_FACE('',(#7901),#7895,.F.);
#7903=CARTESIAN_POINT('',(-4.725E0,2.9E0,1.7E0));
#7904=DIRECTION('',(7.071067811865E-1,7.071067811865E-1,0.E0));
#7905=DIRECTION('',(7.071067811865E-1,-7.071067811865E-1,0.E0));
#7906=AXIS2_PLACEMENT_3D('',#7903,#7904,#7905);
#7907=PLANE('',#7906);
#7908=ORIENTED_EDGE('',*,*,#7870,.F.);
#7910=ORIENTED_EDGE('',*,*,#7909,.T.);
#7911=ORIENTED_EDGE('',*,*,#3964,.T.);
#7913=ORIENTED_EDGE('',*,*,#7912,.F.);
#7914=EDGE_LOOP('',(#7908,#7910,#7911,#7913));
#7915=FACE_OUTER_BOUND('',#7914,.F.);
#7916=ADVANCED_FACE('',(#7915),#7907,.T.);
#7917=CARTESIAN_POINT('',(1.243449787580E-14,2.9E0,2.55E0));
#7918=DIRECTION('',(0.E0,7.071067811865E-1,-7.071067811865E-1));
#7919=DIRECTION('',(0.E0,-7.071067811865E-1,-7.071067811865E-1));
#7920=AXIS2_PLACEMENT_3D('',#7917,#7918,#7919);
#7921=PLANE('',#7920);
#7923=ORIENTED_EDGE('',*,*,#7922,.T.);
#7924=ORIENTED_EDGE('',*,*,#7429,.T.);
#7925=ORIENTED_EDGE('',*,*,#7517,.F.);
#7926=ORIENTED_EDGE('',*,*,#7576,.F.);
#7928=ORIENTED_EDGE('',*,*,#7927,.T.);
#7930=ORIENTED_EDGE('',*,*,#7929,.T.);
#7932=ORIENTED_EDGE('',*,*,#7931,.F.);
#7933=ORIENTED_EDGE('',*,*,#7530,.F.);
#7935=ORIENTED_EDGE('',*,*,#7934,.T.);
#7936=ORIENTED_EDGE('',*,*,#3966,.T.);
#7937=ORIENTED_EDGE('',*,*,#7909,.F.);
#7938=ORIENTED_EDGE('',*,*,#7545,.F.);
#7940=ORIENTED_EDGE('',*,*,#7939,.T.);
#7942=ORIENTED_EDGE('',*,*,#7941,.T.);
#7944=ORIENTED_EDGE('',*,*,#7943,.F.);
#7945=ORIENTED_EDGE('',*,*,#7559,.F.);
#7946=EDGE_LOOP('',(#7923,#7924,#7925,#7926,#7928,#7930,#7932,#7933,#7935,#7936,
#7937,#7938,#7940,#7942,#7944,#7945));
#7947=FACE_OUTER_BOUND('',#7946,.F.);
#7948=ADVANCED_FACE('',(#7947),#7921,.T.);
#7949=CARTESIAN_POINT('',(-2.6E0,3.2E0,2.25E0));
#7950=DIRECTION('',(-1.E0,0.E0,0.E0));
#7951=DIRECTION('',(0.E0,0.E0,1.E0));
#7952=AXIS2_PLACEMENT_3D('',#7949,#7950,#7951);
#7953=PLANE('',#7952);
#7954=ORIENTED_EDGE('',*,*,#7431,.T.);
#7955=ORIENTED_EDGE('',*,*,#7922,.F.);
#7956=ORIENTED_EDGE('',*,*,#7557,.T.);
#7957=ORIENTED_EDGE('',*,*,#4045,.T.);
#7958=EDGE_LOOP('',(#7954,#7955,#7956,#7957));
#7959=FACE_OUTER_BOUND('',#7958,.F.);
#7960=ADVANCED_FACE('',(#7959),#7953,.F.);
#7961=CARTESIAN_POINT('',(3.4E0,3.2E0,2.25E0));
#7962=DIRECTION('',(-1.E0,0.E0,0.E0));
#7963=DIRECTION('',(0.E0,0.E0,1.E0));
#7964=AXIS2_PLACEMENT_3D('',#7961,#7962,#7963);
#7965=PLANE('',#7964);
#7966=ORIENTED_EDGE('',*,*,#7574,.T.);
#7967=ORIENTED_EDGE('',*,*,#4114,.T.);
#7969=ORIENTED_EDGE('',*,*,#7968,.F.);
#7970=ORIENTED_EDGE('',*,*,#7927,.F.);
#7971=EDGE_LOOP('',(#7966,#7967,#7969,#7970));
#7972=FACE_OUTER_BOUND('',#7971,.F.);
#7973=ADVANCED_FACE('',(#7972),#7965,.F.);
#7974=CARTESIAN_POINT('',(3.4E0,3.2E0,2.5E0));
#7975=DIRECTION('',(0.E0,0.E0,1.E0));
#7976=DIRECTION('',(1.E0,0.E0,0.E0));
#7977=AXIS2_PLACEMENT_3D('',#7974,#7975,#7976);
#7978=PLANE('',#7977);
#7979=ORIENTED_EDGE('',*,*,#7929,.F.);
#7980=ORIENTED_EDGE('',*,*,#7968,.T.);
#7981=ORIENTED_EDGE('',*,*,#4112,.T.);
#7983=ORIENTED_EDGE('',*,*,#7982,.F.);
#7984=EDGE_LOOP('',(#7979,#7980,#7981,#7983));
#7985=FACE_OUTER_BOUND('',#7984,.F.);
#7986=ADVANCED_FACE('',(#7985),#7978,.F.);
#7987=CARTESIAN_POINT('',(4.025E0,3.2E0,2.5E0));
#7988=DIRECTION('',(1.E0,0.E0,0.E0));
#7989=DIRECTION('',(0.E0,0.E0,-1.E0));
#7990=AXIS2_PLACEMENT_3D('',#7987,#7988,#7989);
#7991=PLANE('',#7990);
#7992=ORIENTED_EDGE('',*,*,#7532,.F.);
#7993=ORIENTED_EDGE('',*,*,#7931,.T.);
#7994=ORIENTED_EDGE('',*,*,#7982,.T.);
#7995=ORIENTED_EDGE('',*,*,#4110,.T.);
#7996=EDGE_LOOP('',(#7992,#7993,#7994,#7995));
#7997=FACE_OUTER_BOUND('',#7996,.F.);
#7998=ADVANCED_FACE('',(#7997),#7991,.F.);
#7999=CARTESIAN_POINT('',(4.725E0,2.9E0,1.2E0));
#8000=DIRECTION('',(-7.071067811865E-1,7.071067811865E-1,0.E0));
#8001=DIRECTION('',(-7.071067811865E-1,-7.071067811865E-1,0.E0));
#8002=AXIS2_PLACEMENT_3D('',#7999,#8000,#8001);
#8003=PLANE('',#8002);
#8004=ORIENTED_EDGE('',*,*,#7600,.F.);
#8006=ORIENTED_EDGE('',*,*,#8005,.T.);
#8007=ORIENTED_EDGE('',*,*,#3968,.T.);
#8008=ORIENTED_EDGE('',*,*,#7934,.F.);
#8009=EDGE_LOOP('',(#8004,#8006,#8007,#8008));
#8010=FACE_OUTER_BOUND('',#8009,.F.);
#8011=ADVANCED_FACE('',(#8010),#8003,.T.);
#8012=CARTESIAN_POINT('',(4.875E0,2.9E0,4.5E-1));
#8013=DIRECTION('',(0.E0,7.071067811865E-1,-7.071067811865E-1));
#8014=DIRECTION('',(0.E0,-7.071067811865E-1,-7.071067811865E-1));
#8015=AXIS2_PLACEMENT_3D('',#8012,#8013,#8014);
#8016=PLANE('',#8015);
#8017=ORIENTED_EDGE('',*,*,#3997,.T.);
#8018=ORIENTED_EDGE('',*,*,#3970,.T.);
#8019=ORIENTED_EDGE('',*,*,#8005,.F.);
#8021=ORIENTED_EDGE('',*,*,#8020,.F.);
#8022=EDGE_LOOP('',(#8017,#8018,#8019,#8021));
#8023=FACE_OUTER_BOUND('',#8022,.F.);
#8024=ADVANCED_FACE('',(#8023),#8016,.T.);
#8025=CARTESIAN_POINT('',(4.425E0,3.2E0,1.5E-1));
#8026=DIRECTION('',(0.E0,0.E0,1.E0));
#8027=DIRECTION('',(1.E0,0.E0,0.E0));
#8028=AXIS2_PLACEMENT_3D('',#8025,#8026,#8027);
#8029=PLANE('',#8028);
#8030=ORIENTED_EDGE('',*,*,#8020,.T.);
#8031=ORIENTED_EDGE('',*,*,#7604,.F.);
#8032=ORIENTED_EDGE('',*,*,#4104,.T.);
#8033=ORIENTED_EDGE('',*,*,#3999,.F.);
#8034=EDGE_LOOP('',(#8030,#8031,#8032,#8033));
#8035=FACE_OUTER_BOUND('',#8034,.F.);
#8036=ADVANCED_FACE('',(#8035),#8029,.F.);
#8037=CARTESIAN_POINT('',(-4.025E0,3.2E0,2.25E0));
#8038=DIRECTION('',(-1.E0,0.E0,0.E0));
#8039=DIRECTION('',(0.E0,0.E0,1.E0));
#8040=AXIS2_PLACEMENT_3D('',#8037,#8038,#8039);
#8041=PLANE('',#8040);
#8042=ORIENTED_EDGE('',*,*,#7543,.T.);
#8043=ORIENTED_EDGE('',*,*,#4053,.T.);
#8045=ORIENTED_EDGE('',*,*,#8044,.F.);
#8046=ORIENTED_EDGE('',*,*,#7939,.F.);
#8047=EDGE_LOOP('',(#8042,#8043,#8045,#8046));
#8048=FACE_OUTER_BOUND('',#8047,.F.);
#8049=ADVANCED_FACE('',(#8048),#8041,.F.);
#8050=CARTESIAN_POINT('',(-4.025E0,3.2E0,2.5E0));
#8051=DIRECTION('',(0.E0,0.E0,1.E0));
#8052=DIRECTION('',(1.E0,0.E0,0.E0));
#8053=AXIS2_PLACEMENT_3D('',#8050,#8051,#8052);
#8054=PLANE('',#8053);
#8055=ORIENTED_EDGE('',*,*,#7941,.F.);
#8056=ORIENTED_EDGE('',*,*,#8044,.T.);
#8057=ORIENTED_EDGE('',*,*,#4051,.T.);
#8059=ORIENTED_EDGE('',*,*,#8058,.F.);
#8060=EDGE_LOOP('',(#8055,#8056,#8057,#8059));
#8061=FACE_OUTER_BOUND('',#8060,.F.);
#8062=ADVANCED_FACE('',(#8061),#8054,.F.);
#8063=CARTESIAN_POINT('',(-3.4E0,3.2E0,2.5E0));
#8064=DIRECTION('',(1.E0,0.E0,0.E0));
#8065=DIRECTION('',(0.E0,0.E0,-1.E0));
#8066=AXIS2_PLACEMENT_3D('',#8063,#8064,#8065);
#8067=PLANE('',#8066);
#8068=ORIENTED_EDGE('',*,*,#7561,.F.);
#8069=ORIENTED_EDGE('',*,*,#7943,.T.);
#8070=ORIENTED_EDGE('',*,*,#8058,.T.);
#8071=ORIENTED_EDGE('',*,*,#4049,.T.);
#8072=EDGE_LOOP('',(#8068,#8069,#8070,#8071));
#8073=FACE_OUTER_BOUND('',#8072,.F.);
#8074=ADVANCED_FACE('',(#8073),#8067,.F.);
#8075=CARTESIAN_POINT('',(-4.875E0,2.9E0,1.45E0));
#8076=DIRECTION('',(0.E0,7.071067811865E-1,-7.071067811865E-1));
#8077=DIRECTION('',(0.E0,-7.071067811865E-1,-7.071067811865E-1));
#8078=AXIS2_PLACEMENT_3D('',#8075,#8076,#8077);
#8079=PLANE('',#8078);
#8080=ORIENTED_EDGE('',*,*,#3902,.T.);
#8082=ORIENTED_EDGE('',*,*,#8081,.F.);
#8083=ORIENTED_EDGE('',*,*,#7912,.T.);
#8084=ORIENTED_EDGE('',*,*,#3962,.T.);
#8085=EDGE_LOOP('',(#8080,#8082,#8083,#8084));
#8086=FACE_OUTER_BOUND('',#8085,.F.);
#8087=ADVANCED_FACE('',(#8086),#8079,.T.);
#8088=CARTESIAN_POINT('',(-5.325E0,3.2E0,1.15E0));
#8089=DIRECTION('',(0.E0,0.E0,1.E0));
#8090=DIRECTION('',(1.E0,0.E0,0.E0));
#8091=AXIS2_PLACEMENT_3D('',#8088,#8089,#8090);
#8092=PLANE('',#8091);
#8093=ORIENTED_EDGE('',*,*,#8081,.T.);
#8094=ORIENTED_EDGE('',*,*,#3900,.T.);
#8095=ORIENTED_EDGE('',*,*,#4059,.T.);
#8096=ORIENTED_EDGE('',*,*,#7872,.T.);
#8097=EDGE_LOOP('',(#8093,#8094,#8095,#8096));
#8098=FACE_OUTER_BOUND('',#8097,.F.);
#8099=ADVANCED_FACE('',(#8098),#8092,.F.);
#8100=CARTESIAN_POINT('',(4.E-1,3.2E0,-2.5E0));
#8101=DIRECTION('',(-1.E0,0.E0,0.E0));
#8102=DIRECTION('',(0.E0,0.E0,1.E0));
#8103=AXIS2_PLACEMENT_3D('',#8100,#8101,#8102);
#8104=PLANE('',#8103);
#8105=ORIENTED_EDGE('',*,*,#4084,.T.);
#8106=ORIENTED_EDGE('',*,*,#7742,.T.);
#8107=ORIENTED_EDGE('',*,*,#7661,.T.);
#8109=ORIENTED_EDGE('',*,*,#8108,.T.);
#8110=EDGE_LOOP('',(#8105,#8106,#8107,#8109));
#8111=FACE_OUTER_BOUND('',#8110,.F.);
#8112=ADVANCED_FACE('',(#8111),#8104,.F.);
#8113=CARTESIAN_POINT('',(2.6E0,3.2E0,-2.5E0));
#8114=DIRECTION('',(0.E0,0.E0,-1.E0));
#8115=DIRECTION('',(-1.E0,0.E0,0.E0));
#8116=AXIS2_PLACEMENT_3D('',#8113,#8114,#8115);
#8117=PLANE('',#8116);
#8118=ORIENTED_EDGE('',*,*,#7659,.F.);
#8120=ORIENTED_EDGE('',*,*,#8119,.T.);
#8121=ORIENTED_EDGE('',*,*,#4086,.T.);
#8122=ORIENTED_EDGE('',*,*,#8108,.F.);
#8123=EDGE_LOOP('',(#8118,#8120,#8121,#8122));
#8124=FACE_OUTER_BOUND('',#8123,.F.);
#8125=ADVANCED_FACE('',(#8124),#8117,.F.);
#8126=CARTESIAN_POINT('',(2.6E0,3.2E0,-2.25E0));
#8127=DIRECTION('',(1.E0,0.E0,0.E0));
#8128=DIRECTION('',(0.E0,0.E0,-1.E0));
#8129=AXIS2_PLACEMENT_3D('',#8126,#8127,#8128);
#8130=PLANE('',#8129);
#8131=ORIENTED_EDGE('',*,*,#4088,.T.);
#8132=ORIENTED_EDGE('',*,*,#8119,.F.);
#8133=ORIENTED_EDGE('',*,*,#7657,.F.);
#8134=ORIENTED_EDGE('',*,*,#7766,.F.);
#8135=EDGE_LOOP('',(#8131,#8132,#8133,#8134));
#8136=FACE_OUTER_BOUND('',#8135,.F.);
#8137=ADVANCED_FACE('',(#8136),#8130,.F.);
#8138=CARTESIAN_POINT('',(-2.35E0,-2.545854811567E0,-2.E0));
#8139=DIRECTION('',(0.E0,8.660254037844E-1,5.E-1));
#8140=DIRECTION('',(0.E0,-5.E-1,8.660254037844E-1));
#8141=AXIS2_PLACEMENT_3D('',#8138,#8139,#8140);
#8142=PLANE('',#8141);
#8143=ORIENTED_EDGE('',*,*,#4250,.F.);
#8145=ORIENTED_EDGE('',*,*,#8144,.T.);
#8146=ORIENTED_EDGE('',*,*,#4370,.T.);
#8147=ORIENTED_EDGE('',*,*,#4534,.F.);
#8148=ORIENTED_EDGE('',*,*,#4814,.F.);
#8149=ORIENTED_EDGE('',*,*,#5522,.F.);
#8150=ORIENTED_EDGE('',*,*,#4768,.T.);
#8151=ORIENTED_EDGE('',*,*,#4540,.F.);
#8152=EDGE_LOOP('',(#8143,#8145,#8146,#8147,#8148,#8149,#8150,#8151));
#8153=FACE_OUTER_BOUND('',#8152,.F.);
#8154=ADVANCED_FACE('',(#8153),#8142,.F.);
#8155=CARTESIAN_POINT('',(-3.25E0,-2.75E0,-1.45E0));
#8156=DIRECTION('',(1.E0,0.E0,0.E0));
#8157=DIRECTION('',(0.E0,0.E0,-1.E0));
#8158=AXIS2_PLACEMENT_3D('',#8155,#8156,#8157);
#8159=CYLINDRICAL_SURFACE('',#8158,2.E-1);
#8160=ORIENTED_EDGE('',*,*,#8144,.F.);
#8161=ORIENTED_EDGE('',*,*,#4248,.F.);
#8163=ORIENTED_EDGE('',*,*,#8162,.T.);
#8164=ORIENTED_EDGE('',*,*,#4372,.T.);
#8165=EDGE_LOOP('',(#8160,#8161,#8163,#8164));
#8166=FACE_OUTER_BOUND('',#8165,.F.);
#8167=ADVANCED_FACE('',(#8166),#8159,.F.);
#8168=CARTESIAN_POINT('',(-3.25E0,-2.95E0,-5.31E0));
#8169=DIRECTION('',(0.E0,1.E0,0.E0));
#8170=DIRECTION('',(0.E0,0.E0,1.E0));
#8171=AXIS2_PLACEMENT_3D('',#8168,#8169,#8170);
#8172=PLANE('',#8171);
#8174=ORIENTED_EDGE('',*,*,#8173,.F.);
#8175=ORIENTED_EDGE('',*,*,#4374,.T.);
#8176=ORIENTED_EDGE('',*,*,#8162,.F.);
#8177=ORIENTED_EDGE('',*,*,#4246,.F.);
#8178=EDGE_LOOP('',(#8174,#8175,#8176,#8177));
#8179=FACE_OUTER_BOUND('',#8178,.F.);
#8180=ADVANCED_FACE('',(#8179),#8172,.T.);
#8181=CARTESIAN_POINT('',(-3.E0,-3.025E0,-5.01E0));
#8182=DIRECTION('',(0.E0,9.701425001453E-1,-2.425356250363E-1));
#8183=DIRECTION('',(0.E0,-2.425356250363E-1,-9.701425001453E-1));
#8184=AXIS2_PLACEMENT_3D('',#8181,#8182,#8183);
#8185=PLANE('',#8184);
#8186=ORIENTED_EDGE('',*,*,#8173,.T.);
#8188=ORIENTED_EDGE('',*,*,#8187,.F.);
#8190=ORIENTED_EDGE('',*,*,#8189,.F.);
#8192=ORIENTED_EDGE('',*,*,#8191,.F.);
#8193=EDGE_LOOP('',(#8186,#8188,#8190,#8192));
#8194=FACE_OUTER_BOUND('',#8193,.F.);
#8195=ADVANCED_FACE('',(#8194),#8185,.T.);
#8196=CARTESIAN_POINT('',(-3.175E0,-3.2E0,-5.01E0));
#8197=DIRECTION('',(-9.701425001453E-1,0.E0,-2.425356250363E-1));
#8198=DIRECTION('',(2.425356250363E-1,0.E0,-9.701425001453E-1));
#8199=AXIS2_PLACEMENT_3D('',#8196,#8197,#8198);
#8200=PLANE('',#8199);
#8201=ORIENTED_EDGE('',*,*,#4244,.T.);
#8203=ORIENTED_EDGE('',*,*,#8202,.F.);
#8205=ORIENTED_EDGE('',*,*,#8204,.F.);
#8206=ORIENTED_EDGE('',*,*,#8187,.T.);
#8207=EDGE_LOOP('',(#8201,#8203,#8205,#8206));
#8208=FACE_OUTER_BOUND('',#8207,.F.);
#8209=ADVANCED_FACE('',(#8208),#8200,.T.);
#8210=CARTESIAN_POINT('',(-3.E0,-3.375E0,-5.01E0));
#8211=DIRECTION('',(0.E0,-9.701425001453E-1,-2.425356250363E-1));
#8212=DIRECTION('',(0.E0,-2.425356250363E-1,9.701425001453E-1));
#8213=AXIS2_PLACEMENT_3D('',#8210,#8211,#8212);
#8214=PLANE('',#8213);
#8216=ORIENTED_EDGE('',*,*,#8215,.F.);
#8218=ORIENTED_EDGE('',*,*,#8217,.F.);
#8220=ORIENTED_EDGE('',*,*,#8219,.T.);
#8221=ORIENTED_EDGE('',*,*,#8202,.T.);
#8222=EDGE_LOOP('',(#8216,#8218,#8220,#8221));
#8223=FACE_OUTER_BOUND('',#8222,.F.);
#8224=ADVANCED_FACE('',(#8223),#8214,.T.);
#8225=CARTESIAN_POINT('',(-3.25E0,-3.45E0,-1.45E0));
#8226=DIRECTION('',(0.E0,-1.E0,0.E0));
#8227=DIRECTION('',(0.E0,0.E0,-1.E0));
#8228=AXIS2_PLACEMENT_3D('',#8225,#8226,#8227);
#8229=PLANE('',#8228);
#8230=ORIENTED_EDGE('',*,*,#8215,.T.);
#8231=ORIENTED_EDGE('',*,*,#4256,.F.);
#8233=ORIENTED_EDGE('',*,*,#8232,.T.);
#8234=ORIENTED_EDGE('',*,*,#4364,.T.);
#8235=EDGE_LOOP('',(#8230,#8231,#8233,#8234));
#8236=FACE_OUTER_BOUND('',#8235,.F.);
#8237=ADVANCED_FACE('',(#8236),#8229,.T.);
#8238=CARTESIAN_POINT('',(-3.25E0,-2.75E0,-1.45E0));
#8239=DIRECTION('',(1.E0,0.E0,0.E0));
#8240=DIRECTION('',(0.E0,0.E0,-1.E0));
#8241=AXIS2_PLACEMENT_3D('',#8238,#8239,#8240);
#8242=CYLINDRICAL_SURFACE('',#8241,7.E-1);
#8243=ORIENTED_EDGE('',*,*,#4537,.T.);
#8244=ORIENTED_EDGE('',*,*,#4366,.T.);
#8245=ORIENTED_EDGE('',*,*,#8232,.F.);
#8246=ORIENTED_EDGE('',*,*,#4254,.F.);
#8247=EDGE_LOOP('',(#8243,#8244,#8245,#8246));
#8248=FACE_OUTER_BOUND('',#8247,.F.);
#8249=ADVANCED_FACE('',(#8248),#8242,.T.);
#8250=CARTESIAN_POINT('',(-2.825E0,-3.2E0,-5.01E0));
#8251=DIRECTION('',(9.701425001453E-1,0.E0,-2.425356250363E-1));
#8252=DIRECTION('',(-2.425356250363E-1,0.E0,-9.701425001453E-1));
#8253=AXIS2_PLACEMENT_3D('',#8250,#8251,#8252);
#8254=PLANE('',#8253);
#8256=ORIENTED_EDGE('',*,*,#8255,.F.);
#8257=ORIENTED_EDGE('',*,*,#8217,.T.);
#8258=ORIENTED_EDGE('',*,*,#4362,.T.);
#8259=ORIENTED_EDGE('',*,*,#8191,.T.);
#8260=EDGE_LOOP('',(#8256,#8257,#8258,#8259));
#8261=FACE_OUTER_BOUND('',#8260,.F.);
#8262=ADVANCED_FACE('',(#8261),#8254,.T.);
#8263=CARTESIAN_POINT('',(-3.25E0,-3.45E0,-5.31E0));
#8264=DIRECTION('',(0.E0,0.E0,-1.E0));
#8265=DIRECTION('',(0.E0,1.E0,0.E0));
#8266=AXIS2_PLACEMENT_3D('',#8263,#8264,#8265);
#8267=PLANE('',#8266);
#8268=ORIENTED_EDGE('',*,*,#8189,.T.);
#8269=ORIENTED_EDGE('',*,*,#8204,.T.);
#8270=ORIENTED_EDGE('',*,*,#8219,.F.);
#8271=ORIENTED_EDGE('',*,*,#8255,.T.);
#8272=EDGE_LOOP('',(#8268,#8269,#8270,#8271));
#8273=FACE_OUTER_BOUND('',#8272,.F.);
#8274=ADVANCED_FACE('',(#8273),#8267,.T.);
#8275=CARTESIAN_POINT('',(2.825E0,-3.2E0,-5.01E0));
#8276=DIRECTION('',(-9.701425001453E-1,0.E0,-2.425356250363E-1));
#8277=DIRECTION('',(2.425356250363E-1,0.E0,-9.701425001453E-1));
#8278=AXIS2_PLACEMENT_3D('',#8275,#8276,#8277);
#8279=PLANE('',#8278);
#8280=ORIENTED_EDGE('',*,*,#4970,.T.);
#8282=ORIENTED_EDGE('',*,*,#8281,.F.);
#8283=ORIENTED_EDGE('',*,*,#5439,.F.);
#8284=ORIENTED_EDGE('',*,*,#5454,.T.);
#8285=EDGE_LOOP('',(#8280,#8282,#8283,#8284));
#8286=FACE_OUTER_BOUND('',#8285,.F.);
#8287=ADVANCED_FACE('',(#8286),#8279,.T.);
#8288=CARTESIAN_POINT('',(3.E0,-3.375E0,-5.01E0));
#8289=DIRECTION('',(0.E0,-9.701425001453E-1,-2.425356250363E-1));
#8290=DIRECTION('',(0.E0,-2.425356250363E-1,9.701425001453E-1));
#8291=AXIS2_PLACEMENT_3D('',#8288,#8289,#8290);
#8292=PLANE('',#8291);
#8294=ORIENTED_EDGE('',*,*,#8293,.F.);
#8295=ORIENTED_EDGE('',*,*,#5424,.F.);
#8296=ORIENTED_EDGE('',*,*,#5441,.T.);
#8297=ORIENTED_EDGE('',*,*,#8281,.T.);
#8298=EDGE_LOOP('',(#8294,#8295,#8296,#8297));
#8299=FACE_OUTER_BOUND('',#8298,.F.);
#8300=ADVANCED_FACE('',(#8299),#8292,.T.);
#8301=CARTESIAN_POINT('',(2.75E0,-3.45E0,-1.45E0));
#8302=DIRECTION('',(0.E0,-1.E0,0.E0));
#8303=DIRECTION('',(0.E0,0.E0,-1.E0));
#8304=AXIS2_PLACEMENT_3D('',#8301,#8302,#8303);
#8305=PLANE('',#8304);
#8306=ORIENTED_EDGE('',*,*,#8293,.T.);
#8307=ORIENTED_EDGE('',*,*,#4981,.F.);
#8309=ORIENTED_EDGE('',*,*,#8308,.T.);
#8310=ORIENTED_EDGE('',*,*,#5088,.T.);
#8311=EDGE_LOOP('',(#8306,#8307,#8309,#8310));
#8312=FACE_OUTER_BOUND('',#8311,.F.);
#8313=ADVANCED_FACE('',(#8312),#8305,.T.);
#8314=CARTESIAN_POINT('',(2.75E0,-2.75E0,-1.45E0));
#8315=DIRECTION('',(1.E0,0.E0,0.E0));
#8316=DIRECTION('',(0.E0,0.E0,-1.E0));
#8317=AXIS2_PLACEMENT_3D('',#8314,#8315,#8316);
#8318=CYLINDRICAL_SURFACE('',#8317,7.E-1);
#8319=ORIENTED_EDGE('',*,*,#4924,.T.);
#8320=ORIENTED_EDGE('',*,*,#5090,.T.);
#8321=ORIENTED_EDGE('',*,*,#8308,.F.);
#8322=ORIENTED_EDGE('',*,*,#4979,.F.);
#8323=EDGE_LOOP('',(#8319,#8320,#8321,#8322));
#8324=FACE_OUTER_BOUND('',#8323,.F.);
#8325=ADVANCED_FACE('',(#8324),#8318,.T.);
#8326=CLOSED_SHELL('',(#3888,#3915,#3930,#3951,#3982,#4007,#4021,#4035,#4208,
#4223,#4238,#4260,#4284,#4299,#4314,#4327,#4341,#4356,#4378,#4402,#4416,#4429,
#4442,#4454,#4469,#4484,#4498,#4512,#4524,#4546,#4569,#4582,#4595,#4608,#4621,
#4636,#4650,#4665,#4678,#4690,#4703,#4715,#4728,#4740,#4755,#4780,#4794,#4818,
#4830,#4846,#4861,#4887,#4911,#4934,#4949,#4964,#4985,#5008,#5023,#5038,#5051,
#5065,#5080,#5101,#5124,#5138,#5151,#5164,#5176,#5191,#5206,#5220,#5233,#5245,
#5258,#5271,#5286,#5300,#5314,#5328,#5340,#5353,#5366,#5378,#5391,#5404,#5416,
#5431,#5446,#5460,#5473,#5486,#5504,#5548,#5562,#5576,#5590,#5605,#5620,#5636,
#5676,#5689,#5708,#5720,#5745,#5767,#5783,#5798,#5819,#5834,#5849,#5871,#5886,
#5901,#5922,#5946,#5961,#5976,#5989,#6003,#6018,#6039,#6063,#6077,#6090,#6103,
#6115,#6130,#6145,#6159,#6173,#6185,#6203,#6224,#6237,#6250,#6263,#6276,#6291,
#6305,#6320,#6333,#6345,#6358,#6370,#6383,#6395,#6408,#6421,#6436,#6450,#6464,
#6478,#6491,#6503,#6515,#6535,#6547,#6559,#6580,#6603,#6618,#6633,#6654,#6677,
#6692,#6707,#6720,#6734,#6749,#6770,#6793,#6807,#6820,#6833,#6845,#6860,#6875,
#6889,#6902,#6914,#6927,#6940,#6955,#6969,#6983,#6997,#7009,#7022,#7035,#7047,
#7060,#7073,#7085,#7100,#7115,#7129,#7142,#7155,#7171,#7184,#7197,#7210,#7222,
#7234,#7246,#7259,#7287,#7299,#7317,#7348,#7362,#7374,#7386,#7403,#7415,#7443,
#7457,#7469,#7482,#7495,#7507,#7521,#7536,#7551,#7566,#7580,#7594,#7608,#7621,
#7667,#7681,#7694,#7707,#7720,#7734,#7747,#7760,#7774,#7787,#7800,#7812,#7825,
#7838,#7850,#7864,#7878,#7890,#7902,#7916,#7948,#7960,#7973,#7986,#7998,#8011,
#8024,#8036,#8049,#8062,#8074,#8087,#8099,#8112,#8125,#8137,#8154,#8167,#8180,
#8195,#8209,#8224,#8237,#8249,#8262,#8274,#8287,#8300,#8313,#8325));
#8327=MANIFOLD_SOLID_BREP('',#8326);
#8328=CARTESIAN_POINT('',(0.E0,0.E0,0.E0));
#8329=DIRECTION('',(0.E0,0.E0,1.E0));
#8330=DIRECTION('',(1.E0,0.E0,0.E0));
#8331=AXIS2_PLACEMENT_3D('CSYS',#8328,#8329,#8330);
#8332=CARTESIAN_POINT('',(-3.E0,-3.2E0,-3.15E0));
#8333=DIRECTION('',(0.E0,0.E0,-1.E0));
#8334=DIRECTION('',(-1.E0,0.E0,0.E0));
#8335=AXIS2_PLACEMENT_3D('',#8332,#8333,#8334);
#8339=CARTESIAN_POINT('',(-3.E0,-3.2E0,-3.15E0));
#8340=DIRECTION('',(0.E0,0.E0,-1.E0));
#8341=DIRECTION('',(1.E0,0.E0,0.E0));
#8342=AXIS2_PLACEMENT_3D('',#8339,#8340,#8341);
#8348=CARTESIAN_POINT('',(-3.E0,-5.2E0,-3.15E0));
#8349=DIRECTION('',(0.E0,0.E0,-1.E0));
#8350=DIRECTION('',(-1.E0,0.E0,0.E0));
#8351=AXIS2_PLACEMENT_3D('',#8348,#8349,#8350);
#8355=CARTESIAN_POINT('',(-3.E0,-5.2E0,-3.15E0));
#8356=DIRECTION('',(0.E0,0.E0,-1.E0));
#8357=DIRECTION('',(1.E0,0.E0,0.E0));
#8358=AXIS2_PLACEMENT_3D('',#8355,#8356,#8357);
#8363=CARTESIAN_POINT('',(-1.E0,-3.2E0,-3.15E0));
#8364=DIRECTION('',(0.E0,0.E0,-1.E0));
#8365=DIRECTION('',(-1.E0,0.E0,0.E0));
#8366=AXIS2_PLACEMENT_3D('',#8363,#8364,#8365);
#8370=CARTESIAN_POINT('',(-1.E0,-3.2E0,-3.15E0));
#8371=DIRECTION('',(0.E0,0.E0,-1.E0));
#8372=DIRECTION('',(1.E0,0.E0,0.E0));
#8373=AXIS2_PLACEMENT_3D('',#8370,#8371,#8372);
#8378=CARTESIAN_POINT('',(-1.E0,-5.2E0,-3.15E0));
#8379=DIRECTION('',(0.E0,0.E0,-1.E0));
#8380=DIRECTION('',(-1.E0,0.E0,0.E0));
#8381=AXIS2_PLACEMENT_3D('',#8378,#8379,#8380);
#8385=CARTESIAN_POINT('',(-1.E0,-5.2E0,-3.15E0));
#8386=DIRECTION('',(0.E0,0.E0,-1.E0));
#8387=DIRECTION('',(1.E0,0.E0,0.E0));
#8388=AXIS2_PLACEMENT_3D('',#8385,#8386,#8387);
#8393=CARTESIAN_POINT('',(1.E0,-3.2E0,-3.15E0));
#8394=DIRECTION('',(0.E0,0.E0,-1.E0));
#8395=DIRECTION('',(-1.E0,0.E0,0.E0));
#8396=AXIS2_PLACEMENT_3D('',#8393,#8394,#8395);
#8400=CARTESIAN_POINT('',(1.E0,-3.2E0,-3.15E0));
#8401=DIRECTION('',(0.E0,0.E0,-1.E0));
#8402=DIRECTION('',(1.E0,0.E0,0.E0));
#8403=AXIS2_PLACEMENT_3D('',#8400,#8401,#8402);
#8408=CARTESIAN_POINT('',(1.E0,-5.2E0,-3.15E0));
#8409=DIRECTION('',(0.E0,0.E0,-1.E0));
#8410=DIRECTION('',(-1.E0,0.E0,0.E0));
#8411=AXIS2_PLACEMENT_3D('',#8408,#8409,#8410);
#8415=CARTESIAN_POINT('',(1.E0,-5.2E0,-3.15E0));
#8416=DIRECTION('',(0.E0,0.E0,-1.E0));
#8417=DIRECTION('',(1.E0,0.E0,0.E0));
#8418=AXIS2_PLACEMENT_3D('',#8415,#8416,#8417);
#8423=CARTESIAN_POINT('',(3.E0,-3.2E0,-3.15E0));
#8424=DIRECTION('',(0.E0,0.E0,-1.E0));
#8425=DIRECTION('',(-1.E0,0.E0,0.E0));
#8426=AXIS2_PLACEMENT_3D('',#8423,#8424,#8425);
#8430=CARTESIAN_POINT('',(3.E0,-3.2E0,-3.15E0));
#8431=DIRECTION('',(0.E0,0.E0,-1.E0));
#8432=DIRECTION('',(1.E0,0.E0,0.E0));
#8433=AXIS2_PLACEMENT_3D('',#8430,#8431,#8432);
#8438=CARTESIAN_POINT('',(3.E0,-5.2E0,-3.15E0));
#8439=DIRECTION('',(0.E0,0.E0,-1.E0));
#8440=DIRECTION('',(-1.E0,0.E0,0.E0));
#8441=AXIS2_PLACEMENT_3D('',#8438,#8439,#8440);
#8445=CARTESIAN_POINT('',(3.E0,-5.2E0,-3.15E0));
#8446=DIRECTION('',(0.E0,0.E0,-1.E0));
#8447=DIRECTION('',(1.E0,0.E0,0.E0));
#8448=AXIS2_PLACEMENT_3D('',#8445,#8446,#8447);
#8454=DIMENSIONAL_EXPONENTS(0.E0,0.E0,0.E0,0.E0,0.E0,0.E0,0.E0);
#8456=PLANE_ANGLE_MEASURE_WITH_UNIT(PLANE_ANGLE_MEASURE(1.745329251994E-2),
#8455);
#8457=(CONVERSION_BASED_UNIT('DEGREE',#8456)NAMED_UNIT(*)PLANE_ANGLE_UNIT());
#8459=UNCERTAINTY_MEASURE_WITH_UNIT(LENGTH_MEASURE(1.621438301245E-3),#8453,
'closure',
'Maximum model space distance between geometric entities at asserted connectivities');
#8460=(GEOMETRIC_REPRESENTATION_CONTEXT(3)GLOBAL_UNCERTAINTY_ASSIGNED_CONTEXT((
#8459))GLOBAL_UNIT_ASSIGNED_CONTEXT((#8453,#8457,#8458))REPRESENTATION_CONTEXT(
'ID1','3'));
#8347=GEOMETRIC_SET('',(#8346,#8362,#8377,#8392,#8407,#8422,#8437,#8452));
#8464=SHAPE_REPRESENTATION_RELATIONSHIP('','',#8463,#8461);
#8465=SHAPE_REPRESENTATION_RELATIONSHIP('','',#8463,#8462);
#8466=APPLICATION_CONTEXT(
'CONFIGURATION CONTROLLED 3D DESIGNS OF MECHANICAL PARTS AND ASSEMBLIES');
#8467=APPLICATION_PROTOCOL_DEFINITION('international standard',
'config_control_design',1994,#8466);
#8468=DESIGN_CONTEXT('',#8466,'design');
#8469=MECHANICAL_CONTEXT('',#8466,'mechanical');
#8470=PRODUCT('878330831','878330831','NOT SPECIFIED',(#8469));
#8471=PRODUCT_DEFINITION_FORMATION_WITH_SPECIFIED_SOURCE('1','LAST_VERSION',
#8470,.MADE.);
#8475=PRODUCT_CATEGORY('part','');
#8476=PRODUCT_RELATED_PRODUCT_CATEGORY('detail','',(#8470));
#8477=PRODUCT_CATEGORY_RELATIONSHIP('','',#8475,#8476);
#8478=SECURITY_CLASSIFICATION_LEVEL('unclassified');
#8479=SECURITY_CLASSIFICATION('','',#8478);
#8480=CC_DESIGN_SECURITY_CLASSIFICATION(#8479,(#8471));
#8481=APPROVAL_STATUS('approved');
#8482=APPROVAL(#8481,'');
#8483=CC_DESIGN_APPROVAL(#8482,(#8479,#8471,#8472));
#8484=CALENDAR_DATE(115,8,10);
#8485=COORDINATED_UNIVERSAL_TIME_OFFSET(5,30,.AHEAD.);
#8486=LOCAL_TIME(20,5,1.8E1,#8485);
#8487=DATE_AND_TIME(#8484,#8486);
#8488=APPROVAL_DATE_TIME(#8487,#8482);
#8489=DATE_TIME_ROLE('creation_date');
#8490=CC_DESIGN_DATE_AND_TIME_ASSIGNMENT(#8487,#8489,(#8472));
#8491=DATE_TIME_ROLE('classification_date');
#8492=CC_DESIGN_DATE_AND_TIME_ASSIGNMENT(#8487,#8491,(#8479));
#8493=PERSON('UNSPECIFIED','UNSPECIFIED',$,$,$,$);
#8494=ORGANIZATION('UNSPECIFIED','UNSPECIFIED','UNSPECIFIED');
#8495=PERSON_AND_ORGANIZATION(#8493,#8494);
#8496=APPROVAL_ROLE('approver');
#8497=APPROVAL_PERSON_ORGANIZATION(#8495,#8482,#8496);
#8498=PERSON_AND_ORGANIZATION_ROLE('creator');
#8499=CC_DESIGN_PERSON_AND_ORGANIZATION_ASSIGNMENT(#8495,#8498,(#8471,#8472));
#8500=PERSON_AND_ORGANIZATION_ROLE('design_supplier');
#8501=CC_DESIGN_PERSON_AND_ORGANIZATION_ASSIGNMENT(#8495,#8500,(#8471));
#8502=PERSON_AND_ORGANIZATION_ROLE('classification_officer');
#8503=CC_DESIGN_PERSON_AND_ORGANIZATION_ASSIGNMENT(#8495,#8502,(#8479));
#8504=PERSON_AND_ORGANIZATION_ROLE('design_owner');
#8505=CC_DESIGN_PERSON_AND_ORGANIZATION_ASSIGNMENT(#8495,#8504,(#8470));
#437=CIRCLE('',#436,2.E-1);
#442=CIRCLE('',#441,7.E-1);
#459=CIRCLE('',#458,2.E-1);
#472=CIRCLE('',#471,7.E-1);
#525=CIRCLE('',#524,7.E-1);
#530=CIRCLE('',#529,2.E-1);
#547=CIRCLE('',#546,7.E-1);
#560=CIRCLE('',#559,2.E-1);
#917=CIRCLE('',#916,2.E-1);
#922=CIRCLE('',#921,7.E-1);
#939=CIRCLE('',#938,2.E-1);
#952=CIRCLE('',#951,7.E-1);
#1005=CIRCLE('',#1004,7.E-1);
#1010=CIRCLE('',#1009,2.E-1);
#1027=CIRCLE('',#1026,7.E-1);
#1040=CIRCLE('',#1039,2.E-1);
#1565=CIRCLE('',#1564,2.E-1);
#1570=CIRCLE('',#1569,7.E-1);
#1587=CIRCLE('',#1586,2.E-1);
#1600=CIRCLE('',#1599,7.E-1);
#1653=CIRCLE('',#1652,7.E-1);
#1658=CIRCLE('',#1657,2.E-1);
#1675=CIRCLE('',#1674,7.E-1);
#1688=CIRCLE('',#1687,2.E-1);
#2029=CIRCLE('',#2028,2.E-1);
#2034=CIRCLE('',#2033,7.E-1);
#2051=CIRCLE('',#2050,2.E-1);
#2064=CIRCLE('',#2063,7.E-1);
#2117=CIRCLE('',#2116,7.E-1);
#2122=CIRCLE('',#2121,2.E-1);
#2139=CIRCLE('',#2138,7.E-1);
#2152=CIRCLE('',#2151,2.E-1);
#3878=EDGE_CURVE('',#2952,#2970,#4,.T.);
#3880=EDGE_CURVE('',#2970,#2972,#8,.T.);
#3882=EDGE_CURVE('',#2972,#2951,#12,.T.);
#3884=EDGE_CURVE('',#2951,#2952,#16,.T.);
#3894=EDGE_CURVE('',#3319,#3320,#20,.T.);
#3896=EDGE_CURVE('',#3319,#3036,#24,.T.);
#3898=EDGE_CURVE('',#3035,#3036,#28,.T.);
#3900=EDGE_CURVE('',#3364,#3035,#32,.T.);
#3902=EDGE_CURVE('',#3363,#3364,#36,.T.);
#3904=EDGE_CURVE('',#3363,#2975,#40,.T.);
#3906=EDGE_CURVE('',#2975,#2976,#2444,.T.);
#3908=EDGE_CURVE('',#2970,#2976,#44,.T.);
#3911=EDGE_CURVE('',#2952,#3320,#48,.T.);
#3922=EDGE_CURVE('',#3320,#3322,#56,.T.);
#3924=EDGE_CURVE('',#3324,#3322,#52,.T.);
#3926=EDGE_CURVE('',#3319,#3324,#2788,.T.);
#3939=EDGE_CURVE('',#2951,#3339,#60,.T.);
#3941=EDGE_CURVE('',#3336,#3339,#64,.T.);
#3943=EDGE_CURVE('',#3330,#3336,#68,.T.);
#3945=EDGE_CURVE('',#3328,#3330,#72,.T.);
#3947=EDGE_CURVE('',#3322,#3328,#76,.T.);
#3957=EDGE_CURVE('',#3087,#3092,#80,.T.);
#3959=EDGE_CURVE('',#3087,#2975,#2448,.T.);
#3962=EDGE_CURVE('',#3360,#3363,#84,.T.);
#3964=EDGE_CURVE('',#3354,#3360,#88,.T.);
#3966=EDGE_CURVE('',#3352,#3354,#92,.T.);
#3968=EDGE_CURVE('',#3346,#3352,#96,.T.);
#3970=EDGE_CURVE('',#3344,#3346,#100,.T.);
#3972=EDGE_CURVE('',#3344,#2980,#104,.T.);
#3974=EDGE_CURVE('',#2980,#3090,#2400,.T.);
#3976=EDGE_CURVE('',#3090,#3094,#108,.T.);
#3978=EDGE_CURVE('',#3092,#3094,#112,.T.);
#3988=EDGE_CURVE('',#3339,#3340,#116,.T.);
#3992=EDGE_CURVE('',#2972,#2979,#120,.T.);
#3994=EDGE_CURVE('',#2979,#2980,#2404,.T.);
#3997=EDGE_CURVE('',#3343,#3344,#124,.T.);
#3999=EDGE_CURVE('',#3343,#3039,#128,.T.);
#4001=EDGE_CURVE('',#3039,#3040,#132,.T.);
#4003=EDGE_CURVE('',#3340,#3040,#136,.T.);
#4014=EDGE_CURVE('',#3334,#3340,#140,.T.);
#4016=EDGE_CURVE('',#3334,#3336,#2600,.T.);
#4029=EDGE_CURVE('',#3040,#3044,#360,.T.);
#4031=EDGE_CURVE('',#3044,#3334,#2572,.T.);
#4041=EDGE_CURVE('',#3190,#3135,#272,.T.);
#4043=EDGE_CURVE('',#3155,#3190,#276,.T.);
#4045=EDGE_CURVE('',#3172,#3155,#280,.T.);
#4047=EDGE_CURVE('',#3172,#3842,#284,.T.);
#4049=EDGE_CURVE('',#3832,#3842,#288,.T.);
#4051=EDGE_CURVE('',#3831,#3832,#292,.T.);
#4053=EDGE_CURVE('',#3057,#3831,#296,.T.);
#4055=EDGE_CURVE('',#3057,#3058,#300,.T.);
#4057=EDGE_CURVE('',#3046,#3058,#2776,.T.);
#4059=EDGE_CURVE('',#3035,#3046,#304,.T.);
#4062=EDGE_CURVE('',#3048,#3036,#308,.T.);
#4064=EDGE_CURVE('',#3060,#3048,#2760,.T.);
#4066=EDGE_CURVE('',#3051,#3060,#2680,.T.);
#4068=EDGE_CURVE('',#3012,#3051,#312,.T.);
#4070=EDGE_CURVE('',#3011,#3012,#316,.T.);
#4072=EDGE_CURVE('',#3019,#3011,#320,.T.);
#4074=EDGE_CURVE('',#3162,#3019,#2708,.T.);
#4076=EDGE_CURVE('',#3148,#3162,#324,.T.);
#4078=EDGE_CURVE('',#3147,#3148,#328,.T.);
#4080=EDGE_CURVE('',#3164,#3147,#332,.T.);
#4082=EDGE_CURVE('',#3166,#3164,#2700,.T.);
#4084=EDGE_CURVE('',#3152,#3166,#336,.T.);
#4086=EDGE_CURVE('',#3151,#3152,#340,.T.);
#4088=EDGE_CURVE('',#3168,#3151,#344,.T.);
#4090=EDGE_CURVE('',#3023,#3168,#2732,.T.);
#4092=EDGE_CURVE('',#3016,#3023,#348,.T.);
#4094=EDGE_CURVE('',#3015,#3016,#352,.T.);
#4096=EDGE_CURVE('',#3032,#3015,#356,.T.);
#4098=EDGE_CURVE('',#3031,#3032,#2664,.T.);
#4100=EDGE_CURVE('',#3031,#3044,#2576,.T.);
#4104=EDGE_CURVE('',#3042,#3039,#364,.T.);
#4106=EDGE_CURVE('',#3042,#3027,#2592,.T.);
#4108=EDGE_CURVE('',#3027,#3028,#368,.T.);
#4110=EDGE_CURVE('',#3836,#3028,#372,.T.);
#4112=EDGE_CURVE('',#3835,#3836,#376,.T.);
#4114=EDGE_CURVE('',#3846,#3835,#380,.T.);
#4116=EDGE_CURVE('',#3846,#3176,#384,.T.);
#4118=EDGE_CURVE('',#3160,#3176,#388,.T.);
#4120=EDGE_CURVE('',#3192,#3160,#392,.T.);
#4122=EDGE_CURVE('',#3192,#3140,#396,.T.);
#4124=EDGE_CURVE('',#3135,#3140,#400,.T.);
#4128=EDGE_CURVE('',#3075,#3076,#160,.T.);
#4130=EDGE_CURVE('',#3075,#3083,#164,.T.);
#4132=EDGE_CURVE('',#3083,#3084,#168,.T.);
#4134=EDGE_CURVE('',#3076,#3084,#172,.T.);
#4138=EDGE_CURVE('',#3455,#3456,#176,.T.);
#4140=EDGE_CURVE('',#3455,#3463,#180,.T.);
#4142=EDGE_CURVE('',#3463,#3464,#184,.T.);
#4144=EDGE_CURVE('',#3456,#3464,#188,.T.);
#4148=EDGE_CURVE('',#3459,#3460,#192,.T.);
#4150=EDGE_CURVE('',#3459,#3467,#196,.T.);
#4152=EDGE_CURVE('',#3467,#3468,#200,.T.);
#4154=EDGE_CURVE('',#3460,#3468,#204,.T.);
#4158=EDGE_CURVE('',#3503,#3504,#208,.T.);
#4160=EDGE_CURVE('',#3503,#3511,#212,.T.);
#4162=EDGE_CURVE('',#3511,#3512,#216,.T.);
#4164=EDGE_CURVE('',#3504,#3512,#220,.T.);
#4168=EDGE_CURVE('',#3507,#3508,#224,.T.);
#4170=EDGE_CURVE('',#3507,#3515,#228,.T.);
#4172=EDGE_CURVE('',#3515,#3516,#232,.T.);
#4174=EDGE_CURVE('',#3508,#3516,#236,.T.);
#4178=EDGE_CURVE('',#3551,#3552,#240,.T.);
#4180=EDGE_CURVE('',#3551,#3559,#244,.T.);
#4182=EDGE_CURVE('',#3559,#3560,#248,.T.);
#4184=EDGE_CURVE('',#3552,#3560,#252,.T.);
#4188=EDGE_CURVE('',#3555,#3556,#256,.T.);
#4190=EDGE_CURVE('',#3555,#3563,#260,.T.);
#4192=EDGE_CURVE('',#3563,#3564,#264,.T.);
#4194=EDGE_CURVE('',#3556,#3564,#268,.T.);
#4198=EDGE_CURVE('',#3071,#3072,#144,.T.);
#4200=EDGE_CURVE('',#3071,#3079,#148,.T.);
#4202=EDGE_CURVE('',#3079,#3080,#152,.T.);
#4204=EDGE_CURVE('',#3072,#3080,#156,.T.);
#4214=EDGE_CURVE('',#3256,#3266,#404,.T.);
#4216=EDGE_CURVE('',#3256,#3071,#408,.T.);
#4219=EDGE_CURVE('',#3072,#3266,#412,.T.);
#4229=EDGE_CURVE('',#3272,#3282,#416,.T.);
#4231=EDGE_CURVE('',#3272,#3075,#420,.T.);
#4234=EDGE_CURVE('',#3076,#3282,#424,.T.);
#4244=EDGE_CURVE('',#3288,#3298,#428,.T.);
#4246=EDGE_CURVE('',#3288,#3119,#432,.T.);
#4248=EDGE_CURVE('',#3119,#3790,#437,.T.);
#4250=EDGE_CURVE('',#3790,#2988,#2876,.T.);
#4252=EDGE_CURVE('',#2987,#2988,#656,.T.);
#4254=EDGE_CURVE('',#2987,#3115,#442,.T.);
#4256=EDGE_CURVE('',#3115,#3298,#446,.T.);
#4266=EDGE_CURVE('',#3312,#3304,#450,.T.);
#4268=EDGE_CURVE('',#3312,#3784,#454,.T.);
#4270=EDGE_CURVE('',#3784,#3004,#459,.T.);
#4272=EDGE_CURVE('',#3004,#2992,#463,.T.);
#4274=EDGE_CURVE('',#2991,#2992,#624,.T.);
#4276=EDGE_CURVE('',#2991,#3002,#467,.T.);
#4278=EDGE_CURVE('',#3002,#3782,#472,.T.);
#4280=EDGE_CURVE('',#3782,#3304,#476,.T.);
#4291=EDGE_CURVE('',#3268,#3266,#480,.T.);
#4293=EDGE_CURVE('',#3260,#3268,#572,.T.);
#4295=EDGE_CURVE('',#3260,#3256,#584,.T.);
#4305=EDGE_CURVE('',#3264,#3266,#488,.T.);
#4307=EDGE_CURVE('',#3262,#3264,#484,.T.);
#4309=EDGE_CURVE('',#3262,#3268,#576,.T.);
#4323=EDGE_CURVE('',#3080,#3264,#496,.T.);
#4333=EDGE_CURVE('',#3264,#3255,#492,.T.);
#4337=EDGE_CURVE('',#3255,#3079,#500,.T.);
#4347=EDGE_CURVE('',#3280,#3271,#504,.T.);
#4349=EDGE_CURVE('',#3084,#3280,#508,.T.);
#4352=EDGE_CURVE('',#3271,#3083,#512,.T.);
#4362=EDGE_CURVE('',#3296,#3287,#516,.T.);
#4364=EDGE_CURVE('',#3116,#3296,#520,.T.);
#4366=EDGE_CURVE('',#2995,#3116,#525,.T.);
#4368=EDGE_CURVE('',#2995,#2996,#648,.T.);
#4370=EDGE_CURVE('',#3792,#2996,#2884,.T.);
#4372=EDGE_CURVE('',#3120,#3792,#530,.T.);
#4374=EDGE_CURVE('',#3287,#3120,#534,.T.);
#4384=EDGE_CURVE('',#3308,#3315,#538,.T.);
#4386=EDGE_CURVE('',#3786,#3308,#542,.T.);
#4388=EDGE_CURVE('',#3006,#3786,#547,.T.);
#4390=EDGE_CURVE('',#2999,#3006,#551,.T.);
#4392=EDGE_CURVE('',#2999,#3000,#632,.T.);
#4394=EDGE_CURVE('',#3008,#3000,#555,.T.);
#4396=EDGE_CURVE('',#3788,#3008,#560,.T.);
#4398=EDGE_CURVE('',#3315,#3788,#564,.T.);
#4408=EDGE_CURVE('',#3262,#3259,#580,.T.);
#4412=EDGE_CURVE('',#3255,#3259,#588,.T.);
#4422=EDGE_CURVE('',#3259,#3260,#568,.T.);
#4435=EDGE_CURVE('',#3255,#3256,#592,.T.);
#4460=EDGE_CURVE('',#3278,#3275,#612,.T.);
#4462=EDGE_CURVE('',#3278,#3280,#728,.T.);
#4465=EDGE_CURVE('',#3275,#3271,#596,.T.);
#4475=EDGE_CURVE('',#3275,#3276,#600,.T.);
#4477=EDGE_CURVE('',#3276,#3284,#604,.T.);
#4479=EDGE_CURVE('',#3278,#3284,#608,.T.);
#4490=EDGE_CURVE('',#3271,#3272,#620,.T.);
#4492=EDGE_CURVE('',#3276,#3272,#616,.T.);
#4504=EDGE_CURVE('',#2991,#2999,#636,.T.);
#4507=EDGE_CURVE('',#3002,#3006,#708,.T.);
#4530=EDGE_CURVE('',#3219,#3220,#640,.T.);
#4532=EDGE_CURVE('',#3250,#3219,#764,.T.);
#4534=EDGE_CURVE('',#3250,#2996,#644,.T.);
#4537=EDGE_CURVE('',#2987,#2995,#652,.T.);
#4540=EDGE_CURVE('',#2988,#3252,#660,.T.);
#4542=EDGE_CURVE('',#3252,#3220,#748,.T.);
#4552=EDGE_CURVE('',#3223,#3224,#664,.T.);
#4554=EDGE_CURVE('',#3224,#3236,#740,.T.);
#4556=EDGE_CURVE('',#3235,#3236,#2348,.T.);
#4558=EDGE_CURVE('',#3223,#3235,#772,.T.);
#4563=EDGE_CURVE('',#2992,#3000,#628,.T.);
#4577=EDGE_CURVE('',#3004,#3008,#668,.T.);
#4588=EDGE_CURVE('',#3280,#3282,#672,.T.);
#4602=EDGE_CURVE('',#3784,#3788,#676,.T.);
#4614=EDGE_CURVE('',#3315,#3312,#680,.T.);
#4627=EDGE_CURVE('',#3311,#3312,#684,.T.);
#4629=EDGE_CURVE('',#3316,#3311,#712,.T.);
#4631=EDGE_CURVE('',#3315,#3316,#688,.T.);
#4642=EDGE_CURVE('',#3303,#3304,#692,.T.);
#4644=EDGE_CURVE('',#3311,#3303,#716,.T.);
#4657=EDGE_CURVE('',#3308,#3304,#700,.T.);
#4659=EDGE_CURVE('',#3307,#3308,#696,.T.);
#4661=EDGE_CURVE('',#3307,#3303,#720,.T.);
#4673=EDGE_CURVE('',#3782,#3786,#704,.T.);
#4699=EDGE_CURVE('',#3307,#3316,#724,.T.);
#4724=EDGE_CURVE('',#3284,#3282,#732,.T.);
#4747=EDGE_CURVE('',#3220,#3204,#736,.T.);
#4749=EDGE_CURVE('',#3204,#3206,#796,.T.);
#4751=EDGE_CURVE('',#3219,#3206,#768,.T.);
#4762=EDGE_CURVE('',#3224,#3203,#744,.T.);
#4764=EDGE_CURVE('',#3203,#3204,#784,.T.);
#4768=EDGE_CURVE('',#3248,#3252,#752,.T.);
#4770=EDGE_CURVE('',#2984,#3248,#1224,.T.);
#4772=EDGE_CURVE('',#2984,#2982,#1272,.T.);
#4774=EDGE_CURVE('',#2982,#3244,#1408,.T.);
#4776=EDGE_CURVE('',#3236,#3244,#756,.T.);
#4787=EDGE_CURVE('',#3223,#3208,#760,.T.);
#4789=EDGE_CURVE('',#3208,#3203,#788,.T.);
#4802=EDGE_CURVE('',#3206,#3208,#792,.T.);
#4806=EDGE_CURVE('',#3235,#3242,#776,.T.);
#4808=EDGE_CURVE('',#3240,#3242,#1400,.T.);
#4810=EDGE_CURVE('',#3239,#3240,#1292,.T.);
#4812=EDGE_CURVE('',#3239,#3246,#1232,.T.);
#4814=EDGE_CURVE('',#3246,#3250,#780,.T.);
#4836=EDGE_CURVE('',#3211,#3212,#800,.T.);
#4838=EDGE_CURVE('',#3216,#3211,#804,.T.);
#4840=EDGE_CURVE('',#3214,#3216,#808,.T.);
#4842=EDGE_CURVE('',#3212,#3214,#812,.T.);
#4852=EDGE_CURVE('',#3226,#3211,#816,.T.);
#4855=EDGE_CURVE('',#3228,#3212,#1436,.T.);
#4857=EDGE_CURVE('',#3228,#3226,#856,.T.);
#4868=EDGE_CURVE('',#3226,#3415,#820,.T.);
#4870=EDGE_CURVE('',#3415,#3426,#824,.T.);
#4872=EDGE_CURVE('',#3420,#3426,#1364,.T.);
#4874=EDGE_CURVE('',#3419,#3420,#1300,.T.);
#4876=EDGE_CURVE('',#3419,#3430,#1216,.T.);
#4878=EDGE_CURVE('',#3430,#3434,#828,.T.);
#4880=EDGE_CURVE('',#3434,#3232,#832,.T.);
#4882=EDGE_CURVE('',#3232,#3216,#836,.T.);
#4894=EDGE_CURVE('',#3228,#3416,#1432,.T.);
#4896=EDGE_CURVE('',#3415,#3416,#1416,.T.);
#4901=EDGE_CURVE('',#3571,#3572,#840,.T.);
#4903=EDGE_CURVE('',#3571,#3579,#844,.T.);
#4905=EDGE_CURVE('',#3579,#3580,#848,.T.);
#4907=EDGE_CURVE('',#3572,#3580,#852,.T.);
#4917=EDGE_CURVE('',#3230,#3232,#860,.T.);
#4920=EDGE_CURVE('',#3434,#3575,#864,.T.);
#4922=EDGE_CURVE('',#3575,#3576,#868,.T.);
#4924=EDGE_CURVE('',#3568,#3576,#872,.T.);
#4926=EDGE_CURVE('',#3567,#3568,#876,.T.);
#4928=EDGE_CURVE('',#3567,#3436,#880,.T.);
#4930=EDGE_CURVE('',#3436,#3230,#1420,.T.);
#4940=EDGE_CURVE('',#3720,#3730,#884,.T.);
#4942=EDGE_CURVE('',#3720,#3551,#888,.T.);
#4945=EDGE_CURVE('',#3552,#3730,#892,.T.);
#4955=EDGE_CURVE('',#3736,#3746,#896,.T.);
#4957=EDGE_CURVE('',#3736,#3555,#900,.T.);
#4960=EDGE_CURVE('',#3556,#3746,#904,.T.);
#4970=EDGE_CURVE('',#3752,#3762,#908,.T.);
#4972=EDGE_CURVE('',#3752,#3547,#912,.T.);
#4974=EDGE_CURVE('',#3547,#3826,#917,.T.);
#4976=EDGE_CURVE('',#3826,#3567,#1204,.T.);
#4979=EDGE_CURVE('',#3568,#3543,#922,.T.);
#4981=EDGE_CURVE('',#3543,#3762,#926,.T.);
#4991=EDGE_CURVE('',#3776,#3768,#930,.T.);
#4993=EDGE_CURVE('',#3776,#3820,#934,.T.);
#4995=EDGE_CURVE('',#3820,#3584,#939,.T.);
#4997=EDGE_CURVE('',#3584,#3571,#943,.T.);
#5000=EDGE_CURVE('',#3572,#3582,#947,.T.);
#5002=EDGE_CURVE('',#3582,#3818,#952,.T.);
#5004=EDGE_CURVE('',#3818,#3768,#956,.T.);
#5015=EDGE_CURVE('',#3732,#3730,#960,.T.);
#5017=EDGE_CURVE('',#3724,#3732,#1052,.T.);
#5019=EDGE_CURVE('',#3724,#3720,#1064,.T.);
#5029=EDGE_CURVE('',#3728,#3730,#968,.T.);
#5031=EDGE_CURVE('',#3726,#3728,#964,.T.);
#5033=EDGE_CURVE('',#3726,#3732,#1056,.T.);
#5047=EDGE_CURVE('',#3560,#3728,#976,.T.);
#5057=EDGE_CURVE('',#3728,#3719,#972,.T.);
#5061=EDGE_CURVE('',#3719,#3559,#980,.T.);
#5071=EDGE_CURVE('',#3744,#3735,#984,.T.);
#5073=EDGE_CURVE('',#3564,#3744,#988,.T.);
#5076=EDGE_CURVE('',#3735,#3563,#992,.T.);
#5086=EDGE_CURVE('',#3760,#3751,#996,.T.);
#5088=EDGE_CURVE('',#3544,#3760,#1000,.T.);
#5090=EDGE_CURVE('',#3576,#3544,#1005,.T.);
#5093=EDGE_CURVE('',#3828,#3575,#1212,.T.);
#5095=EDGE_CURVE('',#3548,#3828,#1010,.T.);
#5097=EDGE_CURVE('',#3751,#3548,#1014,.T.);
#5107=EDGE_CURVE('',#3772,#3779,#1018,.T.);
#5109=EDGE_CURVE('',#3822,#3772,#1022,.T.);
#5111=EDGE_CURVE('',#3586,#3822,#1027,.T.);
#5113=EDGE_CURVE('',#3580,#3586,#1031,.T.);
#5116=EDGE_CURVE('',#3588,#3579,#1035,.T.);
#5118=EDGE_CURVE('',#3824,#3588,#1040,.T.);
#5120=EDGE_CURVE('',#3779,#3824,#1044,.T.);
#5130=EDGE_CURVE('',#3726,#3723,#1060,.T.);
#5134=EDGE_CURVE('',#3719,#3723,#1068,.T.);
#5144=EDGE_CURVE('',#3723,#3724,#1048,.T.);
#5157=EDGE_CURVE('',#3719,#3720,#1072,.T.);
#5182=EDGE_CURVE('',#3742,#3739,#1092,.T.);
#5184=EDGE_CURVE('',#3742,#3744,#1164,.T.);
#5187=EDGE_CURVE('',#3739,#3735,#1076,.T.);
#5197=EDGE_CURVE('',#3739,#3740,#1080,.T.);
#5199=EDGE_CURVE('',#3740,#3748,#1084,.T.);
#5201=EDGE_CURVE('',#3742,#3748,#1088,.T.);
#5212=EDGE_CURVE('',#3735,#3736,#1100,.T.);
#5214=EDGE_CURVE('',#3740,#3736,#1096,.T.);
#5228=EDGE_CURVE('',#3582,#3586,#1104,.T.);
#5254=EDGE_CURVE('',#3818,#3822,#1112,.T.);
#5264=EDGE_CURVE('',#3772,#3768,#1108,.T.);
#5277=EDGE_CURVE('',#3767,#3768,#1120,.T.);
#5280=EDGE_CURVE('',#3771,#3772,#1116,.T.);
#5282=EDGE_CURVE('',#3771,#3767,#1132,.T.);
#5293=EDGE_CURVE('',#3775,#3767,#1128,.T.);
#5295=EDGE_CURVE('',#3775,#3776,#1140,.T.);
#5306=EDGE_CURVE('',#3780,#3775,#1124,.T.);
#5310=EDGE_CURVE('',#3771,#3780,#1136,.T.);
#5322=EDGE_CURVE('',#3779,#3780,#1144,.T.);
#5324=EDGE_CURVE('',#3779,#3776,#1148,.T.);
#5348=EDGE_CURVE('',#3820,#3824,#1152,.T.);
#5362=EDGE_CURVE('',#3584,#3588,#1156,.T.);
#5384=EDGE_CURVE('',#3744,#3746,#1160,.T.);
#5400=EDGE_CURVE('',#3748,#3746,#1168,.T.);
#5422=EDGE_CURVE('',#3758,#3755,#1184,.T.);
#5424=EDGE_CURVE('',#3758,#3760,#2940,.T.);
#5427=EDGE_CURVE('',#3751,#3755,#1192,.T.);
#5437=EDGE_CURVE('',#3755,#3756,#1172,.T.);
#5439=EDGE_CURVE('',#3756,#3764,#1176,.T.);
#5441=EDGE_CURVE('',#3758,#3764,#1180,.T.);
#5452=EDGE_CURVE('',#3751,#3752,#1196,.T.);
#5454=EDGE_CURVE('',#3756,#3752,#1188,.T.);
#5468=EDGE_CURVE('',#3547,#3548,#1200,.T.);
#5479=EDGE_CURVE('',#3826,#3828,#1208,.T.);
#5497=EDGE_CURVE('',#3432,#3430,#1264,.T.);
#5499=EDGE_CURVE('',#3432,#3436,#1424,.T.);
#5511=EDGE_CURVE('',#2968,#3419,#1312,.T.);
#5513=EDGE_CURVE('',#2968,#2960,#1220,.T.);
#5515=EDGE_CURVE('',#2960,#2955,#2360,.T.);
#5517=EDGE_CURVE('',#2963,#2955,#2352,.T.);
#5519=EDGE_CURVE('',#2984,#2963,#1276,.T.);
#5522=EDGE_CURVE('',#3248,#3246,#1228,.T.);
#5525=EDGE_CURVE('',#3371,#3239,#1288,.T.);
#5527=EDGE_CURVE('',#3371,#3384,#1236,.T.);
#5529=EDGE_CURVE('',#3384,#3382,#1240,.T.);
#5531=EDGE_CURVE('',#3381,#3382,#1244,.T.);
#5533=EDGE_CURVE('',#3407,#3381,#1340,.T.);
#5535=EDGE_CURVE('',#3407,#3408,#1248,.T.);
#5537=EDGE_CURVE('',#3408,#3404,#1252,.T.);
#5539=EDGE_CURVE('',#3395,#3404,#1256,.T.);
#5541=EDGE_CURVE('',#3423,#3395,#1320,.T.);
#5543=EDGE_CURVE('',#3423,#3432,#1260,.T.);
#5554=EDGE_CURVE('',#2964,#2982,#1268,.T.);
#5558=EDGE_CURVE('',#2963,#2964,#1280,.T.);
#5568=EDGE_CURVE('',#3371,#3372,#1284,.T.);
#5572=EDGE_CURVE('',#3240,#3372,#1296,.T.);
#5583=EDGE_CURVE('',#3420,#2967,#1304,.T.);
#5585=EDGE_CURVE('',#2967,#2968,#1308,.T.);
#5596=EDGE_CURVE('',#3423,#3424,#1316,.T.);
#5599=EDGE_CURVE('',#3395,#3396,#1324,.T.);
#5601=EDGE_CURVE('',#3396,#3424,#1328,.T.);
#5611=EDGE_CURVE('',#3107,#3108,#1332,.T.);
#5613=EDGE_CURVE('',#3407,#3108,#1336,.T.);
#5616=EDGE_CURVE('',#3381,#3107,#1344,.T.);
#5626=EDGE_CURVE('',#3111,#3112,#1348,.T.);
#5628=EDGE_CURVE('',#3112,#3375,#1352,.T.);
#5630=EDGE_CURVE('',#3375,#3401,#1356,.T.);
#5632=EDGE_CURVE('',#3111,#3401,#1360,.T.);
#5643=EDGE_CURVE('',#3428,#3426,#1368,.T.);
#5645=EDGE_CURVE('',#3424,#3428,#1372,.T.);
#5648=EDGE_CURVE('',#3396,#3398,#1376,.T.);
#5650=EDGE_CURVE('',#3402,#3398,#1380,.T.);
#5652=EDGE_CURVE('',#3401,#3402,#1384,.T.);
#5655=EDGE_CURVE('',#3375,#3376,#1388,.T.);
#5657=EDGE_CURVE('',#3378,#3376,#1392,.T.);
#5659=EDGE_CURVE('',#3372,#3378,#1396,.T.);
#5663=EDGE_CURVE('',#3244,#3242,#1404,.T.);
#5667=EDGE_CURVE('',#2964,#2956,#1412,.T.);
#5669=EDGE_CURVE('',#2956,#2958,#2368,.T.);
#5671=EDGE_CURVE('',#2967,#2958,#2384,.T.);
#5685=EDGE_CURVE('',#3416,#3428,#1428,.T.);
#5695=EDGE_CURVE('',#3230,#3214,#1440,.T.);
#5726=EDGE_CURVE('',#3200,#3104,#1464,.T.);
#5728=EDGE_CURVE('',#3200,#3391,#1444,.T.);
#5730=EDGE_CURVE('',#3391,#3398,#1448,.T.);
#5735=EDGE_CURVE('',#3404,#3410,#1452,.T.);
#5737=EDGE_CURVE('',#3410,#3198,#1456,.T.);
#5739=EDGE_CURVE('',#3198,#3102,#1460,.T.);
#5741=EDGE_CURVE('',#3102,#3104,#1944,.T.);
#5752=EDGE_CURVE('',#3111,#3444,#1480,.T.);
#5754=EDGE_CURVE('',#3444,#3200,#1992,.T.);
#5757=EDGE_CURVE('',#3104,#3099,#1940,.T.);
#5759=EDGE_CURVE('',#3194,#3099,#1928,.T.);
#5761=EDGE_CURVE('',#3194,#3440,#1792,.T.);
#5763=EDGE_CURVE('',#3112,#3440,#1508,.T.);
#5773=EDGE_CURVE('',#3108,#3442,#1468,.T.);
#5775=EDGE_CURVE('',#3412,#3442,#1472,.T.);
#5777=EDGE_CURVE('',#3408,#3412,#1476,.T.);
#5792=EDGE_CURVE('',#3392,#3402,#1484,.T.);
#5794=EDGE_CURVE('',#3444,#3392,#1488,.T.);
#5805=EDGE_CURVE('',#3107,#3438,#1496,.T.);
#5807=EDGE_CURVE('',#3196,#3438,#1768,.T.);
#5809=EDGE_CURVE('',#3196,#3100,#1492,.T.);
#5811=EDGE_CURVE('',#3100,#3102,#1948,.T.);
#5814=EDGE_CURVE('',#3442,#3198,#1968,.T.);
#5828=EDGE_CURVE('',#3382,#3386,#1500,.T.);
#5830=EDGE_CURVE('',#3386,#3438,#1504,.T.);
#5841=EDGE_CURVE('',#3440,#3367,#1512,.T.);
#5843=EDGE_CURVE('',#3367,#3376,#1516,.T.);
#5855=EDGE_CURVE('',#3802,#3471,#1520,.T.);
#5857=EDGE_CURVE('',#3802,#3804,#1524,.T.);
#5859=EDGE_CURVE('',#3804,#3479,#1528,.T.);
#5861=EDGE_CURVE('',#3386,#3479,#1772,.T.);
#5865=EDGE_CURVE('',#3384,#3388,#1916,.T.);
#5867=EDGE_CURVE('',#3471,#3388,#1788,.T.);
#5877=EDGE_CURVE('',#3592,#3602,#1532,.T.);
#5879=EDGE_CURVE('',#3592,#3455,#1536,.T.);
#5882=EDGE_CURVE('',#3456,#3602,#1540,.T.);
#5892=EDGE_CURVE('',#3608,#3618,#1544,.T.);
#5894=EDGE_CURVE('',#3608,#3459,#1548,.T.);
#5897=EDGE_CURVE('',#3460,#3618,#1552,.T.);
#5907=EDGE_CURVE('',#3624,#3634,#1556,.T.);
#5909=EDGE_CURVE('',#3624,#3451,#1560,.T.);
#5911=EDGE_CURVE('',#3451,#3802,#1565,.T.);
#5914=EDGE_CURVE('',#3471,#3472,#1784,.T.);
#5916=EDGE_CURVE('',#3472,#3447,#1570,.T.);
#5918=EDGE_CURVE('',#3447,#3634,#1574,.T.);
#5928=EDGE_CURVE('',#3648,#3640,#1578,.T.);
#5930=EDGE_CURVE('',#3648,#3796,#1582,.T.);
#5932=EDGE_CURVE('',#3796,#3488,#1587,.T.);
#5934=EDGE_CURVE('',#3488,#3475,#1591,.T.);
#5936=EDGE_CURVE('',#3475,#3476,#1752,.T.);
#5938=EDGE_CURVE('',#3476,#3486,#1595,.T.);
#5940=EDGE_CURVE('',#3486,#3794,#1600,.T.);
#5942=EDGE_CURVE('',#3794,#3640,#1604,.T.);
#5953=EDGE_CURVE('',#3604,#3602,#1608,.T.);
#5955=EDGE_CURVE('',#3596,#3604,#1700,.T.);
#5957=EDGE_CURVE('',#3596,#3592,#1712,.T.);
#5967=EDGE_CURVE('',#3600,#3602,#1616,.T.);
#5969=EDGE_CURVE('',#3598,#3600,#1612,.T.);
#5971=EDGE_CURVE('',#3598,#3604,#1704,.T.);
#5985=EDGE_CURVE('',#3464,#3600,#1624,.T.);
#5995=EDGE_CURVE('',#3600,#3591,#1620,.T.);
#5999=EDGE_CURVE('',#3591,#3463,#1628,.T.);
#6009=EDGE_CURVE('',#3616,#3607,#1632,.T.);
#6011=EDGE_CURVE('',#3468,#3616,#1636,.T.);
#6014=EDGE_CURVE('',#3607,#3467,#1640,.T.);
#6024=EDGE_CURVE('',#3632,#3623,#1644,.T.);
#6026=EDGE_CURVE('',#3448,#3632,#1648,.T.);
#6028=EDGE_CURVE('',#3480,#3448,#1653,.T.);
#6030=EDGE_CURVE('',#3479,#3480,#1776,.T.);
#6033=EDGE_CURVE('',#3452,#3804,#1658,.T.);
#6035=EDGE_CURVE('',#3623,#3452,#1662,.T.);
#6045=EDGE_CURVE('',#3644,#3651,#1666,.T.);
#6047=EDGE_CURVE('',#3798,#3644,#1670,.T.);
#6049=EDGE_CURVE('',#3490,#3798,#1675,.T.);
#6051=EDGE_CURVE('',#3484,#3490,#1679,.T.);
#6053=EDGE_CURVE('',#3483,#3484,#1760,.T.);
#6055=EDGE_CURVE('',#3492,#3483,#1683,.T.);
#6057=EDGE_CURVE('',#3800,#3492,#1688,.T.);
#6059=EDGE_CURVE('',#3651,#3800,#1692,.T.);
#6069=EDGE_CURVE('',#3598,#3595,#1708,.T.);
#6073=EDGE_CURVE('',#3591,#3595,#1716,.T.);
#6083=EDGE_CURVE('',#3595,#3596,#1696,.T.);
#6096=EDGE_CURVE('',#3591,#3592,#1720,.T.);
#6121=EDGE_CURVE('',#3614,#3611,#1740,.T.);
#6123=EDGE_CURVE('',#3614,#3616,#1856,.T.);
#6126=EDGE_CURVE('',#3611,#3607,#1724,.T.);
#6136=EDGE_CURVE('',#3611,#3612,#1728,.T.);
#6138=EDGE_CURVE('',#3612,#3620,#1732,.T.);
#6140=EDGE_CURVE('',#3614,#3620,#1736,.T.);
#6151=EDGE_CURVE('',#3607,#3608,#1748,.T.);
#6153=EDGE_CURVE('',#3612,#3608,#1744,.T.);
#6165=EDGE_CURVE('',#3476,#3484,#1764,.T.);
#6168=EDGE_CURVE('',#3486,#3490,#1836,.T.);
#6195=EDGE_CURVE('',#3472,#3480,#1780,.T.);
#6199=EDGE_CURVE('',#3388,#3196,#1912,.T.);
#6210=EDGE_CURVE('',#3194,#3368,#1924,.T.);
#6212=EDGE_CURVE('',#3367,#3368,#1932,.T.);
#6218=EDGE_CURVE('',#3475,#3483,#1756,.T.);
#6232=EDGE_CURVE('',#3488,#3492,#1796,.T.);
#6243=EDGE_CURVE('',#3616,#3618,#1800,.T.);
#6257=EDGE_CURVE('',#3796,#3800,#1804,.T.);
#6269=EDGE_CURVE('',#3651,#3648,#1808,.T.);
#6282=EDGE_CURVE('',#3647,#3648,#1812,.T.);
#6284=EDGE_CURVE('',#3652,#3647,#1840,.T.);
#6286=EDGE_CURVE('',#3651,#3652,#1816,.T.);
#6297=EDGE_CURVE('',#3639,#3640,#1820,.T.);
#6299=EDGE_CURVE('',#3647,#3639,#1844,.T.);
#6312=EDGE_CURVE('',#3644,#3640,#1828,.T.);
#6314=EDGE_CURVE('',#3643,#3644,#1824,.T.);
#6316=EDGE_CURVE('',#3643,#3639,#1848,.T.);
#6328=EDGE_CURVE('',#3794,#3798,#1832,.T.);
#6354=EDGE_CURVE('',#3643,#3652,#1852,.T.);
#6379=EDGE_CURVE('',#3620,#3618,#1860,.T.);
#6403=EDGE_CURVE('',#3447,#3448,#1868,.T.);
#6414=EDGE_CURVE('',#3632,#3634,#1864,.T.);
#6428=EDGE_CURVE('',#3630,#3632,#1872,.T.);
#6430=EDGE_CURVE('',#3630,#3636,#1884,.T.);
#6432=EDGE_CURVE('',#3636,#3634,#1908,.T.);
#6442=EDGE_CURVE('',#3630,#3627,#1888,.T.);
#6446=EDGE_CURVE('',#3623,#3627,#1896,.T.);
#6456=EDGE_CURVE('',#3627,#3628,#1876,.T.);
#6458=EDGE_CURVE('',#3628,#3636,#1880,.T.);
#6470=EDGE_CURVE('',#3623,#3624,#1900,.T.);
#6472=EDGE_CURVE('',#3628,#3624,#1892,.T.);
#6486=EDGE_CURVE('',#3451,#3452,#1904,.T.);
#6527=EDGE_CURVE('',#3368,#3378,#1920,.T.);
#6531=EDGE_CURVE('',#3099,#3100,#1936,.T.);
#6567=EDGE_CURVE('',#3410,#3527,#1972,.T.);
#6569=EDGE_CURVE('',#3527,#3528,#1976,.T.);
#6571=EDGE_CURVE('',#3520,#3528,#1980,.T.);
#6573=EDGE_CURVE('',#3519,#3520,#1984,.T.);
#6575=EDGE_CURVE('',#3519,#3412,#1988,.T.);
#6588=EDGE_CURVE('',#3391,#3392,#2344,.T.);
#6593=EDGE_CURVE('',#3523,#3524,#1952,.T.);
#6595=EDGE_CURVE('',#3523,#3531,#1956,.T.);
#6597=EDGE_CURVE('',#3531,#3532,#1960,.T.);
#6599=EDGE_CURVE('',#3524,#3532,#1964,.T.);
#6609=EDGE_CURVE('',#3656,#3666,#1996,.T.);
#6611=EDGE_CURVE('',#3656,#3503,#2000,.T.);
#6614=EDGE_CURVE('',#3504,#3666,#2004,.T.);
#6624=EDGE_CURVE('',#3672,#3682,#2008,.T.);
#6626=EDGE_CURVE('',#3672,#3507,#2012,.T.);
#6629=EDGE_CURVE('',#3508,#3682,#2016,.T.);
#6639=EDGE_CURVE('',#3688,#3698,#2020,.T.);
#6641=EDGE_CURVE('',#3688,#3499,#2024,.T.);
#6643=EDGE_CURVE('',#3499,#3814,#2029,.T.);
#6645=EDGE_CURVE('',#3814,#3519,#2316,.T.);
#6648=EDGE_CURVE('',#3520,#3495,#2034,.T.);
#6650=EDGE_CURVE('',#3495,#3698,#2038,.T.);
#6660=EDGE_CURVE('',#3712,#3704,#2042,.T.);
#6662=EDGE_CURVE('',#3712,#3808,#2046,.T.);
#6664=EDGE_CURVE('',#3808,#3536,#2051,.T.);
#6666=EDGE_CURVE('',#3536,#3523,#2055,.T.);
#6669=EDGE_CURVE('',#3524,#3534,#2059,.T.);
#6671=EDGE_CURVE('',#3534,#3806,#2064,.T.);
#6673=EDGE_CURVE('',#3806,#3704,#2068,.T.);
#6684=EDGE_CURVE('',#3668,#3666,#2072,.T.);
#6686=EDGE_CURVE('',#3660,#3668,#2164,.T.);
#6688=EDGE_CURVE('',#3660,#3656,#2176,.T.);
#6698=EDGE_CURVE('',#3664,#3666,#2080,.T.);
#6700=EDGE_CURVE('',#3662,#3664,#2076,.T.);
#6702=EDGE_CURVE('',#3662,#3668,#2168,.T.);
#6716=EDGE_CURVE('',#3512,#3664,#2088,.T.);
#6726=EDGE_CURVE('',#3664,#3655,#2084,.T.);
#6730=EDGE_CURVE('',#3655,#3511,#2092,.T.);
#6740=EDGE_CURVE('',#3680,#3671,#2096,.T.);
#6742=EDGE_CURVE('',#3516,#3680,#2100,.T.);
#6745=EDGE_CURVE('',#3671,#3515,#2104,.T.);
#6755=EDGE_CURVE('',#3696,#3687,#2108,.T.);
#6757=EDGE_CURVE('',#3496,#3696,#2112,.T.);
#6759=EDGE_CURVE('',#3528,#3496,#2117,.T.);
#6762=EDGE_CURVE('',#3816,#3527,#2324,.T.);
#6764=EDGE_CURVE('',#3500,#3816,#2122,.T.);
#6766=EDGE_CURVE('',#3687,#3500,#2126,.T.);
#6776=EDGE_CURVE('',#3708,#3715,#2130,.T.);
#6778=EDGE_CURVE('',#3810,#3708,#2134,.T.);
#6780=EDGE_CURVE('',#3538,#3810,#2139,.T.);
#6782=EDGE_CURVE('',#3532,#3538,#2143,.T.);
#6785=EDGE_CURVE('',#3540,#3531,#2147,.T.);
#6787=EDGE_CURVE('',#3812,#3540,#2152,.T.);
#6789=EDGE_CURVE('',#3715,#3812,#2156,.T.);
#6799=EDGE_CURVE('',#3662,#3659,#2172,.T.);
#6803=EDGE_CURVE('',#3655,#3659,#2180,.T.);
#6813=EDGE_CURVE('',#3659,#3660,#2160,.T.);
#6826=EDGE_CURVE('',#3655,#3656,#2184,.T.);
#6851=EDGE_CURVE('',#3678,#3675,#2204,.T.);
#6853=EDGE_CURVE('',#3678,#3680,#2276,.T.);
#6856=EDGE_CURVE('',#3675,#3671,#2188,.T.);
#6866=EDGE_CURVE('',#3675,#3676,#2192,.T.);
#6868=EDGE_CURVE('',#3676,#3684,#2196,.T.);
#6870=EDGE_CURVE('',#3678,#3684,#2200,.T.);
#6881=EDGE_CURVE('',#3671,#3672,#2212,.T.);
#6883=EDGE_CURVE('',#3676,#3672,#2208,.T.);
#6897=EDGE_CURVE('',#3534,#3538,#2216,.T.);
#6923=EDGE_CURVE('',#3806,#3810,#2224,.T.);
#6933=EDGE_CURVE('',#3708,#3704,#2220,.T.);
#6946=EDGE_CURVE('',#3703,#3704,#2232,.T.);
#6949=EDGE_CURVE('',#3707,#3708,#2228,.T.);
#6951=EDGE_CURVE('',#3707,#3703,#2244,.T.);
#6962=EDGE_CURVE('',#3711,#3703,#2240,.T.);
#6964=EDGE_CURVE('',#3711,#3712,#2252,.T.);
#6975=EDGE_CURVE('',#3716,#3711,#2236,.T.);
#6979=EDGE_CURVE('',#3707,#3716,#2248,.T.);
#6991=EDGE_CURVE('',#3715,#3716,#2256,.T.);
#6993=EDGE_CURVE('',#3715,#3712,#2260,.T.);
#7017=EDGE_CURVE('',#3808,#3812,#2264,.T.);
#7031=EDGE_CURVE('',#3536,#3540,#2268,.T.);
#7053=EDGE_CURVE('',#3680,#3682,#2272,.T.);
#7069=EDGE_CURVE('',#3684,#3682,#2280,.T.);
#7091=EDGE_CURVE('',#3694,#3691,#2296,.T.);
#7093=EDGE_CURVE('',#3694,#3696,#2332,.T.);
#7096=EDGE_CURVE('',#3687,#3691,#2304,.T.);
#7106=EDGE_CURVE('',#3691,#3692,#2284,.T.);
#7108=EDGE_CURVE('',#3692,#3700,#2288,.T.);
#7110=EDGE_CURVE('',#3694,#3700,#2292,.T.);
#7121=EDGE_CURVE('',#3687,#3688,#2308,.T.);
#7123=EDGE_CURVE('',#3692,#3688,#2300,.T.);
#7137=EDGE_CURVE('',#3499,#3500,#2312,.T.);
#7148=EDGE_CURVE('',#3814,#3816,#2320,.T.);
#7178=EDGE_CURVE('',#3700,#3698,#2328,.T.);
#7190=EDGE_CURVE('',#3696,#3698,#2336,.T.);
#7205=EDGE_CURVE('',#3495,#3496,#2340,.T.);
#7254=EDGE_CURVE('',#2955,#2956,#2356,.T.);
#7265=EDGE_CURVE('',#3126,#3136,#2372,.T.);
#7267=EDGE_CURVE('',#3136,#3139,#2376,.T.);
#7269=EDGE_CURVE('',#3129,#3139,#2380,.T.);
#7271=EDGE_CURVE('',#3129,#2979,#2408,.T.);
#7276=EDGE_CURVE('',#2976,#3126,#2440,.T.);
#7282=EDGE_CURVE('',#2958,#2960,#2364,.T.);
#7305=EDGE_CURVE('',#3124,#3126,#2436,.T.);
#7307=EDGE_CURVE('',#3124,#3142,#2388,.T.);
#7309=EDGE_CURVE('',#3190,#3142,#2488,.T.);
#7312=EDGE_CURVE('',#3135,#3136,#2464,.T.);
#7323=EDGE_CURVE('',#3087,#3088,#2392,.T.);
#7325=EDGE_CURVE('',#3088,#3090,#2396,.T.);
#7330=EDGE_CURVE('',#3129,#3130,#2412,.T.);
#7332=EDGE_CURVE('',#3130,#3132,#2416,.T.);
#7334=EDGE_CURVE('',#3132,#3178,#2420,.T.);
#7336=EDGE_CURVE('',#3178,#3180,#2424,.T.);
#7338=EDGE_CURVE('',#3180,#3123,#2428,.T.);
#7340=EDGE_CURVE('',#3123,#3124,#2432,.T.);
#7356=EDGE_CURVE('',#3092,#3096,#2456,.T.);
#7358=EDGE_CURVE('',#3088,#3096,#2460,.T.);
#7369=EDGE_CURVE('',#3096,#3094,#2452,.T.);
#7394=EDGE_CURVE('',#3139,#3140,#2468,.T.);
#7397=EDGE_CURVE('',#3192,#3144,#2480,.T.);
#7399=EDGE_CURVE('',#3130,#3144,#2508,.T.);
#7421=EDGE_CURVE('',#3182,#3184,#2472,.T.);
#7423=EDGE_CURVE('',#3144,#3182,#2476,.T.);
#7427=EDGE_CURVE('',#3159,#3160,#2524,.T.);
#7429=EDGE_CURVE('',#3156,#3159,#2800,.T.);
#7431=EDGE_CURVE('',#3155,#3156,#2484,.T.);
#7435=EDGE_CURVE('',#3188,#3142,#2492,.T.);
#7437=EDGE_CURVE('',#3186,#3188,#2496,.T.);
#7439=EDGE_CURVE('',#3184,#3186,#2500,.T.);
#7450=EDGE_CURVE('',#3132,#3182,#2504,.T.);
#7453=EDGE_CURVE('',#3178,#3184,#2512,.T.);
#7478=EDGE_CURVE('',#3180,#3186,#2516,.T.);
#7491=EDGE_CURVE('',#3123,#3188,#2520,.T.);
#7515=EDGE_CURVE('',#3175,#3176,#2556,.T.);
#7517=EDGE_CURVE('',#3175,#3159,#2804,.T.);
#7528=EDGE_CURVE('',#3350,#3027,#2588,.T.);
#7530=EDGE_CURVE('',#3350,#3848,#2528,.T.);
#7532=EDGE_CURVE('',#3848,#3028,#2532,.T.);
#7543=EDGE_CURVE('',#3838,#3057,#2536,.T.);
#7545=EDGE_CURVE('',#3838,#3357,#2540,.T.);
#7547=EDGE_CURVE('',#3357,#3058,#2780,.T.);
#7557=EDGE_CURVE('',#3171,#3172,#2544,.T.);
#7559=EDGE_CURVE('',#3171,#3841,#2548,.T.);
#7561=EDGE_CURVE('',#3841,#3842,#2552,.T.);
#7574=EDGE_CURVE('',#3845,#3846,#2560,.T.);
#7576=EDGE_CURVE('',#3845,#3175,#2564,.T.);
#7586=EDGE_CURVE('',#3333,#3334,#2568,.T.);
#7590=EDGE_CURVE('',#3031,#3333,#2580,.T.);
#7600=EDGE_CURVE('',#3348,#3350,#2584,.T.);
#7604=EDGE_CURVE('',#3042,#3348,#2596,.T.);
#7615=EDGE_CURVE('',#3333,#3330,#2628,.T.);
#7627=EDGE_CURVE('',#3858,#3866,#2604,.T.);
#7629=EDGE_CURVE('',#3866,#3868,#2608,.T.);
#7631=EDGE_CURVE('',#3860,#3868,#2612,.T.);
#7633=EDGE_CURVE('',#3020,#3860,#2716,.T.);
#7635=EDGE_CURVE('',#3020,#3062,#2616,.T.);
#7637=EDGE_CURVE('',#3062,#3064,#2620,.T.);
#7639=EDGE_CURVE('',#3052,#3064,#2624,.T.);
#7641=EDGE_CURVE('',#3326,#3052,#2684,.T.);
#7643=EDGE_CURVE('',#3326,#3328,#2784,.T.);
#7647=EDGE_CURVE('',#3054,#3333,#2672,.T.);
#7649=EDGE_CURVE('',#3054,#3066,#2632,.T.);
#7651=EDGE_CURVE('',#3066,#3068,#2636,.T.);
#7653=EDGE_CURVE('',#3024,#3068,#2640,.T.);
#7655=EDGE_CURVE('',#3862,#3024,#2724,.T.);
#7657=EDGE_CURVE('',#3862,#3870,#2644,.T.);
#7659=EDGE_CURVE('',#3870,#3872,#2648,.T.);
#7661=EDGE_CURVE('',#3864,#3872,#2652,.T.);
#7663=EDGE_CURVE('',#3858,#3864,#2692,.T.);
#7674=EDGE_CURVE('',#3866,#3147,#2656,.T.);
#7677=EDGE_CURVE('',#3164,#3858,#2688,.T.);
#7690=EDGE_CURVE('',#3868,#3148,#2660,.T.);
#7701=EDGE_CURVE('',#3162,#3860,#2704,.T.);
#7714=EDGE_CURVE('',#3032,#3054,#2668,.T.);
#7726=EDGE_CURVE('',#3051,#3052,#2676,.T.);
#7729=EDGE_CURVE('',#3060,#3326,#2756,.T.);
#7742=EDGE_CURVE('',#3166,#3864,#2696,.T.);
#7755=EDGE_CURVE('',#3019,#3020,#2712,.T.);
#7766=EDGE_CURVE('',#3168,#3862,#2720,.T.);
#7769=EDGE_CURVE('',#3023,#3024,#2728,.T.);
#7782=EDGE_CURVE('',#3066,#3015,#2736,.T.);
#7795=EDGE_CURVE('',#3068,#3016,#2740,.T.);
#7820=EDGE_CURVE('',#3064,#3012,#2744,.T.);
#7831=EDGE_CURVE('',#3062,#3011,#2748,.T.);
#7856=EDGE_CURVE('',#3324,#3326,#2752,.T.);
#7860=EDGE_CURVE('',#3048,#3324,#2764,.T.);
#7870=EDGE_CURVE('',#3357,#3358,#2768,.T.);
#7872=EDGE_CURVE('',#3046,#3358,#2772,.T.);
#7909=EDGE_CURVE('',#3357,#3354,#2820,.T.);
#7912=EDGE_CURVE('',#3358,#3360,#2792,.T.);
#7922=EDGE_CURVE('',#3171,#3156,#2796,.T.);
#7927=EDGE_CURVE('',#3845,#3854,#2808,.T.);
#7929=EDGE_CURVE('',#3854,#3856,#2812,.T.);
#7931=EDGE_CURVE('',#3848,#3856,#2816,.T.);
#7934=EDGE_CURVE('',#3350,#3352,#2844,.T.);
#7939=EDGE_CURVE('',#3838,#3850,#2824,.T.);
#7941=EDGE_CURVE('',#3850,#3852,#2828,.T.);
#7943=EDGE_CURVE('',#3841,#3852,#2832,.T.);
#7968=EDGE_CURVE('',#3854,#3835,#2836,.T.);
#7982=EDGE_CURVE('',#3856,#3836,#2840,.T.);
#8005=EDGE_CURVE('',#3348,#3346,#2848,.T.);
#8020=EDGE_CURVE('',#3343,#3348,#2852,.T.);
#8044=EDGE_CURVE('',#3850,#3831,#2856,.T.);
#8058=EDGE_CURVE('',#3852,#3832,#2860,.T.);
#8081=EDGE_CURVE('',#3358,#3364,#2864,.T.);
#8108=EDGE_CURVE('',#3872,#3152,#2868,.T.);
#8119=EDGE_CURVE('',#3870,#3151,#2872,.T.);
#8144=EDGE_CURVE('',#3790,#3792,#2880,.T.);
#8162=EDGE_CURVE('',#3119,#3120,#2888,.T.);
#8173=EDGE_CURVE('',#3287,#3288,#2892,.T.);
#8187=EDGE_CURVE('',#3292,#3288,#2896,.T.);
#8189=EDGE_CURVE('',#3291,#3292,#2920,.T.);
#8191=EDGE_CURVE('',#3287,#3291,#2900,.T.);
#8202=EDGE_CURVE('',#3300,#3298,#2904,.T.);
#8204=EDGE_CURVE('',#3292,#3300,#2924,.T.);
#8215=EDGE_CURVE('',#3296,#3298,#2912,.T.);
#8217=EDGE_CURVE('',#3294,#3296,#2908,.T.);
#8219=EDGE_CURVE('',#3294,#3300,#2928,.T.);
#8232=EDGE_CURVE('',#3115,#3116,#2916,.T.);
#8255=EDGE_CURVE('',#3294,#3291,#2932,.T.);
#8281=EDGE_CURVE('',#3764,#3762,#2936,.T.);
#8293=EDGE_CURVE('',#3760,#3762,#2944,.T.);
#8308=EDGE_CURVE('',#3543,#3544,#2948,.T.);
#8336=CIRCLE('',#8335,4.5E-1);
#8337=TRIMMED_CURVE('',#8336,(PARAMETER_VALUE(0.E0)),(PARAMETER_VALUE(1.8E2)),
.T.,.UNSPECIFIED.);
#8338=COMPOSITE_CURVE_SEGMENT(.CONTINUOUS.,.T.,#8337);
#8343=CIRCLE('',#8342,4.5E-1);
#8344=TRIMMED_CURVE('',#8343,(PARAMETER_VALUE(0.E0)),(PARAMETER_VALUE(1.8E2)),
.T.,.UNSPECIFIED.);
#8345=COMPOSITE_CURVE_SEGMENT(.CONTINUOUS.,.T.,#8344);
#8346=COMPOSITE_CURVE('',(#8338,#8345),.F.);
#8352=CIRCLE('',#8351,4.5E-1);
#8353=TRIMMED_CURVE('',#8352,(PARAMETER_VALUE(0.E0)),(PARAMETER_VALUE(1.8E2)),
.T.,.UNSPECIFIED.);
#8354=COMPOSITE_CURVE_SEGMENT(.CONTINUOUS.,.T.,#8353);
#8359=CIRCLE('',#8358,4.5E-1);
#8360=TRIMMED_CURVE('',#8359,(PARAMETER_VALUE(0.E0)),(PARAMETER_VALUE(1.8E2)),
.T.,.UNSPECIFIED.);
#8361=COMPOSITE_CURVE_SEGMENT(.CONTINUOUS.,.T.,#8360);
#8362=COMPOSITE_CURVE('',(#8354,#8361),.F.);
#8367=CIRCLE('',#8366,4.5E-1);
#8368=TRIMMED_CURVE('',#8367,(PARAMETER_VALUE(0.E0)),(PARAMETER_VALUE(1.8E2)),
.T.,.UNSPECIFIED.);
#8369=COMPOSITE_CURVE_SEGMENT(.CONTINUOUS.,.T.,#8368);
#8374=CIRCLE('',#8373,4.5E-1);
#8375=TRIMMED_CURVE('',#8374,(PARAMETER_VALUE(0.E0)),(PARAMETER_VALUE(1.8E2)),
.T.,.UNSPECIFIED.);
#8376=COMPOSITE_CURVE_SEGMENT(.CONTINUOUS.,.T.,#8375);
#8377=COMPOSITE_CURVE('',(#8369,#8376),.F.);
#8382=CIRCLE('',#8381,4.5E-1);
#8383=TRIMMED_CURVE('',#8382,(PARAMETER_VALUE(0.E0)),(PARAMETER_VALUE(1.8E2)),
.T.,.UNSPECIFIED.);
#8384=COMPOSITE_CURVE_SEGMENT(.CONTINUOUS.,.T.,#8383);
#8389=CIRCLE('',#8388,4.5E-1);
#8390=TRIMMED_CURVE('',#8389,(PARAMETER_VALUE(0.E0)),(PARAMETER_VALUE(1.8E2)),
.T.,.UNSPECIFIED.);
#8391=COMPOSITE_CURVE_SEGMENT(.CONTINUOUS.,.T.,#8390);
#8392=COMPOSITE_CURVE('',(#8384,#8391),.F.);
#8397=CIRCLE('',#8396,4.5E-1);
#8398=TRIMMED_CURVE('',#8397,(PARAMETER_VALUE(0.E0)),(PARAMETER_VALUE(1.8E2)),
.T.,.UNSPECIFIED.);
#8399=COMPOSITE_CURVE_SEGMENT(.CONTINUOUS.,.T.,#8398);
#8404=CIRCLE('',#8403,4.5E-1);
#8405=TRIMMED_CURVE('',#8404,(PARAMETER_VALUE(0.E0)),(PARAMETER_VALUE(1.8E2)),
.T.,.UNSPECIFIED.);
#8406=COMPOSITE_CURVE_SEGMENT(.CONTINUOUS.,.T.,#8405);
#8407=COMPOSITE_CURVE('',(#8399,#8406),.F.);
#8412=CIRCLE('',#8411,4.5E-1);
#8413=TRIMMED_CURVE('',#8412,(PARAMETER_VALUE(0.E0)),(PARAMETER_VALUE(1.8E2)),
.T.,.UNSPECIFIED.);
#8414=COMPOSITE_CURVE_SEGMENT(.CONTINUOUS.,.T.,#8413);
#8419=CIRCLE('',#8418,4.5E-1);
#8420=TRIMMED_CURVE('',#8419,(PARAMETER_VALUE(0.E0)),(PARAMETER_VALUE(1.8E2)),
.T.,.UNSPECIFIED.);
#8421=COMPOSITE_CURVE_SEGMENT(.CONTINUOUS.,.T.,#8420);
#8422=COMPOSITE_CURVE('',(#8414,#8421),.F.);
#8427=CIRCLE('',#8426,4.5E-1);
#8428=TRIMMED_CURVE('',#8427,(PARAMETER_VALUE(0.E0)),(PARAMETER_VALUE(1.8E2)),
.T.,.UNSPECIFIED.);
#8429=COMPOSITE_CURVE_SEGMENT(.CONTINUOUS.,.T.,#8428);
#8434=CIRCLE('',#8433,4.5E-1);
#8435=TRIMMED_CURVE('',#8434,(PARAMETER_VALUE(0.E0)),(PARAMETER_VALUE(1.8E2)),
.T.,.UNSPECIFIED.);
#8436=COMPOSITE_CURVE_SEGMENT(.CONTINUOUS.,.T.,#8435);
#8437=COMPOSITE_CURVE('',(#8429,#8436),.F.);
#8442=CIRCLE('',#8441,4.5E-1);
#8443=TRIMMED_CURVE('',#8442,(PARAMETER_VALUE(0.E0)),(PARAMETER_VALUE(1.8E2)),
.T.,.UNSPECIFIED.);
#8444=COMPOSITE_CURVE_SEGMENT(.CONTINUOUS.,.T.,#8443);
#8449=CIRCLE('',#8448,4.5E-1);
#8450=TRIMMED_CURVE('',#8449,(PARAMETER_VALUE(0.E0)),(PARAMETER_VALUE(1.8E2)),
.T.,.UNSPECIFIED.);
#8451=COMPOSITE_CURVE_SEGMENT(.CONTINUOUS.,.T.,#8450);
#8452=COMPOSITE_CURVE('',(#8444,#8451),.F.);
#8453=(LENGTH_UNIT()NAMED_UNIT(*)SI_UNIT(.MILLI.,.METRE.));
#8455=(NAMED_UNIT(*)PLANE_ANGLE_UNIT()SI_UNIT($,.RADIAN.));
#8458=(NAMED_UNIT(*)SI_UNIT($,.STERADIAN.)SOLID_ANGLE_UNIT());
#8461=ADVANCED_BREP_SHAPE_REPRESENTATION('',(#8327),#8460);
#8462=GEOMETRICALLY_BOUNDED_SURFACE_SHAPE_REPRESENTATION('',(#8347),#8460);
#8463=SHAPE_REPRESENTATION('',(#8331),#8460);
#8472=PRODUCT_DEFINITION('design','',#8471,#8468);
#8473=PRODUCT_DEFINITION_SHAPE('','SHAPE FOR 878330831.',#8472);
#8474=SHAPE_DEFINITION_REPRESENTATION(#8473,#8463);
ENDSEC;
END-ISO-10303-21;
