ISO-10303-21;
HEADER;
FILE_DESCRIPTION((''),'2;1');
FILE_NAME('908140714','2021-05-27T',('gga'),(''),
'PRO/ENGINEER BY PARAMETRIC TECHNOLOGY CORPORATION, 2016010',
'PRO/ENGINEER BY PARAMETRIC TECHNOLOGY CORPORATION, 2016010','');
FILE_SCHEMA(('CONFIG_CONTROL_DESIGN'));
ENDSEC;
DATA;
#1=DIRECTION('',(0.E0,-1.E0,0.E0));
#2=VECTOR('',#1,7.E-1);
#3=CARTESIAN_POINT('',(-1.078E1,-1.8E0,2.E0));
#4=LINE('',#3,#2);
#5=DIRECTION('',(0.E0,0.E0,-1.E0));
#6=VECTOR('',#5,2.E0);
#7=CARTESIAN_POINT('',(-1.078E1,-2.5E0,2.E0));
#8=LINE('',#7,#6);
#9=DIRECTION('',(0.E0,1.E0,0.E0));
#10=VECTOR('',#9,3.5E0);
#11=CARTESIAN_POINT('',(-1.078E1,-2.5E0,0.E0));
#12=LINE('',#11,#10);
#13=DIRECTION('',(0.E0,0.E0,-1.E0));
#14=VECTOR('',#13,9.5E-1);
#15=CARTESIAN_POINT('',(-1.078E1,1.E0,0.E0));
#16=LINE('',#15,#14);
#17=DIRECTION('',(0.E0,0.E0,1.E0));
#18=VECTOR('',#17,1.45E0);
#19=CARTESIAN_POINT('',(-1.078E1,1.7E0,-9.5E-1));
#20=LINE('',#19,#18);
#21=DIRECTION('',(0.E0,1.E0,0.E0));
#22=VECTOR('',#21,8.E-1);
#23=CARTESIAN_POINT('',(-1.078E1,1.7E0,5.E-1));
#24=LINE('',#23,#22);
#25=DIRECTION('',(0.E0,0.E0,1.E0));
#26=VECTOR('',#25,3.1E0);
#27=CARTESIAN_POINT('',(-1.078E1,2.5E0,5.E-1));
#28=LINE('',#27,#26);
#29=DIRECTION('',(0.E0,5.E-1,-8.660254037844E-1));
#30=VECTOR('',#29,5.773502691896E-1);
#31=CARTESIAN_POINT('',(-1.078E1,2.211324865405E0,4.1E0));
#32=LINE('',#31,#30);
#33=DIRECTION('',(0.E0,5.E-1,8.660254037844E-1));
#34=VECTOR('',#33,5.773502691896E-1);
#35=CARTESIAN_POINT('',(-1.078E1,-1.6E0,3.6E0));
#36=LINE('',#35,#34);
#37=DIRECTION('',(1.E0,0.E0,0.E0));
#38=VECTOR('',#37,1.375E0);
#39=CARTESIAN_POINT('',(-1.078E1,-1.6E0,2.2E0));
#40=LINE('',#39,#38);
#41=DIRECTION('',(0.E0,0.E0,1.E0));
#42=VECTOR('',#41,1.4E0);
#43=CARTESIAN_POINT('',(-1.078E1,-1.6E0,2.2E0));
#44=LINE('',#43,#42);
#45=DIRECTION('',(1.E0,0.E0,0.E0));
#46=VECTOR('',#45,1.375E0);
#47=CARTESIAN_POINT('',(-1.078E1,-1.6E0,3.6E0));
#48=LINE('',#47,#46);
#49=DIRECTION('',(-1.E0,0.E0,0.E0));
#50=VECTOR('',#49,1.04E0);
#51=CARTESIAN_POINT('',(-9.255E0,-1.75E0,2.05E0));
#52=LINE('',#51,#50);
#53=DIRECTION('',(0.E0,-7.071067811865E-1,-7.071067811865E-1));
#54=VECTOR('',#53,7.071067811866E-2);
#55=CARTESIAN_POINT('',(-1.0295E1,-1.75E0,2.05E0));
#56=LINE('',#55,#54);
#57=DIRECTION('',(0.E0,7.071067811865E-1,7.071067811865E-1));
#58=VECTOR('',#57,2.828427124746E-1);
#59=CARTESIAN_POINT('',(-1.078E1,-1.8E0,2.E0));
#60=LINE('',#59,#58);
#61=DIRECTION('',(5.773502691896E-1,-5.773502691896E-1,-5.773502691896E-1));
#62=VECTOR('',#61,2.598076211353E-1);
#63=CARTESIAN_POINT('',(-9.405E0,-1.6E0,2.2E0));
#64=LINE('',#63,#62);
#65=DIRECTION('',(7.071067811865E-1,0.E0,-7.071067811865E-1));
#66=VECTOR('',#65,2.828427124746E-1);
#67=CARTESIAN_POINT('',(-9.405E0,2.5E0,2.2E0));
#68=LINE('',#67,#66);
#69=DIRECTION('',(0.E0,1.E0,0.E0));
#70=VECTOR('',#69,1.65E0);
#71=CARTESIAN_POINT('',(-8.405E0,-8.25E-1,2.E0));
#72=LINE('',#71,#70);
#73=DIRECTION('',(1.E0,0.E0,0.E0));
#74=VECTOR('',#73,3.E-1);
#75=CARTESIAN_POINT('',(-8.405E0,-8.25E-1,2.E0));
#76=LINE('',#75,#74);
#77=DIRECTION('',(0.E0,1.E0,0.E0));
#78=VECTOR('',#77,1.65E0);
#79=CARTESIAN_POINT('',(-8.105E0,-8.25E-1,2.E0));
#80=LINE('',#79,#78);
#81=DIRECTION('',(1.E0,0.E0,0.E0));
#82=VECTOR('',#81,3.E-1);
#83=CARTESIAN_POINT('',(-8.405E0,8.25E-1,2.E0));
#84=LINE('',#83,#82);
#85=DIRECTION('',(0.E0,1.E0,0.E0));
#86=VECTOR('',#85,1.65E0);
#87=CARTESIAN_POINT('',(-5.865E0,-8.25E-1,2.E0));
#88=LINE('',#87,#86);
#89=DIRECTION('',(1.E0,0.E0,0.E0));
#90=VECTOR('',#89,3.E-1);
#91=CARTESIAN_POINT('',(-5.865E0,-8.25E-1,2.E0));
#92=LINE('',#91,#90);
#93=DIRECTION('',(0.E0,1.E0,0.E0));
#94=VECTOR('',#93,1.65E0);
#95=CARTESIAN_POINT('',(-5.565E0,-8.25E-1,2.E0));
#96=LINE('',#95,#94);
#97=DIRECTION('',(1.E0,0.E0,0.E0));
#98=VECTOR('',#97,3.E-1);
#99=CARTESIAN_POINT('',(-5.865E0,8.25E-1,2.E0));
#100=LINE('',#99,#98);
#101=DIRECTION('',(0.E0,1.E0,0.E0));
#102=VECTOR('',#101,1.65E0);
#103=CARTESIAN_POINT('',(-3.325E0,-8.25E-1,2.E0));
#104=LINE('',#103,#102);
#105=DIRECTION('',(1.E0,0.E0,0.E0));
#106=VECTOR('',#105,3.E-1);
#107=CARTESIAN_POINT('',(-3.325E0,-8.25E-1,2.E0));
#108=LINE('',#107,#106);
#109=DIRECTION('',(0.E0,1.E0,0.E0));
#110=VECTOR('',#109,1.65E0);
#111=CARTESIAN_POINT('',(-3.025E0,-8.25E-1,2.E0));
#112=LINE('',#111,#110);
#113=DIRECTION('',(1.E0,0.E0,0.E0));
#114=VECTOR('',#113,3.E-1);
#115=CARTESIAN_POINT('',(-3.325E0,8.25E-1,2.E0));
#116=LINE('',#115,#114);
#117=DIRECTION('',(0.E0,1.E0,0.E0));
#118=VECTOR('',#117,1.65E0);
#119=CARTESIAN_POINT('',(-7.85E-1,-8.25E-1,2.E0));
#120=LINE('',#119,#118);
#121=DIRECTION('',(1.E0,0.E0,0.E0));
#122=VECTOR('',#121,3.E-1);
#123=CARTESIAN_POINT('',(-7.85E-1,-8.25E-1,2.E0));
#124=LINE('',#123,#122);
#125=DIRECTION('',(0.E0,1.E0,0.E0));
#126=VECTOR('',#125,1.65E0);
#127=CARTESIAN_POINT('',(-4.85E-1,-8.25E-1,2.E0));
#128=LINE('',#127,#126);
#129=DIRECTION('',(1.E0,0.E0,0.E0));
#130=VECTOR('',#129,3.E-1);
#131=CARTESIAN_POINT('',(-7.85E-1,8.25E-1,2.E0));
#132=LINE('',#131,#130);
#133=DIRECTION('',(0.E0,1.E0,0.E0));
#134=VECTOR('',#133,1.65E0);
#135=CARTESIAN_POINT('',(1.755E0,-8.25E-1,2.E0));
#136=LINE('',#135,#134);
#137=DIRECTION('',(1.E0,0.E0,0.E0));
#138=VECTOR('',#137,3.E-1);
#139=CARTESIAN_POINT('',(1.755E0,-8.25E-1,2.E0));
#140=LINE('',#139,#138);
#141=DIRECTION('',(0.E0,1.E0,0.E0));
#142=VECTOR('',#141,1.65E0);
#143=CARTESIAN_POINT('',(2.055E0,-8.25E-1,2.E0));
#144=LINE('',#143,#142);
#145=DIRECTION('',(1.E0,0.E0,0.E0));
#146=VECTOR('',#145,3.E-1);
#147=CARTESIAN_POINT('',(1.755E0,8.25E-1,2.E0));
#148=LINE('',#147,#146);
#149=DIRECTION('',(0.E0,1.E0,0.E0));
#150=VECTOR('',#149,1.65E0);
#151=CARTESIAN_POINT('',(4.295E0,-8.25E-1,2.E0));
#152=LINE('',#151,#150);
#153=DIRECTION('',(1.E0,0.E0,0.E0));
#154=VECTOR('',#153,3.E-1);
#155=CARTESIAN_POINT('',(4.295E0,-8.25E-1,2.E0));
#156=LINE('',#155,#154);
#157=DIRECTION('',(0.E0,1.E0,0.E0));
#158=VECTOR('',#157,1.65E0);
#159=CARTESIAN_POINT('',(4.595E0,-8.25E-1,2.E0));
#160=LINE('',#159,#158);
#161=DIRECTION('',(1.E0,0.E0,0.E0));
#162=VECTOR('',#161,3.E-1);
#163=CARTESIAN_POINT('',(4.295E0,8.25E-1,2.E0));
#164=LINE('',#163,#162);
#165=DIRECTION('',(0.E0,1.E0,0.E0));
#166=VECTOR('',#165,1.65E0);
#167=CARTESIAN_POINT('',(6.835E0,-8.25E-1,2.E0));
#168=LINE('',#167,#166);
#169=DIRECTION('',(1.E0,0.E0,0.E0));
#170=VECTOR('',#169,3.E-1);
#171=CARTESIAN_POINT('',(6.835E0,-8.25E-1,2.E0));
#172=LINE('',#171,#170);
#173=DIRECTION('',(0.E0,1.E0,0.E0));
#174=VECTOR('',#173,1.65E0);
#175=CARTESIAN_POINT('',(7.135E0,-8.25E-1,2.E0));
#176=LINE('',#175,#174);
#177=DIRECTION('',(1.E0,0.E0,0.E0));
#178=VECTOR('',#177,3.E-1);
#179=CARTESIAN_POINT('',(6.835E0,8.25E-1,2.E0));
#180=LINE('',#179,#178);
#181=DIRECTION('',(0.E0,-1.E0,0.E0));
#182=VECTOR('',#181,1.65E0);
#183=CARTESIAN_POINT('',(-6.835E0,8.25E-1,2.E0));
#184=LINE('',#183,#182);
#185=DIRECTION('',(1.E0,0.E0,0.E0));
#186=VECTOR('',#185,3.E-1);
#187=CARTESIAN_POINT('',(-7.135E0,8.25E-1,2.E0));
#188=LINE('',#187,#186);
#189=DIRECTION('',(0.E0,-1.E0,0.E0));
#190=VECTOR('',#189,1.65E0);
#191=CARTESIAN_POINT('',(-7.135E0,8.25E-1,2.E0));
#192=LINE('',#191,#190);
#193=DIRECTION('',(1.E0,0.E0,0.E0));
#194=VECTOR('',#193,3.E-1);
#195=CARTESIAN_POINT('',(-7.135E0,-8.25E-1,2.E0));
#196=LINE('',#195,#194);
#197=DIRECTION('',(0.E0,-1.E0,0.E0));
#198=VECTOR('',#197,1.65E0);
#199=CARTESIAN_POINT('',(-4.295E0,8.25E-1,2.E0));
#200=LINE('',#199,#198);
#201=DIRECTION('',(1.E0,0.E0,0.E0));
#202=VECTOR('',#201,3.E-1);
#203=CARTESIAN_POINT('',(-4.595E0,8.25E-1,2.E0));
#204=LINE('',#203,#202);
#205=DIRECTION('',(0.E0,-1.E0,0.E0));
#206=VECTOR('',#205,1.65E0);
#207=CARTESIAN_POINT('',(-4.595E0,8.25E-1,2.E0));
#208=LINE('',#207,#206);
#209=DIRECTION('',(1.E0,0.E0,0.E0));
#210=VECTOR('',#209,3.E-1);
#211=CARTESIAN_POINT('',(-4.595E0,-8.25E-1,2.E0));
#212=LINE('',#211,#210);
#213=DIRECTION('',(0.E0,-1.E0,0.E0));
#214=VECTOR('',#213,1.65E0);
#215=CARTESIAN_POINT('',(-1.755E0,8.25E-1,2.E0));
#216=LINE('',#215,#214);
#217=DIRECTION('',(1.E0,0.E0,0.E0));
#218=VECTOR('',#217,3.E-1);
#219=CARTESIAN_POINT('',(-2.055E0,8.25E-1,2.E0));
#220=LINE('',#219,#218);
#221=DIRECTION('',(0.E0,-1.E0,0.E0));
#222=VECTOR('',#221,1.65E0);
#223=CARTESIAN_POINT('',(-2.055E0,8.25E-1,2.E0));
#224=LINE('',#223,#222);
#225=DIRECTION('',(1.E0,0.E0,0.E0));
#226=VECTOR('',#225,3.E-1);
#227=CARTESIAN_POINT('',(-2.055E0,-8.25E-1,2.E0));
#228=LINE('',#227,#226);
#229=DIRECTION('',(0.E0,-1.E0,0.E0));
#230=VECTOR('',#229,1.65E0);
#231=CARTESIAN_POINT('',(7.85E-1,8.25E-1,2.E0));
#232=LINE('',#231,#230);
#233=DIRECTION('',(1.E0,0.E0,0.E0));
#234=VECTOR('',#233,3.E-1);
#235=CARTESIAN_POINT('',(4.85E-1,8.25E-1,2.E0));
#236=LINE('',#235,#234);
#237=DIRECTION('',(0.E0,-1.E0,0.E0));
#238=VECTOR('',#237,1.65E0);
#239=CARTESIAN_POINT('',(4.85E-1,8.25E-1,2.E0));
#240=LINE('',#239,#238);
#241=DIRECTION('',(1.E0,0.E0,0.E0));
#242=VECTOR('',#241,3.E-1);
#243=CARTESIAN_POINT('',(4.85E-1,-8.25E-1,2.E0));
#244=LINE('',#243,#242);
#245=DIRECTION('',(0.E0,-1.E0,0.E0));
#246=VECTOR('',#245,1.65E0);
#247=CARTESIAN_POINT('',(3.325E0,8.25E-1,2.E0));
#248=LINE('',#247,#246);
#249=DIRECTION('',(1.E0,0.E0,0.E0));
#250=VECTOR('',#249,3.E-1);
#251=CARTESIAN_POINT('',(3.025E0,8.25E-1,2.E0));
#252=LINE('',#251,#250);
#253=DIRECTION('',(0.E0,-1.E0,0.E0));
#254=VECTOR('',#253,1.65E0);
#255=CARTESIAN_POINT('',(3.025E0,8.25E-1,2.E0));
#256=LINE('',#255,#254);
#257=DIRECTION('',(1.E0,0.E0,0.E0));
#258=VECTOR('',#257,3.E-1);
#259=CARTESIAN_POINT('',(3.025E0,-8.25E-1,2.E0));
#260=LINE('',#259,#258);
#261=DIRECTION('',(0.E0,-1.E0,0.E0));
#262=VECTOR('',#261,1.65E0);
#263=CARTESIAN_POINT('',(5.865E0,8.25E-1,2.E0));
#264=LINE('',#263,#262);
#265=DIRECTION('',(1.E0,0.E0,0.E0));
#266=VECTOR('',#265,3.E-1);
#267=CARTESIAN_POINT('',(5.565E0,8.25E-1,2.E0));
#268=LINE('',#267,#266);
#269=DIRECTION('',(0.E0,-1.E0,0.E0));
#270=VECTOR('',#269,1.65E0);
#271=CARTESIAN_POINT('',(5.565E0,8.25E-1,2.E0));
#272=LINE('',#271,#270);
#273=DIRECTION('',(1.E0,0.E0,0.E0));
#274=VECTOR('',#273,3.E-1);
#275=CARTESIAN_POINT('',(5.565E0,-8.25E-1,2.E0));
#276=LINE('',#275,#274);
#277=DIRECTION('',(0.E0,-1.E0,0.E0));
#278=VECTOR('',#277,1.65E0);
#279=CARTESIAN_POINT('',(8.405E0,8.25E-1,2.E0));
#280=LINE('',#279,#278);
#281=DIRECTION('',(1.E0,0.E0,0.E0));
#282=VECTOR('',#281,3.E-1);
#283=CARTESIAN_POINT('',(8.105E0,8.25E-1,2.E0));
#284=LINE('',#283,#282);
#285=DIRECTION('',(0.E0,-1.E0,0.E0));
#286=VECTOR('',#285,1.65E0);
#287=CARTESIAN_POINT('',(8.105E0,8.25E-1,2.E0));
#288=LINE('',#287,#286);
#289=DIRECTION('',(1.E0,0.E0,0.E0));
#290=VECTOR('',#289,3.E-1);
#291=CARTESIAN_POINT('',(8.105E0,-8.25E-1,2.E0));
#292=LINE('',#291,#290);
#293=DIRECTION('',(0.E0,1.E0,0.E0));
#294=VECTOR('',#293,4.25E0);
#295=CARTESIAN_POINT('',(-9.205E0,-1.75E0,2.E0));
#296=LINE('',#295,#294);
#297=DIRECTION('',(1.E0,0.E0,0.E0));
#298=VECTOR('',#297,1.8E-1);
#299=CARTESIAN_POINT('',(-9.205E0,2.5E0,2.E0));
#300=LINE('',#299,#298);
#301=DIRECTION('',(0.E0,-1.E0,0.E0));
#302=VECTOR('',#301,8.E-1);
#303=CARTESIAN_POINT('',(-9.025E0,2.5E0,2.E0));
#304=LINE('',#303,#302);
#305=DIRECTION('',(1.E0,0.E0,0.E0));
#306=VECTOR('',#305,1.54E0);
#307=CARTESIAN_POINT('',(-9.025E0,1.7E0,2.E0));
#308=LINE('',#307,#306);
#309=DIRECTION('',(0.E0,-1.E0,0.E0));
#310=VECTOR('',#309,8.E-1);
#311=CARTESIAN_POINT('',(-7.485E0,2.5E0,2.E0));
#312=LINE('',#311,#310);
#313=DIRECTION('',(1.E0,0.E0,0.E0));
#314=VECTOR('',#313,1.E0);
#315=CARTESIAN_POINT('',(-7.485E0,2.5E0,2.E0));
#316=LINE('',#315,#314);
#317=DIRECTION('',(0.E0,-1.E0,0.E0));
#318=VECTOR('',#317,8.E-1);
#319=CARTESIAN_POINT('',(-6.485E0,2.5E0,2.E0));
#320=LINE('',#319,#318);
#321=DIRECTION('',(1.E0,0.E0,0.E0));
#322=VECTOR('',#321,1.54E0);
#323=CARTESIAN_POINT('',(-6.485E0,1.7E0,2.E0));
#324=LINE('',#323,#322);
#325=DIRECTION('',(0.E0,-1.E0,0.E0));
#326=VECTOR('',#325,8.E-1);
#327=CARTESIAN_POINT('',(-4.945E0,2.5E0,2.E0));
#328=LINE('',#327,#326);
#329=DIRECTION('',(1.E0,0.E0,0.E0));
#330=VECTOR('',#329,1.E0);
#331=CARTESIAN_POINT('',(-4.945E0,2.5E0,2.E0));
#332=LINE('',#331,#330);
#333=DIRECTION('',(0.E0,-1.E0,0.E0));
#334=VECTOR('',#333,8.E-1);
#335=CARTESIAN_POINT('',(-3.945E0,2.5E0,2.E0));
#336=LINE('',#335,#334);
#337=DIRECTION('',(1.E0,0.E0,0.E0));
#338=VECTOR('',#337,1.54E0);
#339=CARTESIAN_POINT('',(-3.945E0,1.7E0,2.E0));
#340=LINE('',#339,#338);
#341=DIRECTION('',(0.E0,-1.E0,0.E0));
#342=VECTOR('',#341,8.E-1);
#343=CARTESIAN_POINT('',(-2.405E0,2.5E0,2.E0));
#344=LINE('',#343,#342);
#345=DIRECTION('',(1.E0,0.E0,0.E0));
#346=VECTOR('',#345,1.E0);
#347=CARTESIAN_POINT('',(-2.405E0,2.5E0,2.E0));
#348=LINE('',#347,#346);
#349=DIRECTION('',(0.E0,-1.E0,0.E0));
#350=VECTOR('',#349,8.E-1);
#351=CARTESIAN_POINT('',(-1.405E0,2.5E0,2.E0));
#352=LINE('',#351,#350);
#353=DIRECTION('',(1.E0,0.E0,0.E0));
#354=VECTOR('',#353,1.54E0);
#355=CARTESIAN_POINT('',(-1.405E0,1.7E0,2.E0));
#356=LINE('',#355,#354);
#357=DIRECTION('',(0.E0,-1.E0,0.E0));
#358=VECTOR('',#357,8.E-1);
#359=CARTESIAN_POINT('',(1.35E-1,2.5E0,2.E0));
#360=LINE('',#359,#358);
#361=DIRECTION('',(1.E0,0.E0,0.E0));
#362=VECTOR('',#361,1.E0);
#363=CARTESIAN_POINT('',(1.35E-1,2.5E0,2.E0));
#364=LINE('',#363,#362);
#365=DIRECTION('',(0.E0,-1.E0,0.E0));
#366=VECTOR('',#365,8.E-1);
#367=CARTESIAN_POINT('',(1.135E0,2.5E0,2.E0));
#368=LINE('',#367,#366);
#369=DIRECTION('',(1.E0,0.E0,0.E0));
#370=VECTOR('',#369,1.54E0);
#371=CARTESIAN_POINT('',(1.135E0,1.7E0,2.E0));
#372=LINE('',#371,#370);
#373=DIRECTION('',(0.E0,-1.E0,0.E0));
#374=VECTOR('',#373,8.E-1);
#375=CARTESIAN_POINT('',(2.675E0,2.5E0,2.E0));
#376=LINE('',#375,#374);
#377=DIRECTION('',(1.E0,0.E0,0.E0));
#378=VECTOR('',#377,1.E0);
#379=CARTESIAN_POINT('',(2.675E0,2.5E0,2.E0));
#380=LINE('',#379,#378);
#381=DIRECTION('',(0.E0,-1.E0,0.E0));
#382=VECTOR('',#381,8.E-1);
#383=CARTESIAN_POINT('',(3.675E0,2.5E0,2.E0));
#384=LINE('',#383,#382);
#385=DIRECTION('',(1.E0,0.E0,0.E0));
#386=VECTOR('',#385,1.54E0);
#387=CARTESIAN_POINT('',(3.675E0,1.7E0,2.E0));
#388=LINE('',#387,#386);
#389=DIRECTION('',(0.E0,-1.E0,0.E0));
#390=VECTOR('',#389,8.E-1);
#391=CARTESIAN_POINT('',(5.215E0,2.5E0,2.E0));
#392=LINE('',#391,#390);
#393=DIRECTION('',(1.E0,0.E0,0.E0));
#394=VECTOR('',#393,1.E0);
#395=CARTESIAN_POINT('',(5.215E0,2.5E0,2.E0));
#396=LINE('',#395,#394);
#397=DIRECTION('',(0.E0,-1.E0,0.E0));
#398=VECTOR('',#397,8.E-1);
#399=CARTESIAN_POINT('',(6.215E0,2.5E0,2.E0));
#400=LINE('',#399,#398);
#401=DIRECTION('',(1.E0,0.E0,0.E0));
#402=VECTOR('',#401,1.54E0);
#403=CARTESIAN_POINT('',(6.215E0,1.7E0,2.E0));
#404=LINE('',#403,#402);
#405=DIRECTION('',(0.E0,-1.E0,0.E0));
#406=VECTOR('',#405,8.E-1);
#407=CARTESIAN_POINT('',(7.755E0,2.5E0,2.E0));
#408=LINE('',#407,#406);
#409=DIRECTION('',(1.E0,0.E0,0.E0));
#410=VECTOR('',#409,1.E0);
#411=CARTESIAN_POINT('',(7.755E0,2.5E0,2.E0));
#412=LINE('',#411,#410);
#413=DIRECTION('',(0.E0,-1.E0,0.E0));
#414=VECTOR('',#413,8.E-1);
#415=CARTESIAN_POINT('',(8.755E0,2.5E0,2.E0));
#416=LINE('',#415,#414);
#417=DIRECTION('',(-1.E0,0.E0,0.E0));
#418=VECTOR('',#417,1.575E0);
#419=CARTESIAN_POINT('',(1.078E1,1.E-1,2.E0));
#420=LINE('',#419,#418);
#421=DIRECTION('',(0.E0,-1.E0,0.E0));
#422=VECTOR('',#421,1.85E0);
#423=CARTESIAN_POINT('',(9.205E0,1.E-1,2.E0));
#424=LINE('',#423,#422);
#425=DIRECTION('',(0.E0,1.E0,0.E0));
#426=VECTOR('',#425,7.5E-1);
#427=CARTESIAN_POINT('',(7.485E0,-2.5E0,2.E0));
#428=LINE('',#427,#426);
#429=DIRECTION('',(0.E0,1.E0,0.E0));
#430=VECTOR('',#429,7.5E-1);
#431=CARTESIAN_POINT('',(6.485E0,-2.5E0,2.E0));
#432=LINE('',#431,#430);
#433=DIRECTION('',(1.E0,0.E0,0.E0));
#434=VECTOR('',#433,1.54E0);
#435=CARTESIAN_POINT('',(4.945E0,-1.75E0,2.E0));
#436=LINE('',#435,#434);
#437=DIRECTION('',(0.E0,1.E0,0.E0));
#438=VECTOR('',#437,7.5E-1);
#439=CARTESIAN_POINT('',(4.945E0,-2.5E0,2.E0));
#440=LINE('',#439,#438);
#441=DIRECTION('',(0.E0,1.E0,0.E0));
#442=VECTOR('',#441,7.5E-1);
#443=CARTESIAN_POINT('',(3.945E0,-2.5E0,2.E0));
#444=LINE('',#443,#442);
#445=DIRECTION('',(1.E0,0.E0,0.E0));
#446=VECTOR('',#445,1.54E0);
#447=CARTESIAN_POINT('',(2.405E0,-1.75E0,2.E0));
#448=LINE('',#447,#446);
#449=DIRECTION('',(0.E0,1.E0,0.E0));
#450=VECTOR('',#449,7.5E-1);
#451=CARTESIAN_POINT('',(2.405E0,-2.5E0,2.E0));
#452=LINE('',#451,#450);
#453=DIRECTION('',(0.E0,1.E0,0.E0));
#454=VECTOR('',#453,7.5E-1);
#455=CARTESIAN_POINT('',(1.405E0,-2.5E0,2.E0));
#456=LINE('',#455,#454);
#457=DIRECTION('',(1.E0,0.E0,0.E0));
#458=VECTOR('',#457,1.54E0);
#459=CARTESIAN_POINT('',(-1.35E-1,-1.75E0,2.E0));
#460=LINE('',#459,#458);
#461=DIRECTION('',(0.E0,1.E0,0.E0));
#462=VECTOR('',#461,7.5E-1);
#463=CARTESIAN_POINT('',(-1.35E-1,-2.5E0,2.E0));
#464=LINE('',#463,#462);
#465=DIRECTION('',(0.E0,1.E0,0.E0));
#466=VECTOR('',#465,7.5E-1);
#467=CARTESIAN_POINT('',(-1.135E0,-2.5E0,2.E0));
#468=LINE('',#467,#466);
#469=DIRECTION('',(1.E0,0.E0,0.E0));
#470=VECTOR('',#469,1.54E0);
#471=CARTESIAN_POINT('',(-2.675E0,-1.75E0,2.E0));
#472=LINE('',#471,#470);
#473=DIRECTION('',(0.E0,1.E0,0.E0));
#474=VECTOR('',#473,7.5E-1);
#475=CARTESIAN_POINT('',(-2.675E0,-2.5E0,2.E0));
#476=LINE('',#475,#474);
#477=DIRECTION('',(0.E0,1.E0,0.E0));
#478=VECTOR('',#477,7.5E-1);
#479=CARTESIAN_POINT('',(-3.675E0,-2.5E0,2.E0));
#480=LINE('',#479,#478);
#481=DIRECTION('',(1.E0,0.E0,0.E0));
#482=VECTOR('',#481,1.54E0);
#483=CARTESIAN_POINT('',(-5.215E0,-1.75E0,2.E0));
#484=LINE('',#483,#482);
#485=DIRECTION('',(0.E0,1.E0,0.E0));
#486=VECTOR('',#485,7.5E-1);
#487=CARTESIAN_POINT('',(-5.215E0,-2.5E0,2.E0));
#488=LINE('',#487,#486);
#489=DIRECTION('',(0.E0,1.E0,0.E0));
#490=VECTOR('',#489,7.5E-1);
#491=CARTESIAN_POINT('',(-6.215E0,-2.5E0,2.E0));
#492=LINE('',#491,#490);
#493=DIRECTION('',(1.E0,0.E0,0.E0));
#494=VECTOR('',#493,1.54E0);
#495=CARTESIAN_POINT('',(-7.755E0,-1.75E0,2.E0));
#496=LINE('',#495,#494);
#497=DIRECTION('',(0.E0,1.E0,0.E0));
#498=VECTOR('',#497,7.5E-1);
#499=CARTESIAN_POINT('',(-7.755E0,-2.5E0,2.E0));
#500=LINE('',#499,#498);
#501=DIRECTION('',(0.E0,1.E0,0.E0));
#502=VECTOR('',#501,7.5E-1);
#503=CARTESIAN_POINT('',(-8.755E0,-2.5E0,2.E0));
#504=LINE('',#503,#502);
#505=DIRECTION('',(1.E0,0.E0,0.E0));
#506=VECTOR('',#505,4.5E-1);
#507=CARTESIAN_POINT('',(-9.205E0,-1.75E0,2.E0));
#508=LINE('',#507,#506);
#509=DIRECTION('',(1.E0,0.E0,0.E0));
#510=VECTOR('',#509,4.85E-1);
#511=CARTESIAN_POINT('',(-1.078E1,-1.8E0,2.E0));
#512=LINE('',#511,#510);
#513=DIRECTION('',(0.E0,1.E0,0.E0));
#514=VECTOR('',#513,7.E-1);
#515=CARTESIAN_POINT('',(-1.0295E1,-2.5E0,2.E0));
#516=LINE('',#515,#514);
#517=DIRECTION('',(0.E0,0.E0,-1.E0));
#518=VECTOR('',#517,5.25E-1);
#519=CARTESIAN_POINT('',(-8.405E0,-2.5E0,0.E0));
#520=LINE('',#519,#518);
#521=DIRECTION('',(0.E0,-1.E0,0.E0));
#522=VECTOR('',#521,9.5E-1);
#523=CARTESIAN_POINT('',(-8.405E0,-2.5E0,-5.25E-1));
#524=LINE('',#523,#522);
#525=DIRECTION('',(0.E0,0.E0,-1.E0));
#526=VECTOR('',#525,5.5E-1);
#527=CARTESIAN_POINT('',(-8.405E0,-3.45E0,-5.25E-1));
#528=LINE('',#527,#526);
#529=DIRECTION('',(0.E0,1.E0,0.E0));
#530=VECTOR('',#529,1.7E0);
#531=CARTESIAN_POINT('',(-8.405E0,-3.45E0,-1.075E0));
#532=LINE('',#531,#530);
#533=DIRECTION('',(0.E0,0.E0,1.E0));
#534=VECTOR('',#533,2.25E-1);
#535=CARTESIAN_POINT('',(-8.405E0,-1.75E0,-1.075E0));
#536=LINE('',#535,#534);
#537=DIRECTION('',(0.E0,1.E0,0.E0));
#538=VECTOR('',#537,1.595E0);
#539=CARTESIAN_POINT('',(-8.405E0,-1.75E0,-8.5E-1));
#540=LINE('',#539,#538);
#541=DIRECTION('',(0.E0,0.E0,1.E0));
#542=VECTOR('',#541,8.5E-1);
#543=CARTESIAN_POINT('',(-8.405E0,-1.55E-1,-8.5E-1));
#544=LINE('',#543,#542);
#545=DIRECTION('',(0.E0,0.E0,-1.E0));
#546=VECTOR('',#545,8.5E-1);
#547=CARTESIAN_POINT('',(-8.405E0,1.55E-1,0.E0));
#548=LINE('',#547,#546);
#549=DIRECTION('',(0.E0,1.E0,0.E0));
#550=VECTOR('',#549,2.145E0);
#551=CARTESIAN_POINT('',(-8.405E0,1.55E-1,-8.5E-1));
#552=LINE('',#551,#550);
#553=DIRECTION('',(0.E0,0.E0,1.E0));
#554=VECTOR('',#553,8.5E-1);
#555=CARTESIAN_POINT('',(-8.405E0,2.3E0,-8.5E-1));
#556=LINE('',#555,#554);
#557=DIRECTION('',(0.E0,-1.E0,0.E0));
#558=VECTOR('',#557,6.E-1);
#559=CARTESIAN_POINT('',(-8.405E0,2.3E0,0.E0));
#560=LINE('',#559,#558);
#561=DIRECTION('',(0.E0,1.E0,0.E0));
#562=VECTOR('',#561,1.65E0);
#563=CARTESIAN_POINT('',(-8.405E0,-8.25E-1,3.6E0));
#564=LINE('',#563,#562);
#565=DIRECTION('',(0.E0,0.E0,-1.E0));
#566=VECTOR('',#565,1.6E0);
#567=CARTESIAN_POINT('',(-8.405E0,-8.25E-1,3.6E0));
#568=LINE('',#567,#566);
#569=DIRECTION('',(0.E0,0.E0,1.E0));
#570=VECTOR('',#569,1.6E0);
#571=CARTESIAN_POINT('',(-8.405E0,8.25E-1,2.E0));
#572=LINE('',#571,#570);
#573=DIRECTION('',(0.E0,-1.E0,0.E0));
#574=VECTOR('',#573,2.141E0);
#575=CARTESIAN_POINT('',(-6.835E0,-1.55E-1,0.E0));
#576=LINE('',#575,#574);
#577=DIRECTION('',(1.E0,0.E0,0.E0));
#578=VECTOR('',#577,3.E-1);
#579=CARTESIAN_POINT('',(-7.135E0,-2.296E0,0.E0));
#580=LINE('',#579,#578);
#581=DIRECTION('',(0.E0,1.E0,0.E0));
#582=VECTOR('',#581,2.141E0);
#583=CARTESIAN_POINT('',(-7.135E0,-2.296E0,0.E0));
#584=LINE('',#583,#582);
#585=DIRECTION('',(1.E0,0.E0,0.E0));
#586=VECTOR('',#585,3.E-1);
#587=CARTESIAN_POINT('',(-7.135E0,-1.55E-1,0.E0));
#588=LINE('',#587,#586);
#589=DIRECTION('',(0.E0,-1.E0,0.E0));
#590=VECTOR('',#589,2.141E0);
#591=CARTESIAN_POINT('',(-4.295E0,-1.55E-1,0.E0));
#592=LINE('',#591,#590);
#593=DIRECTION('',(1.E0,0.E0,0.E0));
#594=VECTOR('',#593,3.E-1);
#595=CARTESIAN_POINT('',(-4.595E0,-2.296E0,0.E0));
#596=LINE('',#595,#594);
#597=DIRECTION('',(0.E0,1.E0,0.E0));
#598=VECTOR('',#597,2.141E0);
#599=CARTESIAN_POINT('',(-4.595E0,-2.296E0,0.E0));
#600=LINE('',#599,#598);
#601=DIRECTION('',(1.E0,0.E0,0.E0));
#602=VECTOR('',#601,3.E-1);
#603=CARTESIAN_POINT('',(-4.595E0,-1.55E-1,0.E0));
#604=LINE('',#603,#602);
#605=DIRECTION('',(0.E0,-1.E0,0.E0));
#606=VECTOR('',#605,2.141E0);
#607=CARTESIAN_POINT('',(-1.755E0,-1.55E-1,0.E0));
#608=LINE('',#607,#606);
#609=DIRECTION('',(1.E0,0.E0,0.E0));
#610=VECTOR('',#609,3.E-1);
#611=CARTESIAN_POINT('',(-2.055E0,-2.296E0,0.E0));
#612=LINE('',#611,#610);
#613=DIRECTION('',(0.E0,1.E0,0.E0));
#614=VECTOR('',#613,2.141E0);
#615=CARTESIAN_POINT('',(-2.055E0,-2.296E0,0.E0));
#616=LINE('',#615,#614);
#617=DIRECTION('',(1.E0,0.E0,0.E0));
#618=VECTOR('',#617,3.E-1);
#619=CARTESIAN_POINT('',(-2.055E0,-1.55E-1,0.E0));
#620=LINE('',#619,#618);
#621=DIRECTION('',(0.E0,-1.E0,0.E0));
#622=VECTOR('',#621,2.141E0);
#623=CARTESIAN_POINT('',(7.85E-1,-1.55E-1,0.E0));
#624=LINE('',#623,#622);
#625=DIRECTION('',(1.E0,0.E0,0.E0));
#626=VECTOR('',#625,3.E-1);
#627=CARTESIAN_POINT('',(4.85E-1,-2.296E0,0.E0));
#628=LINE('',#627,#626);
#629=DIRECTION('',(0.E0,1.E0,0.E0));
#630=VECTOR('',#629,2.141E0);
#631=CARTESIAN_POINT('',(4.85E-1,-2.296E0,0.E0));
#632=LINE('',#631,#630);
#633=DIRECTION('',(1.E0,0.E0,0.E0));
#634=VECTOR('',#633,3.E-1);
#635=CARTESIAN_POINT('',(4.85E-1,-1.55E-1,0.E0));
#636=LINE('',#635,#634);
#637=DIRECTION('',(0.E0,-1.E0,0.E0));
#638=VECTOR('',#637,2.141E0);
#639=CARTESIAN_POINT('',(3.325E0,-1.55E-1,0.E0));
#640=LINE('',#639,#638);
#641=DIRECTION('',(1.E0,0.E0,0.E0));
#642=VECTOR('',#641,3.E-1);
#643=CARTESIAN_POINT('',(3.025E0,-2.296E0,0.E0));
#644=LINE('',#643,#642);
#645=DIRECTION('',(0.E0,1.E0,0.E0));
#646=VECTOR('',#645,2.141E0);
#647=CARTESIAN_POINT('',(3.025E0,-2.296E0,0.E0));
#648=LINE('',#647,#646);
#649=DIRECTION('',(1.E0,0.E0,0.E0));
#650=VECTOR('',#649,3.E-1);
#651=CARTESIAN_POINT('',(3.025E0,-1.55E-1,0.E0));
#652=LINE('',#651,#650);
#653=DIRECTION('',(0.E0,-1.E0,0.E0));
#654=VECTOR('',#653,2.141E0);
#655=CARTESIAN_POINT('',(5.865E0,-1.55E-1,0.E0));
#656=LINE('',#655,#654);
#657=DIRECTION('',(1.E0,0.E0,0.E0));
#658=VECTOR('',#657,3.E-1);
#659=CARTESIAN_POINT('',(5.565E0,-2.296E0,0.E0));
#660=LINE('',#659,#658);
#661=DIRECTION('',(0.E0,1.E0,0.E0));
#662=VECTOR('',#661,2.141E0);
#663=CARTESIAN_POINT('',(5.565E0,-2.296E0,0.E0));
#664=LINE('',#663,#662);
#665=DIRECTION('',(1.E0,0.E0,0.E0));
#666=VECTOR('',#665,3.E-1);
#667=CARTESIAN_POINT('',(5.565E0,-1.55E-1,0.E0));
#668=LINE('',#667,#666);
#669=DIRECTION('',(0.E0,-1.E0,0.E0));
#670=VECTOR('',#669,2.141E0);
#671=CARTESIAN_POINT('',(8.405E0,-1.55E-1,0.E0));
#672=LINE('',#671,#670);
#673=DIRECTION('',(1.E0,0.E0,0.E0));
#674=VECTOR('',#673,3.E-1);
#675=CARTESIAN_POINT('',(8.105E0,-2.296E0,0.E0));
#676=LINE('',#675,#674);
#677=DIRECTION('',(0.E0,1.E0,0.E0));
#678=VECTOR('',#677,2.141E0);
#679=CARTESIAN_POINT('',(8.105E0,-2.296E0,0.E0));
#680=LINE('',#679,#678);
#681=DIRECTION('',(1.E0,0.E0,0.E0));
#682=VECTOR('',#681,3.E-1);
#683=CARTESIAN_POINT('',(8.105E0,-1.55E-1,0.E0));
#684=LINE('',#683,#682);
#685=DIRECTION('',(0.E0,1.E0,0.E0));
#686=VECTOR('',#685,7.7E-1);
#687=CARTESIAN_POINT('',(9.18E0,-2.5E0,0.E0));
#688=LINE('',#687,#686);
#689=DIRECTION('',(1.E0,0.E0,0.E0));
#690=VECTOR('',#689,1.E0);
#691=CARTESIAN_POINT('',(9.18E0,-1.73E0,0.E0));
#692=LINE('',#691,#690);
#693=DIRECTION('',(0.E0,1.E0,0.E0));
#694=VECTOR('',#693,7.7E-1);
#695=CARTESIAN_POINT('',(1.018E1,-2.5E0,0.E0));
#696=LINE('',#695,#694);
#697=DIRECTION('',(1.E0,0.E0,0.E0));
#698=VECTOR('',#697,6.E-1);
#699=CARTESIAN_POINT('',(1.018E1,-2.5E0,0.E0));
#700=LINE('',#699,#698);
#701=DIRECTION('',(-1.E0,0.E0,0.E0));
#702=VECTOR('',#701,7.E-1);
#703=CARTESIAN_POINT('',(1.078E1,1.E0,0.E0));
#704=LINE('',#703,#702);
#705=DIRECTION('',(0.E0,-1.E0,0.E0));
#706=VECTOR('',#705,7.E-1);
#707=CARTESIAN_POINT('',(1.008E1,1.7E0,0.E0));
#708=LINE('',#707,#706);
#709=DIRECTION('',(0.E0,-1.E0,0.E0));
#710=VECTOR('',#709,1.545E0);
#711=CARTESIAN_POINT('',(8.405E0,1.7E0,0.E0));
#712=LINE('',#711,#710);
#713=DIRECTION('',(1.E0,0.E0,0.E0));
#714=VECTOR('',#713,3.E-1);
#715=CARTESIAN_POINT('',(8.105E0,1.55E-1,0.E0));
#716=LINE('',#715,#714);
#717=DIRECTION('',(0.E0,1.E0,0.E0));
#718=VECTOR('',#717,1.545E0);
#719=CARTESIAN_POINT('',(8.105E0,1.55E-1,0.E0));
#720=LINE('',#719,#718);
#721=DIRECTION('',(0.E0,-1.E0,0.E0));
#722=VECTOR('',#721,1.545E0);
#723=CARTESIAN_POINT('',(7.135E0,1.7E0,0.E0));
#724=LINE('',#723,#722);
#725=DIRECTION('',(1.E0,0.E0,0.E0));
#726=VECTOR('',#725,3.E-1);
#727=CARTESIAN_POINT('',(6.835E0,1.55E-1,0.E0));
#728=LINE('',#727,#726);
#729=DIRECTION('',(0.E0,1.E0,0.E0));
#730=VECTOR('',#729,1.545E0);
#731=CARTESIAN_POINT('',(6.835E0,1.55E-1,0.E0));
#732=LINE('',#731,#730);
#733=DIRECTION('',(0.E0,-1.E0,0.E0));
#734=VECTOR('',#733,1.545E0);
#735=CARTESIAN_POINT('',(5.865E0,1.7E0,0.E0));
#736=LINE('',#735,#734);
#737=DIRECTION('',(1.E0,0.E0,0.E0));
#738=VECTOR('',#737,3.E-1);
#739=CARTESIAN_POINT('',(5.565E0,1.55E-1,0.E0));
#740=LINE('',#739,#738);
#741=DIRECTION('',(0.E0,1.E0,0.E0));
#742=VECTOR('',#741,1.545E0);
#743=CARTESIAN_POINT('',(5.565E0,1.55E-1,0.E0));
#744=LINE('',#743,#742);
#745=DIRECTION('',(0.E0,-1.E0,0.E0));
#746=VECTOR('',#745,1.545E0);
#747=CARTESIAN_POINT('',(4.595E0,1.7E0,0.E0));
#748=LINE('',#747,#746);
#749=DIRECTION('',(1.E0,0.E0,0.E0));
#750=VECTOR('',#749,3.E-1);
#751=CARTESIAN_POINT('',(4.295E0,1.55E-1,0.E0));
#752=LINE('',#751,#750);
#753=DIRECTION('',(0.E0,1.E0,0.E0));
#754=VECTOR('',#753,1.545E0);
#755=CARTESIAN_POINT('',(4.295E0,1.55E-1,0.E0));
#756=LINE('',#755,#754);
#757=DIRECTION('',(0.E0,-1.E0,0.E0));
#758=VECTOR('',#757,1.545E0);
#759=CARTESIAN_POINT('',(3.325E0,1.7E0,0.E0));
#760=LINE('',#759,#758);
#761=DIRECTION('',(1.E0,0.E0,0.E0));
#762=VECTOR('',#761,3.E-1);
#763=CARTESIAN_POINT('',(3.025E0,1.55E-1,0.E0));
#764=LINE('',#763,#762);
#765=DIRECTION('',(0.E0,1.E0,0.E0));
#766=VECTOR('',#765,1.545E0);
#767=CARTESIAN_POINT('',(3.025E0,1.55E-1,0.E0));
#768=LINE('',#767,#766);
#769=DIRECTION('',(0.E0,-1.E0,0.E0));
#770=VECTOR('',#769,1.545E0);
#771=CARTESIAN_POINT('',(2.055E0,1.7E0,0.E0));
#772=LINE('',#771,#770);
#773=DIRECTION('',(1.E0,0.E0,0.E0));
#774=VECTOR('',#773,3.E-1);
#775=CARTESIAN_POINT('',(1.755E0,1.55E-1,0.E0));
#776=LINE('',#775,#774);
#777=DIRECTION('',(0.E0,1.E0,0.E0));
#778=VECTOR('',#777,1.545E0);
#779=CARTESIAN_POINT('',(1.755E0,1.55E-1,0.E0));
#780=LINE('',#779,#778);
#781=DIRECTION('',(0.E0,-1.E0,0.E0));
#782=VECTOR('',#781,1.545E0);
#783=CARTESIAN_POINT('',(7.85E-1,1.7E0,0.E0));
#784=LINE('',#783,#782);
#785=DIRECTION('',(1.E0,0.E0,0.E0));
#786=VECTOR('',#785,3.E-1);
#787=CARTESIAN_POINT('',(4.85E-1,1.55E-1,0.E0));
#788=LINE('',#787,#786);
#789=DIRECTION('',(0.E0,1.E0,0.E0));
#790=VECTOR('',#789,1.545E0);
#791=CARTESIAN_POINT('',(4.85E-1,1.55E-1,0.E0));
#792=LINE('',#791,#790);
#793=DIRECTION('',(0.E0,-1.E0,0.E0));
#794=VECTOR('',#793,1.545E0);
#795=CARTESIAN_POINT('',(-4.85E-1,1.7E0,0.E0));
#796=LINE('',#795,#794);
#797=DIRECTION('',(1.E0,0.E0,0.E0));
#798=VECTOR('',#797,3.E-1);
#799=CARTESIAN_POINT('',(-7.85E-1,1.55E-1,0.E0));
#800=LINE('',#799,#798);
#801=DIRECTION('',(0.E0,1.E0,0.E0));
#802=VECTOR('',#801,1.545E0);
#803=CARTESIAN_POINT('',(-7.85E-1,1.55E-1,0.E0));
#804=LINE('',#803,#802);
#805=DIRECTION('',(0.E0,-1.E0,0.E0));
#806=VECTOR('',#805,1.545E0);
#807=CARTESIAN_POINT('',(-1.755E0,1.7E0,0.E0));
#808=LINE('',#807,#806);
#809=DIRECTION('',(1.E0,0.E0,0.E0));
#810=VECTOR('',#809,3.E-1);
#811=CARTESIAN_POINT('',(-2.055E0,1.55E-1,0.E0));
#812=LINE('',#811,#810);
#813=DIRECTION('',(0.E0,1.E0,0.E0));
#814=VECTOR('',#813,1.545E0);
#815=CARTESIAN_POINT('',(-2.055E0,1.55E-1,0.E0));
#816=LINE('',#815,#814);
#817=DIRECTION('',(0.E0,-1.E0,0.E0));
#818=VECTOR('',#817,1.545E0);
#819=CARTESIAN_POINT('',(-3.025E0,1.7E0,0.E0));
#820=LINE('',#819,#818);
#821=DIRECTION('',(1.E0,0.E0,0.E0));
#822=VECTOR('',#821,3.E-1);
#823=CARTESIAN_POINT('',(-3.325E0,1.55E-1,0.E0));
#824=LINE('',#823,#822);
#825=DIRECTION('',(0.E0,1.E0,0.E0));
#826=VECTOR('',#825,1.545E0);
#827=CARTESIAN_POINT('',(-3.325E0,1.55E-1,0.E0));
#828=LINE('',#827,#826);
#829=DIRECTION('',(0.E0,-1.E0,0.E0));
#830=VECTOR('',#829,1.545E0);
#831=CARTESIAN_POINT('',(-4.295E0,1.7E0,0.E0));
#832=LINE('',#831,#830);
#833=DIRECTION('',(1.E0,0.E0,0.E0));
#834=VECTOR('',#833,3.E-1);
#835=CARTESIAN_POINT('',(-4.595E0,1.55E-1,0.E0));
#836=LINE('',#835,#834);
#837=DIRECTION('',(0.E0,1.E0,0.E0));
#838=VECTOR('',#837,1.545E0);
#839=CARTESIAN_POINT('',(-4.595E0,1.55E-1,0.E0));
#840=LINE('',#839,#838);
#841=DIRECTION('',(0.E0,-1.E0,0.E0));
#842=VECTOR('',#841,1.545E0);
#843=CARTESIAN_POINT('',(-5.565E0,1.7E0,0.E0));
#844=LINE('',#843,#842);
#845=DIRECTION('',(1.E0,0.E0,0.E0));
#846=VECTOR('',#845,3.E-1);
#847=CARTESIAN_POINT('',(-5.865E0,1.55E-1,0.E0));
#848=LINE('',#847,#846);
#849=DIRECTION('',(0.E0,1.E0,0.E0));
#850=VECTOR('',#849,1.545E0);
#851=CARTESIAN_POINT('',(-5.865E0,1.55E-1,0.E0));
#852=LINE('',#851,#850);
#853=DIRECTION('',(0.E0,-1.E0,0.E0));
#854=VECTOR('',#853,1.545E0);
#855=CARTESIAN_POINT('',(-6.835E0,1.7E0,0.E0));
#856=LINE('',#855,#854);
#857=DIRECTION('',(1.E0,0.E0,0.E0));
#858=VECTOR('',#857,3.E-1);
#859=CARTESIAN_POINT('',(-7.135E0,1.55E-1,0.E0));
#860=LINE('',#859,#858);
#861=DIRECTION('',(0.E0,1.E0,0.E0));
#862=VECTOR('',#861,1.545E0);
#863=CARTESIAN_POINT('',(-7.135E0,1.55E-1,0.E0));
#864=LINE('',#863,#862);
#865=DIRECTION('',(0.E0,-1.E0,0.E0));
#866=VECTOR('',#865,1.545E0);
#867=CARTESIAN_POINT('',(-8.105E0,1.7E0,0.E0));
#868=LINE('',#867,#866);
#869=DIRECTION('',(1.E0,0.E0,0.E0));
#870=VECTOR('',#869,3.E-1);
#871=CARTESIAN_POINT('',(-8.405E0,1.55E-1,0.E0));
#872=LINE('',#871,#870);
#873=DIRECTION('',(0.E0,1.E0,0.E0));
#874=VECTOR('',#873,1.545E0);
#875=CARTESIAN_POINT('',(-8.405E0,1.55E-1,0.E0));
#876=LINE('',#875,#874);
#877=DIRECTION('',(0.E0,-1.E0,0.E0));
#878=VECTOR('',#877,7.E-1);
#879=CARTESIAN_POINT('',(-1.008E1,1.7E0,0.E0));
#880=LINE('',#879,#878);
#881=DIRECTION('',(1.E0,0.E0,0.E0));
#882=VECTOR('',#881,7.E-1);
#883=CARTESIAN_POINT('',(-1.078E1,1.E0,0.E0));
#884=LINE('',#883,#882);
#885=DIRECTION('',(1.E0,0.E0,0.E0));
#886=VECTOR('',#885,6.E-1);
#887=CARTESIAN_POINT('',(-1.078E1,-2.5E0,0.E0));
#888=LINE('',#887,#886);
#889=DIRECTION('',(0.E0,1.E0,0.E0));
#890=VECTOR('',#889,7.7E-1);
#891=CARTESIAN_POINT('',(-1.018E1,-2.5E0,0.E0));
#892=LINE('',#891,#890);
#893=DIRECTION('',(1.E0,0.E0,0.E0));
#894=VECTOR('',#893,1.E0);
#895=CARTESIAN_POINT('',(-1.018E1,-1.73E0,0.E0));
#896=LINE('',#895,#894);
#897=DIRECTION('',(0.E0,1.E0,0.E0));
#898=VECTOR('',#897,7.7E-1);
#899=CARTESIAN_POINT('',(-9.18E0,-2.5E0,0.E0));
#900=LINE('',#899,#898);
#901=DIRECTION('',(1.E0,0.E0,0.E0));
#902=VECTOR('',#901,7.75E-1);
#903=CARTESIAN_POINT('',(-9.18E0,-2.5E0,0.E0));
#904=LINE('',#903,#902);
#905=DIRECTION('',(0.E0,1.E0,0.E0));
#906=VECTOR('',#905,2.345E0);
#907=CARTESIAN_POINT('',(-8.405E0,-2.5E0,0.E0));
#908=LINE('',#907,#906);
#909=DIRECTION('',(1.E0,0.E0,0.E0));
#910=VECTOR('',#909,3.E-1);
#911=CARTESIAN_POINT('',(-8.405E0,-1.55E-1,0.E0));
#912=LINE('',#911,#910);
#913=DIRECTION('',(0.E0,-1.E0,0.E0));
#914=VECTOR('',#913,2.345E0);
#915=CARTESIAN_POINT('',(-8.105E0,-1.55E-1,0.E0));
#916=LINE('',#915,#914);
#917=DIRECTION('',(1.E0,0.E0,0.E0));
#918=VECTOR('',#917,2.24E0);
#919=CARTESIAN_POINT('',(-8.105E0,-2.5E0,0.E0));
#920=LINE('',#919,#918);
#921=DIRECTION('',(0.E0,1.E0,0.E0));
#922=VECTOR('',#921,2.345E0);
#923=CARTESIAN_POINT('',(-5.865E0,-2.5E0,0.E0));
#924=LINE('',#923,#922);
#925=DIRECTION('',(1.E0,0.E0,0.E0));
#926=VECTOR('',#925,3.E-1);
#927=CARTESIAN_POINT('',(-5.865E0,-1.55E-1,0.E0));
#928=LINE('',#927,#926);
#929=DIRECTION('',(0.E0,-1.E0,0.E0));
#930=VECTOR('',#929,2.345E0);
#931=CARTESIAN_POINT('',(-5.565E0,-1.55E-1,0.E0));
#932=LINE('',#931,#930);
#933=DIRECTION('',(1.E0,0.E0,0.E0));
#934=VECTOR('',#933,2.24E0);
#935=CARTESIAN_POINT('',(-5.565E0,-2.5E0,0.E0));
#936=LINE('',#935,#934);
#937=DIRECTION('',(0.E0,1.E0,0.E0));
#938=VECTOR('',#937,2.345E0);
#939=CARTESIAN_POINT('',(-3.325E0,-2.5E0,0.E0));
#940=LINE('',#939,#938);
#941=DIRECTION('',(1.E0,0.E0,0.E0));
#942=VECTOR('',#941,3.E-1);
#943=CARTESIAN_POINT('',(-3.325E0,-1.55E-1,0.E0));
#944=LINE('',#943,#942);
#945=DIRECTION('',(0.E0,-1.E0,0.E0));
#946=VECTOR('',#945,2.345E0);
#947=CARTESIAN_POINT('',(-3.025E0,-1.55E-1,0.E0));
#948=LINE('',#947,#946);
#949=DIRECTION('',(1.E0,0.E0,0.E0));
#950=VECTOR('',#949,2.24E0);
#951=CARTESIAN_POINT('',(-3.025E0,-2.5E0,0.E0));
#952=LINE('',#951,#950);
#953=DIRECTION('',(0.E0,1.E0,0.E0));
#954=VECTOR('',#953,2.345E0);
#955=CARTESIAN_POINT('',(-7.85E-1,-2.5E0,0.E0));
#956=LINE('',#955,#954);
#957=DIRECTION('',(1.E0,0.E0,0.E0));
#958=VECTOR('',#957,3.E-1);
#959=CARTESIAN_POINT('',(-7.85E-1,-1.55E-1,0.E0));
#960=LINE('',#959,#958);
#961=DIRECTION('',(0.E0,-1.E0,0.E0));
#962=VECTOR('',#961,2.345E0);
#963=CARTESIAN_POINT('',(-4.85E-1,-1.55E-1,0.E0));
#964=LINE('',#963,#962);
#965=DIRECTION('',(1.E0,0.E0,0.E0));
#966=VECTOR('',#965,2.24E0);
#967=CARTESIAN_POINT('',(-4.85E-1,-2.5E0,0.E0));
#968=LINE('',#967,#966);
#969=DIRECTION('',(0.E0,1.E0,0.E0));
#970=VECTOR('',#969,2.345E0);
#971=CARTESIAN_POINT('',(1.755E0,-2.5E0,0.E0));
#972=LINE('',#971,#970);
#973=DIRECTION('',(1.E0,0.E0,0.E0));
#974=VECTOR('',#973,3.E-1);
#975=CARTESIAN_POINT('',(1.755E0,-1.55E-1,0.E0));
#976=LINE('',#975,#974);
#977=DIRECTION('',(0.E0,-1.E0,0.E0));
#978=VECTOR('',#977,2.345E0);
#979=CARTESIAN_POINT('',(2.055E0,-1.55E-1,0.E0));
#980=LINE('',#979,#978);
#981=DIRECTION('',(1.E0,0.E0,0.E0));
#982=VECTOR('',#981,2.24E0);
#983=CARTESIAN_POINT('',(2.055E0,-2.5E0,0.E0));
#984=LINE('',#983,#982);
#985=DIRECTION('',(0.E0,1.E0,0.E0));
#986=VECTOR('',#985,2.345E0);
#987=CARTESIAN_POINT('',(4.295E0,-2.5E0,0.E0));
#988=LINE('',#987,#986);
#989=DIRECTION('',(1.E0,0.E0,0.E0));
#990=VECTOR('',#989,3.E-1);
#991=CARTESIAN_POINT('',(4.295E0,-1.55E-1,0.E0));
#992=LINE('',#991,#990);
#993=DIRECTION('',(0.E0,-1.E0,0.E0));
#994=VECTOR('',#993,2.345E0);
#995=CARTESIAN_POINT('',(4.595E0,-1.55E-1,0.E0));
#996=LINE('',#995,#994);
#997=DIRECTION('',(1.E0,0.E0,0.E0));
#998=VECTOR('',#997,2.24E0);
#999=CARTESIAN_POINT('',(4.595E0,-2.5E0,0.E0));
#1000=LINE('',#999,#998);
#1001=DIRECTION('',(0.E0,1.E0,0.E0));
#1002=VECTOR('',#1001,2.345E0);
#1003=CARTESIAN_POINT('',(6.835E0,-2.5E0,0.E0));
#1004=LINE('',#1003,#1002);
#1005=DIRECTION('',(1.E0,0.E0,0.E0));
#1006=VECTOR('',#1005,3.E-1);
#1007=CARTESIAN_POINT('',(6.835E0,-1.55E-1,0.E0));
#1008=LINE('',#1007,#1006);
#1009=DIRECTION('',(0.E0,-1.E0,0.E0));
#1010=VECTOR('',#1009,2.345E0);
#1011=CARTESIAN_POINT('',(7.135E0,-1.55E-1,0.E0));
#1012=LINE('',#1011,#1010);
#1013=DIRECTION('',(1.E0,0.E0,0.E0));
#1014=VECTOR('',#1013,2.045E0);
#1015=CARTESIAN_POINT('',(7.135E0,-2.5E0,0.E0));
#1016=LINE('',#1015,#1014);
#1017=DIRECTION('',(0.E0,-1.E0,0.E0));
#1018=VECTOR('',#1017,8.E-1);
#1019=CARTESIAN_POINT('',(-6.835E0,2.5E0,0.E0));
#1020=LINE('',#1019,#1018);
#1021=DIRECTION('',(0.E0,0.E0,1.E0));
#1022=VECTOR('',#1021,5.375E-1);
#1023=CARTESIAN_POINT('',(-6.835E0,2.5E0,-5.375E-1));
#1024=LINE('',#1023,#1022);
#1025=DIRECTION('',(0.E0,-1.E0,0.E0));
#1026=VECTOR('',#1025,9.5E-1);
#1027=CARTESIAN_POINT('',(-6.835E0,3.45E0,-5.375E-1));
#1028=LINE('',#1027,#1026);
#1029=DIRECTION('',(0.E0,0.E0,1.E0));
#1030=VECTOR('',#1029,5.375E-1);
#1031=CARTESIAN_POINT('',(-6.835E0,3.45E0,-1.075E0));
#1032=LINE('',#1031,#1030);
#1033=DIRECTION('',(0.E0,1.E0,0.E0));
#1034=VECTOR('',#1033,1.7E0);
#1035=CARTESIAN_POINT('',(-6.835E0,1.75E0,-1.075E0));
#1036=LINE('',#1035,#1034);
#1037=DIRECTION('',(0.E0,0.E0,-1.E0));
#1038=VECTOR('',#1037,2.E-1);
#1039=CARTESIAN_POINT('',(-6.835E0,1.75E0,-8.75E-1));
#1040=LINE('',#1039,#1038);
#1041=DIRECTION('',(0.E0,1.E0,0.E0));
#1042=VECTOR('',#1041,1.595E0);
#1043=CARTESIAN_POINT('',(-6.835E0,1.55E-1,-8.75E-1));
#1044=LINE('',#1043,#1042);
#1045=DIRECTION('',(0.E0,0.E0,-1.E0));
#1046=VECTOR('',#1045,8.75E-1);
#1047=CARTESIAN_POINT('',(-6.835E0,1.55E-1,0.E0));
#1048=LINE('',#1047,#1046);
#1049=DIRECTION('',(0.E0,0.E0,1.E0));
#1050=VECTOR('',#1049,8.5E-1);
#1051=CARTESIAN_POINT('',(-6.835E0,-1.55E-1,-8.5E-1));
#1052=LINE('',#1051,#1050);
#1053=DIRECTION('',(0.E0,1.E0,0.E0));
#1054=VECTOR('',#1053,2.141E0);
#1055=CARTESIAN_POINT('',(-6.835E0,-2.296E0,-8.5E-1));
#1056=LINE('',#1055,#1054);
#1057=DIRECTION('',(0.E0,0.E0,-1.E0));
#1058=VECTOR('',#1057,8.5E-1);
#1059=CARTESIAN_POINT('',(-6.835E0,-2.296E0,0.E0));
#1060=LINE('',#1059,#1058);
#1061=DIRECTION('',(0.E0,-1.E0,0.E0));
#1062=VECTOR('',#1061,1.65E0);
#1063=CARTESIAN_POINT('',(-6.835E0,8.25E-1,3.6E0));
#1064=LINE('',#1063,#1062);
#1065=DIRECTION('',(0.E0,0.E0,1.E0));
#1066=VECTOR('',#1065,1.6E0);
#1067=CARTESIAN_POINT('',(-6.835E0,8.25E-1,2.E0));
#1068=LINE('',#1067,#1066);
#1069=DIRECTION('',(0.E0,0.E0,-1.E0));
#1070=VECTOR('',#1069,1.6E0);
#1071=CARTESIAN_POINT('',(-6.835E0,-8.25E-1,3.6E0));
#1072=LINE('',#1071,#1070);
#1073=DIRECTION('',(-1.E0,0.E0,0.E0));
#1074=VECTOR('',#1073,3.E-1);
#1075=CARTESIAN_POINT('',(-6.835E0,2.5E0,0.E0));
#1076=LINE('',#1075,#1074);
#1077=DIRECTION('',(1.E0,0.E0,0.E0));
#1078=VECTOR('',#1077,1.675E0);
#1079=CARTESIAN_POINT('',(8.405E0,1.7E0,0.E0));
#1080=LINE('',#1079,#1078);
#1081=DIRECTION('',(0.E0,0.E0,-1.E0));
#1082=VECTOR('',#1081,9.5E-1);
#1083=CARTESIAN_POINT('',(1.008E1,1.7E0,0.E0));
#1084=LINE('',#1083,#1082);
#1085=DIRECTION('',(1.E0,0.E0,0.E0));
#1086=VECTOR('',#1085,1.675E0);
#1087=CARTESIAN_POINT('',(-1.008E1,1.7E0,0.E0));
#1088=LINE('',#1087,#1086);
#1089=DIRECTION('',(1.E0,0.E0,0.E0));
#1090=VECTOR('',#1089,3.E-1);
#1091=CARTESIAN_POINT('',(-8.405E0,1.7E0,0.E0));
#1092=LINE('',#1091,#1090);
#1093=DIRECTION('',(1.E0,0.E0,0.E0));
#1094=VECTOR('',#1093,9.7E-1);
#1095=CARTESIAN_POINT('',(-8.105E0,1.7E0,0.E0));
#1096=LINE('',#1095,#1094);
#1097=DIRECTION('',(1.E0,0.E0,0.E0));
#1098=VECTOR('',#1097,3.E-1);
#1099=CARTESIAN_POINT('',(-7.135E0,1.7E0,0.E0));
#1100=LINE('',#1099,#1098);
#1101=DIRECTION('',(1.E0,0.E0,0.E0));
#1102=VECTOR('',#1101,9.7E-1);
#1103=CARTESIAN_POINT('',(-6.835E0,1.7E0,0.E0));
#1104=LINE('',#1103,#1102);
#1105=DIRECTION('',(1.E0,0.E0,0.E0));
#1106=VECTOR('',#1105,3.E-1);
#1107=CARTESIAN_POINT('',(-5.865E0,1.7E0,0.E0));
#1108=LINE('',#1107,#1106);
#1109=DIRECTION('',(1.E0,0.E0,0.E0));
#1110=VECTOR('',#1109,9.7E-1);
#1111=CARTESIAN_POINT('',(-5.565E0,1.7E0,0.E0));
#1112=LINE('',#1111,#1110);
#1113=DIRECTION('',(1.E0,0.E0,0.E0));
#1114=VECTOR('',#1113,3.E-1);
#1115=CARTESIAN_POINT('',(-4.595E0,1.7E0,0.E0));
#1116=LINE('',#1115,#1114);
#1117=DIRECTION('',(1.E0,0.E0,0.E0));
#1118=VECTOR('',#1117,9.7E-1);
#1119=CARTESIAN_POINT('',(-4.295E0,1.7E0,0.E0));
#1120=LINE('',#1119,#1118);
#1121=DIRECTION('',(1.E0,0.E0,0.E0));
#1122=VECTOR('',#1121,3.E-1);
#1123=CARTESIAN_POINT('',(-3.325E0,1.7E0,0.E0));
#1124=LINE('',#1123,#1122);
#1125=DIRECTION('',(1.E0,0.E0,0.E0));
#1126=VECTOR('',#1125,9.7E-1);
#1127=CARTESIAN_POINT('',(-3.025E0,1.7E0,0.E0));
#1128=LINE('',#1127,#1126);
#1129=DIRECTION('',(1.E0,0.E0,0.E0));
#1130=VECTOR('',#1129,3.E-1);
#1131=CARTESIAN_POINT('',(-2.055E0,1.7E0,0.E0));
#1132=LINE('',#1131,#1130);
#1133=DIRECTION('',(1.E0,0.E0,0.E0));
#1134=VECTOR('',#1133,9.7E-1);
#1135=CARTESIAN_POINT('',(-1.755E0,1.7E0,0.E0));
#1136=LINE('',#1135,#1134);
#1137=DIRECTION('',(1.E0,0.E0,0.E0));
#1138=VECTOR('',#1137,3.E-1);
#1139=CARTESIAN_POINT('',(-7.85E-1,1.7E0,0.E0));
#1140=LINE('',#1139,#1138);
#1141=DIRECTION('',(1.E0,0.E0,0.E0));
#1142=VECTOR('',#1141,9.7E-1);
#1143=CARTESIAN_POINT('',(-4.85E-1,1.7E0,0.E0));
#1144=LINE('',#1143,#1142);
#1145=DIRECTION('',(1.E0,0.E0,0.E0));
#1146=VECTOR('',#1145,3.E-1);
#1147=CARTESIAN_POINT('',(4.85E-1,1.7E0,0.E0));
#1148=LINE('',#1147,#1146);
#1149=DIRECTION('',(1.E0,0.E0,0.E0));
#1150=VECTOR('',#1149,9.7E-1);
#1151=CARTESIAN_POINT('',(7.85E-1,1.7E0,0.E0));
#1152=LINE('',#1151,#1150);
#1153=DIRECTION('',(1.E0,0.E0,0.E0));
#1154=VECTOR('',#1153,3.E-1);
#1155=CARTESIAN_POINT('',(1.755E0,1.7E0,0.E0));
#1156=LINE('',#1155,#1154);
#1157=DIRECTION('',(1.E0,0.E0,0.E0));
#1158=VECTOR('',#1157,9.7E-1);
#1159=CARTESIAN_POINT('',(2.055E0,1.7E0,0.E0));
#1160=LINE('',#1159,#1158);
#1161=DIRECTION('',(1.E0,0.E0,0.E0));
#1162=VECTOR('',#1161,3.E-1);
#1163=CARTESIAN_POINT('',(3.025E0,1.7E0,0.E0));
#1164=LINE('',#1163,#1162);
#1165=DIRECTION('',(1.E0,0.E0,0.E0));
#1166=VECTOR('',#1165,9.7E-1);
#1167=CARTESIAN_POINT('',(3.325E0,1.7E0,0.E0));
#1168=LINE('',#1167,#1166);
#1169=DIRECTION('',(1.E0,0.E0,0.E0));
#1170=VECTOR('',#1169,3.E-1);
#1171=CARTESIAN_POINT('',(4.295E0,1.7E0,0.E0));
#1172=LINE('',#1171,#1170);
#1173=DIRECTION('',(1.E0,0.E0,0.E0));
#1174=VECTOR('',#1173,9.7E-1);
#1175=CARTESIAN_POINT('',(4.595E0,1.7E0,0.E0));
#1176=LINE('',#1175,#1174);
#1177=DIRECTION('',(1.E0,0.E0,0.E0));
#1178=VECTOR('',#1177,3.E-1);
#1179=CARTESIAN_POINT('',(5.565E0,1.7E0,0.E0));
#1180=LINE('',#1179,#1178);
#1181=DIRECTION('',(1.E0,0.E0,0.E0));
#1182=VECTOR('',#1181,9.7E-1);
#1183=CARTESIAN_POINT('',(5.865E0,1.7E0,0.E0));
#1184=LINE('',#1183,#1182);
#1185=DIRECTION('',(1.E0,0.E0,0.E0));
#1186=VECTOR('',#1185,3.E-1);
#1187=CARTESIAN_POINT('',(6.835E0,1.7E0,0.E0));
#1188=LINE('',#1187,#1186);
#1189=DIRECTION('',(1.E0,0.E0,0.E0));
#1190=VECTOR('',#1189,9.7E-1);
#1191=CARTESIAN_POINT('',(7.135E0,1.7E0,0.E0));
#1192=LINE('',#1191,#1190);
#1193=DIRECTION('',(1.E0,0.E0,0.E0));
#1194=VECTOR('',#1193,3.E-1);
#1195=CARTESIAN_POINT('',(8.105E0,1.7E0,0.E0));
#1196=LINE('',#1195,#1194);
#1197=DIRECTION('',(0.E0,0.E0,-1.E0));
#1198=VECTOR('',#1197,9.5E-1);
#1199=CARTESIAN_POINT('',(1.008E1,1.E0,0.E0));
#1200=LINE('',#1199,#1198);
#1201=DIRECTION('',(0.E0,0.E0,-1.E0));
#1202=VECTOR('',#1201,9.5E-1);
#1203=CARTESIAN_POINT('',(1.078E1,1.E0,0.E0));
#1204=LINE('',#1203,#1202);
#1205=DIRECTION('',(0.E0,-1.E0,0.E0));
#1206=VECTOR('',#1205,1.6E0);
#1207=CARTESIAN_POINT('',(1.078E1,1.7E0,2.E0));
#1208=LINE('',#1207,#1206);
#1209=DIRECTION('',(0.E0,0.E0,-1.E0));
#1210=VECTOR('',#1209,7.E-1);
#1211=CARTESIAN_POINT('',(1.078E1,1.7E0,2.E0));
#1212=LINE('',#1211,#1210);
#1213=DIRECTION('',(0.E0,7.071067811865E-1,-7.071067811865E-1));
#1214=VECTOR('',#1213,2.828427124746E-1);
#1215=CARTESIAN_POINT('',(1.078E1,1.7E0,1.3E0));
#1216=LINE('',#1215,#1214);
#1217=DIRECTION('',(0.E0,-1.E0,0.E0));
#1218=VECTOR('',#1217,6.E-1);
#1219=CARTESIAN_POINT('',(1.078E1,2.5E0,1.1E0));
#1220=LINE('',#1219,#1218);
#1221=DIRECTION('',(0.E0,0.E0,1.E0));
#1222=VECTOR('',#1221,6.E-1);
#1223=CARTESIAN_POINT('',(1.078E1,2.5E0,5.E-1));
#1224=LINE('',#1223,#1222);
#1225=DIRECTION('',(0.E0,1.E0,0.E0));
#1226=VECTOR('',#1225,8.E-1);
#1227=CARTESIAN_POINT('',(1.078E1,1.7E0,5.E-1));
#1228=LINE('',#1227,#1226);
#1229=DIRECTION('',(0.E0,0.E0,-1.E0));
#1230=VECTOR('',#1229,1.45E0);
#1231=CARTESIAN_POINT('',(1.078E1,1.7E0,5.E-1));
#1232=LINE('',#1231,#1230);
#1233=DIRECTION('',(0.E0,1.E0,0.E0));
#1234=VECTOR('',#1233,3.5E0);
#1235=CARTESIAN_POINT('',(1.078E1,-2.5E0,0.E0));
#1236=LINE('',#1235,#1234);
#1237=DIRECTION('',(0.E0,0.E0,1.E0));
#1238=VECTOR('',#1237,3.6E0);
#1239=CARTESIAN_POINT('',(1.078E1,-2.5E0,0.E0));
#1240=LINE('',#1239,#1238);
#1241=DIRECTION('',(0.E0,-5.E-1,-8.660254037844E-1));
#1242=VECTOR('',#1241,5.773502691896E-1);
#1243=CARTESIAN_POINT('',(1.078E1,-2.211324865405E0,4.1E0));
#1244=LINE('',#1243,#1242);
#1245=DIRECTION('',(0.E0,-5.E-1,8.660254037844E-1));
#1246=VECTOR('',#1245,5.773502691896E-1);
#1247=CARTESIAN_POINT('',(1.078E1,-1.E-1,3.6E0));
#1248=LINE('',#1247,#1246);
#1249=DIRECTION('',(-1.E0,0.E0,0.E0));
#1250=VECTOR('',#1249,1.375E0);
#1251=CARTESIAN_POINT('',(1.078E1,-1.E-1,2.2E0));
#1252=LINE('',#1251,#1250);
#1253=DIRECTION('',(0.E0,0.E0,1.E0));
#1254=VECTOR('',#1253,1.4E0);
#1255=CARTESIAN_POINT('',(1.078E1,-1.E-1,2.2E0));
#1256=LINE('',#1255,#1254);
#1257=DIRECTION('',(-1.E0,0.E0,0.E0));
#1258=VECTOR('',#1257,1.375E0);
#1259=CARTESIAN_POINT('',(1.078E1,-1.E-1,3.6E0));
#1260=LINE('',#1259,#1258);
#1261=DIRECTION('',(0.E0,-7.071067811865E-1,7.071067811865E-1));
#1262=VECTOR('',#1261,2.828427124746E-1);
#1263=CARTESIAN_POINT('',(1.078E1,1.E-1,2.E0));
#1264=LINE('',#1263,#1262);
#1265=DIRECTION('',(-5.773502691896E-1,5.773502691896E-1,-5.773502691896E-1));
#1266=VECTOR('',#1265,3.464101615138E-1);
#1267=CARTESIAN_POINT('',(9.405E0,-1.E-1,2.2E0));
#1268=LINE('',#1267,#1266);
#1269=DIRECTION('',(-7.071067811865E-1,0.E0,-7.071067811865E-1));
#1270=VECTOR('',#1269,2.828427124746E-1);
#1271=CARTESIAN_POINT('',(9.405E0,-1.75E0,2.2E0));
#1272=LINE('',#1271,#1270);
#1273=DIRECTION('',(0.E0,-1.E0,0.E0));
#1274=VECTOR('',#1273,1.65E0);
#1275=CARTESIAN_POINT('',(9.405E0,-1.E-1,2.2E0));
#1276=LINE('',#1275,#1274);
#1277=DIRECTION('',(0.E0,0.E0,1.E0));
#1278=VECTOR('',#1277,1.4E0);
#1279=CARTESIAN_POINT('',(9.405E0,-1.E-1,2.2E0));
#1280=LINE('',#1279,#1278);
#1281=DIRECTION('',(0.E0,-1.E0,0.E0));
#1282=VECTOR('',#1281,2.4E0);
#1283=CARTESIAN_POINT('',(9.405E0,-1.E-1,3.6E0));
#1284=LINE('',#1283,#1282);
#1285=DIRECTION('',(0.E0,0.E0,-1.E0));
#1286=VECTOR('',#1285,2.5E0);
#1287=CARTESIAN_POINT('',(9.405E0,-2.5E0,3.6E0));
#1288=LINE('',#1287,#1286);
#1289=DIRECTION('',(0.E0,-1.E0,0.E0));
#1290=VECTOR('',#1289,5.75E-1);
#1291=CARTESIAN_POINT('',(9.405E0,-1.925E0,1.1E0));
#1292=LINE('',#1291,#1290);
#1293=DIRECTION('',(0.E0,-7.071067811865E-1,-7.071067811865E-1));
#1294=VECTOR('',#1293,2.474873734153E-1);
#1295=CARTESIAN_POINT('',(9.405E0,-1.75E0,1.275E0));
#1296=LINE('',#1295,#1294);
#1297=DIRECTION('',(-4.472135955E-1,4.472135955E-1,-7.745966692415E-1));
#1298=VECTOR('',#1297,6.454972243679E-1);
#1299=CARTESIAN_POINT('',(9.693675134595E0,-3.886751345948E-1,4.1E0));
#1300=LINE('',#1299,#1298);
#1301=DIRECTION('',(-1.E0,0.E0,0.E0));
#1302=VECTOR('',#1301,1.086324865405E0);
#1303=CARTESIAN_POINT('',(-9.693675134595E0,2.211324865405E0,4.1E0));
#1304=LINE('',#1303,#1302);
#1305=DIRECTION('',(0.E0,1.E0,0.E0));
#1306=VECTOR('',#1305,3.522649730810E0);
#1307=CARTESIAN_POINT('',(-9.693675134595E0,-1.311324865405E0,4.1E0));
#1308=LINE('',#1307,#1306);
#1309=DIRECTION('',(1.E0,0.E0,0.E0));
#1310=VECTOR('',#1309,1.086324865405E0);
#1311=CARTESIAN_POINT('',(-1.078E1,-1.311324865405E0,4.1E0));
#1312=LINE('',#1311,#1310);
#1313=DIRECTION('',(0.E0,-1.E0,0.E0));
#1314=VECTOR('',#1313,3.522649730810E0);
#1315=CARTESIAN_POINT('',(-1.078E1,2.211324865405E0,4.1E0));
#1316=LINE('',#1315,#1314);
#1317=DIRECTION('',(1.E0,0.E0,0.E0));
#1318=VECTOR('',#1317,1.086324865405E0);
#1319=CARTESIAN_POINT('',(9.693675134595E0,-2.211324865405E0,4.1E0));
#1320=LINE('',#1319,#1318);
#1321=DIRECTION('',(0.E0,-1.E0,0.E0));
#1322=VECTOR('',#1321,1.822649730810E0);
#1323=CARTESIAN_POINT('',(9.693675134595E0,-3.886751345948E-1,4.1E0));
#1324=LINE('',#1323,#1322);
#1325=DIRECTION('',(-1.E0,0.E0,0.E0));
#1326=VECTOR('',#1325,1.086324865405E0);
#1327=CARTESIAN_POINT('',(1.078E1,-3.886751345948E-1,4.1E0));
#1328=LINE('',#1327,#1326);
#1329=DIRECTION('',(0.E0,1.E0,0.E0));
#1330=VECTOR('',#1329,1.822649730810E0);
#1331=CARTESIAN_POINT('',(1.078E1,-2.211324865405E0,4.1E0));
#1332=LINE('',#1331,#1330);
#1333=DIRECTION('',(4.472135955E-1,4.472135955E-1,-7.745966692415E-1));
#1334=VECTOR('',#1333,6.454972243679E-1);
#1335=CARTESIAN_POINT('',(-9.693675134595E0,2.211324865405E0,4.1E0));
#1336=LINE('',#1335,#1334);
#1337=DIRECTION('',(0.E0,0.E0,1.E0));
#1338=VECTOR('',#1337,6.E-1);
#1339=CARTESIAN_POINT('',(8.755E0,2.5E0,5.E-1));
#1340=LINE('',#1339,#1338);
#1341=DIRECTION('',(1.E0,0.E0,0.E0));
#1342=VECTOR('',#1341,2.025E0);
#1343=CARTESIAN_POINT('',(8.755E0,2.5E0,5.E-1));
#1344=LINE('',#1343,#1342);
#1345=DIRECTION('',(-1.E0,0.E0,0.E0));
#1346=VECTOR('',#1345,1.E0);
#1347=CARTESIAN_POINT('',(8.755E0,2.5E0,1.3E0));
#1348=LINE('',#1347,#1346);
#1349=DIRECTION('',(0.E0,0.E0,-1.E0));
#1350=VECTOR('',#1349,7.E-1);
#1351=CARTESIAN_POINT('',(8.755E0,2.5E0,2.E0));
#1352=LINE('',#1351,#1350);
#1353=DIRECTION('',(0.E0,0.E0,-1.E0));
#1354=VECTOR('',#1353,7.E-1);
#1355=CARTESIAN_POINT('',(7.755E0,2.5E0,2.E0));
#1356=LINE('',#1355,#1354);
#1357=DIRECTION('',(0.E0,0.E0,1.E0));
#1358=VECTOR('',#1357,8.E-1);
#1359=CARTESIAN_POINT('',(-6.985E0,2.5E0,5.E-1));
#1360=LINE('',#1359,#1358);
#1361=DIRECTION('',(1.E0,0.E0,0.E0));
#1362=VECTOR('',#1361,1.474E1);
#1363=CARTESIAN_POINT('',(-6.985E0,2.5E0,5.E-1));
#1364=LINE('',#1363,#1362);
#1365=DIRECTION('',(0.E0,0.E0,1.E0));
#1366=VECTOR('',#1365,6.E-1);
#1367=CARTESIAN_POINT('',(7.755E0,2.5E0,5.E-1));
#1368=LINE('',#1367,#1366);
#1369=DIRECTION('',(1.E0,0.E0,0.E0));
#1370=VECTOR('',#1369,1.54E0);
#1371=CARTESIAN_POINT('',(6.215E0,2.5E0,1.1E0));
#1372=LINE('',#1371,#1370);
#1373=DIRECTION('',(0.E0,0.E0,-1.E0));
#1374=VECTOR('',#1373,9.E-1);
#1375=CARTESIAN_POINT('',(6.215E0,2.5E0,2.E0));
#1376=LINE('',#1375,#1374);
#1377=DIRECTION('',(0.E0,0.E0,-1.E0));
#1378=VECTOR('',#1377,9.E-1);
#1379=CARTESIAN_POINT('',(5.215E0,2.5E0,2.E0));
#1380=LINE('',#1379,#1378);
#1381=DIRECTION('',(1.E0,0.E0,0.E0));
#1382=VECTOR('',#1381,1.54E0);
#1383=CARTESIAN_POINT('',(3.675E0,2.5E0,1.1E0));
#1384=LINE('',#1383,#1382);
#1385=DIRECTION('',(0.E0,0.E0,-1.E0));
#1386=VECTOR('',#1385,9.E-1);
#1387=CARTESIAN_POINT('',(3.675E0,2.5E0,2.E0));
#1388=LINE('',#1387,#1386);
#1389=DIRECTION('',(0.E0,0.E0,-1.E0));
#1390=VECTOR('',#1389,9.E-1);
#1391=CARTESIAN_POINT('',(2.675E0,2.5E0,2.E0));
#1392=LINE('',#1391,#1390);
#1393=DIRECTION('',(1.E0,0.E0,0.E0));
#1394=VECTOR('',#1393,1.54E0);
#1395=CARTESIAN_POINT('',(1.135E0,2.5E0,1.1E0));
#1396=LINE('',#1395,#1394);
#1397=DIRECTION('',(0.E0,0.E0,-1.E0));
#1398=VECTOR('',#1397,9.E-1);
#1399=CARTESIAN_POINT('',(1.135E0,2.5E0,2.E0));
#1400=LINE('',#1399,#1398);
#1401=DIRECTION('',(0.E0,0.E0,1.E0));
#1402=VECTOR('',#1401,9.E-1);
#1403=CARTESIAN_POINT('',(1.35E-1,2.5E0,1.1E0));
#1404=LINE('',#1403,#1402);
#1405=DIRECTION('',(1.E0,0.E0,0.E0));
#1406=VECTOR('',#1405,1.54E0);
#1407=CARTESIAN_POINT('',(-1.405E0,2.5E0,1.1E0));
#1408=LINE('',#1407,#1406);
#1409=DIRECTION('',(0.E0,0.E0,1.E0));
#1410=VECTOR('',#1409,9.E-1);
#1411=CARTESIAN_POINT('',(-1.405E0,2.5E0,1.1E0));
#1412=LINE('',#1411,#1410);
#1413=DIRECTION('',(0.E0,0.E0,1.E0));
#1414=VECTOR('',#1413,9.E-1);
#1415=CARTESIAN_POINT('',(-2.405E0,2.5E0,1.1E0));
#1416=LINE('',#1415,#1414);
#1417=DIRECTION('',(1.E0,0.E0,0.E0));
#1418=VECTOR('',#1417,1.54E0);
#1419=CARTESIAN_POINT('',(-3.945E0,2.5E0,1.1E0));
#1420=LINE('',#1419,#1418);
#1421=DIRECTION('',(0.E0,0.E0,1.E0));
#1422=VECTOR('',#1421,9.E-1);
#1423=CARTESIAN_POINT('',(-3.945E0,2.5E0,1.1E0));
#1424=LINE('',#1423,#1422);
#1425=DIRECTION('',(0.E0,0.E0,1.E0));
#1426=VECTOR('',#1425,9.E-1);
#1427=CARTESIAN_POINT('',(-4.945E0,2.5E0,1.1E0));
#1428=LINE('',#1427,#1426);
#1429=DIRECTION('',(1.E0,0.E0,0.E0));
#1430=VECTOR('',#1429,1.54E0);
#1431=CARTESIAN_POINT('',(-6.485E0,2.5E0,1.1E0));
#1432=LINE('',#1431,#1430);
#1433=DIRECTION('',(0.E0,0.E0,1.E0));
#1434=VECTOR('',#1433,9.E-1);
#1435=CARTESIAN_POINT('',(-6.485E0,2.5E0,1.1E0));
#1436=LINE('',#1435,#1434);
#1437=DIRECTION('',(0.E0,0.E0,1.E0));
#1438=VECTOR('',#1437,7.E-1);
#1439=CARTESIAN_POINT('',(-7.485E0,2.5E0,1.3E0));
#1440=LINE('',#1439,#1438);
#1441=DIRECTION('',(-1.E0,0.E0,0.E0));
#1442=VECTOR('',#1441,5.E-1);
#1443=CARTESIAN_POINT('',(-6.985E0,2.5E0,1.3E0));
#1444=LINE('',#1443,#1442);
#1445=DIRECTION('',(0.E0,0.E0,1.E0));
#1446=VECTOR('',#1445,1.4E0);
#1447=CARTESIAN_POINT('',(-9.405E0,2.5E0,2.2E0));
#1448=LINE('',#1447,#1446);
#1449=DIRECTION('',(-1.E0,0.E0,0.E0));
#1450=VECTOR('',#1449,1.375E0);
#1451=CARTESIAN_POINT('',(-9.405E0,2.5E0,3.6E0));
#1452=LINE('',#1451,#1450);
#1453=DIRECTION('',(1.E0,0.E0,0.E0));
#1454=VECTOR('',#1453,3.25E0);
#1455=CARTESIAN_POINT('',(-1.078E1,2.5E0,5.E-1));
#1456=LINE('',#1455,#1454);
#1457=DIRECTION('',(0.E0,0.E0,1.E0));
#1458=VECTOR('',#1457,6.E-1);
#1459=CARTESIAN_POINT('',(-7.53E0,2.5E0,5.E-1));
#1460=LINE('',#1459,#1458);
#1461=DIRECTION('',(1.E0,0.E0,0.E0));
#1462=VECTOR('',#1461,1.495E0);
#1463=CARTESIAN_POINT('',(-9.025E0,2.5E0,1.1E0));
#1464=LINE('',#1463,#1462);
#1465=DIRECTION('',(0.E0,0.E0,1.E0));
#1466=VECTOR('',#1465,9.E-1);
#1467=CARTESIAN_POINT('',(-9.025E0,2.5E0,1.1E0));
#1468=LINE('',#1467,#1466);
#1469=DIRECTION('',(0.E0,1.E0,0.E0));
#1470=VECTOR('',#1469,6.E-1);
#1471=CARTESIAN_POINT('',(8.755E0,1.9E0,1.1E0));
#1472=LINE('',#1471,#1470);
#1473=DIRECTION('',(0.E0,7.071067811865E-1,-7.071067811865E-1));
#1474=VECTOR('',#1473,2.828427124746E-1);
#1475=CARTESIAN_POINT('',(8.755E0,1.7E0,1.3E0));
#1476=LINE('',#1475,#1474);
#1477=DIRECTION('',(0.E0,0.E0,-1.E0));
#1478=VECTOR('',#1477,7.E-1);
#1479=CARTESIAN_POINT('',(8.755E0,1.7E0,2.E0));
#1480=LINE('',#1479,#1478);
#1481=DIRECTION('',(0.E0,7.071067811865E-1,-7.071067811865E-1));
#1482=VECTOR('',#1481,3.676955262170E-1);
#1483=CARTESIAN_POINT('',(8.755E0,2.5E0,1.3E0));
#1484=LINE('',#1483,#1482);
#1485=DIRECTION('',(0.E0,0.E0,-1.E0));
#1486=VECTOR('',#1485,1.686815182471E-1);
#1487=CARTESIAN_POINT('',(8.755E0,2.76E0,1.04E0));
#1488=LINE('',#1487,#1486);
#1489=DIRECTION('',(0.E0,-5.735764363510E-1,-8.191520442890E-1));
#1490=VECTOR('',#1489,4.532961668615E-1);
#1491=CARTESIAN_POINT('',(8.755E0,2.76E0,8.713184817529E-1));
#1492=LINE('',#1491,#1490);
#1493=DIRECTION('',(1.E0,0.E0,0.E0));
#1494=VECTOR('',#1493,2.025E0);
#1495=CARTESIAN_POINT('',(8.755E0,2.5E0,1.1E0));
#1496=LINE('',#1495,#1494);
#1497=DIRECTION('',(-1.E0,0.E0,0.E0));
#1498=VECTOR('',#1497,2.025E0);
#1499=CARTESIAN_POINT('',(1.078E1,1.9E0,1.1E0));
#1500=LINE('',#1499,#1498);
#1501=DIRECTION('',(-1.E0,0.E0,0.E0));
#1502=VECTOR('',#1501,2.025E0);
#1503=CARTESIAN_POINT('',(1.078E1,1.7E0,1.3E0));
#1504=LINE('',#1503,#1502);
#1505=DIRECTION('',(-1.E0,0.E0,0.E0));
#1506=VECTOR('',#1505,2.025E0);
#1507=CARTESIAN_POINT('',(1.078E1,1.7E0,2.E0));
#1508=LINE('',#1507,#1506);
#1509=DIRECTION('',(0.E0,7.071067811865E-1,-7.071067811865E-1));
#1510=VECTOR('',#1509,3.676955262170E-1);
#1511=CARTESIAN_POINT('',(7.755E0,2.5E0,1.3E0));
#1512=LINE('',#1511,#1510);
#1513=DIRECTION('',(0.E0,0.E0,-1.E0));
#1514=VECTOR('',#1513,7.E-1);
#1515=CARTESIAN_POINT('',(7.755E0,1.7E0,2.E0));
#1516=LINE('',#1515,#1514);
#1517=DIRECTION('',(0.E0,7.071067811865E-1,-7.071067811865E-1));
#1518=VECTOR('',#1517,2.828427124746E-1);
#1519=CARTESIAN_POINT('',(7.755E0,1.7E0,1.3E0));
#1520=LINE('',#1519,#1518);
#1521=DIRECTION('',(0.E0,1.E0,0.E0));
#1522=VECTOR('',#1521,6.E-1);
#1523=CARTESIAN_POINT('',(7.755E0,1.9E0,1.1E0));
#1524=LINE('',#1523,#1522);
#1525=DIRECTION('',(0.E0,-5.735764363510E-1,-8.191520442890E-1));
#1526=VECTOR('',#1525,4.532961668615E-1);
#1527=CARTESIAN_POINT('',(7.755E0,2.76E0,8.713184817529E-1));
#1528=LINE('',#1527,#1526);
#1529=DIRECTION('',(0.E0,0.E0,-1.E0));
#1530=VECTOR('',#1529,1.686815182471E-1);
#1531=CARTESIAN_POINT('',(7.755E0,2.76E0,1.04E0));
#1532=LINE('',#1531,#1530);
#1533=DIRECTION('',(0.E0,1.E0,0.E0));
#1534=VECTOR('',#1533,6.E-1);
#1535=CARTESIAN_POINT('',(6.215E0,1.9E0,1.1E0));
#1536=LINE('',#1535,#1534);
#1537=DIRECTION('',(0.E0,7.071067811865E-1,-7.071067811865E-1));
#1538=VECTOR('',#1537,2.828427124746E-1);
#1539=CARTESIAN_POINT('',(6.215E0,1.7E0,1.3E0));
#1540=LINE('',#1539,#1538);
#1541=DIRECTION('',(0.E0,0.E0,-1.E0));
#1542=VECTOR('',#1541,7.E-1);
#1543=CARTESIAN_POINT('',(6.215E0,1.7E0,2.E0));
#1544=LINE('',#1543,#1542);
#1545=DIRECTION('',(-1.E0,0.E0,0.E0));
#1546=VECTOR('',#1545,1.54E0);
#1547=CARTESIAN_POINT('',(7.755E0,1.9E0,1.1E0));
#1548=LINE('',#1547,#1546);
#1549=DIRECTION('',(-1.E0,0.E0,0.E0));
#1550=VECTOR('',#1549,1.54E0);
#1551=CARTESIAN_POINT('',(7.755E0,1.7E0,1.3E0));
#1552=LINE('',#1551,#1550);
#1553=DIRECTION('',(1.E0,0.E0,0.E0));
#1554=VECTOR('',#1553,1.E0);
#1555=CARTESIAN_POINT('',(7.755E0,2.76E0,8.713184817529E-1));
#1556=LINE('',#1555,#1554);
#1557=DIRECTION('',(1.E0,0.E0,0.E0));
#1558=VECTOR('',#1557,2.156E1);
#1559=CARTESIAN_POINT('',(-1.078E1,1.7E0,5.E-1));
#1560=LINE('',#1559,#1558);
#1561=DIRECTION('',(-1.E0,0.E0,0.E0));
#1562=VECTOR('',#1561,1.E0);
#1563=CARTESIAN_POINT('',(8.755E0,2.5E0,5.E-1));
#1564=LINE('',#1563,#1562);
#1565=DIRECTION('',(-1.E0,0.E0,0.E0));
#1566=VECTOR('',#1565,5.45E-1);
#1567=CARTESIAN_POINT('',(-6.985E0,2.5E0,5.E-1));
#1568=LINE('',#1567,#1566);
#1569=DIRECTION('',(-1.E0,0.E0,0.E0));
#1570=VECTOR('',#1569,5.45E-1);
#1571=CARTESIAN_POINT('',(-6.985E0,2.76E0,8.713184817529E-1));
#1572=LINE('',#1571,#1570);
#1573=DIRECTION('',(0.E0,7.071067811865E-1,-7.071067811865E-1));
#1574=VECTOR('',#1573,3.676955262170E-1);
#1575=CARTESIAN_POINT('',(-6.985E0,2.5E0,1.3E0));
#1576=LINE('',#1575,#1574);
#1577=DIRECTION('',(0.E0,0.E0,-1.E0));
#1578=VECTOR('',#1577,1.686815182471E-1);
#1579=CARTESIAN_POINT('',(-6.985E0,2.76E0,1.04E0));
#1580=LINE('',#1579,#1578);
#1581=DIRECTION('',(0.E0,-5.735764363510E-1,-8.191520442890E-1));
#1582=VECTOR('',#1581,4.532961668615E-1);
#1583=CARTESIAN_POINT('',(-6.985E0,2.76E0,8.713184817529E-1));
#1584=LINE('',#1583,#1582);
#1585=DIRECTION('',(-1.E0,0.E0,0.E0));
#1586=VECTOR('',#1585,4.5E-2);
#1587=CARTESIAN_POINT('',(-7.485E0,2.5E0,1.3E0));
#1588=LINE('',#1587,#1586);
#1589=DIRECTION('',(0.E0,0.E0,-1.E0));
#1590=VECTOR('',#1589,7.E-1);
#1591=CARTESIAN_POINT('',(-7.485E0,1.7E0,2.E0));
#1592=LINE('',#1591,#1590);
#1593=DIRECTION('',(0.E0,7.071067811865E-1,-7.071067811865E-1));
#1594=VECTOR('',#1593,2.828427124746E-1);
#1595=CARTESIAN_POINT('',(-7.485E0,1.7E0,1.3E0));
#1596=LINE('',#1595,#1594);
#1597=DIRECTION('',(0.E0,1.E0,0.E0));
#1598=VECTOR('',#1597,6.E-1);
#1599=CARTESIAN_POINT('',(-7.485E0,1.9E0,1.1E0));
#1600=LINE('',#1599,#1598);
#1601=DIRECTION('',(0.E0,0.E0,1.E0));
#1602=VECTOR('',#1601,2.E-1);
#1603=CARTESIAN_POINT('',(-7.485E0,2.5E0,1.1E0));
#1604=LINE('',#1603,#1602);
#1605=DIRECTION('',(0.E0,1.E0,0.E0));
#1606=VECTOR('',#1605,6.E-1);
#1607=CARTESIAN_POINT('',(-9.025E0,1.9E0,1.1E0));
#1608=LINE('',#1607,#1606);
#1609=DIRECTION('',(0.E0,7.071067811865E-1,-7.071067811865E-1));
#1610=VECTOR('',#1609,2.828427124746E-1);
#1611=CARTESIAN_POINT('',(-9.025E0,1.7E0,1.3E0));
#1612=LINE('',#1611,#1610);
#1613=DIRECTION('',(0.E0,0.E0,-1.E0));
#1614=VECTOR('',#1613,7.E-1);
#1615=CARTESIAN_POINT('',(-9.025E0,1.7E0,2.E0));
#1616=LINE('',#1615,#1614);
#1617=DIRECTION('',(-1.E0,0.E0,0.E0));
#1618=VECTOR('',#1617,4.5E-2);
#1619=CARTESIAN_POINT('',(-7.485E0,2.5E0,1.1E0));
#1620=LINE('',#1619,#1618);
#1621=DIRECTION('',(-1.E0,0.E0,0.E0));
#1622=VECTOR('',#1621,1.54E0);
#1623=CARTESIAN_POINT('',(-7.485E0,1.9E0,1.1E0));
#1624=LINE('',#1623,#1622);
#1625=DIRECTION('',(-1.E0,0.E0,0.E0));
#1626=VECTOR('',#1625,1.54E0);
#1627=CARTESIAN_POINT('',(-7.485E0,1.7E0,1.3E0));
#1628=LINE('',#1627,#1626);
#1629=DIRECTION('',(0.E0,-5.735764363510E-1,-8.191520442890E-1));
#1630=VECTOR('',#1629,4.532961668615E-1);
#1631=CARTESIAN_POINT('',(-7.53E0,2.76E0,8.713184817529E-1));
#1632=LINE('',#1631,#1630);
#1633=DIRECTION('',(0.E0,0.E0,-1.E0));
#1634=VECTOR('',#1633,1.686815182471E-1);
#1635=CARTESIAN_POINT('',(-7.53E0,2.76E0,1.04E0));
#1636=LINE('',#1635,#1634);
#1637=DIRECTION('',(0.E0,7.071067811865E-1,-7.071067811865E-1));
#1638=VECTOR('',#1637,3.676955262170E-1);
#1639=CARTESIAN_POINT('',(-7.53E0,2.5E0,1.3E0));
#1640=LINE('',#1639,#1638);
#1641=DIRECTION('',(0.E0,0.E0,1.E0));
#1642=VECTOR('',#1641,2.E-1);
#1643=CARTESIAN_POINT('',(-7.53E0,2.5E0,1.1E0));
#1644=LINE('',#1643,#1642);
#1645=DIRECTION('',(-1.E0,0.E0,0.E0));
#1646=VECTOR('',#1645,5.45E-1);
#1647=CARTESIAN_POINT('',(-6.985E0,2.76E0,1.04E0));
#1648=LINE('',#1647,#1646);
#1649=DIRECTION('',(1.E0,0.E0,0.E0));
#1650=VECTOR('',#1649,1.E0);
#1651=CARTESIAN_POINT('',(7.755E0,2.76E0,1.04E0));
#1652=LINE('',#1651,#1650);
#1653=DIRECTION('',(0.E0,0.E0,-1.E0));
#1654=VECTOR('',#1653,7.E-1);
#1655=CARTESIAN_POINT('',(5.215E0,1.7E0,2.E0));
#1656=LINE('',#1655,#1654);
#1657=DIRECTION('',(0.E0,7.071067811865E-1,-7.071067811865E-1));
#1658=VECTOR('',#1657,2.828427124746E-1);
#1659=CARTESIAN_POINT('',(5.215E0,1.7E0,1.3E0));
#1660=LINE('',#1659,#1658);
#1661=DIRECTION('',(0.E0,1.E0,0.E0));
#1662=VECTOR('',#1661,6.E-1);
#1663=CARTESIAN_POINT('',(5.215E0,1.9E0,1.1E0));
#1664=LINE('',#1663,#1662);
#1665=DIRECTION('',(0.E0,1.E0,0.E0));
#1666=VECTOR('',#1665,6.E-1);
#1667=CARTESIAN_POINT('',(3.675E0,1.9E0,1.1E0));
#1668=LINE('',#1667,#1666);
#1669=DIRECTION('',(0.E0,7.071067811865E-1,-7.071067811865E-1));
#1670=VECTOR('',#1669,2.828427124746E-1);
#1671=CARTESIAN_POINT('',(3.675E0,1.7E0,1.3E0));
#1672=LINE('',#1671,#1670);
#1673=DIRECTION('',(0.E0,0.E0,-1.E0));
#1674=VECTOR('',#1673,7.E-1);
#1675=CARTESIAN_POINT('',(3.675E0,1.7E0,2.E0));
#1676=LINE('',#1675,#1674);
#1677=DIRECTION('',(-1.E0,0.E0,0.E0));
#1678=VECTOR('',#1677,1.54E0);
#1679=CARTESIAN_POINT('',(5.215E0,1.9E0,1.1E0));
#1680=LINE('',#1679,#1678);
#1681=DIRECTION('',(-1.E0,0.E0,0.E0));
#1682=VECTOR('',#1681,1.54E0);
#1683=CARTESIAN_POINT('',(5.215E0,1.7E0,1.3E0));
#1684=LINE('',#1683,#1682);
#1685=DIRECTION('',(0.E0,0.E0,-1.E0));
#1686=VECTOR('',#1685,7.E-1);
#1687=CARTESIAN_POINT('',(2.675E0,1.7E0,2.E0));
#1688=LINE('',#1687,#1686);
#1689=DIRECTION('',(0.E0,7.071067811865E-1,-7.071067811865E-1));
#1690=VECTOR('',#1689,2.828427124746E-1);
#1691=CARTESIAN_POINT('',(2.675E0,1.7E0,1.3E0));
#1692=LINE('',#1691,#1690);
#1693=DIRECTION('',(0.E0,1.E0,0.E0));
#1694=VECTOR('',#1693,6.E-1);
#1695=CARTESIAN_POINT('',(2.675E0,1.9E0,1.1E0));
#1696=LINE('',#1695,#1694);
#1697=DIRECTION('',(0.E0,1.E0,0.E0));
#1698=VECTOR('',#1697,6.E-1);
#1699=CARTESIAN_POINT('',(1.135E0,1.9E0,1.1E0));
#1700=LINE('',#1699,#1698);
#1701=DIRECTION('',(0.E0,7.071067811865E-1,-7.071067811865E-1));
#1702=VECTOR('',#1701,2.828427124746E-1);
#1703=CARTESIAN_POINT('',(1.135E0,1.7E0,1.3E0));
#1704=LINE('',#1703,#1702);
#1705=DIRECTION('',(0.E0,0.E0,-1.E0));
#1706=VECTOR('',#1705,7.E-1);
#1707=CARTESIAN_POINT('',(1.135E0,1.7E0,2.E0));
#1708=LINE('',#1707,#1706);
#1709=DIRECTION('',(-1.E0,0.E0,0.E0));
#1710=VECTOR('',#1709,1.54E0);
#1711=CARTESIAN_POINT('',(2.675E0,1.9E0,1.1E0));
#1712=LINE('',#1711,#1710);
#1713=DIRECTION('',(-1.E0,0.E0,0.E0));
#1714=VECTOR('',#1713,1.54E0);
#1715=CARTESIAN_POINT('',(2.675E0,1.7E0,1.3E0));
#1716=LINE('',#1715,#1714);
#1717=DIRECTION('',(0.E0,0.E0,-1.E0));
#1718=VECTOR('',#1717,7.E-1);
#1719=CARTESIAN_POINT('',(1.35E-1,1.7E0,2.E0));
#1720=LINE('',#1719,#1718);
#1721=DIRECTION('',(0.E0,7.071067811865E-1,-7.071067811865E-1));
#1722=VECTOR('',#1721,2.828427124746E-1);
#1723=CARTESIAN_POINT('',(1.35E-1,1.7E0,1.3E0));
#1724=LINE('',#1723,#1722);
#1725=DIRECTION('',(0.E0,1.E0,0.E0));
#1726=VECTOR('',#1725,6.E-1);
#1727=CARTESIAN_POINT('',(1.35E-1,1.9E0,1.1E0));
#1728=LINE('',#1727,#1726);
#1729=DIRECTION('',(0.E0,1.E0,0.E0));
#1730=VECTOR('',#1729,6.E-1);
#1731=CARTESIAN_POINT('',(-1.405E0,1.9E0,1.1E0));
#1732=LINE('',#1731,#1730);
#1733=DIRECTION('',(0.E0,7.071067811865E-1,-7.071067811865E-1));
#1734=VECTOR('',#1733,2.828427124746E-1);
#1735=CARTESIAN_POINT('',(-1.405E0,1.7E0,1.3E0));
#1736=LINE('',#1735,#1734);
#1737=DIRECTION('',(0.E0,0.E0,-1.E0));
#1738=VECTOR('',#1737,7.E-1);
#1739=CARTESIAN_POINT('',(-1.405E0,1.7E0,2.E0));
#1740=LINE('',#1739,#1738);
#1741=DIRECTION('',(-1.E0,0.E0,0.E0));
#1742=VECTOR('',#1741,1.54E0);
#1743=CARTESIAN_POINT('',(1.35E-1,1.9E0,1.1E0));
#1744=LINE('',#1743,#1742);
#1745=DIRECTION('',(-1.E0,0.E0,0.E0));
#1746=VECTOR('',#1745,1.54E0);
#1747=CARTESIAN_POINT('',(1.35E-1,1.7E0,1.3E0));
#1748=LINE('',#1747,#1746);
#1749=DIRECTION('',(0.E0,0.E0,-1.E0));
#1750=VECTOR('',#1749,7.E-1);
#1751=CARTESIAN_POINT('',(-2.405E0,1.7E0,2.E0));
#1752=LINE('',#1751,#1750);
#1753=DIRECTION('',(0.E0,7.071067811865E-1,-7.071067811865E-1));
#1754=VECTOR('',#1753,2.828427124746E-1);
#1755=CARTESIAN_POINT('',(-2.405E0,1.7E0,1.3E0));
#1756=LINE('',#1755,#1754);
#1757=DIRECTION('',(0.E0,1.E0,0.E0));
#1758=VECTOR('',#1757,6.E-1);
#1759=CARTESIAN_POINT('',(-2.405E0,1.9E0,1.1E0));
#1760=LINE('',#1759,#1758);
#1761=DIRECTION('',(0.E0,1.E0,0.E0));
#1762=VECTOR('',#1761,6.E-1);
#1763=CARTESIAN_POINT('',(-3.945E0,1.9E0,1.1E0));
#1764=LINE('',#1763,#1762);
#1765=DIRECTION('',(0.E0,7.071067811865E-1,-7.071067811865E-1));
#1766=VECTOR('',#1765,2.828427124746E-1);
#1767=CARTESIAN_POINT('',(-3.945E0,1.7E0,1.3E0));
#1768=LINE('',#1767,#1766);
#1769=DIRECTION('',(0.E0,0.E0,-1.E0));
#1770=VECTOR('',#1769,7.E-1);
#1771=CARTESIAN_POINT('',(-3.945E0,1.7E0,2.E0));
#1772=LINE('',#1771,#1770);
#1773=DIRECTION('',(-1.E0,0.E0,0.E0));
#1774=VECTOR('',#1773,1.54E0);
#1775=CARTESIAN_POINT('',(-2.405E0,1.9E0,1.1E0));
#1776=LINE('',#1775,#1774);
#1777=DIRECTION('',(-1.E0,0.E0,0.E0));
#1778=VECTOR('',#1777,1.54E0);
#1779=CARTESIAN_POINT('',(-2.405E0,1.7E0,1.3E0));
#1780=LINE('',#1779,#1778);
#1781=DIRECTION('',(0.E0,0.E0,-1.E0));
#1782=VECTOR('',#1781,7.E-1);
#1783=CARTESIAN_POINT('',(-4.945E0,1.7E0,2.E0));
#1784=LINE('',#1783,#1782);
#1785=DIRECTION('',(0.E0,7.071067811865E-1,-7.071067811865E-1));
#1786=VECTOR('',#1785,2.828427124746E-1);
#1787=CARTESIAN_POINT('',(-4.945E0,1.7E0,1.3E0));
#1788=LINE('',#1787,#1786);
#1789=DIRECTION('',(0.E0,1.E0,0.E0));
#1790=VECTOR('',#1789,6.E-1);
#1791=CARTESIAN_POINT('',(-4.945E0,1.9E0,1.1E0));
#1792=LINE('',#1791,#1790);
#1793=DIRECTION('',(0.E0,1.E0,0.E0));
#1794=VECTOR('',#1793,6.E-1);
#1795=CARTESIAN_POINT('',(-6.485E0,1.9E0,1.1E0));
#1796=LINE('',#1795,#1794);
#1797=DIRECTION('',(0.E0,7.071067811865E-1,-7.071067811865E-1));
#1798=VECTOR('',#1797,2.828427124746E-1);
#1799=CARTESIAN_POINT('',(-6.485E0,1.7E0,1.3E0));
#1800=LINE('',#1799,#1798);
#1801=DIRECTION('',(0.E0,0.E0,-1.E0));
#1802=VECTOR('',#1801,7.E-1);
#1803=CARTESIAN_POINT('',(-6.485E0,1.7E0,2.E0));
#1804=LINE('',#1803,#1802);
#1805=DIRECTION('',(-1.E0,0.E0,0.E0));
#1806=VECTOR('',#1805,1.54E0);
#1807=CARTESIAN_POINT('',(-4.945E0,1.9E0,1.1E0));
#1808=LINE('',#1807,#1806);
#1809=DIRECTION('',(-1.E0,0.E0,0.E0));
#1810=VECTOR('',#1809,1.54E0);
#1811=CARTESIAN_POINT('',(-4.945E0,1.7E0,1.3E0));
#1812=LINE('',#1811,#1810);
#1813=DIRECTION('',(0.E0,1.E0,0.E0));
#1814=VECTOR('',#1813,4.1E0);
#1815=CARTESIAN_POINT('',(-9.405E0,-1.6E0,2.2E0));
#1816=LINE('',#1815,#1814);
#1817=DIRECTION('',(0.E0,0.E0,1.E0));
#1818=VECTOR('',#1817,1.4E0);
#1819=CARTESIAN_POINT('',(-9.405E0,-1.6E0,2.2E0));
#1820=LINE('',#1819,#1818);
#1821=DIRECTION('',(0.E0,1.E0,0.E0));
#1822=VECTOR('',#1821,4.1E0);
#1823=CARTESIAN_POINT('',(-9.405E0,-1.6E0,3.6E0));
#1824=LINE('',#1823,#1822);
#1825=DIRECTION('',(4.472135955E-1,-4.472135955E-1,-7.745966692415E-1));
#1826=VECTOR('',#1825,6.454972243679E-1);
#1827=CARTESIAN_POINT('',(-9.693675134595E0,-1.311324865405E0,4.1E0));
#1828=LINE('',#1827,#1826);
#1829=DIRECTION('',(-4.472135955E-1,-4.472135955E-1,-7.745966692415E-1));
#1830=VECTOR('',#1829,6.454972243679E-1);
#1831=CARTESIAN_POINT('',(9.693675134595E0,-2.211324865405E0,4.1E0));
#1832=LINE('',#1831,#1830);
#1833=DIRECTION('',(1.E0,0.E0,0.E0));
#1834=VECTOR('',#1833,1.E0);
#1835=CARTESIAN_POINT('',(-8.755E0,-2.5E0,1.3E0));
#1836=LINE('',#1835,#1834);
#1837=DIRECTION('',(0.E0,0.E0,1.E0));
#1838=VECTOR('',#1837,7.E-1);
#1839=CARTESIAN_POINT('',(-8.755E0,-2.5E0,1.3E0));
#1840=LINE('',#1839,#1838);
#1841=DIRECTION('',(1.E0,0.E0,0.E0));
#1842=VECTOR('',#1841,1.E0);
#1843=CARTESIAN_POINT('',(-8.755E0,-2.5E0,2.E0));
#1844=LINE('',#1843,#1842);
#1845=DIRECTION('',(0.E0,0.E0,1.E0));
#1846=VECTOR('',#1845,7.E-1);
#1847=CARTESIAN_POINT('',(-7.755E0,-2.5E0,1.3E0));
#1848=LINE('',#1847,#1846);
#1849=DIRECTION('',(0.E0,0.E0,1.E0));
#1850=VECTOR('',#1849,7.E-1);
#1851=CARTESIAN_POINT('',(6.485E0,-2.5E0,1.3E0));
#1852=LINE('',#1851,#1850);
#1853=DIRECTION('',(1.E0,0.E0,0.E0));
#1854=VECTOR('',#1853,1.E0);
#1855=CARTESIAN_POINT('',(6.485E0,-2.5E0,2.E0));
#1856=LINE('',#1855,#1854);
#1857=DIRECTION('',(0.E0,0.E0,1.E0));
#1858=VECTOR('',#1857,7.E-1);
#1859=CARTESIAN_POINT('',(7.485E0,-2.5E0,1.3E0));
#1860=LINE('',#1859,#1858);
#1861=DIRECTION('',(1.E0,0.E0,0.E0));
#1862=VECTOR('',#1861,1.E0);
#1863=CARTESIAN_POINT('',(6.485E0,-2.5E0,1.3E0));
#1864=LINE('',#1863,#1862);
#1865=DIRECTION('',(1.E0,0.E0,0.E0));
#1866=VECTOR('',#1865,1.375E0);
#1867=CARTESIAN_POINT('',(9.405E0,-2.5E0,3.6E0));
#1868=LINE('',#1867,#1866);
#1869=DIRECTION('',(0.E0,0.E0,-1.E0));
#1870=VECTOR('',#1869,9.5E-1);
#1871=CARTESIAN_POINT('',(1.018E1,-2.5E0,0.E0));
#1872=LINE('',#1871,#1870);
#1873=DIRECTION('',(0.E0,0.E0,-1.E0));
#1874=VECTOR('',#1873,9.5E-1);
#1875=CARTESIAN_POINT('',(-9.18E0,-2.5E0,0.E0));
#1876=LINE('',#1875,#1874);
#1877=DIRECTION('',(1.E0,0.E0,0.E0));
#1878=VECTOR('',#1877,4.85E-1);
#1879=CARTESIAN_POINT('',(-1.078E1,-2.5E0,2.E0));
#1880=LINE('',#1879,#1878);
#1881=DIRECTION('',(0.E0,0.E0,1.E0));
#1882=VECTOR('',#1881,9.E-1);
#1883=CARTESIAN_POINT('',(-1.0295E1,-2.5E0,1.1E0));
#1884=LINE('',#1883,#1882);
#1885=DIRECTION('',(1.E0,0.E0,0.E0));
#1886=VECTOR('',#1885,1.54E0);
#1887=CARTESIAN_POINT('',(-1.0295E1,-2.5E0,1.1E0));
#1888=LINE('',#1887,#1886);
#1889=DIRECTION('',(0.E0,0.E0,1.E0));
#1890=VECTOR('',#1889,6.E-1);
#1891=CARTESIAN_POINT('',(-8.755E0,-2.5E0,5.E-1));
#1892=LINE('',#1891,#1890);
#1893=DIRECTION('',(1.E0,0.E0,0.E0));
#1894=VECTOR('',#1893,1.E0);
#1895=CARTESIAN_POINT('',(-8.755E0,-2.5E0,5.E-1));
#1896=LINE('',#1895,#1894);
#1897=DIRECTION('',(0.E0,0.E0,1.E0));
#1898=VECTOR('',#1897,6.E-1);
#1899=CARTESIAN_POINT('',(-7.755E0,-2.5E0,5.E-1));
#1900=LINE('',#1899,#1898);
#1901=DIRECTION('',(1.E0,0.E0,0.E0));
#1902=VECTOR('',#1901,1.54E0);
#1903=CARTESIAN_POINT('',(-7.755E0,-2.5E0,1.1E0));
#1904=LINE('',#1903,#1902);
#1905=DIRECTION('',(0.E0,0.E0,1.E0));
#1906=VECTOR('',#1905,9.E-1);
#1907=CARTESIAN_POINT('',(-6.215E0,-2.5E0,1.1E0));
#1908=LINE('',#1907,#1906);
#1909=DIRECTION('',(1.E0,0.E0,0.E0));
#1910=VECTOR('',#1909,1.E0);
#1911=CARTESIAN_POINT('',(-6.215E0,-2.5E0,2.E0));
#1912=LINE('',#1911,#1910);
#1913=DIRECTION('',(0.E0,0.E0,1.E0));
#1914=VECTOR('',#1913,9.E-1);
#1915=CARTESIAN_POINT('',(-5.215E0,-2.5E0,1.1E0));
#1916=LINE('',#1915,#1914);
#1917=DIRECTION('',(1.E0,0.E0,0.E0));
#1918=VECTOR('',#1917,1.54E0);
#1919=CARTESIAN_POINT('',(-5.215E0,-2.5E0,1.1E0));
#1920=LINE('',#1919,#1918);
#1921=DIRECTION('',(0.E0,0.E0,1.E0));
#1922=VECTOR('',#1921,9.E-1);
#1923=CARTESIAN_POINT('',(-3.675E0,-2.5E0,1.1E0));
#1924=LINE('',#1923,#1922);
#1925=DIRECTION('',(1.E0,0.E0,0.E0));
#1926=VECTOR('',#1925,1.E0);
#1927=CARTESIAN_POINT('',(-3.675E0,-2.5E0,2.E0));
#1928=LINE('',#1927,#1926);
#1929=DIRECTION('',(0.E0,0.E0,1.E0));
#1930=VECTOR('',#1929,9.E-1);
#1931=CARTESIAN_POINT('',(-2.675E0,-2.5E0,1.1E0));
#1932=LINE('',#1931,#1930);
#1933=DIRECTION('',(1.E0,0.E0,0.E0));
#1934=VECTOR('',#1933,1.54E0);
#1935=CARTESIAN_POINT('',(-2.675E0,-2.5E0,1.1E0));
#1936=LINE('',#1935,#1934);
#1937=DIRECTION('',(0.E0,0.E0,1.E0));
#1938=VECTOR('',#1937,9.E-1);
#1939=CARTESIAN_POINT('',(-1.135E0,-2.5E0,1.1E0));
#1940=LINE('',#1939,#1938);
#1941=DIRECTION('',(1.E0,0.E0,0.E0));
#1942=VECTOR('',#1941,1.E0);
#1943=CARTESIAN_POINT('',(-1.135E0,-2.5E0,2.E0));
#1944=LINE('',#1943,#1942);
#1945=DIRECTION('',(0.E0,0.E0,1.E0));
#1946=VECTOR('',#1945,9.E-1);
#1947=CARTESIAN_POINT('',(-1.35E-1,-2.5E0,1.1E0));
#1948=LINE('',#1947,#1946);
#1949=DIRECTION('',(1.E0,0.E0,0.E0));
#1950=VECTOR('',#1949,1.54E0);
#1951=CARTESIAN_POINT('',(-1.35E-1,-2.5E0,1.1E0));
#1952=LINE('',#1951,#1950);
#1953=DIRECTION('',(0.E0,0.E0,1.E0));
#1954=VECTOR('',#1953,9.E-1);
#1955=CARTESIAN_POINT('',(1.405E0,-2.5E0,1.1E0));
#1956=LINE('',#1955,#1954);
#1957=DIRECTION('',(1.E0,0.E0,0.E0));
#1958=VECTOR('',#1957,1.E0);
#1959=CARTESIAN_POINT('',(1.405E0,-2.5E0,2.E0));
#1960=LINE('',#1959,#1958);
#1961=DIRECTION('',(0.E0,0.E0,1.E0));
#1962=VECTOR('',#1961,9.E-1);
#1963=CARTESIAN_POINT('',(2.405E0,-2.5E0,1.1E0));
#1964=LINE('',#1963,#1962);
#1965=DIRECTION('',(1.E0,0.E0,0.E0));
#1966=VECTOR('',#1965,1.54E0);
#1967=CARTESIAN_POINT('',(2.405E0,-2.5E0,1.1E0));
#1968=LINE('',#1967,#1966);
#1969=DIRECTION('',(0.E0,0.E0,1.E0));
#1970=VECTOR('',#1969,9.E-1);
#1971=CARTESIAN_POINT('',(3.945E0,-2.5E0,1.1E0));
#1972=LINE('',#1971,#1970);
#1973=DIRECTION('',(1.E0,0.E0,0.E0));
#1974=VECTOR('',#1973,1.E0);
#1975=CARTESIAN_POINT('',(3.945E0,-2.5E0,2.E0));
#1976=LINE('',#1975,#1974);
#1977=DIRECTION('',(0.E0,0.E0,1.E0));
#1978=VECTOR('',#1977,9.E-1);
#1979=CARTESIAN_POINT('',(4.945E0,-2.5E0,1.1E0));
#1980=LINE('',#1979,#1978);
#1981=DIRECTION('',(1.E0,0.E0,0.E0));
#1982=VECTOR('',#1981,1.54E0);
#1983=CARTESIAN_POINT('',(4.945E0,-2.5E0,1.1E0));
#1984=LINE('',#1983,#1982);
#1985=DIRECTION('',(0.E0,0.E0,1.E0));
#1986=VECTOR('',#1985,6.E-1);
#1987=CARTESIAN_POINT('',(6.485E0,-2.5E0,5.E-1));
#1988=LINE('',#1987,#1986);
#1989=DIRECTION('',(1.E0,0.E0,0.E0));
#1990=VECTOR('',#1989,1.E0);
#1991=CARTESIAN_POINT('',(6.485E0,-2.5E0,5.E-1));
#1992=LINE('',#1991,#1990);
#1993=DIRECTION('',(0.E0,0.E0,1.E0));
#1994=VECTOR('',#1993,6.E-1);
#1995=CARTESIAN_POINT('',(7.485E0,-2.5E0,5.E-1));
#1996=LINE('',#1995,#1994);
#1997=DIRECTION('',(0.E0,1.E0,0.E0));
#1998=VECTOR('',#1997,5.75E-1);
#1999=CARTESIAN_POINT('',(-7.755E0,-2.5E0,1.1E0));
#2000=LINE('',#1999,#1998);
#2001=DIRECTION('',(0.E0,5.735764363510E-1,-8.191520442890E-1));
#2002=VECTOR('',#2001,4.532961668615E-1);
#2003=CARTESIAN_POINT('',(-7.755E0,-2.76E0,8.713184817530E-1));
#2004=LINE('',#2003,#2002);
#2005=DIRECTION('',(0.E0,0.E0,-1.E0));
#2006=VECTOR('',#2005,1.686815182470E-1);
#2007=CARTESIAN_POINT('',(-7.755E0,-2.76E0,1.04E0));
#2008=LINE('',#2007,#2006);
#2009=DIRECTION('',(0.E0,-7.071067811865E-1,-7.071067811865E-1));
#2010=VECTOR('',#2009,3.676955262170E-1);
#2011=CARTESIAN_POINT('',(-7.755E0,-2.5E0,1.3E0));
#2012=LINE('',#2011,#2010);
#2013=DIRECTION('',(0.E0,0.E0,1.E0));
#2014=VECTOR('',#2013,7.25E-1);
#2015=CARTESIAN_POINT('',(-7.755E0,-1.75E0,1.275E0));
#2016=LINE('',#2015,#2014);
#2017=DIRECTION('',(0.E0,7.071067811865E-1,7.071067811865E-1));
#2018=VECTOR('',#2017,2.474873734153E-1);
#2019=CARTESIAN_POINT('',(-7.755E0,-1.925E0,1.1E0));
#2020=LINE('',#2019,#2018);
#2021=DIRECTION('',(-1.E0,0.E0,0.E0));
#2022=VECTOR('',#2021,1.54E0);
#2023=CARTESIAN_POINT('',(-6.215E0,-1.925E0,1.1E0));
#2024=LINE('',#2023,#2022);
#2025=DIRECTION('',(0.E0,1.E0,0.E0));
#2026=VECTOR('',#2025,5.75E-1);
#2027=CARTESIAN_POINT('',(-6.215E0,-2.5E0,1.1E0));
#2028=LINE('',#2027,#2026);
#2029=DIRECTION('',(0.E0,7.071067811865E-1,7.071067811865E-1));
#2030=VECTOR('',#2029,2.474873734153E-1);
#2031=CARTESIAN_POINT('',(-6.215E0,-1.925E0,1.1E0));
#2032=LINE('',#2031,#2030);
#2033=DIRECTION('',(0.E0,0.E0,1.E0));
#2034=VECTOR('',#2033,7.25E-1);
#2035=CARTESIAN_POINT('',(-6.215E0,-1.75E0,1.275E0));
#2036=LINE('',#2035,#2034);
#2037=DIRECTION('',(-1.E0,0.E0,0.E0));
#2038=VECTOR('',#2037,1.54E0);
#2039=CARTESIAN_POINT('',(-6.215E0,-1.75E0,1.275E0));
#2040=LINE('',#2039,#2038);
#2041=DIRECTION('',(1.E0,0.E0,0.E0));
#2042=VECTOR('',#2041,1.E0);
#2043=CARTESIAN_POINT('',(-8.755E0,-2.76E0,8.713184817530E-1));
#2044=LINE('',#2043,#2042);
#2045=DIRECTION('',(0.E0,-7.071067811865E-1,-7.071067811865E-1));
#2046=VECTOR('',#2045,3.676955262170E-1);
#2047=CARTESIAN_POINT('',(-8.755E0,-2.5E0,1.3E0));
#2048=LINE('',#2047,#2046);
#2049=DIRECTION('',(0.E0,0.E0,-1.E0));
#2050=VECTOR('',#2049,1.686815182470E-1);
#2051=CARTESIAN_POINT('',(-8.755E0,-2.76E0,1.04E0));
#2052=LINE('',#2051,#2050);
#2053=DIRECTION('',(0.E0,5.735764363510E-1,-8.191520442890E-1));
#2054=VECTOR('',#2053,4.532961668615E-1);
#2055=CARTESIAN_POINT('',(-8.755E0,-2.76E0,8.713184817530E-1));
#2056=LINE('',#2055,#2054);
#2057=DIRECTION('',(0.E0,1.E0,0.E0));
#2058=VECTOR('',#2057,5.75E-1);
#2059=CARTESIAN_POINT('',(-8.755E0,-2.5E0,1.1E0));
#2060=LINE('',#2059,#2058);
#2061=DIRECTION('',(0.E0,7.071067811865E-1,7.071067811865E-1));
#2062=VECTOR('',#2061,2.474873734153E-1);
#2063=CARTESIAN_POINT('',(-8.755E0,-1.925E0,1.1E0));
#2064=LINE('',#2063,#2062);
#2065=DIRECTION('',(0.E0,0.E0,1.E0));
#2066=VECTOR('',#2065,7.25E-1);
#2067=CARTESIAN_POINT('',(-8.755E0,-1.75E0,1.275E0));
#2068=LINE('',#2067,#2066);
#2069=DIRECTION('',(1.E0,0.E0,0.E0));
#2070=VECTOR('',#2069,1.E0);
#2071=CARTESIAN_POINT('',(-8.755E0,-2.76E0,1.04E0));
#2072=LINE('',#2071,#2070);
#2073=DIRECTION('',(0.E0,7.071067811865E-1,7.071067811865E-1));
#2074=VECTOR('',#2073,2.474873734153E-1);
#2075=CARTESIAN_POINT('',(-1.0295E1,-1.925E0,1.1E0));
#2076=LINE('',#2075,#2074);
#2077=DIRECTION('',(0.E0,1.E0,0.E0));
#2078=VECTOR('',#2077,5.75E-1);
#2079=CARTESIAN_POINT('',(-1.0295E1,-2.5E0,1.1E0));
#2080=LINE('',#2079,#2078);
#2081=DIRECTION('',(0.E0,0.E0,1.E0));
#2082=VECTOR('',#2081,7.75E-1);
#2083=CARTESIAN_POINT('',(-1.0295E1,-1.75E0,1.275E0));
#2084=LINE('',#2083,#2082);
#2085=DIRECTION('',(-7.071067811866E-1,0.E0,7.071067811865E-1));
#2086=VECTOR('',#2085,7.071067811866E-2);
#2087=CARTESIAN_POINT('',(-9.205E0,-1.75E0,2.E0));
#2088=LINE('',#2087,#2086);
#2089=DIRECTION('',(-1.E0,0.E0,0.E0));
#2090=VECTOR('',#2089,1.54E0);
#2091=CARTESIAN_POINT('',(-8.755E0,-1.75E0,1.275E0));
#2092=LINE('',#2091,#2090);
#2093=DIRECTION('',(-1.E0,0.E0,0.E0));
#2094=VECTOR('',#2093,1.54E0);
#2095=CARTESIAN_POINT('',(-8.755E0,-1.925E0,1.1E0));
#2096=LINE('',#2095,#2094);
#2097=DIRECTION('',(0.E0,-7.071067811865E-1,-7.071067811865E-1));
#2098=VECTOR('',#2097,3.676955262170E-1);
#2099=CARTESIAN_POINT('',(6.485E0,-2.5E0,1.3E0));
#2100=LINE('',#2099,#2098);
#2101=DIRECTION('',(0.E0,0.E0,-1.E0));
#2102=VECTOR('',#2101,1.686815182470E-1);
#2103=CARTESIAN_POINT('',(6.485E0,-2.76E0,1.04E0));
#2104=LINE('',#2103,#2102);
#2105=DIRECTION('',(0.E0,5.735764363510E-1,-8.191520442890E-1));
#2106=VECTOR('',#2105,4.532961668615E-1);
#2107=CARTESIAN_POINT('',(6.485E0,-2.76E0,8.713184817530E-1));
#2108=LINE('',#2107,#2106);
#2109=DIRECTION('',(0.E0,1.E0,0.E0));
#2110=VECTOR('',#2109,5.75E-1);
#2111=CARTESIAN_POINT('',(6.485E0,-2.5E0,1.1E0));
#2112=LINE('',#2111,#2110);
#2113=DIRECTION('',(0.E0,7.071067811865E-1,7.071067811865E-1));
#2114=VECTOR('',#2113,2.474873734153E-1);
#2115=CARTESIAN_POINT('',(6.485E0,-1.925E0,1.1E0));
#2116=LINE('',#2115,#2114);
#2117=DIRECTION('',(0.E0,0.E0,1.E0));
#2118=VECTOR('',#2117,7.25E-1);
#2119=CARTESIAN_POINT('',(6.485E0,-1.75E0,1.275E0));
#2120=LINE('',#2119,#2118);
#2121=DIRECTION('',(0.E0,1.E0,0.E0));
#2122=VECTOR('',#2121,5.75E-1);
#2123=CARTESIAN_POINT('',(7.485E0,-2.5E0,1.1E0));
#2124=LINE('',#2123,#2122);
#2125=DIRECTION('',(0.E0,5.735764363510E-1,-8.191520442890E-1));
#2126=VECTOR('',#2125,4.532961668615E-1);
#2127=CARTESIAN_POINT('',(7.485E0,-2.76E0,8.713184817530E-1));
#2128=LINE('',#2127,#2126);
#2129=DIRECTION('',(0.E0,0.E0,-1.E0));
#2130=VECTOR('',#2129,1.686815182470E-1);
#2131=CARTESIAN_POINT('',(7.485E0,-2.76E0,1.04E0));
#2132=LINE('',#2131,#2130);
#2133=DIRECTION('',(0.E0,-7.071067811865E-1,-7.071067811865E-1));
#2134=VECTOR('',#2133,3.676955262170E-1);
#2135=CARTESIAN_POINT('',(7.485E0,-2.5E0,1.3E0));
#2136=LINE('',#2135,#2134);
#2137=DIRECTION('',(0.E0,0.E0,1.E0));
#2138=VECTOR('',#2137,7.25E-1);
#2139=CARTESIAN_POINT('',(7.485E0,-1.75E0,1.275E0));
#2140=LINE('',#2139,#2138);
#2141=DIRECTION('',(0.E0,7.071067811865E-1,7.071067811865E-1));
#2142=VECTOR('',#2141,2.474873734153E-1);
#2143=CARTESIAN_POINT('',(7.485E0,-1.925E0,1.1E0));
#2144=LINE('',#2143,#2142);
#2145=DIRECTION('',(1.E0,0.E0,0.E0));
#2146=VECTOR('',#2145,1.92E0);
#2147=CARTESIAN_POINT('',(7.485E0,-1.925E0,1.1E0));
#2148=LINE('',#2147,#2146);
#2149=DIRECTION('',(-1.E0,0.E0,0.E0));
#2150=VECTOR('',#2149,1.92E0);
#2151=CARTESIAN_POINT('',(9.405E0,-2.5E0,1.1E0));
#2152=LINE('',#2151,#2150);
#2153=DIRECTION('',(1.E0,0.E0,0.E0));
#2154=VECTOR('',#2153,1.92E0);
#2155=CARTESIAN_POINT('',(7.485E0,-1.75E0,1.275E0));
#2156=LINE('',#2155,#2154);
#2157=DIRECTION('',(1.E0,0.E0,0.E0));
#2158=VECTOR('',#2157,1.72E0);
#2159=CARTESIAN_POINT('',(7.485E0,-1.75E0,2.E0));
#2160=LINE('',#2159,#2158);
#2161=DIRECTION('',(0.E0,0.E0,-1.E0));
#2162=VECTOR('',#2161,9.25E-1);
#2163=CARTESIAN_POINT('',(9.405E0,-1.75E0,2.2E0));
#2164=LINE('',#2163,#2162);
#2165=DIRECTION('',(1.E0,0.E0,0.E0));
#2166=VECTOR('',#2165,1.E0);
#2167=CARTESIAN_POINT('',(6.485E0,-2.76E0,8.713184817530E-1));
#2168=LINE('',#2167,#2166);
#2169=DIRECTION('',(1.E0,0.E0,0.E0));
#2170=VECTOR('',#2169,1.E0);
#2171=CARTESIAN_POINT('',(6.485E0,-2.76E0,1.04E0));
#2172=LINE('',#2171,#2170);
#2173=DIRECTION('',(0.E0,0.E0,1.E0));
#2174=VECTOR('',#2173,7.25E-1);
#2175=CARTESIAN_POINT('',(4.945E0,-1.75E0,1.275E0));
#2176=LINE('',#2175,#2174);
#2177=DIRECTION('',(0.E0,7.071067811865E-1,7.071067811865E-1));
#2178=VECTOR('',#2177,2.474873734153E-1);
#2179=CARTESIAN_POINT('',(4.945E0,-1.925E0,1.1E0));
#2180=LINE('',#2179,#2178);
#2181=DIRECTION('',(0.E0,1.E0,0.E0));
#2182=VECTOR('',#2181,5.75E-1);
#2183=CARTESIAN_POINT('',(4.945E0,-2.5E0,1.1E0));
#2184=LINE('',#2183,#2182);
#2185=DIRECTION('',(-1.E0,0.E0,0.E0));
#2186=VECTOR('',#2185,1.54E0);
#2187=CARTESIAN_POINT('',(6.485E0,-1.75E0,1.275E0));
#2188=LINE('',#2187,#2186);
#2189=DIRECTION('',(-1.E0,0.E0,0.E0));
#2190=VECTOR('',#2189,1.54E0);
#2191=CARTESIAN_POINT('',(6.485E0,-1.925E0,1.1E0));
#2192=LINE('',#2191,#2190);
#2193=DIRECTION('',(0.E0,0.E0,-1.E0));
#2194=VECTOR('',#2193,9.5E-1);
#2195=CARTESIAN_POINT('',(1.018E1,-1.73E0,0.E0));
#2196=LINE('',#2195,#2194);
#2197=DIRECTION('',(0.E0,0.E0,-1.E0));
#2198=VECTOR('',#2197,9.5E-1);
#2199=CARTESIAN_POINT('',(9.18E0,-1.73E0,0.E0));
#2200=LINE('',#2199,#2198);
#2201=DIRECTION('',(0.E0,0.E0,-1.E0));
#2202=VECTOR('',#2201,9.5E-1);
#2203=CARTESIAN_POINT('',(9.18E0,-2.5E0,0.E0));
#2204=LINE('',#2203,#2202);
#2205=DIRECTION('',(0.E0,1.E0,0.E0));
#2206=VECTOR('',#2205,7.7E-1);
#2207=CARTESIAN_POINT('',(9.18E0,-2.5E0,-9.5E-1));
#2208=LINE('',#2207,#2206);
#2209=DIRECTION('',(-1.E0,0.E0,0.E0));
#2210=VECTOR('',#2209,1.E0);
#2211=CARTESIAN_POINT('',(1.018E1,-2.5E0,-9.5E-1));
#2212=LINE('',#2211,#2210);
#2213=DIRECTION('',(0.E0,-1.E0,0.E0));
#2214=VECTOR('',#2213,7.7E-1);
#2215=CARTESIAN_POINT('',(1.018E1,-1.73E0,-9.5E-1));
#2216=LINE('',#2215,#2214);
#2217=DIRECTION('',(1.E0,0.E0,0.E0));
#2218=VECTOR('',#2217,1.E0);
#2219=CARTESIAN_POINT('',(9.18E0,-1.73E0,-9.5E-1));
#2220=LINE('',#2219,#2218);
#2221=DIRECTION('',(-1.E0,0.E0,0.E0));
#2222=VECTOR('',#2221,1.E0);
#2223=CARTESIAN_POINT('',(-9.18E0,-2.5E0,-9.5E-1));
#2224=LINE('',#2223,#2222);
#2225=DIRECTION('',(0.E0,-1.E0,0.E0));
#2226=VECTOR('',#2225,7.7E-1);
#2227=CARTESIAN_POINT('',(-9.18E0,-1.73E0,-9.5E-1));
#2228=LINE('',#2227,#2226);
#2229=DIRECTION('',(1.E0,0.E0,0.E0));
#2230=VECTOR('',#2229,1.E0);
#2231=CARTESIAN_POINT('',(-1.018E1,-1.73E0,-9.5E-1));
#2232=LINE('',#2231,#2230);
#2233=DIRECTION('',(0.E0,1.E0,0.E0));
#2234=VECTOR('',#2233,7.7E-1);
#2235=CARTESIAN_POINT('',(-1.018E1,-2.5E0,-9.5E-1));
#2236=LINE('',#2235,#2234);
#2237=DIRECTION('',(0.E0,0.E0,-1.E0));
#2238=VECTOR('',#2237,9.5E-1);
#2239=CARTESIAN_POINT('',(-9.18E0,-1.73E0,0.E0));
#2240=LINE('',#2239,#2238);
#2241=DIRECTION('',(0.E0,0.E0,-1.E0));
#2242=VECTOR('',#2241,9.5E-1);
#2243=CARTESIAN_POINT('',(-1.018E1,-1.73E0,0.E0));
#2244=LINE('',#2243,#2242);
#2245=DIRECTION('',(0.E0,0.E0,-1.E0));
#2246=VECTOR('',#2245,9.5E-1);
#2247=CARTESIAN_POINT('',(-1.018E1,-2.5E0,0.E0));
#2248=LINE('',#2247,#2246);
#2249=DIRECTION('',(0.E0,-1.E0,0.E0));
#2250=VECTOR('',#2249,6.E-1);
#2251=CARTESIAN_POINT('',(7.135E0,2.3E0,0.E0));
#2252=LINE('',#2251,#2250);
#2253=DIRECTION('',(0.E0,0.E0,1.E0));
#2254=VECTOR('',#2253,8.5E-1);
#2255=CARTESIAN_POINT('',(7.135E0,2.3E0,-8.5E-1));
#2256=LINE('',#2255,#2254);
#2257=DIRECTION('',(0.E0,1.E0,0.E0));
#2258=VECTOR('',#2257,2.145E0);
#2259=CARTESIAN_POINT('',(7.135E0,1.55E-1,-8.5E-1));
#2260=LINE('',#2259,#2258);
#2261=DIRECTION('',(0.E0,0.E0,-1.E0));
#2262=VECTOR('',#2261,8.5E-1);
#2263=CARTESIAN_POINT('',(7.135E0,1.55E-1,0.E0));
#2264=LINE('',#2263,#2262);
#2265=DIRECTION('',(0.E0,0.E0,-1.E0));
#2266=VECTOR('',#2265,5.25E-1);
#2267=CARTESIAN_POINT('',(7.135E0,-2.5E0,0.E0));
#2268=LINE('',#2267,#2266);
#2269=DIRECTION('',(0.E0,0.E0,1.E0));
#2270=VECTOR('',#2269,8.5E-1);
#2271=CARTESIAN_POINT('',(7.135E0,-1.55E-1,-8.5E-1));
#2272=LINE('',#2271,#2270);
#2273=DIRECTION('',(0.E0,1.E0,0.E0));
#2274=VECTOR('',#2273,1.595E0);
#2275=CARTESIAN_POINT('',(7.135E0,-1.75E0,-8.5E-1));
#2276=LINE('',#2275,#2274);
#2277=DIRECTION('',(0.E0,0.E0,1.E0));
#2278=VECTOR('',#2277,2.25E-1);
#2279=CARTESIAN_POINT('',(7.135E0,-1.75E0,-1.075E0));
#2280=LINE('',#2279,#2278);
#2281=DIRECTION('',(0.E0,1.E0,0.E0));
#2282=VECTOR('',#2281,1.7E0);
#2283=CARTESIAN_POINT('',(7.135E0,-3.45E0,-1.075E0));
#2284=LINE('',#2283,#2282);
#2285=DIRECTION('',(0.E0,0.E0,-1.E0));
#2286=VECTOR('',#2285,5.5E-1);
#2287=CARTESIAN_POINT('',(7.135E0,-3.45E0,-5.25E-1));
#2288=LINE('',#2287,#2286);
#2289=DIRECTION('',(0.E0,-1.E0,0.E0));
#2290=VECTOR('',#2289,9.5E-1);
#2291=CARTESIAN_POINT('',(7.135E0,-2.5E0,-5.25E-1));
#2292=LINE('',#2291,#2290);
#2293=DIRECTION('',(0.E0,-1.E0,0.E0));
#2294=VECTOR('',#2293,1.65E0);
#2295=CARTESIAN_POINT('',(7.135E0,8.25E-1,3.6E0));
#2296=LINE('',#2295,#2294);
#2297=DIRECTION('',(0.E0,0.E0,1.E0));
#2298=VECTOR('',#2297,1.6E0);
#2299=CARTESIAN_POINT('',(7.135E0,8.25E-1,2.E0));
#2300=LINE('',#2299,#2298);
#2301=DIRECTION('',(0.E0,0.E0,-1.E0));
#2302=VECTOR('',#2301,1.6E0);
#2303=CARTESIAN_POINT('',(7.135E0,-8.25E-1,3.6E0));
#2304=LINE('',#2303,#2302);
#2305=DIRECTION('',(1.E0,0.E0,0.E0));
#2306=VECTOR('',#2305,3.E-1);
#2307=CARTESIAN_POINT('',(6.835E0,2.3E0,0.E0));
#2308=LINE('',#2307,#2306);
#2309=DIRECTION('',(0.E0,-1.E0,0.E0));
#2310=VECTOR('',#2309,6.E-1);
#2311=CARTESIAN_POINT('',(6.835E0,2.3E0,0.E0));
#2312=LINE('',#2311,#2310);
#2313=DIRECTION('',(0.E0,0.E0,-1.E0));
#2314=VECTOR('',#2313,8.5E-1);
#2315=CARTESIAN_POINT('',(6.835E0,1.55E-1,0.E0));
#2316=LINE('',#2315,#2314);
#2317=DIRECTION('',(0.E0,1.E0,0.E0));
#2318=VECTOR('',#2317,2.145E0);
#2319=CARTESIAN_POINT('',(6.835E0,1.55E-1,-8.5E-1));
#2320=LINE('',#2319,#2318);
#2321=DIRECTION('',(0.E0,0.E0,1.E0));
#2322=VECTOR('',#2321,8.5E-1);
#2323=CARTESIAN_POINT('',(6.835E0,2.3E0,-8.5E-1));
#2324=LINE('',#2323,#2322);
#2325=DIRECTION('',(0.E0,0.E0,-1.E0));
#2326=VECTOR('',#2325,5.25E-1);
#2327=CARTESIAN_POINT('',(6.835E0,-2.5E0,0.E0));
#2328=LINE('',#2327,#2326);
#2329=DIRECTION('',(0.E0,-1.E0,0.E0));
#2330=VECTOR('',#2329,9.5E-1);
#2331=CARTESIAN_POINT('',(6.835E0,-2.5E0,-5.25E-1));
#2332=LINE('',#2331,#2330);
#2333=DIRECTION('',(0.E0,0.E0,-1.E0));
#2334=VECTOR('',#2333,5.5E-1);
#2335=CARTESIAN_POINT('',(6.835E0,-3.45E0,-5.25E-1));
#2336=LINE('',#2335,#2334);
#2337=DIRECTION('',(0.E0,1.E0,0.E0));
#2338=VECTOR('',#2337,1.7E0);
#2339=CARTESIAN_POINT('',(6.835E0,-3.45E0,-1.075E0));
#2340=LINE('',#2339,#2338);
#2341=DIRECTION('',(0.E0,0.E0,1.E0));
#2342=VECTOR('',#2341,2.25E-1);
#2343=CARTESIAN_POINT('',(6.835E0,-1.75E0,-1.075E0));
#2344=LINE('',#2343,#2342);
#2345=DIRECTION('',(0.E0,1.E0,0.E0));
#2346=VECTOR('',#2345,1.595E0);
#2347=CARTESIAN_POINT('',(6.835E0,-1.75E0,-8.5E-1));
#2348=LINE('',#2347,#2346);
#2349=DIRECTION('',(0.E0,0.E0,1.E0));
#2350=VECTOR('',#2349,8.5E-1);
#2351=CARTESIAN_POINT('',(6.835E0,-1.55E-1,-8.5E-1));
#2352=LINE('',#2351,#2350);
#2353=DIRECTION('',(0.E0,1.E0,0.E0));
#2354=VECTOR('',#2353,1.65E0);
#2355=CARTESIAN_POINT('',(6.835E0,-8.25E-1,3.6E0));
#2356=LINE('',#2355,#2354);
#2357=DIRECTION('',(0.E0,0.E0,-1.E0));
#2358=VECTOR('',#2357,1.6E0);
#2359=CARTESIAN_POINT('',(6.835E0,-8.25E-1,3.6E0));
#2360=LINE('',#2359,#2358);
#2361=DIRECTION('',(0.E0,0.E0,1.E0));
#2362=VECTOR('',#2361,1.6E0);
#2363=CARTESIAN_POINT('',(6.835E0,8.25E-1,2.E0));
#2364=LINE('',#2363,#2362);
#2365=DIRECTION('',(1.E0,0.E0,0.E0));
#2366=VECTOR('',#2365,3.E-1);
#2367=CARTESIAN_POINT('',(6.835E0,1.55E-1,-8.5E-1));
#2368=LINE('',#2367,#2366);
#2369=DIRECTION('',(1.E0,0.E0,0.E0));
#2370=VECTOR('',#2369,3.E-1);
#2371=CARTESIAN_POINT('',(6.835E0,2.3E0,-8.5E-1));
#2372=LINE('',#2371,#2370);
#2373=DIRECTION('',(1.E0,0.E0,0.E0));
#2374=VECTOR('',#2373,3.E-1);
#2375=CARTESIAN_POINT('',(6.835E0,-2.5E0,-5.25E-1));
#2376=LINE('',#2375,#2374);
#2377=DIRECTION('',(1.E0,0.E0,0.E0));
#2378=VECTOR('',#2377,3.E-1);
#2379=CARTESIAN_POINT('',(6.835E0,-3.45E0,-5.25E-1));
#2380=LINE('',#2379,#2378);
#2381=DIRECTION('',(1.E0,0.E0,0.E0));
#2382=VECTOR('',#2381,3.E-1);
#2383=CARTESIAN_POINT('',(6.835E0,-3.45E0,-1.075E0));
#2384=LINE('',#2383,#2382);
#2385=DIRECTION('',(1.E0,0.E0,0.E0));
#2386=VECTOR('',#2385,3.E-1);
#2387=CARTESIAN_POINT('',(6.835E0,-1.75E0,-1.075E0));
#2388=LINE('',#2387,#2386);
#2389=DIRECTION('',(1.E0,0.E0,0.E0));
#2390=VECTOR('',#2389,3.E-1);
#2391=CARTESIAN_POINT('',(6.835E0,-1.75E0,-8.5E-1));
#2392=LINE('',#2391,#2390);
#2393=DIRECTION('',(1.E0,0.E0,0.E0));
#2394=VECTOR('',#2393,3.E-1);
#2395=CARTESIAN_POINT('',(6.835E0,-1.55E-1,-8.5E-1));
#2396=LINE('',#2395,#2394);
#2397=DIRECTION('',(1.961161351382E-1,0.E0,-9.805806756909E-1));
#2398=VECTOR('',#2397,5.099019513593E-1);
#2399=CARTESIAN_POINT('',(7.035E0,8.25E-1,4.1E0));
#2400=LINE('',#2399,#2398);
#2401=DIRECTION('',(1.961161351382E-1,0.E0,9.805806756909E-1));
#2402=VECTOR('',#2401,5.099019513593E-1);
#2403=CARTESIAN_POINT('',(6.835E0,8.25E-1,3.6E0));
#2404=LINE('',#2403,#2402);
#2405=DIRECTION('',(-1.961161351382E-1,0.E0,9.805806756909E-1));
#2406=VECTOR('',#2405,5.099019513593E-1);
#2407=CARTESIAN_POINT('',(7.135E0,-8.25E-1,3.6E0));
#2408=LINE('',#2407,#2406);
#2409=DIRECTION('',(-1.961161351382E-1,0.E0,-9.805806756909E-1));
#2410=VECTOR('',#2409,5.099019513593E-1);
#2411=CARTESIAN_POINT('',(6.935E0,-8.25E-1,4.1E0));
#2412=LINE('',#2411,#2410);
#2413=DIRECTION('',(1.E0,0.E0,0.E0));
#2414=VECTOR('',#2413,1.E-1);
#2415=CARTESIAN_POINT('',(6.935E0,-8.25E-1,4.1E0));
#2416=LINE('',#2415,#2414);
#2417=DIRECTION('',(0.E0,-1.E0,0.E0));
#2418=VECTOR('',#2417,1.65E0);
#2419=CARTESIAN_POINT('',(7.035E0,8.25E-1,4.1E0));
#2420=LINE('',#2419,#2418);
#2421=DIRECTION('',(0.E0,1.E0,0.E0));
#2422=VECTOR('',#2421,1.65E0);
#2423=CARTESIAN_POINT('',(6.935E0,-8.25E-1,4.1E0));
#2424=LINE('',#2423,#2422);
#2425=DIRECTION('',(1.E0,0.E0,0.E0));
#2426=VECTOR('',#2425,1.E-1);
#2427=CARTESIAN_POINT('',(6.935E0,8.25E-1,4.1E0));
#2428=LINE('',#2427,#2426);
#2429=DIRECTION('',(0.E0,-1.E0,0.E0));
#2430=VECTOR('',#2429,6.E-1);
#2431=CARTESIAN_POINT('',(4.595E0,2.3E0,0.E0));
#2432=LINE('',#2431,#2430);
#2433=DIRECTION('',(0.E0,0.E0,1.E0));
#2434=VECTOR('',#2433,8.5E-1);
#2435=CARTESIAN_POINT('',(4.595E0,2.3E0,-8.5E-1));
#2436=LINE('',#2435,#2434);
#2437=DIRECTION('',(0.E0,1.E0,0.E0));
#2438=VECTOR('',#2437,2.145E0);
#2439=CARTESIAN_POINT('',(4.595E0,1.55E-1,-8.5E-1));
#2440=LINE('',#2439,#2438);
#2441=DIRECTION('',(0.E0,0.E0,-1.E0));
#2442=VECTOR('',#2441,8.5E-1);
#2443=CARTESIAN_POINT('',(4.595E0,1.55E-1,0.E0));
#2444=LINE('',#2443,#2442);
#2445=DIRECTION('',(0.E0,0.E0,-1.E0));
#2446=VECTOR('',#2445,5.25E-1);
#2447=CARTESIAN_POINT('',(4.595E0,-2.5E0,0.E0));
#2448=LINE('',#2447,#2446);
#2449=DIRECTION('',(0.E0,0.E0,1.E0));
#2450=VECTOR('',#2449,8.5E-1);
#2451=CARTESIAN_POINT('',(4.595E0,-1.55E-1,-8.5E-1));
#2452=LINE('',#2451,#2450);
#2453=DIRECTION('',(0.E0,1.E0,0.E0));
#2454=VECTOR('',#2453,1.595E0);
#2455=CARTESIAN_POINT('',(4.595E0,-1.75E0,-8.5E-1));
#2456=LINE('',#2455,#2454);
#2457=DIRECTION('',(0.E0,0.E0,1.E0));
#2458=VECTOR('',#2457,2.25E-1);
#2459=CARTESIAN_POINT('',(4.595E0,-1.75E0,-1.075E0));
#2460=LINE('',#2459,#2458);
#2461=DIRECTION('',(0.E0,1.E0,0.E0));
#2462=VECTOR('',#2461,1.7E0);
#2463=CARTESIAN_POINT('',(4.595E0,-3.45E0,-1.075E0));
#2464=LINE('',#2463,#2462);
#2465=DIRECTION('',(0.E0,0.E0,-1.E0));
#2466=VECTOR('',#2465,5.5E-1);
#2467=CARTESIAN_POINT('',(4.595E0,-3.45E0,-5.25E-1));
#2468=LINE('',#2467,#2466);
#2469=DIRECTION('',(0.E0,-1.E0,0.E0));
#2470=VECTOR('',#2469,9.5E-1);
#2471=CARTESIAN_POINT('',(4.595E0,-2.5E0,-5.25E-1));
#2472=LINE('',#2471,#2470);
#2473=DIRECTION('',(0.E0,-1.E0,0.E0));
#2474=VECTOR('',#2473,1.65E0);
#2475=CARTESIAN_POINT('',(4.595E0,8.25E-1,3.6E0));
#2476=LINE('',#2475,#2474);
#2477=DIRECTION('',(0.E0,0.E0,1.E0));
#2478=VECTOR('',#2477,1.6E0);
#2479=CARTESIAN_POINT('',(4.595E0,8.25E-1,2.E0));
#2480=LINE('',#2479,#2478);
#2481=DIRECTION('',(0.E0,0.E0,-1.E0));
#2482=VECTOR('',#2481,1.6E0);
#2483=CARTESIAN_POINT('',(4.595E0,-8.25E-1,3.6E0));
#2484=LINE('',#2483,#2482);
#2485=DIRECTION('',(1.E0,0.E0,0.E0));
#2486=VECTOR('',#2485,3.E-1);
#2487=CARTESIAN_POINT('',(4.295E0,2.3E0,0.E0));
#2488=LINE('',#2487,#2486);
#2489=DIRECTION('',(0.E0,-1.E0,0.E0));
#2490=VECTOR('',#2489,6.E-1);
#2491=CARTESIAN_POINT('',(4.295E0,2.3E0,0.E0));
#2492=LINE('',#2491,#2490);
#2493=DIRECTION('',(0.E0,0.E0,-1.E0));
#2494=VECTOR('',#2493,8.5E-1);
#2495=CARTESIAN_POINT('',(4.295E0,1.55E-1,0.E0));
#2496=LINE('',#2495,#2494);
#2497=DIRECTION('',(0.E0,1.E0,0.E0));
#2498=VECTOR('',#2497,2.145E0);
#2499=CARTESIAN_POINT('',(4.295E0,1.55E-1,-8.5E-1));
#2500=LINE('',#2499,#2498);
#2501=DIRECTION('',(0.E0,0.E0,1.E0));
#2502=VECTOR('',#2501,8.5E-1);
#2503=CARTESIAN_POINT('',(4.295E0,2.3E0,-8.5E-1));
#2504=LINE('',#2503,#2502);
#2505=DIRECTION('',(0.E0,0.E0,-1.E0));
#2506=VECTOR('',#2505,5.25E-1);
#2507=CARTESIAN_POINT('',(4.295E0,-2.5E0,0.E0));
#2508=LINE('',#2507,#2506);
#2509=DIRECTION('',(0.E0,-1.E0,0.E0));
#2510=VECTOR('',#2509,9.5E-1);
#2511=CARTESIAN_POINT('',(4.295E0,-2.5E0,-5.25E-1));
#2512=LINE('',#2511,#2510);
#2513=DIRECTION('',(0.E0,0.E0,-1.E0));
#2514=VECTOR('',#2513,5.5E-1);
#2515=CARTESIAN_POINT('',(4.295E0,-3.45E0,-5.25E-1));
#2516=LINE('',#2515,#2514);
#2517=DIRECTION('',(0.E0,1.E0,0.E0));
#2518=VECTOR('',#2517,1.7E0);
#2519=CARTESIAN_POINT('',(4.295E0,-3.45E0,-1.075E0));
#2520=LINE('',#2519,#2518);
#2521=DIRECTION('',(0.E0,0.E0,1.E0));
#2522=VECTOR('',#2521,2.25E-1);
#2523=CARTESIAN_POINT('',(4.295E0,-1.75E0,-1.075E0));
#2524=LINE('',#2523,#2522);
#2525=DIRECTION('',(0.E0,1.E0,0.E0));
#2526=VECTOR('',#2525,1.595E0);
#2527=CARTESIAN_POINT('',(4.295E0,-1.75E0,-8.5E-1));
#2528=LINE('',#2527,#2526);
#2529=DIRECTION('',(0.E0,0.E0,1.E0));
#2530=VECTOR('',#2529,8.5E-1);
#2531=CARTESIAN_POINT('',(4.295E0,-1.55E-1,-8.5E-1));
#2532=LINE('',#2531,#2530);
#2533=DIRECTION('',(0.E0,1.E0,0.E0));
#2534=VECTOR('',#2533,1.65E0);
#2535=CARTESIAN_POINT('',(4.295E0,-8.25E-1,3.6E0));
#2536=LINE('',#2535,#2534);
#2537=DIRECTION('',(0.E0,0.E0,-1.E0));
#2538=VECTOR('',#2537,1.6E0);
#2539=CARTESIAN_POINT('',(4.295E0,-8.25E-1,3.6E0));
#2540=LINE('',#2539,#2538);
#2541=DIRECTION('',(0.E0,0.E0,1.E0));
#2542=VECTOR('',#2541,1.6E0);
#2543=CARTESIAN_POINT('',(4.295E0,8.25E-1,2.E0));
#2544=LINE('',#2543,#2542);
#2545=DIRECTION('',(1.E0,0.E0,0.E0));
#2546=VECTOR('',#2545,3.E-1);
#2547=CARTESIAN_POINT('',(4.295E0,1.55E-1,-8.5E-1));
#2548=LINE('',#2547,#2546);
#2549=DIRECTION('',(1.E0,0.E0,0.E0));
#2550=VECTOR('',#2549,3.E-1);
#2551=CARTESIAN_POINT('',(4.295E0,2.3E0,-8.5E-1));
#2552=LINE('',#2551,#2550);
#2553=DIRECTION('',(1.E0,0.E0,0.E0));
#2554=VECTOR('',#2553,3.E-1);
#2555=CARTESIAN_POINT('',(4.295E0,-2.5E0,-5.25E-1));
#2556=LINE('',#2555,#2554);
#2557=DIRECTION('',(1.E0,0.E0,0.E0));
#2558=VECTOR('',#2557,3.E-1);
#2559=CARTESIAN_POINT('',(4.295E0,-3.45E0,-5.25E-1));
#2560=LINE('',#2559,#2558);
#2561=DIRECTION('',(1.E0,0.E0,0.E0));
#2562=VECTOR('',#2561,3.E-1);
#2563=CARTESIAN_POINT('',(4.295E0,-3.45E0,-1.075E0));
#2564=LINE('',#2563,#2562);
#2565=DIRECTION('',(1.E0,0.E0,0.E0));
#2566=VECTOR('',#2565,3.E-1);
#2567=CARTESIAN_POINT('',(4.295E0,-1.75E0,-1.075E0));
#2568=LINE('',#2567,#2566);
#2569=DIRECTION('',(1.E0,0.E0,0.E0));
#2570=VECTOR('',#2569,3.E-1);
#2571=CARTESIAN_POINT('',(4.295E0,-1.75E0,-8.5E-1));
#2572=LINE('',#2571,#2570);
#2573=DIRECTION('',(1.E0,0.E0,0.E0));
#2574=VECTOR('',#2573,3.E-1);
#2575=CARTESIAN_POINT('',(4.295E0,-1.55E-1,-8.5E-1));
#2576=LINE('',#2575,#2574);
#2577=DIRECTION('',(1.961161351382E-1,0.E0,-9.805806756909E-1));
#2578=VECTOR('',#2577,5.099019513593E-1);
#2579=CARTESIAN_POINT('',(4.495E0,8.25E-1,4.1E0));
#2580=LINE('',#2579,#2578);
#2581=DIRECTION('',(1.961161351382E-1,0.E0,9.805806756909E-1));
#2582=VECTOR('',#2581,5.099019513593E-1);
#2583=CARTESIAN_POINT('',(4.295E0,8.25E-1,3.6E0));
#2584=LINE('',#2583,#2582);
#2585=DIRECTION('',(-1.961161351382E-1,0.E0,9.805806756909E-1));
#2586=VECTOR('',#2585,5.099019513593E-1);
#2587=CARTESIAN_POINT('',(4.595E0,-8.25E-1,3.6E0));
#2588=LINE('',#2587,#2586);
#2589=DIRECTION('',(-1.961161351382E-1,0.E0,-9.805806756909E-1));
#2590=VECTOR('',#2589,5.099019513593E-1);
#2591=CARTESIAN_POINT('',(4.395E0,-8.25E-1,4.1E0));
#2592=LINE('',#2591,#2590);
#2593=DIRECTION('',(1.E0,0.E0,0.E0));
#2594=VECTOR('',#2593,1.E-1);
#2595=CARTESIAN_POINT('',(4.395E0,-8.25E-1,4.1E0));
#2596=LINE('',#2595,#2594);
#2597=DIRECTION('',(0.E0,-1.E0,0.E0));
#2598=VECTOR('',#2597,1.65E0);
#2599=CARTESIAN_POINT('',(4.495E0,8.25E-1,4.1E0));
#2600=LINE('',#2599,#2598);
#2601=DIRECTION('',(0.E0,1.E0,0.E0));
#2602=VECTOR('',#2601,1.65E0);
#2603=CARTESIAN_POINT('',(4.395E0,-8.25E-1,4.1E0));
#2604=LINE('',#2603,#2602);
#2605=DIRECTION('',(1.E0,0.E0,0.E0));
#2606=VECTOR('',#2605,1.E-1);
#2607=CARTESIAN_POINT('',(4.395E0,8.25E-1,4.1E0));
#2608=LINE('',#2607,#2606);
#2609=DIRECTION('',(0.E0,-1.E0,0.E0));
#2610=VECTOR('',#2609,6.E-1);
#2611=CARTESIAN_POINT('',(2.055E0,2.3E0,0.E0));
#2612=LINE('',#2611,#2610);
#2613=DIRECTION('',(0.E0,0.E0,1.E0));
#2614=VECTOR('',#2613,8.5E-1);
#2615=CARTESIAN_POINT('',(2.055E0,2.3E0,-8.5E-1));
#2616=LINE('',#2615,#2614);
#2617=DIRECTION('',(0.E0,1.E0,0.E0));
#2618=VECTOR('',#2617,2.145E0);
#2619=CARTESIAN_POINT('',(2.055E0,1.55E-1,-8.5E-1));
#2620=LINE('',#2619,#2618);
#2621=DIRECTION('',(0.E0,0.E0,-1.E0));
#2622=VECTOR('',#2621,8.5E-1);
#2623=CARTESIAN_POINT('',(2.055E0,1.55E-1,0.E0));
#2624=LINE('',#2623,#2622);
#2625=DIRECTION('',(0.E0,0.E0,-1.E0));
#2626=VECTOR('',#2625,5.25E-1);
#2627=CARTESIAN_POINT('',(2.055E0,-2.5E0,0.E0));
#2628=LINE('',#2627,#2626);
#2629=DIRECTION('',(0.E0,0.E0,1.E0));
#2630=VECTOR('',#2629,8.5E-1);
#2631=CARTESIAN_POINT('',(2.055E0,-1.55E-1,-8.5E-1));
#2632=LINE('',#2631,#2630);
#2633=DIRECTION('',(0.E0,1.E0,0.E0));
#2634=VECTOR('',#2633,1.595E0);
#2635=CARTESIAN_POINT('',(2.055E0,-1.75E0,-8.5E-1));
#2636=LINE('',#2635,#2634);
#2637=DIRECTION('',(0.E0,0.E0,1.E0));
#2638=VECTOR('',#2637,2.25E-1);
#2639=CARTESIAN_POINT('',(2.055E0,-1.75E0,-1.075E0));
#2640=LINE('',#2639,#2638);
#2641=DIRECTION('',(0.E0,1.E0,0.E0));
#2642=VECTOR('',#2641,1.7E0);
#2643=CARTESIAN_POINT('',(2.055E0,-3.45E0,-1.075E0));
#2644=LINE('',#2643,#2642);
#2645=DIRECTION('',(0.E0,0.E0,-1.E0));
#2646=VECTOR('',#2645,5.5E-1);
#2647=CARTESIAN_POINT('',(2.055E0,-3.45E0,-5.25E-1));
#2648=LINE('',#2647,#2646);
#2649=DIRECTION('',(0.E0,-1.E0,0.E0));
#2650=VECTOR('',#2649,9.5E-1);
#2651=CARTESIAN_POINT('',(2.055E0,-2.5E0,-5.25E-1));
#2652=LINE('',#2651,#2650);
#2653=DIRECTION('',(0.E0,-1.E0,0.E0));
#2654=VECTOR('',#2653,1.65E0);
#2655=CARTESIAN_POINT('',(2.055E0,8.25E-1,3.6E0));
#2656=LINE('',#2655,#2654);
#2657=DIRECTION('',(0.E0,0.E0,1.E0));
#2658=VECTOR('',#2657,1.6E0);
#2659=CARTESIAN_POINT('',(2.055E0,8.25E-1,2.E0));
#2660=LINE('',#2659,#2658);
#2661=DIRECTION('',(0.E0,0.E0,-1.E0));
#2662=VECTOR('',#2661,1.6E0);
#2663=CARTESIAN_POINT('',(2.055E0,-8.25E-1,3.6E0));
#2664=LINE('',#2663,#2662);
#2665=DIRECTION('',(1.E0,0.E0,0.E0));
#2666=VECTOR('',#2665,3.E-1);
#2667=CARTESIAN_POINT('',(1.755E0,2.3E0,0.E0));
#2668=LINE('',#2667,#2666);
#2669=DIRECTION('',(0.E0,-1.E0,0.E0));
#2670=VECTOR('',#2669,6.E-1);
#2671=CARTESIAN_POINT('',(1.755E0,2.3E0,0.E0));
#2672=LINE('',#2671,#2670);
#2673=DIRECTION('',(0.E0,0.E0,-1.E0));
#2674=VECTOR('',#2673,8.5E-1);
#2675=CARTESIAN_POINT('',(1.755E0,1.55E-1,0.E0));
#2676=LINE('',#2675,#2674);
#2677=DIRECTION('',(0.E0,1.E0,0.E0));
#2678=VECTOR('',#2677,2.145E0);
#2679=CARTESIAN_POINT('',(1.755E0,1.55E-1,-8.5E-1));
#2680=LINE('',#2679,#2678);
#2681=DIRECTION('',(0.E0,0.E0,1.E0));
#2682=VECTOR('',#2681,8.5E-1);
#2683=CARTESIAN_POINT('',(1.755E0,2.3E0,-8.5E-1));
#2684=LINE('',#2683,#2682);
#2685=DIRECTION('',(0.E0,0.E0,-1.E0));
#2686=VECTOR('',#2685,5.25E-1);
#2687=CARTESIAN_POINT('',(1.755E0,-2.5E0,0.E0));
#2688=LINE('',#2687,#2686);
#2689=DIRECTION('',(0.E0,-1.E0,0.E0));
#2690=VECTOR('',#2689,9.5E-1);
#2691=CARTESIAN_POINT('',(1.755E0,-2.5E0,-5.25E-1));
#2692=LINE('',#2691,#2690);
#2693=DIRECTION('',(0.E0,0.E0,-1.E0));
#2694=VECTOR('',#2693,5.5E-1);
#2695=CARTESIAN_POINT('',(1.755E0,-3.45E0,-5.25E-1));
#2696=LINE('',#2695,#2694);
#2697=DIRECTION('',(0.E0,1.E0,0.E0));
#2698=VECTOR('',#2697,1.7E0);
#2699=CARTESIAN_POINT('',(1.755E0,-3.45E0,-1.075E0));
#2700=LINE('',#2699,#2698);
#2701=DIRECTION('',(0.E0,0.E0,1.E0));
#2702=VECTOR('',#2701,2.25E-1);
#2703=CARTESIAN_POINT('',(1.755E0,-1.75E0,-1.075E0));
#2704=LINE('',#2703,#2702);
#2705=DIRECTION('',(0.E0,1.E0,0.E0));
#2706=VECTOR('',#2705,1.595E0);
#2707=CARTESIAN_POINT('',(1.755E0,-1.75E0,-8.5E-1));
#2708=LINE('',#2707,#2706);
#2709=DIRECTION('',(0.E0,0.E0,1.E0));
#2710=VECTOR('',#2709,8.5E-1);
#2711=CARTESIAN_POINT('',(1.755E0,-1.55E-1,-8.5E-1));
#2712=LINE('',#2711,#2710);
#2713=DIRECTION('',(0.E0,1.E0,0.E0));
#2714=VECTOR('',#2713,1.65E0);
#2715=CARTESIAN_POINT('',(1.755E0,-8.25E-1,3.6E0));
#2716=LINE('',#2715,#2714);
#2717=DIRECTION('',(0.E0,0.E0,-1.E0));
#2718=VECTOR('',#2717,1.6E0);
#2719=CARTESIAN_POINT('',(1.755E0,-8.25E-1,3.6E0));
#2720=LINE('',#2719,#2718);
#2721=DIRECTION('',(0.E0,0.E0,1.E0));
#2722=VECTOR('',#2721,1.6E0);
#2723=CARTESIAN_POINT('',(1.755E0,8.25E-1,2.E0));
#2724=LINE('',#2723,#2722);
#2725=DIRECTION('',(1.E0,0.E0,0.E0));
#2726=VECTOR('',#2725,3.E-1);
#2727=CARTESIAN_POINT('',(1.755E0,1.55E-1,-8.5E-1));
#2728=LINE('',#2727,#2726);
#2729=DIRECTION('',(1.E0,0.E0,0.E0));
#2730=VECTOR('',#2729,3.E-1);
#2731=CARTESIAN_POINT('',(1.755E0,2.3E0,-8.5E-1));
#2732=LINE('',#2731,#2730);
#2733=DIRECTION('',(1.E0,0.E0,0.E0));
#2734=VECTOR('',#2733,3.E-1);
#2735=CARTESIAN_POINT('',(1.755E0,-2.5E0,-5.25E-1));
#2736=LINE('',#2735,#2734);
#2737=DIRECTION('',(1.E0,0.E0,0.E0));
#2738=VECTOR('',#2737,3.E-1);
#2739=CARTESIAN_POINT('',(1.755E0,-3.45E0,-5.25E-1));
#2740=LINE('',#2739,#2738);
#2741=DIRECTION('',(1.E0,0.E0,0.E0));
#2742=VECTOR('',#2741,3.E-1);
#2743=CARTESIAN_POINT('',(1.755E0,-3.45E0,-1.075E0));
#2744=LINE('',#2743,#2742);
#2745=DIRECTION('',(1.E0,0.E0,0.E0));
#2746=VECTOR('',#2745,3.E-1);
#2747=CARTESIAN_POINT('',(1.755E0,-1.75E0,-1.075E0));
#2748=LINE('',#2747,#2746);
#2749=DIRECTION('',(1.E0,0.E0,0.E0));
#2750=VECTOR('',#2749,3.E-1);
#2751=CARTESIAN_POINT('',(1.755E0,-1.75E0,-8.5E-1));
#2752=LINE('',#2751,#2750);
#2753=DIRECTION('',(1.E0,0.E0,0.E0));
#2754=VECTOR('',#2753,3.E-1);
#2755=CARTESIAN_POINT('',(1.755E0,-1.55E-1,-8.5E-1));
#2756=LINE('',#2755,#2754);
#2757=DIRECTION('',(1.961161351382E-1,0.E0,-9.805806756909E-1));
#2758=VECTOR('',#2757,5.099019513593E-1);
#2759=CARTESIAN_POINT('',(1.955E0,8.25E-1,4.1E0));
#2760=LINE('',#2759,#2758);
#2761=DIRECTION('',(1.961161351382E-1,0.E0,9.805806756909E-1));
#2762=VECTOR('',#2761,5.099019513593E-1);
#2763=CARTESIAN_POINT('',(1.755E0,8.25E-1,3.6E0));
#2764=LINE('',#2763,#2762);
#2765=DIRECTION('',(-1.961161351382E-1,0.E0,9.805806756909E-1));
#2766=VECTOR('',#2765,5.099019513593E-1);
#2767=CARTESIAN_POINT('',(2.055E0,-8.25E-1,3.6E0));
#2768=LINE('',#2767,#2766);
#2769=DIRECTION('',(-1.961161351382E-1,0.E0,-9.805806756909E-1));
#2770=VECTOR('',#2769,5.099019513593E-1);
#2771=CARTESIAN_POINT('',(1.855E0,-8.25E-1,4.1E0));
#2772=LINE('',#2771,#2770);
#2773=DIRECTION('',(1.E0,0.E0,0.E0));
#2774=VECTOR('',#2773,1.E-1);
#2775=CARTESIAN_POINT('',(1.855E0,-8.25E-1,4.1E0));
#2776=LINE('',#2775,#2774);
#2777=DIRECTION('',(0.E0,-1.E0,0.E0));
#2778=VECTOR('',#2777,1.65E0);
#2779=CARTESIAN_POINT('',(1.955E0,8.25E-1,4.1E0));
#2780=LINE('',#2779,#2778);
#2781=DIRECTION('',(0.E0,1.E0,0.E0));
#2782=VECTOR('',#2781,1.65E0);
#2783=CARTESIAN_POINT('',(1.855E0,-8.25E-1,4.1E0));
#2784=LINE('',#2783,#2782);
#2785=DIRECTION('',(1.E0,0.E0,0.E0));
#2786=VECTOR('',#2785,1.E-1);
#2787=CARTESIAN_POINT('',(1.855E0,8.25E-1,4.1E0));
#2788=LINE('',#2787,#2786);
#2789=DIRECTION('',(0.E0,-1.E0,0.E0));
#2790=VECTOR('',#2789,6.E-1);
#2791=CARTESIAN_POINT('',(-4.85E-1,2.3E0,0.E0));
#2792=LINE('',#2791,#2790);
#2793=DIRECTION('',(0.E0,0.E0,1.E0));
#2794=VECTOR('',#2793,8.5E-1);
#2795=CARTESIAN_POINT('',(-4.85E-1,2.3E0,-8.5E-1));
#2796=LINE('',#2795,#2794);
#2797=DIRECTION('',(0.E0,1.E0,0.E0));
#2798=VECTOR('',#2797,2.145E0);
#2799=CARTESIAN_POINT('',(-4.85E-1,1.55E-1,-8.5E-1));
#2800=LINE('',#2799,#2798);
#2801=DIRECTION('',(0.E0,0.E0,-1.E0));
#2802=VECTOR('',#2801,8.5E-1);
#2803=CARTESIAN_POINT('',(-4.85E-1,1.55E-1,0.E0));
#2804=LINE('',#2803,#2802);
#2805=DIRECTION('',(0.E0,0.E0,-1.E0));
#2806=VECTOR('',#2805,5.25E-1);
#2807=CARTESIAN_POINT('',(-4.85E-1,-2.5E0,0.E0));
#2808=LINE('',#2807,#2806);
#2809=DIRECTION('',(0.E0,0.E0,1.E0));
#2810=VECTOR('',#2809,8.5E-1);
#2811=CARTESIAN_POINT('',(-4.85E-1,-1.55E-1,-8.5E-1));
#2812=LINE('',#2811,#2810);
#2813=DIRECTION('',(0.E0,1.E0,0.E0));
#2814=VECTOR('',#2813,1.595E0);
#2815=CARTESIAN_POINT('',(-4.85E-1,-1.75E0,-8.5E-1));
#2816=LINE('',#2815,#2814);
#2817=DIRECTION('',(0.E0,0.E0,1.E0));
#2818=VECTOR('',#2817,2.25E-1);
#2819=CARTESIAN_POINT('',(-4.85E-1,-1.75E0,-1.075E0));
#2820=LINE('',#2819,#2818);
#2821=DIRECTION('',(0.E0,1.E0,0.E0));
#2822=VECTOR('',#2821,1.7E0);
#2823=CARTESIAN_POINT('',(-4.85E-1,-3.45E0,-1.075E0));
#2824=LINE('',#2823,#2822);
#2825=DIRECTION('',(0.E0,0.E0,-1.E0));
#2826=VECTOR('',#2825,5.5E-1);
#2827=CARTESIAN_POINT('',(-4.85E-1,-3.45E0,-5.25E-1));
#2828=LINE('',#2827,#2826);
#2829=DIRECTION('',(0.E0,-1.E0,0.E0));
#2830=VECTOR('',#2829,9.5E-1);
#2831=CARTESIAN_POINT('',(-4.85E-1,-2.5E0,-5.25E-1));
#2832=LINE('',#2831,#2830);
#2833=DIRECTION('',(0.E0,-1.E0,0.E0));
#2834=VECTOR('',#2833,1.65E0);
#2835=CARTESIAN_POINT('',(-4.85E-1,8.25E-1,3.6E0));
#2836=LINE('',#2835,#2834);
#2837=DIRECTION('',(0.E0,0.E0,1.E0));
#2838=VECTOR('',#2837,1.6E0);
#2839=CARTESIAN_POINT('',(-4.85E-1,8.25E-1,2.E0));
#2840=LINE('',#2839,#2838);
#2841=DIRECTION('',(0.E0,0.E0,-1.E0));
#2842=VECTOR('',#2841,1.6E0);
#2843=CARTESIAN_POINT('',(-4.85E-1,-8.25E-1,3.6E0));
#2844=LINE('',#2843,#2842);
#2845=DIRECTION('',(1.E0,0.E0,0.E0));
#2846=VECTOR('',#2845,3.E-1);
#2847=CARTESIAN_POINT('',(-7.85E-1,2.3E0,0.E0));
#2848=LINE('',#2847,#2846);
#2849=DIRECTION('',(0.E0,-1.E0,0.E0));
#2850=VECTOR('',#2849,6.E-1);
#2851=CARTESIAN_POINT('',(-7.85E-1,2.3E0,0.E0));
#2852=LINE('',#2851,#2850);
#2853=DIRECTION('',(0.E0,0.E0,-1.E0));
#2854=VECTOR('',#2853,8.5E-1);
#2855=CARTESIAN_POINT('',(-7.85E-1,1.55E-1,0.E0));
#2856=LINE('',#2855,#2854);
#2857=DIRECTION('',(0.E0,1.E0,0.E0));
#2858=VECTOR('',#2857,2.145E0);
#2859=CARTESIAN_POINT('',(-7.85E-1,1.55E-1,-8.5E-1));
#2860=LINE('',#2859,#2858);
#2861=DIRECTION('',(0.E0,0.E0,1.E0));
#2862=VECTOR('',#2861,8.5E-1);
#2863=CARTESIAN_POINT('',(-7.85E-1,2.3E0,-8.5E-1));
#2864=LINE('',#2863,#2862);
#2865=DIRECTION('',(0.E0,0.E0,-1.E0));
#2866=VECTOR('',#2865,5.25E-1);
#2867=CARTESIAN_POINT('',(-7.85E-1,-2.5E0,0.E0));
#2868=LINE('',#2867,#2866);
#2869=DIRECTION('',(0.E0,-1.E0,0.E0));
#2870=VECTOR('',#2869,9.5E-1);
#2871=CARTESIAN_POINT('',(-7.85E-1,-2.5E0,-5.25E-1));
#2872=LINE('',#2871,#2870);
#2873=DIRECTION('',(0.E0,0.E0,-1.E0));
#2874=VECTOR('',#2873,5.5E-1);
#2875=CARTESIAN_POINT('',(-7.85E-1,-3.45E0,-5.25E-1));
#2876=LINE('',#2875,#2874);
#2877=DIRECTION('',(0.E0,1.E0,0.E0));
#2878=VECTOR('',#2877,1.7E0);
#2879=CARTESIAN_POINT('',(-7.85E-1,-3.45E0,-1.075E0));
#2880=LINE('',#2879,#2878);
#2881=DIRECTION('',(0.E0,0.E0,1.E0));
#2882=VECTOR('',#2881,2.25E-1);
#2883=CARTESIAN_POINT('',(-7.85E-1,-1.75E0,-1.075E0));
#2884=LINE('',#2883,#2882);
#2885=DIRECTION('',(0.E0,1.E0,0.E0));
#2886=VECTOR('',#2885,1.595E0);
#2887=CARTESIAN_POINT('',(-7.85E-1,-1.75E0,-8.5E-1));
#2888=LINE('',#2887,#2886);
#2889=DIRECTION('',(0.E0,0.E0,1.E0));
#2890=VECTOR('',#2889,8.5E-1);
#2891=CARTESIAN_POINT('',(-7.85E-1,-1.55E-1,-8.5E-1));
#2892=LINE('',#2891,#2890);
#2893=DIRECTION('',(0.E0,1.E0,0.E0));
#2894=VECTOR('',#2893,1.65E0);
#2895=CARTESIAN_POINT('',(-7.85E-1,-8.25E-1,3.6E0));
#2896=LINE('',#2895,#2894);
#2897=DIRECTION('',(0.E0,0.E0,-1.E0));
#2898=VECTOR('',#2897,1.6E0);
#2899=CARTESIAN_POINT('',(-7.85E-1,-8.25E-1,3.6E0));
#2900=LINE('',#2899,#2898);
#2901=DIRECTION('',(0.E0,0.E0,1.E0));
#2902=VECTOR('',#2901,1.6E0);
#2903=CARTESIAN_POINT('',(-7.85E-1,8.25E-1,2.E0));
#2904=LINE('',#2903,#2902);
#2905=DIRECTION('',(1.E0,0.E0,0.E0));
#2906=VECTOR('',#2905,3.E-1);
#2907=CARTESIAN_POINT('',(-7.85E-1,1.55E-1,-8.5E-1));
#2908=LINE('',#2907,#2906);
#2909=DIRECTION('',(1.E0,0.E0,0.E0));
#2910=VECTOR('',#2909,3.E-1);
#2911=CARTESIAN_POINT('',(-7.85E-1,2.3E0,-8.5E-1));
#2912=LINE('',#2911,#2910);
#2913=DIRECTION('',(1.E0,0.E0,0.E0));
#2914=VECTOR('',#2913,3.E-1);
#2915=CARTESIAN_POINT('',(-7.85E-1,-2.5E0,-5.25E-1));
#2916=LINE('',#2915,#2914);
#2917=DIRECTION('',(1.E0,0.E0,0.E0));
#2918=VECTOR('',#2917,3.E-1);
#2919=CARTESIAN_POINT('',(-7.85E-1,-3.45E0,-5.25E-1));
#2920=LINE('',#2919,#2918);
#2921=DIRECTION('',(1.E0,0.E0,0.E0));
#2922=VECTOR('',#2921,3.E-1);
#2923=CARTESIAN_POINT('',(-7.85E-1,-3.45E0,-1.075E0));
#2924=LINE('',#2923,#2922);
#2925=DIRECTION('',(1.E0,0.E0,0.E0));
#2926=VECTOR('',#2925,3.E-1);
#2927=CARTESIAN_POINT('',(-7.85E-1,-1.75E0,-1.075E0));
#2928=LINE('',#2927,#2926);
#2929=DIRECTION('',(1.E0,0.E0,0.E0));
#2930=VECTOR('',#2929,3.E-1);
#2931=CARTESIAN_POINT('',(-7.85E-1,-1.75E0,-8.5E-1));
#2932=LINE('',#2931,#2930);
#2933=DIRECTION('',(1.E0,0.E0,0.E0));
#2934=VECTOR('',#2933,3.E-1);
#2935=CARTESIAN_POINT('',(-7.85E-1,-1.55E-1,-8.5E-1));
#2936=LINE('',#2935,#2934);
#2937=DIRECTION('',(1.961161351382E-1,0.E0,-9.805806756909E-1));
#2938=VECTOR('',#2937,5.099019513593E-1);
#2939=CARTESIAN_POINT('',(-5.85E-1,8.25E-1,4.1E0));
#2940=LINE('',#2939,#2938);
#2941=DIRECTION('',(1.961161351382E-1,0.E0,9.805806756909E-1));
#2942=VECTOR('',#2941,5.099019513593E-1);
#2943=CARTESIAN_POINT('',(-7.85E-1,8.25E-1,3.6E0));
#2944=LINE('',#2943,#2942);
#2945=DIRECTION('',(-1.961161351382E-1,0.E0,9.805806756909E-1));
#2946=VECTOR('',#2945,5.099019513593E-1);
#2947=CARTESIAN_POINT('',(-4.85E-1,-8.25E-1,3.6E0));
#2948=LINE('',#2947,#2946);
#2949=DIRECTION('',(-1.961161351382E-1,0.E0,-9.805806756909E-1));
#2950=VECTOR('',#2949,5.099019513593E-1);
#2951=CARTESIAN_POINT('',(-6.85E-1,-8.25E-1,4.1E0));
#2952=LINE('',#2951,#2950);
#2953=DIRECTION('',(1.E0,0.E0,0.E0));
#2954=VECTOR('',#2953,1.E-1);
#2955=CARTESIAN_POINT('',(-6.85E-1,-8.25E-1,4.1E0));
#2956=LINE('',#2955,#2954);
#2957=DIRECTION('',(0.E0,-1.E0,0.E0));
#2958=VECTOR('',#2957,1.65E0);
#2959=CARTESIAN_POINT('',(-5.85E-1,8.25E-1,4.1E0));
#2960=LINE('',#2959,#2958);
#2961=DIRECTION('',(0.E0,1.E0,0.E0));
#2962=VECTOR('',#2961,1.65E0);
#2963=CARTESIAN_POINT('',(-6.85E-1,-8.25E-1,4.1E0));
#2964=LINE('',#2963,#2962);
#2965=DIRECTION('',(1.E0,0.E0,0.E0));
#2966=VECTOR('',#2965,1.E-1);
#2967=CARTESIAN_POINT('',(-6.85E-1,8.25E-1,4.1E0));
#2968=LINE('',#2967,#2966);
#2969=DIRECTION('',(0.E0,-1.E0,0.E0));
#2970=VECTOR('',#2969,6.E-1);
#2971=CARTESIAN_POINT('',(-3.025E0,2.3E0,0.E0));
#2972=LINE('',#2971,#2970);
#2973=DIRECTION('',(0.E0,0.E0,1.E0));
#2974=VECTOR('',#2973,8.5E-1);
#2975=CARTESIAN_POINT('',(-3.025E0,2.3E0,-8.5E-1));
#2976=LINE('',#2975,#2974);
#2977=DIRECTION('',(0.E0,1.E0,0.E0));
#2978=VECTOR('',#2977,2.145E0);
#2979=CARTESIAN_POINT('',(-3.025E0,1.55E-1,-8.5E-1));
#2980=LINE('',#2979,#2978);
#2981=DIRECTION('',(0.E0,0.E0,-1.E0));
#2982=VECTOR('',#2981,8.5E-1);
#2983=CARTESIAN_POINT('',(-3.025E0,1.55E-1,0.E0));
#2984=LINE('',#2983,#2982);
#2985=DIRECTION('',(0.E0,0.E0,-1.E0));
#2986=VECTOR('',#2985,5.25E-1);
#2987=CARTESIAN_POINT('',(-3.025E0,-2.5E0,0.E0));
#2988=LINE('',#2987,#2986);
#2989=DIRECTION('',(0.E0,0.E0,1.E0));
#2990=VECTOR('',#2989,8.5E-1);
#2991=CARTESIAN_POINT('',(-3.025E0,-1.55E-1,-8.5E-1));
#2992=LINE('',#2991,#2990);
#2993=DIRECTION('',(0.E0,1.E0,0.E0));
#2994=VECTOR('',#2993,1.595E0);
#2995=CARTESIAN_POINT('',(-3.025E0,-1.75E0,-8.5E-1));
#2996=LINE('',#2995,#2994);
#2997=DIRECTION('',(0.E0,0.E0,1.E0));
#2998=VECTOR('',#2997,2.25E-1);
#2999=CARTESIAN_POINT('',(-3.025E0,-1.75E0,-1.075E0));
#3000=LINE('',#2999,#2998);
#3001=DIRECTION('',(0.E0,1.E0,0.E0));
#3002=VECTOR('',#3001,1.7E0);
#3003=CARTESIAN_POINT('',(-3.025E0,-3.45E0,-1.075E0));
#3004=LINE('',#3003,#3002);
#3005=DIRECTION('',(0.E0,0.E0,-1.E0));
#3006=VECTOR('',#3005,5.5E-1);
#3007=CARTESIAN_POINT('',(-3.025E0,-3.45E0,-5.25E-1));
#3008=LINE('',#3007,#3006);
#3009=DIRECTION('',(0.E0,-1.E0,0.E0));
#3010=VECTOR('',#3009,9.5E-1);
#3011=CARTESIAN_POINT('',(-3.025E0,-2.5E0,-5.25E-1));
#3012=LINE('',#3011,#3010);
#3013=DIRECTION('',(0.E0,-1.E0,0.E0));
#3014=VECTOR('',#3013,1.65E0);
#3015=CARTESIAN_POINT('',(-3.025E0,8.25E-1,3.6E0));
#3016=LINE('',#3015,#3014);
#3017=DIRECTION('',(0.E0,0.E0,1.E0));
#3018=VECTOR('',#3017,1.6E0);
#3019=CARTESIAN_POINT('',(-3.025E0,8.25E-1,2.E0));
#3020=LINE('',#3019,#3018);
#3021=DIRECTION('',(0.E0,0.E0,-1.E0));
#3022=VECTOR('',#3021,1.6E0);
#3023=CARTESIAN_POINT('',(-3.025E0,-8.25E-1,3.6E0));
#3024=LINE('',#3023,#3022);
#3025=DIRECTION('',(1.E0,0.E0,0.E0));
#3026=VECTOR('',#3025,3.E-1);
#3027=CARTESIAN_POINT('',(-3.325E0,2.3E0,0.E0));
#3028=LINE('',#3027,#3026);
#3029=DIRECTION('',(0.E0,-1.E0,0.E0));
#3030=VECTOR('',#3029,6.E-1);
#3031=CARTESIAN_POINT('',(-3.325E0,2.3E0,0.E0));
#3032=LINE('',#3031,#3030);
#3033=DIRECTION('',(0.E0,0.E0,-1.E0));
#3034=VECTOR('',#3033,8.5E-1);
#3035=CARTESIAN_POINT('',(-3.325E0,1.55E-1,0.E0));
#3036=LINE('',#3035,#3034);
#3037=DIRECTION('',(0.E0,1.E0,0.E0));
#3038=VECTOR('',#3037,2.145E0);
#3039=CARTESIAN_POINT('',(-3.325E0,1.55E-1,-8.5E-1));
#3040=LINE('',#3039,#3038);
#3041=DIRECTION('',(0.E0,0.E0,1.E0));
#3042=VECTOR('',#3041,8.5E-1);
#3043=CARTESIAN_POINT('',(-3.325E0,2.3E0,-8.5E-1));
#3044=LINE('',#3043,#3042);
#3045=DIRECTION('',(0.E0,0.E0,-1.E0));
#3046=VECTOR('',#3045,5.25E-1);
#3047=CARTESIAN_POINT('',(-3.325E0,-2.5E0,0.E0));
#3048=LINE('',#3047,#3046);
#3049=DIRECTION('',(0.E0,-1.E0,0.E0));
#3050=VECTOR('',#3049,9.5E-1);
#3051=CARTESIAN_POINT('',(-3.325E0,-2.5E0,-5.25E-1));
#3052=LINE('',#3051,#3050);
#3053=DIRECTION('',(0.E0,0.E0,-1.E0));
#3054=VECTOR('',#3053,5.5E-1);
#3055=CARTESIAN_POINT('',(-3.325E0,-3.45E0,-5.25E-1));
#3056=LINE('',#3055,#3054);
#3057=DIRECTION('',(0.E0,1.E0,0.E0));
#3058=VECTOR('',#3057,1.7E0);
#3059=CARTESIAN_POINT('',(-3.325E0,-3.45E0,-1.075E0));
#3060=LINE('',#3059,#3058);
#3061=DIRECTION('',(0.E0,0.E0,1.E0));
#3062=VECTOR('',#3061,2.25E-1);
#3063=CARTESIAN_POINT('',(-3.325E0,-1.75E0,-1.075E0));
#3064=LINE('',#3063,#3062);
#3065=DIRECTION('',(0.E0,1.E0,0.E0));
#3066=VECTOR('',#3065,1.595E0);
#3067=CARTESIAN_POINT('',(-3.325E0,-1.75E0,-8.5E-1));
#3068=LINE('',#3067,#3066);
#3069=DIRECTION('',(0.E0,0.E0,1.E0));
#3070=VECTOR('',#3069,8.5E-1);
#3071=CARTESIAN_POINT('',(-3.325E0,-1.55E-1,-8.5E-1));
#3072=LINE('',#3071,#3070);
#3073=DIRECTION('',(0.E0,1.E0,0.E0));
#3074=VECTOR('',#3073,1.65E0);
#3075=CARTESIAN_POINT('',(-3.325E0,-8.25E-1,3.6E0));
#3076=LINE('',#3075,#3074);
#3077=DIRECTION('',(0.E0,0.E0,-1.E0));
#3078=VECTOR('',#3077,1.6E0);
#3079=CARTESIAN_POINT('',(-3.325E0,-8.25E-1,3.6E0));
#3080=LINE('',#3079,#3078);
#3081=DIRECTION('',(0.E0,0.E0,1.E0));
#3082=VECTOR('',#3081,1.6E0);
#3083=CARTESIAN_POINT('',(-3.325E0,8.25E-1,2.E0));
#3084=LINE('',#3083,#3082);
#3085=DIRECTION('',(1.E0,0.E0,0.E0));
#3086=VECTOR('',#3085,3.E-1);
#3087=CARTESIAN_POINT('',(-3.325E0,1.55E-1,-8.5E-1));
#3088=LINE('',#3087,#3086);
#3089=DIRECTION('',(1.E0,0.E0,0.E0));
#3090=VECTOR('',#3089,3.E-1);
#3091=CARTESIAN_POINT('',(-3.325E0,2.3E0,-8.5E-1));
#3092=LINE('',#3091,#3090);
#3093=DIRECTION('',(1.E0,0.E0,0.E0));
#3094=VECTOR('',#3093,3.E-1);
#3095=CARTESIAN_POINT('',(-3.325E0,-2.5E0,-5.25E-1));
#3096=LINE('',#3095,#3094);
#3097=DIRECTION('',(1.E0,0.E0,0.E0));
#3098=VECTOR('',#3097,3.E-1);
#3099=CARTESIAN_POINT('',(-3.325E0,-3.45E0,-5.25E-1));
#3100=LINE('',#3099,#3098);
#3101=DIRECTION('',(1.E0,0.E0,0.E0));
#3102=VECTOR('',#3101,3.E-1);
#3103=CARTESIAN_POINT('',(-3.325E0,-3.45E0,-1.075E0));
#3104=LINE('',#3103,#3102);
#3105=DIRECTION('',(1.E0,0.E0,0.E0));
#3106=VECTOR('',#3105,3.E-1);
#3107=CARTESIAN_POINT('',(-3.325E0,-1.75E0,-1.075E0));
#3108=LINE('',#3107,#3106);
#3109=DIRECTION('',(1.E0,0.E0,0.E0));
#3110=VECTOR('',#3109,3.E-1);
#3111=CARTESIAN_POINT('',(-3.325E0,-1.75E0,-8.5E-1));
#3112=LINE('',#3111,#3110);
#3113=DIRECTION('',(1.E0,0.E0,0.E0));
#3114=VECTOR('',#3113,3.E-1);
#3115=CARTESIAN_POINT('',(-3.325E0,-1.55E-1,-8.5E-1));
#3116=LINE('',#3115,#3114);
#3117=DIRECTION('',(1.961161351382E-1,0.E0,-9.805806756909E-1));
#3118=VECTOR('',#3117,5.099019513593E-1);
#3119=CARTESIAN_POINT('',(-3.125E0,8.25E-1,4.1E0));
#3120=LINE('',#3119,#3118);
#3121=DIRECTION('',(1.961161351382E-1,0.E0,9.805806756909E-1));
#3122=VECTOR('',#3121,5.099019513593E-1);
#3123=CARTESIAN_POINT('',(-3.325E0,8.25E-1,3.6E0));
#3124=LINE('',#3123,#3122);
#3125=DIRECTION('',(-1.961161351382E-1,0.E0,9.805806756909E-1));
#3126=VECTOR('',#3125,5.099019513593E-1);
#3127=CARTESIAN_POINT('',(-3.025E0,-8.25E-1,3.6E0));
#3128=LINE('',#3127,#3126);
#3129=DIRECTION('',(-1.961161351382E-1,0.E0,-9.805806756909E-1));
#3130=VECTOR('',#3129,5.099019513593E-1);
#3131=CARTESIAN_POINT('',(-3.225E0,-8.25E-1,4.1E0));
#3132=LINE('',#3131,#3130);
#3133=DIRECTION('',(1.E0,0.E0,0.E0));
#3134=VECTOR('',#3133,1.E-1);
#3135=CARTESIAN_POINT('',(-3.225E0,-8.25E-1,4.1E0));
#3136=LINE('',#3135,#3134);
#3137=DIRECTION('',(0.E0,-1.E0,0.E0));
#3138=VECTOR('',#3137,1.65E0);
#3139=CARTESIAN_POINT('',(-3.125E0,8.25E-1,4.1E0));
#3140=LINE('',#3139,#3138);
#3141=DIRECTION('',(0.E0,1.E0,0.E0));
#3142=VECTOR('',#3141,1.65E0);
#3143=CARTESIAN_POINT('',(-3.225E0,-8.25E-1,4.1E0));
#3144=LINE('',#3143,#3142);
#3145=DIRECTION('',(1.E0,0.E0,0.E0));
#3146=VECTOR('',#3145,1.E-1);
#3147=CARTESIAN_POINT('',(-3.225E0,8.25E-1,4.1E0));
#3148=LINE('',#3147,#3146);
#3149=DIRECTION('',(0.E0,-1.E0,0.E0));
#3150=VECTOR('',#3149,6.E-1);
#3151=CARTESIAN_POINT('',(-5.565E0,2.3E0,0.E0));
#3152=LINE('',#3151,#3150);
#3153=DIRECTION('',(0.E0,0.E0,1.E0));
#3154=VECTOR('',#3153,8.5E-1);
#3155=CARTESIAN_POINT('',(-5.565E0,2.3E0,-8.5E-1));
#3156=LINE('',#3155,#3154);
#3157=DIRECTION('',(0.E0,1.E0,0.E0));
#3158=VECTOR('',#3157,2.145E0);
#3159=CARTESIAN_POINT('',(-5.565E0,1.55E-1,-8.5E-1));
#3160=LINE('',#3159,#3158);
#3161=DIRECTION('',(0.E0,0.E0,-1.E0));
#3162=VECTOR('',#3161,8.5E-1);
#3163=CARTESIAN_POINT('',(-5.565E0,1.55E-1,0.E0));
#3164=LINE('',#3163,#3162);
#3165=DIRECTION('',(0.E0,0.E0,-1.E0));
#3166=VECTOR('',#3165,5.25E-1);
#3167=CARTESIAN_POINT('',(-5.565E0,-2.5E0,0.E0));
#3168=LINE('',#3167,#3166);
#3169=DIRECTION('',(0.E0,0.E0,1.E0));
#3170=VECTOR('',#3169,8.5E-1);
#3171=CARTESIAN_POINT('',(-5.565E0,-1.55E-1,-8.5E-1));
#3172=LINE('',#3171,#3170);
#3173=DIRECTION('',(0.E0,1.E0,0.E0));
#3174=VECTOR('',#3173,1.595E0);
#3175=CARTESIAN_POINT('',(-5.565E0,-1.75E0,-8.5E-1));
#3176=LINE('',#3175,#3174);
#3177=DIRECTION('',(0.E0,0.E0,1.E0));
#3178=VECTOR('',#3177,2.25E-1);
#3179=CARTESIAN_POINT('',(-5.565E0,-1.75E0,-1.075E0));
#3180=LINE('',#3179,#3178);
#3181=DIRECTION('',(0.E0,1.E0,0.E0));
#3182=VECTOR('',#3181,1.7E0);
#3183=CARTESIAN_POINT('',(-5.565E0,-3.45E0,-1.075E0));
#3184=LINE('',#3183,#3182);
#3185=DIRECTION('',(0.E0,0.E0,-1.E0));
#3186=VECTOR('',#3185,5.5E-1);
#3187=CARTESIAN_POINT('',(-5.565E0,-3.45E0,-5.25E-1));
#3188=LINE('',#3187,#3186);
#3189=DIRECTION('',(0.E0,-1.E0,0.E0));
#3190=VECTOR('',#3189,9.5E-1);
#3191=CARTESIAN_POINT('',(-5.565E0,-2.5E0,-5.25E-1));
#3192=LINE('',#3191,#3190);
#3193=DIRECTION('',(0.E0,-1.E0,0.E0));
#3194=VECTOR('',#3193,1.65E0);
#3195=CARTESIAN_POINT('',(-5.565E0,8.25E-1,3.6E0));
#3196=LINE('',#3195,#3194);
#3197=DIRECTION('',(0.E0,0.E0,1.E0));
#3198=VECTOR('',#3197,1.6E0);
#3199=CARTESIAN_POINT('',(-5.565E0,8.25E-1,2.E0));
#3200=LINE('',#3199,#3198);
#3201=DIRECTION('',(0.E0,0.E0,-1.E0));
#3202=VECTOR('',#3201,1.6E0);
#3203=CARTESIAN_POINT('',(-5.565E0,-8.25E-1,3.6E0));
#3204=LINE('',#3203,#3202);
#3205=DIRECTION('',(1.E0,0.E0,0.E0));
#3206=VECTOR('',#3205,3.E-1);
#3207=CARTESIAN_POINT('',(-5.865E0,2.3E0,0.E0));
#3208=LINE('',#3207,#3206);
#3209=DIRECTION('',(0.E0,-1.E0,0.E0));
#3210=VECTOR('',#3209,6.E-1);
#3211=CARTESIAN_POINT('',(-5.865E0,2.3E0,0.E0));
#3212=LINE('',#3211,#3210);
#3213=DIRECTION('',(0.E0,0.E0,-1.E0));
#3214=VECTOR('',#3213,8.5E-1);
#3215=CARTESIAN_POINT('',(-5.865E0,1.55E-1,0.E0));
#3216=LINE('',#3215,#3214);
#3217=DIRECTION('',(0.E0,1.E0,0.E0));
#3218=VECTOR('',#3217,2.145E0);
#3219=CARTESIAN_POINT('',(-5.865E0,1.55E-1,-8.5E-1));
#3220=LINE('',#3219,#3218);
#3221=DIRECTION('',(0.E0,0.E0,1.E0));
#3222=VECTOR('',#3221,8.5E-1);
#3223=CARTESIAN_POINT('',(-5.865E0,2.3E0,-8.5E-1));
#3224=LINE('',#3223,#3222);
#3225=DIRECTION('',(0.E0,0.E0,-1.E0));
#3226=VECTOR('',#3225,5.25E-1);
#3227=CARTESIAN_POINT('',(-5.865E0,-2.5E0,0.E0));
#3228=LINE('',#3227,#3226);
#3229=DIRECTION('',(0.E0,-1.E0,0.E0));
#3230=VECTOR('',#3229,9.5E-1);
#3231=CARTESIAN_POINT('',(-5.865E0,-2.5E0,-5.25E-1));
#3232=LINE('',#3231,#3230);
#3233=DIRECTION('',(0.E0,0.E0,-1.E0));
#3234=VECTOR('',#3233,5.5E-1);
#3235=CARTESIAN_POINT('',(-5.865E0,-3.45E0,-5.25E-1));
#3236=LINE('',#3235,#3234);
#3237=DIRECTION('',(0.E0,1.E0,0.E0));
#3238=VECTOR('',#3237,1.7E0);
#3239=CARTESIAN_POINT('',(-5.865E0,-3.45E0,-1.075E0));
#3240=LINE('',#3239,#3238);
#3241=DIRECTION('',(0.E0,0.E0,1.E0));
#3242=VECTOR('',#3241,2.25E-1);
#3243=CARTESIAN_POINT('',(-5.865E0,-1.75E0,-1.075E0));
#3244=LINE('',#3243,#3242);
#3245=DIRECTION('',(0.E0,1.E0,0.E0));
#3246=VECTOR('',#3245,1.595E0);
#3247=CARTESIAN_POINT('',(-5.865E0,-1.75E0,-8.5E-1));
#3248=LINE('',#3247,#3246);
#3249=DIRECTION('',(0.E0,0.E0,1.E0));
#3250=VECTOR('',#3249,8.5E-1);
#3251=CARTESIAN_POINT('',(-5.865E0,-1.55E-1,-8.5E-1));
#3252=LINE('',#3251,#3250);
#3253=DIRECTION('',(0.E0,1.E0,0.E0));
#3254=VECTOR('',#3253,1.65E0);
#3255=CARTESIAN_POINT('',(-5.865E0,-8.25E-1,3.6E0));
#3256=LINE('',#3255,#3254);
#3257=DIRECTION('',(0.E0,0.E0,-1.E0));
#3258=VECTOR('',#3257,1.6E0);
#3259=CARTESIAN_POINT('',(-5.865E0,-8.25E-1,3.6E0));
#3260=LINE('',#3259,#3258);
#3261=DIRECTION('',(0.E0,0.E0,1.E0));
#3262=VECTOR('',#3261,1.6E0);
#3263=CARTESIAN_POINT('',(-5.865E0,8.25E-1,2.E0));
#3264=LINE('',#3263,#3262);
#3265=DIRECTION('',(1.E0,0.E0,0.E0));
#3266=VECTOR('',#3265,3.E-1);
#3267=CARTESIAN_POINT('',(-5.865E0,1.55E-1,-8.5E-1));
#3268=LINE('',#3267,#3266);
#3269=DIRECTION('',(1.E0,0.E0,0.E0));
#3270=VECTOR('',#3269,3.E-1);
#3271=CARTESIAN_POINT('',(-5.865E0,2.3E0,-8.5E-1));
#3272=LINE('',#3271,#3270);
#3273=DIRECTION('',(1.E0,0.E0,0.E0));
#3274=VECTOR('',#3273,3.E-1);
#3275=CARTESIAN_POINT('',(-5.865E0,-2.5E0,-5.25E-1));
#3276=LINE('',#3275,#3274);
#3277=DIRECTION('',(1.E0,0.E0,0.E0));
#3278=VECTOR('',#3277,3.E-1);
#3279=CARTESIAN_POINT('',(-5.865E0,-3.45E0,-5.25E-1));
#3280=LINE('',#3279,#3278);
#3281=DIRECTION('',(1.E0,0.E0,0.E0));
#3282=VECTOR('',#3281,3.E-1);
#3283=CARTESIAN_POINT('',(-5.865E0,-3.45E0,-1.075E0));
#3284=LINE('',#3283,#3282);
#3285=DIRECTION('',(1.E0,0.E0,0.E0));
#3286=VECTOR('',#3285,3.E-1);
#3287=CARTESIAN_POINT('',(-5.865E0,-1.75E0,-1.075E0));
#3288=LINE('',#3287,#3286);
#3289=DIRECTION('',(1.E0,0.E0,0.E0));
#3290=VECTOR('',#3289,3.E-1);
#3291=CARTESIAN_POINT('',(-5.865E0,-1.75E0,-8.5E-1));
#3292=LINE('',#3291,#3290);
#3293=DIRECTION('',(1.E0,0.E0,0.E0));
#3294=VECTOR('',#3293,3.E-1);
#3295=CARTESIAN_POINT('',(-5.865E0,-1.55E-1,-8.5E-1));
#3296=LINE('',#3295,#3294);
#3297=DIRECTION('',(1.961161351382E-1,0.E0,-9.805806756909E-1));
#3298=VECTOR('',#3297,5.099019513593E-1);
#3299=CARTESIAN_POINT('',(-5.665E0,8.25E-1,4.1E0));
#3300=LINE('',#3299,#3298);
#3301=DIRECTION('',(1.961161351382E-1,0.E0,9.805806756909E-1));
#3302=VECTOR('',#3301,5.099019513593E-1);
#3303=CARTESIAN_POINT('',(-5.865E0,8.25E-1,3.6E0));
#3304=LINE('',#3303,#3302);
#3305=DIRECTION('',(-1.961161351382E-1,0.E0,9.805806756909E-1));
#3306=VECTOR('',#3305,5.099019513593E-1);
#3307=CARTESIAN_POINT('',(-5.565E0,-8.25E-1,3.6E0));
#3308=LINE('',#3307,#3306);
#3309=DIRECTION('',(-1.961161351382E-1,0.E0,-9.805806756909E-1));
#3310=VECTOR('',#3309,5.099019513593E-1);
#3311=CARTESIAN_POINT('',(-5.765E0,-8.25E-1,4.1E0));
#3312=LINE('',#3311,#3310);
#3313=DIRECTION('',(1.E0,0.E0,0.E0));
#3314=VECTOR('',#3313,1.E-1);
#3315=CARTESIAN_POINT('',(-5.765E0,-8.25E-1,4.1E0));
#3316=LINE('',#3315,#3314);
#3317=DIRECTION('',(0.E0,-1.E0,0.E0));
#3318=VECTOR('',#3317,1.65E0);
#3319=CARTESIAN_POINT('',(-5.665E0,8.25E-1,4.1E0));
#3320=LINE('',#3319,#3318);
#3321=DIRECTION('',(0.E0,1.E0,0.E0));
#3322=VECTOR('',#3321,1.65E0);
#3323=CARTESIAN_POINT('',(-5.765E0,-8.25E-1,4.1E0));
#3324=LINE('',#3323,#3322);
#3325=DIRECTION('',(1.E0,0.E0,0.E0));
#3326=VECTOR('',#3325,1.E-1);
#3327=CARTESIAN_POINT('',(-5.765E0,8.25E-1,4.1E0));
#3328=LINE('',#3327,#3326);
#3329=DIRECTION('',(0.E0,0.E0,1.E0));
#3330=VECTOR('',#3329,8.5E-1);
#3331=CARTESIAN_POINT('',(-8.105E0,-1.55E-1,-8.5E-1));
#3332=LINE('',#3331,#3330);
#3333=DIRECTION('',(0.E0,1.E0,0.E0));
#3334=VECTOR('',#3333,1.595E0);
#3335=CARTESIAN_POINT('',(-8.105E0,-1.75E0,-8.5E-1));
#3336=LINE('',#3335,#3334);
#3337=DIRECTION('',(0.E0,0.E0,1.E0));
#3338=VECTOR('',#3337,2.25E-1);
#3339=CARTESIAN_POINT('',(-8.105E0,-1.75E0,-1.075E0));
#3340=LINE('',#3339,#3338);
#3341=DIRECTION('',(0.E0,1.E0,0.E0));
#3342=VECTOR('',#3341,1.7E0);
#3343=CARTESIAN_POINT('',(-8.105E0,-3.45E0,-1.075E0));
#3344=LINE('',#3343,#3342);
#3345=DIRECTION('',(0.E0,0.E0,-1.E0));
#3346=VECTOR('',#3345,5.5E-1);
#3347=CARTESIAN_POINT('',(-8.105E0,-3.45E0,-5.25E-1));
#3348=LINE('',#3347,#3346);
#3349=DIRECTION('',(0.E0,-1.E0,0.E0));
#3350=VECTOR('',#3349,9.5E-1);
#3351=CARTESIAN_POINT('',(-8.105E0,-2.5E0,-5.25E-1));
#3352=LINE('',#3351,#3350);
#3353=DIRECTION('',(0.E0,0.E0,-1.E0));
#3354=VECTOR('',#3353,5.25E-1);
#3355=CARTESIAN_POINT('',(-8.105E0,-2.5E0,0.E0));
#3356=LINE('',#3355,#3354);
#3357=DIRECTION('',(0.E0,-1.E0,0.E0));
#3358=VECTOR('',#3357,6.E-1);
#3359=CARTESIAN_POINT('',(-8.105E0,2.3E0,0.E0));
#3360=LINE('',#3359,#3358);
#3361=DIRECTION('',(0.E0,0.E0,1.E0));
#3362=VECTOR('',#3361,8.5E-1);
#3363=CARTESIAN_POINT('',(-8.105E0,2.3E0,-8.5E-1));
#3364=LINE('',#3363,#3362);
#3365=DIRECTION('',(0.E0,1.E0,0.E0));
#3366=VECTOR('',#3365,2.145E0);
#3367=CARTESIAN_POINT('',(-8.105E0,1.55E-1,-8.5E-1));
#3368=LINE('',#3367,#3366);
#3369=DIRECTION('',(0.E0,0.E0,-1.E0));
#3370=VECTOR('',#3369,8.5E-1);
#3371=CARTESIAN_POINT('',(-8.105E0,1.55E-1,0.E0));
#3372=LINE('',#3371,#3370);
#3373=DIRECTION('',(0.E0,-1.E0,0.E0));
#3374=VECTOR('',#3373,1.65E0);
#3375=CARTESIAN_POINT('',(-8.105E0,8.25E-1,3.6E0));
#3376=LINE('',#3375,#3374);
#3377=DIRECTION('',(0.E0,0.E0,1.E0));
#3378=VECTOR('',#3377,1.6E0);
#3379=CARTESIAN_POINT('',(-8.105E0,8.25E-1,2.E0));
#3380=LINE('',#3379,#3378);
#3381=DIRECTION('',(0.E0,0.E0,-1.E0));
#3382=VECTOR('',#3381,1.6E0);
#3383=CARTESIAN_POINT('',(-8.105E0,-8.25E-1,3.6E0));
#3384=LINE('',#3383,#3382);
#3385=DIRECTION('',(1.E0,0.E0,0.E0));
#3386=VECTOR('',#3385,3.E-1);
#3387=CARTESIAN_POINT('',(-8.405E0,-1.55E-1,-8.5E-1));
#3388=LINE('',#3387,#3386);
#3389=DIRECTION('',(1.E0,0.E0,0.E0));
#3390=VECTOR('',#3389,3.E-1);
#3391=CARTESIAN_POINT('',(-8.405E0,-1.75E0,-8.5E-1));
#3392=LINE('',#3391,#3390);
#3393=DIRECTION('',(1.E0,0.E0,0.E0));
#3394=VECTOR('',#3393,3.E-1);
#3395=CARTESIAN_POINT('',(-8.405E0,-1.75E0,-1.075E0));
#3396=LINE('',#3395,#3394);
#3397=DIRECTION('',(1.E0,0.E0,0.E0));
#3398=VECTOR('',#3397,3.E-1);
#3399=CARTESIAN_POINT('',(-8.405E0,-3.45E0,-1.075E0));
#3400=LINE('',#3399,#3398);
#3401=DIRECTION('',(1.E0,0.E0,0.E0));
#3402=VECTOR('',#3401,3.E-1);
#3403=CARTESIAN_POINT('',(-8.405E0,-3.45E0,-5.25E-1));
#3404=LINE('',#3403,#3402);
#3405=DIRECTION('',(1.E0,0.E0,0.E0));
#3406=VECTOR('',#3405,3.E-1);
#3407=CARTESIAN_POINT('',(-8.405E0,-2.5E0,-5.25E-1));
#3408=LINE('',#3407,#3406);
#3409=DIRECTION('',(1.E0,0.E0,0.E0));
#3410=VECTOR('',#3409,3.E-1);
#3411=CARTESIAN_POINT('',(-8.405E0,2.3E0,0.E0));
#3412=LINE('',#3411,#3410);
#3413=DIRECTION('',(1.E0,0.E0,0.E0));
#3414=VECTOR('',#3413,3.E-1);
#3415=CARTESIAN_POINT('',(-8.405E0,2.3E0,-8.5E-1));
#3416=LINE('',#3415,#3414);
#3417=DIRECTION('',(1.E0,0.E0,0.E0));
#3418=VECTOR('',#3417,3.E-1);
#3419=CARTESIAN_POINT('',(-8.405E0,1.55E-1,-8.5E-1));
#3420=LINE('',#3419,#3418);
#3421=DIRECTION('',(-1.961161351382E-1,0.E0,9.805806756909E-1));
#3422=VECTOR('',#3421,5.099019513593E-1);
#3423=CARTESIAN_POINT('',(-8.105E0,-8.25E-1,3.6E0));
#3424=LINE('',#3423,#3422);
#3425=DIRECTION('',(-1.961161351382E-1,0.E0,-9.805806756909E-1));
#3426=VECTOR('',#3425,5.099019513593E-1);
#3427=CARTESIAN_POINT('',(-8.305E0,-8.25E-1,4.1E0));
#3428=LINE('',#3427,#3426);
#3429=DIRECTION('',(1.E0,0.E0,0.E0));
#3430=VECTOR('',#3429,1.E-1);
#3431=CARTESIAN_POINT('',(-8.305E0,-8.25E-1,4.1E0));
#3432=LINE('',#3431,#3430);
#3433=DIRECTION('',(1.961161351382E-1,0.E0,-9.805806756909E-1));
#3434=VECTOR('',#3433,5.099019513593E-1);
#3435=CARTESIAN_POINT('',(-8.205E0,8.25E-1,4.1E0));
#3436=LINE('',#3435,#3434);
#3437=DIRECTION('',(1.961161351382E-1,0.E0,9.805806756909E-1));
#3438=VECTOR('',#3437,5.099019513593E-1);
#3439=CARTESIAN_POINT('',(-8.405E0,8.25E-1,3.6E0));
#3440=LINE('',#3439,#3438);
#3441=DIRECTION('',(0.E0,-1.E0,0.E0));
#3442=VECTOR('',#3441,1.65E0);
#3443=CARTESIAN_POINT('',(-8.205E0,8.25E-1,4.1E0));
#3444=LINE('',#3443,#3442);
#3445=DIRECTION('',(0.E0,1.E0,0.E0));
#3446=VECTOR('',#3445,1.65E0);
#3447=CARTESIAN_POINT('',(-8.305E0,-8.25E-1,4.1E0));
#3448=LINE('',#3447,#3446);
#3449=DIRECTION('',(1.E0,0.E0,0.E0));
#3450=VECTOR('',#3449,1.E-1);
#3451=CARTESIAN_POINT('',(-8.305E0,8.25E-1,4.1E0));
#3452=LINE('',#3451,#3450);
#3453=DIRECTION('',(0.E0,0.E0,1.E0));
#3454=VECTOR('',#3453,7.25E-1);
#3455=CARTESIAN_POINT('',(-5.215E0,-1.75E0,1.275E0));
#3456=LINE('',#3455,#3454);
#3457=DIRECTION('',(0.E0,7.071067811865E-1,7.071067811865E-1));
#3458=VECTOR('',#3457,2.474873734153E-1);
#3459=CARTESIAN_POINT('',(-5.215E0,-1.925E0,1.1E0));
#3460=LINE('',#3459,#3458);
#3461=DIRECTION('',(0.E0,1.E0,0.E0));
#3462=VECTOR('',#3461,5.75E-1);
#3463=CARTESIAN_POINT('',(-5.215E0,-2.5E0,1.1E0));
#3464=LINE('',#3463,#3462);
#3465=DIRECTION('',(-1.E0,0.E0,0.E0));
#3466=VECTOR('',#3465,1.54E0);
#3467=CARTESIAN_POINT('',(-3.675E0,-1.75E0,1.275E0));
#3468=LINE('',#3467,#3466);
#3469=DIRECTION('',(0.E0,1.E0,0.E0));
#3470=VECTOR('',#3469,5.75E-1);
#3471=CARTESIAN_POINT('',(-3.675E0,-2.5E0,1.1E0));
#3472=LINE('',#3471,#3470);
#3473=DIRECTION('',(0.E0,7.071067811865E-1,7.071067811865E-1));
#3474=VECTOR('',#3473,2.474873734153E-1);
#3475=CARTESIAN_POINT('',(-3.675E0,-1.925E0,1.1E0));
#3476=LINE('',#3475,#3474);
#3477=DIRECTION('',(0.E0,0.E0,1.E0));
#3478=VECTOR('',#3477,7.25E-1);
#3479=CARTESIAN_POINT('',(-3.675E0,-1.75E0,1.275E0));
#3480=LINE('',#3479,#3478);
#3481=DIRECTION('',(-1.E0,0.E0,0.E0));
#3482=VECTOR('',#3481,1.54E0);
#3483=CARTESIAN_POINT('',(-3.675E0,-1.925E0,1.1E0));
#3484=LINE('',#3483,#3482);
#3485=DIRECTION('',(0.E0,0.E0,1.E0));
#3486=VECTOR('',#3485,7.25E-1);
#3487=CARTESIAN_POINT('',(-2.675E0,-1.75E0,1.275E0));
#3488=LINE('',#3487,#3486);
#3489=DIRECTION('',(0.E0,7.071067811865E-1,7.071067811865E-1));
#3490=VECTOR('',#3489,2.474873734153E-1);
#3491=CARTESIAN_POINT('',(-2.675E0,-1.925E0,1.1E0));
#3492=LINE('',#3491,#3490);
#3493=DIRECTION('',(0.E0,1.E0,0.E0));
#3494=VECTOR('',#3493,5.75E-1);
#3495=CARTESIAN_POINT('',(-2.675E0,-2.5E0,1.1E0));
#3496=LINE('',#3495,#3494);
#3497=DIRECTION('',(-1.E0,0.E0,0.E0));
#3498=VECTOR('',#3497,1.54E0);
#3499=CARTESIAN_POINT('',(-1.135E0,-1.75E0,1.275E0));
#3500=LINE('',#3499,#3498);
#3501=DIRECTION('',(0.E0,1.E0,0.E0));
#3502=VECTOR('',#3501,5.75E-1);
#3503=CARTESIAN_POINT('',(-1.135E0,-2.5E0,1.1E0));
#3504=LINE('',#3503,#3502);
#3505=DIRECTION('',(0.E0,7.071067811865E-1,7.071067811865E-1));
#3506=VECTOR('',#3505,2.474873734153E-1);
#3507=CARTESIAN_POINT('',(-1.135E0,-1.925E0,1.1E0));
#3508=LINE('',#3507,#3506);
#3509=DIRECTION('',(0.E0,0.E0,1.E0));
#3510=VECTOR('',#3509,7.25E-1);
#3511=CARTESIAN_POINT('',(-1.135E0,-1.75E0,1.275E0));
#3512=LINE('',#3511,#3510);
#3513=DIRECTION('',(-1.E0,0.E0,0.E0));
#3514=VECTOR('',#3513,1.54E0);
#3515=CARTESIAN_POINT('',(-1.135E0,-1.925E0,1.1E0));
#3516=LINE('',#3515,#3514);
#3517=DIRECTION('',(0.E0,0.E0,1.E0));
#3518=VECTOR('',#3517,7.25E-1);
#3519=CARTESIAN_POINT('',(-1.35E-1,-1.75E0,1.275E0));
#3520=LINE('',#3519,#3518);
#3521=DIRECTION('',(0.E0,7.071067811865E-1,7.071067811865E-1));
#3522=VECTOR('',#3521,2.474873734153E-1);
#3523=CARTESIAN_POINT('',(-1.35E-1,-1.925E0,1.1E0));
#3524=LINE('',#3523,#3522);
#3525=DIRECTION('',(0.E0,1.E0,0.E0));
#3526=VECTOR('',#3525,5.75E-1);
#3527=CARTESIAN_POINT('',(-1.35E-1,-2.5E0,1.1E0));
#3528=LINE('',#3527,#3526);
#3529=DIRECTION('',(-1.E0,0.E0,0.E0));
#3530=VECTOR('',#3529,1.54E0);
#3531=CARTESIAN_POINT('',(1.405E0,-1.75E0,1.275E0));
#3532=LINE('',#3531,#3530);
#3533=DIRECTION('',(0.E0,1.E0,0.E0));
#3534=VECTOR('',#3533,5.75E-1);
#3535=CARTESIAN_POINT('',(1.405E0,-2.5E0,1.1E0));
#3536=LINE('',#3535,#3534);
#3537=DIRECTION('',(0.E0,7.071067811865E-1,7.071067811865E-1));
#3538=VECTOR('',#3537,2.474873734153E-1);
#3539=CARTESIAN_POINT('',(1.405E0,-1.925E0,1.1E0));
#3540=LINE('',#3539,#3538);
#3541=DIRECTION('',(0.E0,0.E0,1.E0));
#3542=VECTOR('',#3541,7.25E-1);
#3543=CARTESIAN_POINT('',(1.405E0,-1.75E0,1.275E0));
#3544=LINE('',#3543,#3542);
#3545=DIRECTION('',(-1.E0,0.E0,0.E0));
#3546=VECTOR('',#3545,1.54E0);
#3547=CARTESIAN_POINT('',(1.405E0,-1.925E0,1.1E0));
#3548=LINE('',#3547,#3546);
#3549=DIRECTION('',(0.E0,0.E0,1.E0));
#3550=VECTOR('',#3549,7.25E-1);
#3551=CARTESIAN_POINT('',(2.405E0,-1.75E0,1.275E0));
#3552=LINE('',#3551,#3550);
#3553=DIRECTION('',(0.E0,7.071067811865E-1,7.071067811865E-1));
#3554=VECTOR('',#3553,2.474873734153E-1);
#3555=CARTESIAN_POINT('',(2.405E0,-1.925E0,1.1E0));
#3556=LINE('',#3555,#3554);
#3557=DIRECTION('',(0.E0,1.E0,0.E0));
#3558=VECTOR('',#3557,5.75E-1);
#3559=CARTESIAN_POINT('',(2.405E0,-2.5E0,1.1E0));
#3560=LINE('',#3559,#3558);
#3561=DIRECTION('',(-1.E0,0.E0,0.E0));
#3562=VECTOR('',#3561,1.54E0);
#3563=CARTESIAN_POINT('',(3.945E0,-1.75E0,1.275E0));
#3564=LINE('',#3563,#3562);
#3565=DIRECTION('',(0.E0,1.E0,0.E0));
#3566=VECTOR('',#3565,5.75E-1);
#3567=CARTESIAN_POINT('',(3.945E0,-2.5E0,1.1E0));
#3568=LINE('',#3567,#3566);
#3569=DIRECTION('',(0.E0,7.071067811865E-1,7.071067811865E-1));
#3570=VECTOR('',#3569,2.474873734153E-1);
#3571=CARTESIAN_POINT('',(3.945E0,-1.925E0,1.1E0));
#3572=LINE('',#3571,#3570);
#3573=DIRECTION('',(0.E0,0.E0,1.E0));
#3574=VECTOR('',#3573,7.25E-1);
#3575=CARTESIAN_POINT('',(3.945E0,-1.75E0,1.275E0));
#3576=LINE('',#3575,#3574);
#3577=DIRECTION('',(-1.E0,0.E0,0.E0));
#3578=VECTOR('',#3577,1.54E0);
#3579=CARTESIAN_POINT('',(3.945E0,-1.925E0,1.1E0));
#3580=LINE('',#3579,#3578);
#3581=DIRECTION('',(1.E0,0.E0,0.E0));
#3582=VECTOR('',#3581,7.E-1);
#3583=CARTESIAN_POINT('',(-1.078E1,1.7E0,-9.5E-1));
#3584=LINE('',#3583,#3582);
#3585=DIRECTION('',(0.E0,1.E0,0.E0));
#3586=VECTOR('',#3585,7.E-1);
#3587=CARTESIAN_POINT('',(-1.078E1,1.E0,-9.5E-1));
#3588=LINE('',#3587,#3586);
#3589=DIRECTION('',(-1.E0,0.E0,0.E0));
#3590=VECTOR('',#3589,7.E-1);
#3591=CARTESIAN_POINT('',(-1.008E1,1.E0,-9.5E-1));
#3592=LINE('',#3591,#3590);
#3593=DIRECTION('',(0.E0,-1.E0,0.E0));
#3594=VECTOR('',#3593,7.E-1);
#3595=CARTESIAN_POINT('',(-1.008E1,1.7E0,-9.5E-1));
#3596=LINE('',#3595,#3594);
#3597=DIRECTION('',(0.E0,-1.E0,0.E0));
#3598=VECTOR('',#3597,7.E-1);
#3599=CARTESIAN_POINT('',(1.078E1,1.7E0,-9.5E-1));
#3600=LINE('',#3599,#3598);
#3601=DIRECTION('',(1.E0,0.E0,0.E0));
#3602=VECTOR('',#3601,7.E-1);
#3603=CARTESIAN_POINT('',(1.008E1,1.7E0,-9.5E-1));
#3604=LINE('',#3603,#3602);
#3605=DIRECTION('',(0.E0,1.E0,0.E0));
#3606=VECTOR('',#3605,7.E-1);
#3607=CARTESIAN_POINT('',(1.008E1,1.E0,-9.5E-1));
#3608=LINE('',#3607,#3606);
#3609=DIRECTION('',(-1.E0,0.E0,0.E0));
#3610=VECTOR('',#3609,7.E-1);
#3611=CARTESIAN_POINT('',(1.078E1,1.E0,-9.5E-1));
#3612=LINE('',#3611,#3610);
#3613=DIRECTION('',(0.E0,0.E0,-1.E0));
#3614=VECTOR('',#3613,9.5E-1);
#3615=CARTESIAN_POINT('',(-1.008E1,1.E0,0.E0));
#3616=LINE('',#3615,#3614);
#3617=DIRECTION('',(0.E0,0.E0,-1.E0));
#3618=VECTOR('',#3617,9.5E-1);
#3619=CARTESIAN_POINT('',(-1.008E1,1.7E0,0.E0));
#3620=LINE('',#3619,#3618);
#3621=DIRECTION('',(-1.E0,0.E0,0.E0));
#3622=VECTOR('',#3621,3.E-1);
#3623=CARTESIAN_POINT('',(-4.295E0,2.5E0,0.E0));
#3624=LINE('',#3623,#3622);
#3625=DIRECTION('',(0.E0,0.E0,-1.E0));
#3626=VECTOR('',#3625,8.5E-1);
#3627=CARTESIAN_POINT('',(-4.295E0,-2.296E0,0.E0));
#3628=LINE('',#3627,#3626);
#3629=DIRECTION('',(0.E0,0.E0,1.E0));
#3630=VECTOR('',#3629,8.5E-1);
#3631=CARTESIAN_POINT('',(-4.295E0,-1.55E-1,-8.5E-1));
#3632=LINE('',#3631,#3630);
#3633=DIRECTION('',(0.E0,1.E0,0.E0));
#3634=VECTOR('',#3633,2.141E0);
#3635=CARTESIAN_POINT('',(-4.295E0,-2.296E0,-8.5E-1));
#3636=LINE('',#3635,#3634);
#3637=DIRECTION('',(0.E0,-1.E0,0.E0));
#3638=VECTOR('',#3637,8.E-1);
#3639=CARTESIAN_POINT('',(-4.295E0,2.5E0,0.E0));
#3640=LINE('',#3639,#3638);
#3641=DIRECTION('',(0.E0,0.E0,1.E0));
#3642=VECTOR('',#3641,5.375E-1);
#3643=CARTESIAN_POINT('',(-4.295E0,2.5E0,-5.375E-1));
#3644=LINE('',#3643,#3642);
#3645=DIRECTION('',(0.E0,-1.E0,0.E0));
#3646=VECTOR('',#3645,9.5E-1);
#3647=CARTESIAN_POINT('',(-4.295E0,3.45E0,-5.375E-1));
#3648=LINE('',#3647,#3646);
#3649=DIRECTION('',(0.E0,0.E0,1.E0));
#3650=VECTOR('',#3649,5.375E-1);
#3651=CARTESIAN_POINT('',(-4.295E0,3.45E0,-1.075E0));
#3652=LINE('',#3651,#3650);
#3653=DIRECTION('',(0.E0,1.E0,0.E0));
#3654=VECTOR('',#3653,1.7E0);
#3655=CARTESIAN_POINT('',(-4.295E0,1.75E0,-1.075E0));
#3656=LINE('',#3655,#3654);
#3657=DIRECTION('',(0.E0,0.E0,-1.E0));
#3658=VECTOR('',#3657,2.E-1);
#3659=CARTESIAN_POINT('',(-4.295E0,1.75E0,-8.75E-1));
#3660=LINE('',#3659,#3658);
#3661=DIRECTION('',(0.E0,1.E0,0.E0));
#3662=VECTOR('',#3661,1.595E0);
#3663=CARTESIAN_POINT('',(-4.295E0,1.55E-1,-8.75E-1));
#3664=LINE('',#3663,#3662);
#3665=DIRECTION('',(0.E0,0.E0,-1.E0));
#3666=VECTOR('',#3665,8.75E-1);
#3667=CARTESIAN_POINT('',(-4.295E0,1.55E-1,0.E0));
#3668=LINE('',#3667,#3666);
#3669=DIRECTION('',(0.E0,-1.E0,0.E0));
#3670=VECTOR('',#3669,1.65E0);
#3671=CARTESIAN_POINT('',(-4.295E0,8.25E-1,3.6E0));
#3672=LINE('',#3671,#3670);
#3673=DIRECTION('',(0.E0,0.E0,1.E0));
#3674=VECTOR('',#3673,1.6E0);
#3675=CARTESIAN_POINT('',(-4.295E0,8.25E-1,2.E0));
#3676=LINE('',#3675,#3674);
#3677=DIRECTION('',(0.E0,0.E0,-1.E0));
#3678=VECTOR('',#3677,1.6E0);
#3679=CARTESIAN_POINT('',(-4.295E0,-8.25E-1,3.6E0));
#3680=LINE('',#3679,#3678);
#3681=DIRECTION('',(-1.E0,0.E0,0.E0));
#3682=VECTOR('',#3681,3.E-1);
#3683=CARTESIAN_POINT('',(-4.295E0,-2.296E0,-8.5E-1));
#3684=LINE('',#3683,#3682);
#3685=DIRECTION('',(-1.E0,0.E0,0.E0));
#3686=VECTOR('',#3685,3.E-1);
#3687=CARTESIAN_POINT('',(-4.295E0,-1.55E-1,-8.5E-1));
#3688=LINE('',#3687,#3686);
#3689=DIRECTION('',(0.E0,0.E0,-1.E0));
#3690=VECTOR('',#3689,8.5E-1);
#3691=CARTESIAN_POINT('',(-4.595E0,-2.296E0,0.E0));
#3692=LINE('',#3691,#3690);
#3693=DIRECTION('',(0.E0,1.E0,0.E0));
#3694=VECTOR('',#3693,2.141E0);
#3695=CARTESIAN_POINT('',(-4.595E0,-2.296E0,-8.5E-1));
#3696=LINE('',#3695,#3694);
#3697=DIRECTION('',(0.E0,0.E0,1.E0));
#3698=VECTOR('',#3697,8.5E-1);
#3699=CARTESIAN_POINT('',(-4.595E0,-1.55E-1,-8.5E-1));
#3700=LINE('',#3699,#3698);
#3701=DIRECTION('',(0.E0,-1.E0,0.E0));
#3702=VECTOR('',#3701,8.E-1);
#3703=CARTESIAN_POINT('',(-4.595E0,2.5E0,0.E0));
#3704=LINE('',#3703,#3702);
#3705=DIRECTION('',(0.E0,0.E0,-1.E0));
#3706=VECTOR('',#3705,8.75E-1);
#3707=CARTESIAN_POINT('',(-4.595E0,1.55E-1,0.E0));
#3708=LINE('',#3707,#3706);
#3709=DIRECTION('',(0.E0,1.E0,0.E0));
#3710=VECTOR('',#3709,1.595E0);
#3711=CARTESIAN_POINT('',(-4.595E0,1.55E-1,-8.75E-1));
#3712=LINE('',#3711,#3710);
#3713=DIRECTION('',(0.E0,0.E0,-1.E0));
#3714=VECTOR('',#3713,2.E-1);
#3715=CARTESIAN_POINT('',(-4.595E0,1.75E0,-8.75E-1));
#3716=LINE('',#3715,#3714);
#3717=DIRECTION('',(0.E0,1.E0,0.E0));
#3718=VECTOR('',#3717,1.7E0);
#3719=CARTESIAN_POINT('',(-4.595E0,1.75E0,-1.075E0));
#3720=LINE('',#3719,#3718);
#3721=DIRECTION('',(0.E0,0.E0,1.E0));
#3722=VECTOR('',#3721,5.375E-1);
#3723=CARTESIAN_POINT('',(-4.595E0,3.45E0,-1.075E0));
#3724=LINE('',#3723,#3722);
#3725=DIRECTION('',(0.E0,-1.E0,0.E0));
#3726=VECTOR('',#3725,9.5E-1);
#3727=CARTESIAN_POINT('',(-4.595E0,3.45E0,-5.375E-1));
#3728=LINE('',#3727,#3726);
#3729=DIRECTION('',(0.E0,0.E0,1.E0));
#3730=VECTOR('',#3729,5.375E-1);
#3731=CARTESIAN_POINT('',(-4.595E0,2.5E0,-5.375E-1));
#3732=LINE('',#3731,#3730);
#3733=DIRECTION('',(0.E0,1.E0,0.E0));
#3734=VECTOR('',#3733,1.65E0);
#3735=CARTESIAN_POINT('',(-4.595E0,-8.25E-1,3.6E0));
#3736=LINE('',#3735,#3734);
#3737=DIRECTION('',(0.E0,0.E0,-1.E0));
#3738=VECTOR('',#3737,1.6E0);
#3739=CARTESIAN_POINT('',(-4.595E0,-8.25E-1,3.6E0));
#3740=LINE('',#3739,#3738);
#3741=DIRECTION('',(0.E0,0.E0,1.E0));
#3742=VECTOR('',#3741,1.6E0);
#3743=CARTESIAN_POINT('',(-4.595E0,8.25E-1,2.E0));
#3744=LINE('',#3743,#3742);
#3745=DIRECTION('',(-1.E0,0.E0,0.E0));
#3746=VECTOR('',#3745,3.E-1);
#3747=CARTESIAN_POINT('',(-4.295E0,1.55E-1,-8.75E-1));
#3748=LINE('',#3747,#3746);
#3749=DIRECTION('',(-1.E0,0.E0,0.E0));
#3750=VECTOR('',#3749,3.E-1);
#3751=CARTESIAN_POINT('',(-4.295E0,1.75E0,-8.75E-1));
#3752=LINE('',#3751,#3750);
#3753=DIRECTION('',(-1.E0,0.E0,0.E0));
#3754=VECTOR('',#3753,3.E-1);
#3755=CARTESIAN_POINT('',(-4.295E0,1.75E0,-1.075E0));
#3756=LINE('',#3755,#3754);
#3757=DIRECTION('',(-1.E0,0.E0,0.E0));
#3758=VECTOR('',#3757,3.E-1);
#3759=CARTESIAN_POINT('',(-4.295E0,3.45E0,-1.075E0));
#3760=LINE('',#3759,#3758);
#3761=DIRECTION('',(-1.E0,0.E0,0.E0));
#3762=VECTOR('',#3761,3.E-1);
#3763=CARTESIAN_POINT('',(-4.295E0,3.45E0,-5.375E-1));
#3764=LINE('',#3763,#3762);
#3765=DIRECTION('',(-1.E0,0.E0,0.E0));
#3766=VECTOR('',#3765,3.E-1);
#3767=CARTESIAN_POINT('',(-4.295E0,2.5E0,-5.375E-1));
#3768=LINE('',#3767,#3766);
#3769=DIRECTION('',(1.961161351382E-1,0.E0,-9.805806756909E-1));
#3770=VECTOR('',#3769,5.099019513593E-1);
#3771=CARTESIAN_POINT('',(-4.395E0,8.25E-1,4.1E0));
#3772=LINE('',#3771,#3770);
#3773=DIRECTION('',(1.961161351382E-1,0.E0,9.805806756909E-1));
#3774=VECTOR('',#3773,5.099019513593E-1);
#3775=CARTESIAN_POINT('',(-4.595E0,8.25E-1,3.6E0));
#3776=LINE('',#3775,#3774);
#3777=DIRECTION('',(-1.961161351382E-1,0.E0,9.805806756909E-1));
#3778=VECTOR('',#3777,5.099019513593E-1);
#3779=CARTESIAN_POINT('',(-4.295E0,-8.25E-1,3.6E0));
#3780=LINE('',#3779,#3778);
#3781=DIRECTION('',(-1.961161351382E-1,0.E0,-9.805806756909E-1));
#3782=VECTOR('',#3781,5.099019513593E-1);
#3783=CARTESIAN_POINT('',(-4.495E0,-8.25E-1,4.1E0));
#3784=LINE('',#3783,#3782);
#3785=DIRECTION('',(-1.E0,0.E0,0.E0));
#3786=VECTOR('',#3785,1.E-1);
#3787=CARTESIAN_POINT('',(-4.395E0,-8.25E-1,4.1E0));
#3788=LINE('',#3787,#3786);
#3789=DIRECTION('',(0.E0,-1.E0,0.E0));
#3790=VECTOR('',#3789,1.65E0);
#3791=CARTESIAN_POINT('',(-4.395E0,8.25E-1,4.1E0));
#3792=LINE('',#3791,#3790);
#3793=DIRECTION('',(0.E0,1.E0,0.E0));
#3794=VECTOR('',#3793,1.65E0);
#3795=CARTESIAN_POINT('',(-4.495E0,-8.25E-1,4.1E0));
#3796=LINE('',#3795,#3794);
#3797=DIRECTION('',(-1.E0,0.E0,0.E0));
#3798=VECTOR('',#3797,1.E-1);
#3799=CARTESIAN_POINT('',(-4.395E0,8.25E-1,4.1E0));
#3800=LINE('',#3799,#3798);
#3801=DIRECTION('',(-1.E0,0.E0,0.E0));
#3802=VECTOR('',#3801,3.E-1);
#3803=CARTESIAN_POINT('',(-1.755E0,2.5E0,0.E0));
#3804=LINE('',#3803,#3802);
#3805=DIRECTION('',(0.E0,0.E0,-1.E0));
#3806=VECTOR('',#3805,8.5E-1);
#3807=CARTESIAN_POINT('',(-1.755E0,-2.296E0,0.E0));
#3808=LINE('',#3807,#3806);
#3809=DIRECTION('',(0.E0,0.E0,1.E0));
#3810=VECTOR('',#3809,8.5E-1);
#3811=CARTESIAN_POINT('',(-1.755E0,-1.55E-1,-8.5E-1));
#3812=LINE('',#3811,#3810);
#3813=DIRECTION('',(0.E0,1.E0,0.E0));
#3814=VECTOR('',#3813,2.141E0);
#3815=CARTESIAN_POINT('',(-1.755E0,-2.296E0,-8.5E-1));
#3816=LINE('',#3815,#3814);
#3817=DIRECTION('',(0.E0,-1.E0,0.E0));
#3818=VECTOR('',#3817,8.E-1);
#3819=CARTESIAN_POINT('',(-1.755E0,2.5E0,0.E0));
#3820=LINE('',#3819,#3818);
#3821=DIRECTION('',(0.E0,0.E0,1.E0));
#3822=VECTOR('',#3821,5.375E-1);
#3823=CARTESIAN_POINT('',(-1.755E0,2.5E0,-5.375E-1));
#3824=LINE('',#3823,#3822);
#3825=DIRECTION('',(0.E0,-1.E0,0.E0));
#3826=VECTOR('',#3825,9.5E-1);
#3827=CARTESIAN_POINT('',(-1.755E0,3.45E0,-5.375E-1));
#3828=LINE('',#3827,#3826);
#3829=DIRECTION('',(0.E0,0.E0,1.E0));
#3830=VECTOR('',#3829,5.375E-1);
#3831=CARTESIAN_POINT('',(-1.755E0,3.45E0,-1.075E0));
#3832=LINE('',#3831,#3830);
#3833=DIRECTION('',(0.E0,1.E0,0.E0));
#3834=VECTOR('',#3833,1.7E0);
#3835=CARTESIAN_POINT('',(-1.755E0,1.75E0,-1.075E0));
#3836=LINE('',#3835,#3834);
#3837=DIRECTION('',(0.E0,0.E0,-1.E0));
#3838=VECTOR('',#3837,2.E-1);
#3839=CARTESIAN_POINT('',(-1.755E0,1.75E0,-8.75E-1));
#3840=LINE('',#3839,#3838);
#3841=DIRECTION('',(0.E0,1.E0,0.E0));
#3842=VECTOR('',#3841,1.595E0);
#3843=CARTESIAN_POINT('',(-1.755E0,1.55E-1,-8.75E-1));
#3844=LINE('',#3843,#3842);
#3845=DIRECTION('',(0.E0,0.E0,-1.E0));
#3846=VECTOR('',#3845,8.75E-1);
#3847=CARTESIAN_POINT('',(-1.755E0,1.55E-1,0.E0));
#3848=LINE('',#3847,#3846);
#3849=DIRECTION('',(0.E0,-1.E0,0.E0));
#3850=VECTOR('',#3849,1.65E0);
#3851=CARTESIAN_POINT('',(-1.755E0,8.25E-1,3.6E0));
#3852=LINE('',#3851,#3850);
#3853=DIRECTION('',(0.E0,0.E0,1.E0));
#3854=VECTOR('',#3853,1.6E0);
#3855=CARTESIAN_POINT('',(-1.755E0,8.25E-1,2.E0));
#3856=LINE('',#3855,#3854);
#3857=DIRECTION('',(0.E0,0.E0,-1.E0));
#3858=VECTOR('',#3857,1.6E0);
#3859=CARTESIAN_POINT('',(-1.755E0,-8.25E-1,3.6E0));
#3860=LINE('',#3859,#3858);
#3861=DIRECTION('',(-1.E0,0.E0,0.E0));
#3862=VECTOR('',#3861,3.E-1);
#3863=CARTESIAN_POINT('',(-1.755E0,-2.296E0,-8.5E-1));
#3864=LINE('',#3863,#3862);
#3865=DIRECTION('',(-1.E0,0.E0,0.E0));
#3866=VECTOR('',#3865,3.E-1);
#3867=CARTESIAN_POINT('',(-1.755E0,-1.55E-1,-8.5E-1));
#3868=LINE('',#3867,#3866);
#3869=DIRECTION('',(0.E0,0.E0,-1.E0));
#3870=VECTOR('',#3869,8.5E-1);
#3871=CARTESIAN_POINT('',(-2.055E0,-2.296E0,0.E0));
#3872=LINE('',#3871,#3870);
#3873=DIRECTION('',(0.E0,1.E0,0.E0));
#3874=VECTOR('',#3873,2.141E0);
#3875=CARTESIAN_POINT('',(-2.055E0,-2.296E0,-8.5E-1));
#3876=LINE('',#3875,#3874);
#3877=DIRECTION('',(0.E0,0.E0,1.E0));
#3878=VECTOR('',#3877,8.5E-1);
#3879=CARTESIAN_POINT('',(-2.055E0,-1.55E-1,-8.5E-1));
#3880=LINE('',#3879,#3878);
#3881=DIRECTION('',(0.E0,-1.E0,0.E0));
#3882=VECTOR('',#3881,8.E-1);
#3883=CARTESIAN_POINT('',(-2.055E0,2.5E0,0.E0));
#3884=LINE('',#3883,#3882);
#3885=DIRECTION('',(0.E0,0.E0,-1.E0));
#3886=VECTOR('',#3885,8.75E-1);
#3887=CARTESIAN_POINT('',(-2.055E0,1.55E-1,0.E0));
#3888=LINE('',#3887,#3886);
#3889=DIRECTION('',(0.E0,1.E0,0.E0));
#3890=VECTOR('',#3889,1.595E0);
#3891=CARTESIAN_POINT('',(-2.055E0,1.55E-1,-8.75E-1));
#3892=LINE('',#3891,#3890);
#3893=DIRECTION('',(0.E0,0.E0,-1.E0));
#3894=VECTOR('',#3893,2.E-1);
#3895=CARTESIAN_POINT('',(-2.055E0,1.75E0,-8.75E-1));
#3896=LINE('',#3895,#3894);
#3897=DIRECTION('',(0.E0,1.E0,0.E0));
#3898=VECTOR('',#3897,1.7E0);
#3899=CARTESIAN_POINT('',(-2.055E0,1.75E0,-1.075E0));
#3900=LINE('',#3899,#3898);
#3901=DIRECTION('',(0.E0,0.E0,1.E0));
#3902=VECTOR('',#3901,5.375E-1);
#3903=CARTESIAN_POINT('',(-2.055E0,3.45E0,-1.075E0));
#3904=LINE('',#3903,#3902);
#3905=DIRECTION('',(0.E0,-1.E0,0.E0));
#3906=VECTOR('',#3905,9.5E-1);
#3907=CARTESIAN_POINT('',(-2.055E0,3.45E0,-5.375E-1));
#3908=LINE('',#3907,#3906);
#3909=DIRECTION('',(0.E0,0.E0,1.E0));
#3910=VECTOR('',#3909,5.375E-1);
#3911=CARTESIAN_POINT('',(-2.055E0,2.5E0,-5.375E-1));
#3912=LINE('',#3911,#3910);
#3913=DIRECTION('',(0.E0,1.E0,0.E0));
#3914=VECTOR('',#3913,1.65E0);
#3915=CARTESIAN_POINT('',(-2.055E0,-8.25E-1,3.6E0));
#3916=LINE('',#3915,#3914);
#3917=DIRECTION('',(0.E0,0.E0,-1.E0));
#3918=VECTOR('',#3917,1.6E0);
#3919=CARTESIAN_POINT('',(-2.055E0,-8.25E-1,3.6E0));
#3920=LINE('',#3919,#3918);
#3921=DIRECTION('',(0.E0,0.E0,1.E0));
#3922=VECTOR('',#3921,1.6E0);
#3923=CARTESIAN_POINT('',(-2.055E0,8.25E-1,2.E0));
#3924=LINE('',#3923,#3922);
#3925=DIRECTION('',(-1.E0,0.E0,0.E0));
#3926=VECTOR('',#3925,3.E-1);
#3927=CARTESIAN_POINT('',(-1.755E0,1.55E-1,-8.75E-1));
#3928=LINE('',#3927,#3926);
#3929=DIRECTION('',(-1.E0,0.E0,0.E0));
#3930=VECTOR('',#3929,3.E-1);
#3931=CARTESIAN_POINT('',(-1.755E0,1.75E0,-8.75E-1));
#3932=LINE('',#3931,#3930);
#3933=DIRECTION('',(-1.E0,0.E0,0.E0));
#3934=VECTOR('',#3933,3.E-1);
#3935=CARTESIAN_POINT('',(-1.755E0,1.75E0,-1.075E0));
#3936=LINE('',#3935,#3934);
#3937=DIRECTION('',(-1.E0,0.E0,0.E0));
#3938=VECTOR('',#3937,3.E-1);
#3939=CARTESIAN_POINT('',(-1.755E0,3.45E0,-1.075E0));
#3940=LINE('',#3939,#3938);
#3941=DIRECTION('',(-1.E0,0.E0,0.E0));
#3942=VECTOR('',#3941,3.E-1);
#3943=CARTESIAN_POINT('',(-1.755E0,3.45E0,-5.375E-1));
#3944=LINE('',#3943,#3942);
#3945=DIRECTION('',(-1.E0,0.E0,0.E0));
#3946=VECTOR('',#3945,3.E-1);
#3947=CARTESIAN_POINT('',(-1.755E0,2.5E0,-5.375E-1));
#3948=LINE('',#3947,#3946);
#3949=DIRECTION('',(1.961161351382E-1,0.E0,-9.805806756909E-1));
#3950=VECTOR('',#3949,5.099019513593E-1);
#3951=CARTESIAN_POINT('',(-1.855E0,8.25E-1,4.1E0));
#3952=LINE('',#3951,#3950);
#3953=DIRECTION('',(1.961161351382E-1,0.E0,9.805806756909E-1));
#3954=VECTOR('',#3953,5.099019513593E-1);
#3955=CARTESIAN_POINT('',(-2.055E0,8.25E-1,3.6E0));
#3956=LINE('',#3955,#3954);
#3957=DIRECTION('',(-1.961161351382E-1,0.E0,9.805806756909E-1));
#3958=VECTOR('',#3957,5.099019513593E-1);
#3959=CARTESIAN_POINT('',(-1.755E0,-8.25E-1,3.6E0));
#3960=LINE('',#3959,#3958);
#3961=DIRECTION('',(-1.961161351382E-1,0.E0,-9.805806756909E-1));
#3962=VECTOR('',#3961,5.099019513593E-1);
#3963=CARTESIAN_POINT('',(-1.955E0,-8.25E-1,4.1E0));
#3964=LINE('',#3963,#3962);
#3965=DIRECTION('',(-1.E0,0.E0,0.E0));
#3966=VECTOR('',#3965,1.E-1);
#3967=CARTESIAN_POINT('',(-1.855E0,-8.25E-1,4.1E0));
#3968=LINE('',#3967,#3966);
#3969=DIRECTION('',(0.E0,-1.E0,0.E0));
#3970=VECTOR('',#3969,1.65E0);
#3971=CARTESIAN_POINT('',(-1.855E0,8.25E-1,4.1E0));
#3972=LINE('',#3971,#3970);
#3973=DIRECTION('',(0.E0,1.E0,0.E0));
#3974=VECTOR('',#3973,1.65E0);
#3975=CARTESIAN_POINT('',(-1.955E0,-8.25E-1,4.1E0));
#3976=LINE('',#3975,#3974);
#3977=DIRECTION('',(-1.E0,0.E0,0.E0));
#3978=VECTOR('',#3977,1.E-1);
#3979=CARTESIAN_POINT('',(-1.855E0,8.25E-1,4.1E0));
#3980=LINE('',#3979,#3978);
#3981=DIRECTION('',(-1.E0,0.E0,0.E0));
#3982=VECTOR('',#3981,3.E-1);
#3983=CARTESIAN_POINT('',(7.85E-1,2.5E0,0.E0));
#3984=LINE('',#3983,#3982);
#3985=DIRECTION('',(0.E0,0.E0,-1.E0));
#3986=VECTOR('',#3985,8.5E-1);
#3987=CARTESIAN_POINT('',(7.85E-1,-2.296E0,0.E0));
#3988=LINE('',#3987,#3986);
#3989=DIRECTION('',(0.E0,0.E0,1.E0));
#3990=VECTOR('',#3989,8.5E-1);
#3991=CARTESIAN_POINT('',(7.85E-1,-1.55E-1,-8.5E-1));
#3992=LINE('',#3991,#3990);
#3993=DIRECTION('',(0.E0,1.E0,0.E0));
#3994=VECTOR('',#3993,2.141E0);
#3995=CARTESIAN_POINT('',(7.85E-1,-2.296E0,-8.5E-1));
#3996=LINE('',#3995,#3994);
#3997=DIRECTION('',(0.E0,-1.E0,0.E0));
#3998=VECTOR('',#3997,8.E-1);
#3999=CARTESIAN_POINT('',(7.85E-1,2.5E0,0.E0));
#4000=LINE('',#3999,#3998);
#4001=DIRECTION('',(0.E0,0.E0,1.E0));
#4002=VECTOR('',#4001,5.375E-1);
#4003=CARTESIAN_POINT('',(7.85E-1,2.5E0,-5.375E-1));
#4004=LINE('',#4003,#4002);
#4005=DIRECTION('',(0.E0,-1.E0,0.E0));
#4006=VECTOR('',#4005,9.5E-1);
#4007=CARTESIAN_POINT('',(7.85E-1,3.45E0,-5.375E-1));
#4008=LINE('',#4007,#4006);
#4009=DIRECTION('',(0.E0,0.E0,1.E0));
#4010=VECTOR('',#4009,5.375E-1);
#4011=CARTESIAN_POINT('',(7.85E-1,3.45E0,-1.075E0));
#4012=LINE('',#4011,#4010);
#4013=DIRECTION('',(0.E0,1.E0,0.E0));
#4014=VECTOR('',#4013,1.7E0);
#4015=CARTESIAN_POINT('',(7.85E-1,1.75E0,-1.075E0));
#4016=LINE('',#4015,#4014);
#4017=DIRECTION('',(0.E0,0.E0,-1.E0));
#4018=VECTOR('',#4017,2.E-1);
#4019=CARTESIAN_POINT('',(7.85E-1,1.75E0,-8.75E-1));
#4020=LINE('',#4019,#4018);
#4021=DIRECTION('',(0.E0,1.E0,0.E0));
#4022=VECTOR('',#4021,1.595E0);
#4023=CARTESIAN_POINT('',(7.85E-1,1.55E-1,-8.75E-1));
#4024=LINE('',#4023,#4022);
#4025=DIRECTION('',(0.E0,0.E0,-1.E0));
#4026=VECTOR('',#4025,8.75E-1);
#4027=CARTESIAN_POINT('',(7.85E-1,1.55E-1,0.E0));
#4028=LINE('',#4027,#4026);
#4029=DIRECTION('',(0.E0,-1.E0,0.E0));
#4030=VECTOR('',#4029,1.65E0);
#4031=CARTESIAN_POINT('',(7.85E-1,8.25E-1,3.6E0));
#4032=LINE('',#4031,#4030);
#4033=DIRECTION('',(0.E0,0.E0,1.E0));
#4034=VECTOR('',#4033,1.6E0);
#4035=CARTESIAN_POINT('',(7.85E-1,8.25E-1,2.E0));
#4036=LINE('',#4035,#4034);
#4037=DIRECTION('',(0.E0,0.E0,-1.E0));
#4038=VECTOR('',#4037,1.6E0);
#4039=CARTESIAN_POINT('',(7.85E-1,-8.25E-1,3.6E0));
#4040=LINE('',#4039,#4038);
#4041=DIRECTION('',(-1.E0,0.E0,0.E0));
#4042=VECTOR('',#4041,3.E-1);
#4043=CARTESIAN_POINT('',(7.85E-1,-2.296E0,-8.5E-1));
#4044=LINE('',#4043,#4042);
#4045=DIRECTION('',(-1.E0,0.E0,0.E0));
#4046=VECTOR('',#4045,3.E-1);
#4047=CARTESIAN_POINT('',(7.85E-1,-1.55E-1,-8.5E-1));
#4048=LINE('',#4047,#4046);
#4049=DIRECTION('',(0.E0,0.E0,-1.E0));
#4050=VECTOR('',#4049,8.5E-1);
#4051=CARTESIAN_POINT('',(4.85E-1,-2.296E0,0.E0));
#4052=LINE('',#4051,#4050);
#4053=DIRECTION('',(0.E0,1.E0,0.E0));
#4054=VECTOR('',#4053,2.141E0);
#4055=CARTESIAN_POINT('',(4.85E-1,-2.296E0,-8.5E-1));
#4056=LINE('',#4055,#4054);
#4057=DIRECTION('',(0.E0,0.E0,1.E0));
#4058=VECTOR('',#4057,8.5E-1);
#4059=CARTESIAN_POINT('',(4.85E-1,-1.55E-1,-8.5E-1));
#4060=LINE('',#4059,#4058);
#4061=DIRECTION('',(0.E0,-1.E0,0.E0));
#4062=VECTOR('',#4061,8.E-1);
#4063=CARTESIAN_POINT('',(4.85E-1,2.5E0,0.E0));
#4064=LINE('',#4063,#4062);
#4065=DIRECTION('',(0.E0,0.E0,-1.E0));
#4066=VECTOR('',#4065,8.75E-1);
#4067=CARTESIAN_POINT('',(4.85E-1,1.55E-1,0.E0));
#4068=LINE('',#4067,#4066);
#4069=DIRECTION('',(0.E0,1.E0,0.E0));
#4070=VECTOR('',#4069,1.595E0);
#4071=CARTESIAN_POINT('',(4.85E-1,1.55E-1,-8.75E-1));
#4072=LINE('',#4071,#4070);
#4073=DIRECTION('',(0.E0,0.E0,-1.E0));
#4074=VECTOR('',#4073,2.E-1);
#4075=CARTESIAN_POINT('',(4.85E-1,1.75E0,-8.75E-1));
#4076=LINE('',#4075,#4074);
#4077=DIRECTION('',(0.E0,1.E0,0.E0));
#4078=VECTOR('',#4077,1.7E0);
#4079=CARTESIAN_POINT('',(4.85E-1,1.75E0,-1.075E0));
#4080=LINE('',#4079,#4078);
#4081=DIRECTION('',(0.E0,0.E0,1.E0));
#4082=VECTOR('',#4081,5.375E-1);
#4083=CARTESIAN_POINT('',(4.85E-1,3.45E0,-1.075E0));
#4084=LINE('',#4083,#4082);
#4085=DIRECTION('',(0.E0,-1.E0,0.E0));
#4086=VECTOR('',#4085,9.5E-1);
#4087=CARTESIAN_POINT('',(4.85E-1,3.45E0,-5.375E-1));
#4088=LINE('',#4087,#4086);
#4089=DIRECTION('',(0.E0,0.E0,1.E0));
#4090=VECTOR('',#4089,5.375E-1);
#4091=CARTESIAN_POINT('',(4.85E-1,2.5E0,-5.375E-1));
#4092=LINE('',#4091,#4090);
#4093=DIRECTION('',(0.E0,1.E0,0.E0));
#4094=VECTOR('',#4093,1.65E0);
#4095=CARTESIAN_POINT('',(4.85E-1,-8.25E-1,3.6E0));
#4096=LINE('',#4095,#4094);
#4097=DIRECTION('',(0.E0,0.E0,-1.E0));
#4098=VECTOR('',#4097,1.6E0);
#4099=CARTESIAN_POINT('',(4.85E-1,-8.25E-1,3.6E0));
#4100=LINE('',#4099,#4098);
#4101=DIRECTION('',(0.E0,0.E0,1.E0));
#4102=VECTOR('',#4101,1.6E0);
#4103=CARTESIAN_POINT('',(4.85E-1,8.25E-1,2.E0));
#4104=LINE('',#4103,#4102);
#4105=DIRECTION('',(-1.E0,0.E0,0.E0));
#4106=VECTOR('',#4105,3.E-1);
#4107=CARTESIAN_POINT('',(7.85E-1,1.55E-1,-8.75E-1));
#4108=LINE('',#4107,#4106);
#4109=DIRECTION('',(-1.E0,0.E0,0.E0));
#4110=VECTOR('',#4109,3.E-1);
#4111=CARTESIAN_POINT('',(7.85E-1,1.75E0,-8.75E-1));
#4112=LINE('',#4111,#4110);
#4113=DIRECTION('',(-1.E0,0.E0,0.E0));
#4114=VECTOR('',#4113,3.E-1);
#4115=CARTESIAN_POINT('',(7.85E-1,1.75E0,-1.075E0));
#4116=LINE('',#4115,#4114);
#4117=DIRECTION('',(-1.E0,0.E0,0.E0));
#4118=VECTOR('',#4117,3.E-1);
#4119=CARTESIAN_POINT('',(7.85E-1,3.45E0,-1.075E0));
#4120=LINE('',#4119,#4118);
#4121=DIRECTION('',(-1.E0,0.E0,0.E0));
#4122=VECTOR('',#4121,3.E-1);
#4123=CARTESIAN_POINT('',(7.85E-1,3.45E0,-5.375E-1));
#4124=LINE('',#4123,#4122);
#4125=DIRECTION('',(-1.E0,0.E0,0.E0));
#4126=VECTOR('',#4125,3.E-1);
#4127=CARTESIAN_POINT('',(7.85E-1,2.5E0,-5.375E-1));
#4128=LINE('',#4127,#4126);
#4129=DIRECTION('',(1.961161351382E-1,0.E0,-9.805806756909E-1));
#4130=VECTOR('',#4129,5.099019513593E-1);
#4131=CARTESIAN_POINT('',(6.85E-1,8.25E-1,4.1E0));
#4132=LINE('',#4131,#4130);
#4133=DIRECTION('',(1.961161351382E-1,0.E0,9.805806756909E-1));
#4134=VECTOR('',#4133,5.099019513593E-1);
#4135=CARTESIAN_POINT('',(4.85E-1,8.25E-1,3.6E0));
#4136=LINE('',#4135,#4134);
#4137=DIRECTION('',(-1.961161351382E-1,0.E0,9.805806756909E-1));
#4138=VECTOR('',#4137,5.099019513593E-1);
#4139=CARTESIAN_POINT('',(7.85E-1,-8.25E-1,3.6E0));
#4140=LINE('',#4139,#4138);
#4141=DIRECTION('',(-1.961161351382E-1,0.E0,-9.805806756909E-1));
#4142=VECTOR('',#4141,5.099019513593E-1);
#4143=CARTESIAN_POINT('',(5.85E-1,-8.25E-1,4.1E0));
#4144=LINE('',#4143,#4142);
#4145=DIRECTION('',(-1.E0,0.E0,0.E0));
#4146=VECTOR('',#4145,1.E-1);
#4147=CARTESIAN_POINT('',(6.85E-1,-8.25E-1,4.1E0));
#4148=LINE('',#4147,#4146);
#4149=DIRECTION('',(0.E0,-1.E0,0.E0));
#4150=VECTOR('',#4149,1.65E0);
#4151=CARTESIAN_POINT('',(6.85E-1,8.25E-1,4.1E0));
#4152=LINE('',#4151,#4150);
#4153=DIRECTION('',(0.E0,1.E0,0.E0));
#4154=VECTOR('',#4153,1.65E0);
#4155=CARTESIAN_POINT('',(5.85E-1,-8.25E-1,4.1E0));
#4156=LINE('',#4155,#4154);
#4157=DIRECTION('',(-1.E0,0.E0,0.E0));
#4158=VECTOR('',#4157,1.E-1);
#4159=CARTESIAN_POINT('',(6.85E-1,8.25E-1,4.1E0));
#4160=LINE('',#4159,#4158);
#4161=DIRECTION('',(-1.E0,0.E0,0.E0));
#4162=VECTOR('',#4161,3.E-1);
#4163=CARTESIAN_POINT('',(3.325E0,2.5E0,0.E0));
#4164=LINE('',#4163,#4162);
#4165=DIRECTION('',(0.E0,0.E0,-1.E0));
#4166=VECTOR('',#4165,8.5E-1);
#4167=CARTESIAN_POINT('',(3.325E0,-2.296E0,0.E0));
#4168=LINE('',#4167,#4166);
#4169=DIRECTION('',(0.E0,0.E0,1.E0));
#4170=VECTOR('',#4169,8.5E-1);
#4171=CARTESIAN_POINT('',(3.325E0,-1.55E-1,-8.5E-1));
#4172=LINE('',#4171,#4170);
#4173=DIRECTION('',(0.E0,1.E0,0.E0));
#4174=VECTOR('',#4173,2.141E0);
#4175=CARTESIAN_POINT('',(3.325E0,-2.296E0,-8.5E-1));
#4176=LINE('',#4175,#4174);
#4177=DIRECTION('',(0.E0,-1.E0,0.E0));
#4178=VECTOR('',#4177,8.E-1);
#4179=CARTESIAN_POINT('',(3.325E0,2.5E0,0.E0));
#4180=LINE('',#4179,#4178);
#4181=DIRECTION('',(0.E0,0.E0,1.E0));
#4182=VECTOR('',#4181,5.375E-1);
#4183=CARTESIAN_POINT('',(3.325E0,2.5E0,-5.375E-1));
#4184=LINE('',#4183,#4182);
#4185=DIRECTION('',(0.E0,-1.E0,0.E0));
#4186=VECTOR('',#4185,9.5E-1);
#4187=CARTESIAN_POINT('',(3.325E0,3.45E0,-5.375E-1));
#4188=LINE('',#4187,#4186);
#4189=DIRECTION('',(0.E0,0.E0,1.E0));
#4190=VECTOR('',#4189,5.375E-1);
#4191=CARTESIAN_POINT('',(3.325E0,3.45E0,-1.075E0));
#4192=LINE('',#4191,#4190);
#4193=DIRECTION('',(0.E0,1.E0,0.E0));
#4194=VECTOR('',#4193,1.7E0);
#4195=CARTESIAN_POINT('',(3.325E0,1.75E0,-1.075E0));
#4196=LINE('',#4195,#4194);
#4197=DIRECTION('',(0.E0,0.E0,-1.E0));
#4198=VECTOR('',#4197,2.E-1);
#4199=CARTESIAN_POINT('',(3.325E0,1.75E0,-8.75E-1));
#4200=LINE('',#4199,#4198);
#4201=DIRECTION('',(0.E0,1.E0,0.E0));
#4202=VECTOR('',#4201,1.595E0);
#4203=CARTESIAN_POINT('',(3.325E0,1.55E-1,-8.75E-1));
#4204=LINE('',#4203,#4202);
#4205=DIRECTION('',(0.E0,0.E0,-1.E0));
#4206=VECTOR('',#4205,8.75E-1);
#4207=CARTESIAN_POINT('',(3.325E0,1.55E-1,0.E0));
#4208=LINE('',#4207,#4206);
#4209=DIRECTION('',(0.E0,-1.E0,0.E0));
#4210=VECTOR('',#4209,1.65E0);
#4211=CARTESIAN_POINT('',(3.325E0,8.25E-1,3.6E0));
#4212=LINE('',#4211,#4210);
#4213=DIRECTION('',(0.E0,0.E0,1.E0));
#4214=VECTOR('',#4213,1.6E0);
#4215=CARTESIAN_POINT('',(3.325E0,8.25E-1,2.E0));
#4216=LINE('',#4215,#4214);
#4217=DIRECTION('',(0.E0,0.E0,-1.E0));
#4218=VECTOR('',#4217,1.6E0);
#4219=CARTESIAN_POINT('',(3.325E0,-8.25E-1,3.6E0));
#4220=LINE('',#4219,#4218);
#4221=DIRECTION('',(-1.E0,0.E0,0.E0));
#4222=VECTOR('',#4221,3.E-1);
#4223=CARTESIAN_POINT('',(3.325E0,-2.296E0,-8.5E-1));
#4224=LINE('',#4223,#4222);
#4225=DIRECTION('',(-1.E0,0.E0,0.E0));
#4226=VECTOR('',#4225,3.E-1);
#4227=CARTESIAN_POINT('',(3.325E0,-1.55E-1,-8.5E-1));
#4228=LINE('',#4227,#4226);
#4229=DIRECTION('',(0.E0,0.E0,-1.E0));
#4230=VECTOR('',#4229,8.5E-1);
#4231=CARTESIAN_POINT('',(3.025E0,-2.296E0,0.E0));
#4232=LINE('',#4231,#4230);
#4233=DIRECTION('',(0.E0,1.E0,0.E0));
#4234=VECTOR('',#4233,2.141E0);
#4235=CARTESIAN_POINT('',(3.025E0,-2.296E0,-8.5E-1));
#4236=LINE('',#4235,#4234);
#4237=DIRECTION('',(0.E0,0.E0,1.E0));
#4238=VECTOR('',#4237,8.5E-1);
#4239=CARTESIAN_POINT('',(3.025E0,-1.55E-1,-8.5E-1));
#4240=LINE('',#4239,#4238);
#4241=DIRECTION('',(0.E0,-1.E0,0.E0));
#4242=VECTOR('',#4241,8.E-1);
#4243=CARTESIAN_POINT('',(3.025E0,2.5E0,0.E0));
#4244=LINE('',#4243,#4242);
#4245=DIRECTION('',(0.E0,0.E0,-1.E0));
#4246=VECTOR('',#4245,8.75E-1);
#4247=CARTESIAN_POINT('',(3.025E0,1.55E-1,0.E0));
#4248=LINE('',#4247,#4246);
#4249=DIRECTION('',(0.E0,1.E0,0.E0));
#4250=VECTOR('',#4249,1.595E0);
#4251=CARTESIAN_POINT('',(3.025E0,1.55E-1,-8.75E-1));
#4252=LINE('',#4251,#4250);
#4253=DIRECTION('',(0.E0,0.E0,-1.E0));
#4254=VECTOR('',#4253,2.E-1);
#4255=CARTESIAN_POINT('',(3.025E0,1.75E0,-8.75E-1));
#4256=LINE('',#4255,#4254);
#4257=DIRECTION('',(0.E0,1.E0,0.E0));
#4258=VECTOR('',#4257,1.7E0);
#4259=CARTESIAN_POINT('',(3.025E0,1.75E0,-1.075E0));
#4260=LINE('',#4259,#4258);
#4261=DIRECTION('',(0.E0,0.E0,1.E0));
#4262=VECTOR('',#4261,5.375E-1);
#4263=CARTESIAN_POINT('',(3.025E0,3.45E0,-1.075E0));
#4264=LINE('',#4263,#4262);
#4265=DIRECTION('',(0.E0,-1.E0,0.E0));
#4266=VECTOR('',#4265,9.5E-1);
#4267=CARTESIAN_POINT('',(3.025E0,3.45E0,-5.375E-1));
#4268=LINE('',#4267,#4266);
#4269=DIRECTION('',(0.E0,0.E0,1.E0));
#4270=VECTOR('',#4269,5.375E-1);
#4271=CARTESIAN_POINT('',(3.025E0,2.5E0,-5.375E-1));
#4272=LINE('',#4271,#4270);
#4273=DIRECTION('',(0.E0,1.E0,0.E0));
#4274=VECTOR('',#4273,1.65E0);
#4275=CARTESIAN_POINT('',(3.025E0,-8.25E-1,3.6E0));
#4276=LINE('',#4275,#4274);
#4277=DIRECTION('',(0.E0,0.E0,-1.E0));
#4278=VECTOR('',#4277,1.6E0);
#4279=CARTESIAN_POINT('',(3.025E0,-8.25E-1,3.6E0));
#4280=LINE('',#4279,#4278);
#4281=DIRECTION('',(0.E0,0.E0,1.E0));
#4282=VECTOR('',#4281,1.6E0);
#4283=CARTESIAN_POINT('',(3.025E0,8.25E-1,2.E0));
#4284=LINE('',#4283,#4282);
#4285=DIRECTION('',(-1.E0,0.E0,0.E0));
#4286=VECTOR('',#4285,3.E-1);
#4287=CARTESIAN_POINT('',(3.325E0,1.55E-1,-8.75E-1));
#4288=LINE('',#4287,#4286);
#4289=DIRECTION('',(-1.E0,0.E0,0.E0));
#4290=VECTOR('',#4289,3.E-1);
#4291=CARTESIAN_POINT('',(3.325E0,1.75E0,-8.75E-1));
#4292=LINE('',#4291,#4290);
#4293=DIRECTION('',(-1.E0,0.E0,0.E0));
#4294=VECTOR('',#4293,3.E-1);
#4295=CARTESIAN_POINT('',(3.325E0,1.75E0,-1.075E0));
#4296=LINE('',#4295,#4294);
#4297=DIRECTION('',(-1.E0,0.E0,0.E0));
#4298=VECTOR('',#4297,3.E-1);
#4299=CARTESIAN_POINT('',(3.325E0,3.45E0,-1.075E0));
#4300=LINE('',#4299,#4298);
#4301=DIRECTION('',(-1.E0,0.E0,0.E0));
#4302=VECTOR('',#4301,3.E-1);
#4303=CARTESIAN_POINT('',(3.325E0,3.45E0,-5.375E-1));
#4304=LINE('',#4303,#4302);
#4305=DIRECTION('',(-1.E0,0.E0,0.E0));
#4306=VECTOR('',#4305,3.E-1);
#4307=CARTESIAN_POINT('',(3.325E0,2.5E0,-5.375E-1));
#4308=LINE('',#4307,#4306);
#4309=DIRECTION('',(1.961161351382E-1,0.E0,-9.805806756909E-1));
#4310=VECTOR('',#4309,5.099019513593E-1);
#4311=CARTESIAN_POINT('',(3.225E0,8.25E-1,4.1E0));
#4312=LINE('',#4311,#4310);
#4313=DIRECTION('',(1.961161351382E-1,0.E0,9.805806756909E-1));
#4314=VECTOR('',#4313,5.099019513593E-1);
#4315=CARTESIAN_POINT('',(3.025E0,8.25E-1,3.6E0));
#4316=LINE('',#4315,#4314);
#4317=DIRECTION('',(-1.961161351382E-1,0.E0,9.805806756909E-1));
#4318=VECTOR('',#4317,5.099019513593E-1);
#4319=CARTESIAN_POINT('',(3.325E0,-8.25E-1,3.6E0));
#4320=LINE('',#4319,#4318);
#4321=DIRECTION('',(-1.961161351382E-1,0.E0,-9.805806756909E-1));
#4322=VECTOR('',#4321,5.099019513593E-1);
#4323=CARTESIAN_POINT('',(3.125E0,-8.25E-1,4.1E0));
#4324=LINE('',#4323,#4322);
#4325=DIRECTION('',(-1.E0,0.E0,0.E0));
#4326=VECTOR('',#4325,1.E-1);
#4327=CARTESIAN_POINT('',(3.225E0,-8.25E-1,4.1E0));
#4328=LINE('',#4327,#4326);
#4329=DIRECTION('',(0.E0,-1.E0,0.E0));
#4330=VECTOR('',#4329,1.65E0);
#4331=CARTESIAN_POINT('',(3.225E0,8.25E-1,4.1E0));
#4332=LINE('',#4331,#4330);
#4333=DIRECTION('',(0.E0,1.E0,0.E0));
#4334=VECTOR('',#4333,1.65E0);
#4335=CARTESIAN_POINT('',(3.125E0,-8.25E-1,4.1E0));
#4336=LINE('',#4335,#4334);
#4337=DIRECTION('',(-1.E0,0.E0,0.E0));
#4338=VECTOR('',#4337,1.E-1);
#4339=CARTESIAN_POINT('',(3.225E0,8.25E-1,4.1E0));
#4340=LINE('',#4339,#4338);
#4341=DIRECTION('',(-1.E0,0.E0,0.E0));
#4342=VECTOR('',#4341,3.E-1);
#4343=CARTESIAN_POINT('',(5.865E0,2.5E0,0.E0));
#4344=LINE('',#4343,#4342);
#4345=DIRECTION('',(0.E0,0.E0,-1.E0));
#4346=VECTOR('',#4345,8.5E-1);
#4347=CARTESIAN_POINT('',(5.865E0,-2.296E0,0.E0));
#4348=LINE('',#4347,#4346);
#4349=DIRECTION('',(0.E0,0.E0,1.E0));
#4350=VECTOR('',#4349,8.5E-1);
#4351=CARTESIAN_POINT('',(5.865E0,-1.55E-1,-8.5E-1));
#4352=LINE('',#4351,#4350);
#4353=DIRECTION('',(0.E0,1.E0,0.E0));
#4354=VECTOR('',#4353,2.141E0);
#4355=CARTESIAN_POINT('',(5.865E0,-2.296E0,-8.5E-1));
#4356=LINE('',#4355,#4354);
#4357=DIRECTION('',(0.E0,-1.E0,0.E0));
#4358=VECTOR('',#4357,8.E-1);
#4359=CARTESIAN_POINT('',(5.865E0,2.5E0,0.E0));
#4360=LINE('',#4359,#4358);
#4361=DIRECTION('',(0.E0,0.E0,1.E0));
#4362=VECTOR('',#4361,5.375E-1);
#4363=CARTESIAN_POINT('',(5.865E0,2.5E0,-5.375E-1));
#4364=LINE('',#4363,#4362);
#4365=DIRECTION('',(0.E0,-1.E0,0.E0));
#4366=VECTOR('',#4365,9.5E-1);
#4367=CARTESIAN_POINT('',(5.865E0,3.45E0,-5.375E-1));
#4368=LINE('',#4367,#4366);
#4369=DIRECTION('',(0.E0,0.E0,1.E0));
#4370=VECTOR('',#4369,5.375E-1);
#4371=CARTESIAN_POINT('',(5.865E0,3.45E0,-1.075E0));
#4372=LINE('',#4371,#4370);
#4373=DIRECTION('',(0.E0,1.E0,0.E0));
#4374=VECTOR('',#4373,1.7E0);
#4375=CARTESIAN_POINT('',(5.865E0,1.75E0,-1.075E0));
#4376=LINE('',#4375,#4374);
#4377=DIRECTION('',(0.E0,0.E0,-1.E0));
#4378=VECTOR('',#4377,2.E-1);
#4379=CARTESIAN_POINT('',(5.865E0,1.75E0,-8.75E-1));
#4380=LINE('',#4379,#4378);
#4381=DIRECTION('',(0.E0,1.E0,0.E0));
#4382=VECTOR('',#4381,1.595E0);
#4383=CARTESIAN_POINT('',(5.865E0,1.55E-1,-8.75E-1));
#4384=LINE('',#4383,#4382);
#4385=DIRECTION('',(0.E0,0.E0,-1.E0));
#4386=VECTOR('',#4385,8.75E-1);
#4387=CARTESIAN_POINT('',(5.865E0,1.55E-1,0.E0));
#4388=LINE('',#4387,#4386);
#4389=DIRECTION('',(0.E0,-1.E0,0.E0));
#4390=VECTOR('',#4389,1.65E0);
#4391=CARTESIAN_POINT('',(5.865E0,8.25E-1,3.6E0));
#4392=LINE('',#4391,#4390);
#4393=DIRECTION('',(0.E0,0.E0,1.E0));
#4394=VECTOR('',#4393,1.6E0);
#4395=CARTESIAN_POINT('',(5.865E0,8.25E-1,2.E0));
#4396=LINE('',#4395,#4394);
#4397=DIRECTION('',(0.E0,0.E0,-1.E0));
#4398=VECTOR('',#4397,1.6E0);
#4399=CARTESIAN_POINT('',(5.865E0,-8.25E-1,3.6E0));
#4400=LINE('',#4399,#4398);
#4401=DIRECTION('',(-1.E0,0.E0,0.E0));
#4402=VECTOR('',#4401,3.E-1);
#4403=CARTESIAN_POINT('',(5.865E0,-2.296E0,-8.5E-1));
#4404=LINE('',#4403,#4402);
#4405=DIRECTION('',(-1.E0,0.E0,0.E0));
#4406=VECTOR('',#4405,3.E-1);
#4407=CARTESIAN_POINT('',(5.865E0,-1.55E-1,-8.5E-1));
#4408=LINE('',#4407,#4406);
#4409=DIRECTION('',(0.E0,0.E0,-1.E0));
#4410=VECTOR('',#4409,8.5E-1);
#4411=CARTESIAN_POINT('',(5.565E0,-2.296E0,0.E0));
#4412=LINE('',#4411,#4410);
#4413=DIRECTION('',(0.E0,1.E0,0.E0));
#4414=VECTOR('',#4413,2.141E0);
#4415=CARTESIAN_POINT('',(5.565E0,-2.296E0,-8.5E-1));
#4416=LINE('',#4415,#4414);
#4417=DIRECTION('',(0.E0,0.E0,1.E0));
#4418=VECTOR('',#4417,8.5E-1);
#4419=CARTESIAN_POINT('',(5.565E0,-1.55E-1,-8.5E-1));
#4420=LINE('',#4419,#4418);
#4421=DIRECTION('',(0.E0,-1.E0,0.E0));
#4422=VECTOR('',#4421,8.E-1);
#4423=CARTESIAN_POINT('',(5.565E0,2.5E0,0.E0));
#4424=LINE('',#4423,#4422);
#4425=DIRECTION('',(0.E0,0.E0,-1.E0));
#4426=VECTOR('',#4425,8.75E-1);
#4427=CARTESIAN_POINT('',(5.565E0,1.55E-1,0.E0));
#4428=LINE('',#4427,#4426);
#4429=DIRECTION('',(0.E0,1.E0,0.E0));
#4430=VECTOR('',#4429,1.595E0);
#4431=CARTESIAN_POINT('',(5.565E0,1.55E-1,-8.75E-1));
#4432=LINE('',#4431,#4430);
#4433=DIRECTION('',(0.E0,0.E0,-1.E0));
#4434=VECTOR('',#4433,2.E-1);
#4435=CARTESIAN_POINT('',(5.565E0,1.75E0,-8.75E-1));
#4436=LINE('',#4435,#4434);
#4437=DIRECTION('',(0.E0,1.E0,0.E0));
#4438=VECTOR('',#4437,1.7E0);
#4439=CARTESIAN_POINT('',(5.565E0,1.75E0,-1.075E0));
#4440=LINE('',#4439,#4438);
#4441=DIRECTION('',(0.E0,0.E0,1.E0));
#4442=VECTOR('',#4441,5.375E-1);
#4443=CARTESIAN_POINT('',(5.565E0,3.45E0,-1.075E0));
#4444=LINE('',#4443,#4442);
#4445=DIRECTION('',(0.E0,-1.E0,0.E0));
#4446=VECTOR('',#4445,9.5E-1);
#4447=CARTESIAN_POINT('',(5.565E0,3.45E0,-5.375E-1));
#4448=LINE('',#4447,#4446);
#4449=DIRECTION('',(0.E0,0.E0,1.E0));
#4450=VECTOR('',#4449,5.375E-1);
#4451=CARTESIAN_POINT('',(5.565E0,2.5E0,-5.375E-1));
#4452=LINE('',#4451,#4450);
#4453=DIRECTION('',(0.E0,1.E0,0.E0));
#4454=VECTOR('',#4453,1.65E0);
#4455=CARTESIAN_POINT('',(5.565E0,-8.25E-1,3.6E0));
#4456=LINE('',#4455,#4454);
#4457=DIRECTION('',(0.E0,0.E0,-1.E0));
#4458=VECTOR('',#4457,1.6E0);
#4459=CARTESIAN_POINT('',(5.565E0,-8.25E-1,3.6E0));
#4460=LINE('',#4459,#4458);
#4461=DIRECTION('',(0.E0,0.E0,1.E0));
#4462=VECTOR('',#4461,1.6E0);
#4463=CARTESIAN_POINT('',(5.565E0,8.25E-1,2.E0));
#4464=LINE('',#4463,#4462);
#4465=DIRECTION('',(-1.E0,0.E0,0.E0));
#4466=VECTOR('',#4465,3.E-1);
#4467=CARTESIAN_POINT('',(5.865E0,1.55E-1,-8.75E-1));
#4468=LINE('',#4467,#4466);
#4469=DIRECTION('',(-1.E0,0.E0,0.E0));
#4470=VECTOR('',#4469,3.E-1);
#4471=CARTESIAN_POINT('',(5.865E0,1.75E0,-8.75E-1));
#4472=LINE('',#4471,#4470);
#4473=DIRECTION('',(-1.E0,0.E0,0.E0));
#4474=VECTOR('',#4473,3.E-1);
#4475=CARTESIAN_POINT('',(5.865E0,1.75E0,-1.075E0));
#4476=LINE('',#4475,#4474);
#4477=DIRECTION('',(-1.E0,0.E0,0.E0));
#4478=VECTOR('',#4477,3.E-1);
#4479=CARTESIAN_POINT('',(5.865E0,3.45E0,-1.075E0));
#4480=LINE('',#4479,#4478);
#4481=DIRECTION('',(-1.E0,0.E0,0.E0));
#4482=VECTOR('',#4481,3.E-1);
#4483=CARTESIAN_POINT('',(5.865E0,3.45E0,-5.375E-1));
#4484=LINE('',#4483,#4482);
#4485=DIRECTION('',(-1.E0,0.E0,0.E0));
#4486=VECTOR('',#4485,3.E-1);
#4487=CARTESIAN_POINT('',(5.865E0,2.5E0,-5.375E-1));
#4488=LINE('',#4487,#4486);
#4489=DIRECTION('',(1.961161351382E-1,0.E0,-9.805806756909E-1));
#4490=VECTOR('',#4489,5.099019513593E-1);
#4491=CARTESIAN_POINT('',(5.765E0,8.25E-1,4.1E0));
#4492=LINE('',#4491,#4490);
#4493=DIRECTION('',(1.961161351382E-1,0.E0,9.805806756909E-1));
#4494=VECTOR('',#4493,5.099019513593E-1);
#4495=CARTESIAN_POINT('',(5.565E0,8.25E-1,3.6E0));
#4496=LINE('',#4495,#4494);
#4497=DIRECTION('',(-1.961161351382E-1,0.E0,9.805806756909E-1));
#4498=VECTOR('',#4497,5.099019513593E-1);
#4499=CARTESIAN_POINT('',(5.865E0,-8.25E-1,3.6E0));
#4500=LINE('',#4499,#4498);
#4501=DIRECTION('',(-1.961161351382E-1,0.E0,-9.805806756909E-1));
#4502=VECTOR('',#4501,5.099019513593E-1);
#4503=CARTESIAN_POINT('',(5.665E0,-8.25E-1,4.1E0));
#4504=LINE('',#4503,#4502);
#4505=DIRECTION('',(-1.E0,0.E0,0.E0));
#4506=VECTOR('',#4505,1.E-1);
#4507=CARTESIAN_POINT('',(5.765E0,-8.25E-1,4.1E0));
#4508=LINE('',#4507,#4506);
#4509=DIRECTION('',(0.E0,-1.E0,0.E0));
#4510=VECTOR('',#4509,1.65E0);
#4511=CARTESIAN_POINT('',(5.765E0,8.25E-1,4.1E0));
#4512=LINE('',#4511,#4510);
#4513=DIRECTION('',(0.E0,1.E0,0.E0));
#4514=VECTOR('',#4513,1.65E0);
#4515=CARTESIAN_POINT('',(5.665E0,-8.25E-1,4.1E0));
#4516=LINE('',#4515,#4514);
#4517=DIRECTION('',(-1.E0,0.E0,0.E0));
#4518=VECTOR('',#4517,1.E-1);
#4519=CARTESIAN_POINT('',(5.765E0,8.25E-1,4.1E0));
#4520=LINE('',#4519,#4518);
#4521=DIRECTION('',(-1.E0,0.E0,0.E0));
#4522=VECTOR('',#4521,3.E-1);
#4523=CARTESIAN_POINT('',(8.405E0,2.5E0,0.E0));
#4524=LINE('',#4523,#4522);
#4525=DIRECTION('',(0.E0,0.E0,-1.E0));
#4526=VECTOR('',#4525,8.5E-1);
#4527=CARTESIAN_POINT('',(8.405E0,-2.296E0,0.E0));
#4528=LINE('',#4527,#4526);
#4529=DIRECTION('',(0.E0,0.E0,1.E0));
#4530=VECTOR('',#4529,8.5E-1);
#4531=CARTESIAN_POINT('',(8.405E0,-1.55E-1,-8.5E-1));
#4532=LINE('',#4531,#4530);
#4533=DIRECTION('',(0.E0,1.E0,0.E0));
#4534=VECTOR('',#4533,2.141E0);
#4535=CARTESIAN_POINT('',(8.405E0,-2.296E0,-8.5E-1));
#4536=LINE('',#4535,#4534);
#4537=DIRECTION('',(0.E0,-1.E0,0.E0));
#4538=VECTOR('',#4537,8.E-1);
#4539=CARTESIAN_POINT('',(8.405E0,2.5E0,0.E0));
#4540=LINE('',#4539,#4538);
#4541=DIRECTION('',(0.E0,0.E0,1.E0));
#4542=VECTOR('',#4541,5.375E-1);
#4543=CARTESIAN_POINT('',(8.405E0,2.5E0,-5.375E-1));
#4544=LINE('',#4543,#4542);
#4545=DIRECTION('',(0.E0,-1.E0,0.E0));
#4546=VECTOR('',#4545,9.5E-1);
#4547=CARTESIAN_POINT('',(8.405E0,3.45E0,-5.375E-1));
#4548=LINE('',#4547,#4546);
#4549=DIRECTION('',(0.E0,0.E0,1.E0));
#4550=VECTOR('',#4549,5.375E-1);
#4551=CARTESIAN_POINT('',(8.405E0,3.45E0,-1.075E0));
#4552=LINE('',#4551,#4550);
#4553=DIRECTION('',(0.E0,1.E0,0.E0));
#4554=VECTOR('',#4553,1.7E0);
#4555=CARTESIAN_POINT('',(8.405E0,1.75E0,-1.075E0));
#4556=LINE('',#4555,#4554);
#4557=DIRECTION('',(0.E0,0.E0,-1.E0));
#4558=VECTOR('',#4557,2.E-1);
#4559=CARTESIAN_POINT('',(8.405E0,1.75E0,-8.75E-1));
#4560=LINE('',#4559,#4558);
#4561=DIRECTION('',(0.E0,1.E0,0.E0));
#4562=VECTOR('',#4561,1.595E0);
#4563=CARTESIAN_POINT('',(8.405E0,1.55E-1,-8.75E-1));
#4564=LINE('',#4563,#4562);
#4565=DIRECTION('',(0.E0,0.E0,-1.E0));
#4566=VECTOR('',#4565,8.75E-1);
#4567=CARTESIAN_POINT('',(8.405E0,1.55E-1,0.E0));
#4568=LINE('',#4567,#4566);
#4569=DIRECTION('',(0.E0,-1.E0,0.E0));
#4570=VECTOR('',#4569,1.65E0);
#4571=CARTESIAN_POINT('',(8.405E0,8.25E-1,3.6E0));
#4572=LINE('',#4571,#4570);
#4573=DIRECTION('',(0.E0,0.E0,1.E0));
#4574=VECTOR('',#4573,1.6E0);
#4575=CARTESIAN_POINT('',(8.405E0,8.25E-1,2.E0));
#4576=LINE('',#4575,#4574);
#4577=DIRECTION('',(0.E0,0.E0,-1.E0));
#4578=VECTOR('',#4577,1.6E0);
#4579=CARTESIAN_POINT('',(8.405E0,-8.25E-1,3.6E0));
#4580=LINE('',#4579,#4578);
#4581=DIRECTION('',(-1.E0,0.E0,0.E0));
#4582=VECTOR('',#4581,3.E-1);
#4583=CARTESIAN_POINT('',(8.405E0,-2.296E0,-8.5E-1));
#4584=LINE('',#4583,#4582);
#4585=DIRECTION('',(-1.E0,0.E0,0.E0));
#4586=VECTOR('',#4585,3.E-1);
#4587=CARTESIAN_POINT('',(8.405E0,-1.55E-1,-8.5E-1));
#4588=LINE('',#4587,#4586);
#4589=DIRECTION('',(0.E0,0.E0,-1.E0));
#4590=VECTOR('',#4589,8.5E-1);
#4591=CARTESIAN_POINT('',(8.105E0,-2.296E0,0.E0));
#4592=LINE('',#4591,#4590);
#4593=DIRECTION('',(0.E0,1.E0,0.E0));
#4594=VECTOR('',#4593,2.141E0);
#4595=CARTESIAN_POINT('',(8.105E0,-2.296E0,-8.5E-1));
#4596=LINE('',#4595,#4594);
#4597=DIRECTION('',(0.E0,0.E0,1.E0));
#4598=VECTOR('',#4597,8.5E-1);
#4599=CARTESIAN_POINT('',(8.105E0,-1.55E-1,-8.5E-1));
#4600=LINE('',#4599,#4598);
#4601=DIRECTION('',(0.E0,-1.E0,0.E0));
#4602=VECTOR('',#4601,8.E-1);
#4603=CARTESIAN_POINT('',(8.105E0,2.5E0,0.E0));
#4604=LINE('',#4603,#4602);
#4605=DIRECTION('',(0.E0,0.E0,-1.E0));
#4606=VECTOR('',#4605,8.75E-1);
#4607=CARTESIAN_POINT('',(8.105E0,1.55E-1,0.E0));
#4608=LINE('',#4607,#4606);
#4609=DIRECTION('',(0.E0,1.E0,0.E0));
#4610=VECTOR('',#4609,1.595E0);
#4611=CARTESIAN_POINT('',(8.105E0,1.55E-1,-8.75E-1));
#4612=LINE('',#4611,#4610);
#4613=DIRECTION('',(0.E0,0.E0,-1.E0));
#4614=VECTOR('',#4613,2.E-1);
#4615=CARTESIAN_POINT('',(8.105E0,1.75E0,-8.75E-1));
#4616=LINE('',#4615,#4614);
#4617=DIRECTION('',(0.E0,1.E0,0.E0));
#4618=VECTOR('',#4617,1.7E0);
#4619=CARTESIAN_POINT('',(8.105E0,1.75E0,-1.075E0));
#4620=LINE('',#4619,#4618);
#4621=DIRECTION('',(0.E0,0.E0,1.E0));
#4622=VECTOR('',#4621,5.375E-1);
#4623=CARTESIAN_POINT('',(8.105E0,3.45E0,-1.075E0));
#4624=LINE('',#4623,#4622);
#4625=DIRECTION('',(0.E0,-1.E0,0.E0));
#4626=VECTOR('',#4625,9.5E-1);
#4627=CARTESIAN_POINT('',(8.105E0,3.45E0,-5.375E-1));
#4628=LINE('',#4627,#4626);
#4629=DIRECTION('',(0.E0,0.E0,1.E0));
#4630=VECTOR('',#4629,5.375E-1);
#4631=CARTESIAN_POINT('',(8.105E0,2.5E0,-5.375E-1));
#4632=LINE('',#4631,#4630);
#4633=DIRECTION('',(0.E0,1.E0,0.E0));
#4634=VECTOR('',#4633,1.65E0);
#4635=CARTESIAN_POINT('',(8.105E0,-8.25E-1,3.6E0));
#4636=LINE('',#4635,#4634);
#4637=DIRECTION('',(0.E0,0.E0,-1.E0));
#4638=VECTOR('',#4637,1.6E0);
#4639=CARTESIAN_POINT('',(8.105E0,-8.25E-1,3.6E0));
#4640=LINE('',#4639,#4638);
#4641=DIRECTION('',(0.E0,0.E0,1.E0));
#4642=VECTOR('',#4641,1.6E0);
#4643=CARTESIAN_POINT('',(8.105E0,8.25E-1,2.E0));
#4644=LINE('',#4643,#4642);
#4645=DIRECTION('',(-1.E0,0.E0,0.E0));
#4646=VECTOR('',#4645,3.E-1);
#4647=CARTESIAN_POINT('',(8.405E0,1.55E-1,-8.75E-1));
#4648=LINE('',#4647,#4646);
#4649=DIRECTION('',(-1.E0,0.E0,0.E0));
#4650=VECTOR('',#4649,3.E-1);
#4651=CARTESIAN_POINT('',(8.405E0,1.75E0,-8.75E-1));
#4652=LINE('',#4651,#4650);
#4653=DIRECTION('',(-1.E0,0.E0,0.E0));
#4654=VECTOR('',#4653,3.E-1);
#4655=CARTESIAN_POINT('',(8.405E0,1.75E0,-1.075E0));
#4656=LINE('',#4655,#4654);
#4657=DIRECTION('',(-1.E0,0.E0,0.E0));
#4658=VECTOR('',#4657,3.E-1);
#4659=CARTESIAN_POINT('',(8.405E0,3.45E0,-1.075E0));
#4660=LINE('',#4659,#4658);
#4661=DIRECTION('',(-1.E0,0.E0,0.E0));
#4662=VECTOR('',#4661,3.E-1);
#4663=CARTESIAN_POINT('',(8.405E0,3.45E0,-5.375E-1));
#4664=LINE('',#4663,#4662);
#4665=DIRECTION('',(-1.E0,0.E0,0.E0));
#4666=VECTOR('',#4665,3.E-1);
#4667=CARTESIAN_POINT('',(8.405E0,2.5E0,-5.375E-1));
#4668=LINE('',#4667,#4666);
#4669=DIRECTION('',(1.961161351382E-1,0.E0,-9.805806756909E-1));
#4670=VECTOR('',#4669,5.099019513593E-1);
#4671=CARTESIAN_POINT('',(8.305E0,8.25E-1,4.1E0));
#4672=LINE('',#4671,#4670);
#4673=DIRECTION('',(1.961161351382E-1,0.E0,9.805806756909E-1));
#4674=VECTOR('',#4673,5.099019513593E-1);
#4675=CARTESIAN_POINT('',(8.105E0,8.25E-1,3.6E0));
#4676=LINE('',#4675,#4674);
#4677=DIRECTION('',(-1.961161351382E-1,0.E0,9.805806756909E-1));
#4678=VECTOR('',#4677,5.099019513593E-1);
#4679=CARTESIAN_POINT('',(8.405E0,-8.25E-1,3.6E0));
#4680=LINE('',#4679,#4678);
#4681=DIRECTION('',(-1.961161351382E-1,0.E0,-9.805806756909E-1));
#4682=VECTOR('',#4681,5.099019513593E-1);
#4683=CARTESIAN_POINT('',(8.205E0,-8.25E-1,4.1E0));
#4684=LINE('',#4683,#4682);
#4685=DIRECTION('',(-1.E0,0.E0,0.E0));
#4686=VECTOR('',#4685,1.E-1);
#4687=CARTESIAN_POINT('',(8.305E0,-8.25E-1,4.1E0));
#4688=LINE('',#4687,#4686);
#4689=DIRECTION('',(0.E0,-1.E0,0.E0));
#4690=VECTOR('',#4689,1.65E0);
#4691=CARTESIAN_POINT('',(8.305E0,8.25E-1,4.1E0));
#4692=LINE('',#4691,#4690);
#4693=DIRECTION('',(0.E0,1.E0,0.E0));
#4694=VECTOR('',#4693,1.65E0);
#4695=CARTESIAN_POINT('',(8.205E0,-8.25E-1,4.1E0));
#4696=LINE('',#4695,#4694);
#4697=DIRECTION('',(-1.E0,0.E0,0.E0));
#4698=VECTOR('',#4697,1.E-1);
#4699=CARTESIAN_POINT('',(8.305E0,8.25E-1,4.1E0));
#4700=LINE('',#4699,#4698);
#4701=DIRECTION('',(0.E0,0.E0,-1.E0));
#4702=VECTOR('',#4701,8.75E-1);
#4703=CARTESIAN_POINT('',(-7.135E0,1.55E-1,0.E0));
#4704=LINE('',#4703,#4702);
#4705=DIRECTION('',(0.E0,1.E0,0.E0));
#4706=VECTOR('',#4705,1.595E0);
#4707=CARTESIAN_POINT('',(-7.135E0,1.55E-1,-8.75E-1));
#4708=LINE('',#4707,#4706);
#4709=DIRECTION('',(0.E0,0.E0,-1.E0));
#4710=VECTOR('',#4709,2.E-1);
#4711=CARTESIAN_POINT('',(-7.135E0,1.75E0,-8.75E-1));
#4712=LINE('',#4711,#4710);
#4713=DIRECTION('',(0.E0,1.E0,0.E0));
#4714=VECTOR('',#4713,1.7E0);
#4715=CARTESIAN_POINT('',(-7.135E0,1.75E0,-1.075E0));
#4716=LINE('',#4715,#4714);
#4717=DIRECTION('',(0.E0,0.E0,1.E0));
#4718=VECTOR('',#4717,5.375E-1);
#4719=CARTESIAN_POINT('',(-7.135E0,3.45E0,-1.075E0));
#4720=LINE('',#4719,#4718);
#4721=DIRECTION('',(0.E0,-1.E0,0.E0));
#4722=VECTOR('',#4721,9.5E-1);
#4723=CARTESIAN_POINT('',(-7.135E0,3.45E0,-5.375E-1));
#4724=LINE('',#4723,#4722);
#4725=DIRECTION('',(0.E0,0.E0,1.E0));
#4726=VECTOR('',#4725,5.375E-1);
#4727=CARTESIAN_POINT('',(-7.135E0,2.5E0,-5.375E-1));
#4728=LINE('',#4727,#4726);
#4729=DIRECTION('',(0.E0,-1.E0,0.E0));
#4730=VECTOR('',#4729,8.E-1);
#4731=CARTESIAN_POINT('',(-7.135E0,2.5E0,0.E0));
#4732=LINE('',#4731,#4730);
#4733=DIRECTION('',(0.E0,0.E0,-1.E0));
#4734=VECTOR('',#4733,8.5E-1);
#4735=CARTESIAN_POINT('',(-7.135E0,-2.296E0,0.E0));
#4736=LINE('',#4735,#4734);
#4737=DIRECTION('',(0.E0,1.E0,0.E0));
#4738=VECTOR('',#4737,2.141E0);
#4739=CARTESIAN_POINT('',(-7.135E0,-2.296E0,-8.5E-1));
#4740=LINE('',#4739,#4738);
#4741=DIRECTION('',(0.E0,0.E0,1.E0));
#4742=VECTOR('',#4741,8.5E-1);
#4743=CARTESIAN_POINT('',(-7.135E0,-1.55E-1,-8.5E-1));
#4744=LINE('',#4743,#4742);
#4745=DIRECTION('',(0.E0,1.E0,0.E0));
#4746=VECTOR('',#4745,1.65E0);
#4747=CARTESIAN_POINT('',(-7.135E0,-8.25E-1,3.6E0));
#4748=LINE('',#4747,#4746);
#4749=DIRECTION('',(0.E0,0.E0,-1.E0));
#4750=VECTOR('',#4749,1.6E0);
#4751=CARTESIAN_POINT('',(-7.135E0,-8.25E-1,3.6E0));
#4752=LINE('',#4751,#4750);
#4753=DIRECTION('',(0.E0,0.E0,1.E0));
#4754=VECTOR('',#4753,1.6E0);
#4755=CARTESIAN_POINT('',(-7.135E0,8.25E-1,2.E0));
#4756=LINE('',#4755,#4754);
#4757=DIRECTION('',(-1.E0,0.E0,0.E0));
#4758=VECTOR('',#4757,3.E-1);
#4759=CARTESIAN_POINT('',(-6.835E0,1.55E-1,-8.75E-1));
#4760=LINE('',#4759,#4758);
#4761=DIRECTION('',(-1.E0,0.E0,0.E0));
#4762=VECTOR('',#4761,3.E-1);
#4763=CARTESIAN_POINT('',(-6.835E0,1.75E0,-8.75E-1));
#4764=LINE('',#4763,#4762);
#4765=DIRECTION('',(-1.E0,0.E0,0.E0));
#4766=VECTOR('',#4765,3.E-1);
#4767=CARTESIAN_POINT('',(-6.835E0,1.75E0,-1.075E0));
#4768=LINE('',#4767,#4766);
#4769=DIRECTION('',(-1.E0,0.E0,0.E0));
#4770=VECTOR('',#4769,3.E-1);
#4771=CARTESIAN_POINT('',(-6.835E0,3.45E0,-1.075E0));
#4772=LINE('',#4771,#4770);
#4773=DIRECTION('',(-1.E0,0.E0,0.E0));
#4774=VECTOR('',#4773,3.E-1);
#4775=CARTESIAN_POINT('',(-6.835E0,3.45E0,-5.375E-1));
#4776=LINE('',#4775,#4774);
#4777=DIRECTION('',(-1.E0,0.E0,0.E0));
#4778=VECTOR('',#4777,3.E-1);
#4779=CARTESIAN_POINT('',(-6.835E0,2.5E0,-5.375E-1));
#4780=LINE('',#4779,#4778);
#4781=DIRECTION('',(-1.E0,0.E0,0.E0));
#4782=VECTOR('',#4781,3.E-1);
#4783=CARTESIAN_POINT('',(-6.835E0,-2.296E0,-8.5E-1));
#4784=LINE('',#4783,#4782);
#4785=DIRECTION('',(-1.E0,0.E0,0.E0));
#4786=VECTOR('',#4785,3.E-1);
#4787=CARTESIAN_POINT('',(-6.835E0,-1.55E-1,-8.5E-1));
#4788=LINE('',#4787,#4786);
#4789=DIRECTION('',(1.961161351382E-1,0.E0,-9.805806756909E-1));
#4790=VECTOR('',#4789,5.099019513593E-1);
#4791=CARTESIAN_POINT('',(-6.935E0,8.25E-1,4.1E0));
#4792=LINE('',#4791,#4790);
#4793=DIRECTION('',(1.961161351382E-1,0.E0,9.805806756909E-1));
#4794=VECTOR('',#4793,5.099019513593E-1);
#4795=CARTESIAN_POINT('',(-7.135E0,8.25E-1,3.6E0));
#4796=LINE('',#4795,#4794);
#4797=DIRECTION('',(-1.961161351382E-1,0.E0,9.805806756909E-1));
#4798=VECTOR('',#4797,5.099019513593E-1);
#4799=CARTESIAN_POINT('',(-6.835E0,-8.25E-1,3.6E0));
#4800=LINE('',#4799,#4798);
#4801=DIRECTION('',(-1.961161351382E-1,0.E0,-9.805806756909E-1));
#4802=VECTOR('',#4801,5.099019513593E-1);
#4803=CARTESIAN_POINT('',(-7.035E0,-8.25E-1,4.1E0));
#4804=LINE('',#4803,#4802);
#4805=DIRECTION('',(-1.E0,0.E0,0.E0));
#4806=VECTOR('',#4805,1.E-1);
#4807=CARTESIAN_POINT('',(-6.935E0,-8.25E-1,4.1E0));
#4808=LINE('',#4807,#4806);
#4809=DIRECTION('',(0.E0,-1.E0,0.E0));
#4810=VECTOR('',#4809,1.65E0);
#4811=CARTESIAN_POINT('',(-6.935E0,8.25E-1,4.1E0));
#4812=LINE('',#4811,#4810);
#4813=DIRECTION('',(0.E0,1.E0,0.E0));
#4814=VECTOR('',#4813,1.65E0);
#4815=CARTESIAN_POINT('',(-7.035E0,-8.25E-1,4.1E0));
#4816=LINE('',#4815,#4814);
#4817=DIRECTION('',(-1.E0,0.E0,0.E0));
#4818=VECTOR('',#4817,1.E-1);
#4819=CARTESIAN_POINT('',(-6.935E0,8.25E-1,4.1E0));
#4820=LINE('',#4819,#4818);
#4821=CARTESIAN_POINT('',(-1.078E1,-2.5E0,2.E0));
#4822=CARTESIAN_POINT('',(-1.078E1,-2.5E0,0.E0));
#4823=VERTEX_POINT('',#4821);
#4824=VERTEX_POINT('',#4822);
#4825=CARTESIAN_POINT('',(-1.078E1,1.7E0,5.E-1));
#4826=CARTESIAN_POINT('',(-1.078E1,2.5E0,5.E-1));
#4827=VERTEX_POINT('',#4825);
#4828=VERTEX_POINT('',#4826);
#4829=CARTESIAN_POINT('',(1.078E1,1.7E0,5.E-1));
#4830=CARTESIAN_POINT('',(1.078E1,2.5E0,5.E-1));
#4831=VERTEX_POINT('',#4829);
#4832=VERTEX_POINT('',#4830);
#4833=CARTESIAN_POINT('',(-8.405E0,-8.25E-1,2.E0));
#4834=CARTESIAN_POINT('',(-8.405E0,8.25E-1,2.E0));
#4835=VERTEX_POINT('',#4833);
#4836=VERTEX_POINT('',#4834);
#4837=CARTESIAN_POINT('',(-8.105E0,-8.25E-1,2.E0));
#4838=CARTESIAN_POINT('',(-8.105E0,8.25E-1,2.E0));
#4839=VERTEX_POINT('',#4837);
#4840=VERTEX_POINT('',#4838);
#4841=CARTESIAN_POINT('',(-8.755E0,-1.925E0,1.1E0));
#4842=CARTESIAN_POINT('',(-8.755E0,-1.75E0,1.275E0));
#4843=VERTEX_POINT('',#4841);
#4844=VERTEX_POINT('',#4842);
#4845=CARTESIAN_POINT('',(-1.0295E1,-1.925E0,1.1E0));
#4846=CARTESIAN_POINT('',(-1.0295E1,-1.75E0,1.275E0));
#4847=VERTEX_POINT('',#4845);
#4848=VERTEX_POINT('',#4846);
#4849=CARTESIAN_POINT('',(-1.0295E1,-2.5E0,1.1E0));
#4850=CARTESIAN_POINT('',(-1.0295E1,-2.5E0,2.E0));
#4851=VERTEX_POINT('',#4849);
#4852=VERTEX_POINT('',#4850);
#4853=CARTESIAN_POINT('',(-8.755E0,-2.5E0,2.E0));
#4854=CARTESIAN_POINT('',(-8.755E0,-1.75E0,2.E0));
#4855=VERTEX_POINT('',#4853);
#4856=VERTEX_POINT('',#4854);
#4857=CARTESIAN_POINT('',(-7.485E0,1.7E0,1.3E0));
#4858=CARTESIAN_POINT('',(-7.485E0,1.9E0,1.1E0));
#4859=VERTEX_POINT('',#4857);
#4860=VERTEX_POINT('',#4858);
#4861=CARTESIAN_POINT('',(-9.025E0,1.7E0,1.3E0));
#4862=CARTESIAN_POINT('',(-9.025E0,1.9E0,1.1E0));
#4863=VERTEX_POINT('',#4861);
#4864=VERTEX_POINT('',#4862);
#4865=CARTESIAN_POINT('',(-9.025E0,2.5E0,1.1E0));
#4866=CARTESIAN_POINT('',(-9.025E0,2.5E0,2.E0));
#4867=VERTEX_POINT('',#4865);
#4868=VERTEX_POINT('',#4866);
#4869=CARTESIAN_POINT('',(-7.485E0,2.5E0,2.E0));
#4870=CARTESIAN_POINT('',(-7.485E0,1.7E0,2.E0));
#4871=VERTEX_POINT('',#4869);
#4872=VERTEX_POINT('',#4870);
#4873=CARTESIAN_POINT('',(-9.025E0,1.7E0,2.E0));
#4874=VERTEX_POINT('',#4873);
#4875=CARTESIAN_POINT('',(-8.405E0,-3.45E0,-5.25E-1));
#4876=CARTESIAN_POINT('',(-8.405E0,-3.45E0,-1.075E0));
#4877=VERTEX_POINT('',#4875);
#4878=VERTEX_POINT('',#4876);
#4879=CARTESIAN_POINT('',(-8.405E0,-1.75E0,-1.075E0));
#4880=VERTEX_POINT('',#4879);
#4881=CARTESIAN_POINT('',(-8.405E0,2.3E0,-8.5E-1));
#4882=CARTESIAN_POINT('',(-8.405E0,2.3E0,0.E0));
#4883=VERTEX_POINT('',#4881);
#4884=VERTEX_POINT('',#4882);
#4885=CARTESIAN_POINT('',(-8.105E0,-3.45E0,-5.25E-1));
#4886=CARTESIAN_POINT('',(-8.105E0,-3.45E0,-1.075E0));
#4887=VERTEX_POINT('',#4885);
#4888=VERTEX_POINT('',#4886);
#4889=CARTESIAN_POINT('',(-8.105E0,-1.75E0,-1.075E0));
#4890=VERTEX_POINT('',#4889);
#4891=CARTESIAN_POINT('',(-8.105E0,2.3E0,-8.5E-1));
#4892=CARTESIAN_POINT('',(-8.105E0,2.3E0,0.E0));
#4893=VERTEX_POINT('',#4891);
#4894=VERTEX_POINT('',#4892);
#4895=CARTESIAN_POINT('',(-8.405E0,-2.5E0,0.E0));
#4896=CARTESIAN_POINT('',(-8.405E0,-1.55E-1,0.E0));
#4897=VERTEX_POINT('',#4895);
#4898=VERTEX_POINT('',#4896);
#4899=CARTESIAN_POINT('',(-8.105E0,-1.55E-1,0.E0));
#4900=CARTESIAN_POINT('',(-8.105E0,-2.5E0,0.E0));
#4901=VERTEX_POINT('',#4899);
#4902=VERTEX_POINT('',#4900);
#4903=CARTESIAN_POINT('',(-8.405E0,1.7E0,0.E0));
#4904=CARTESIAN_POINT('',(-8.105E0,1.7E0,0.E0));
#4905=VERTEX_POINT('',#4903);
#4906=VERTEX_POINT('',#4904);
#4907=CARTESIAN_POINT('',(-6.835E0,1.7E0,0.E0));
#4908=CARTESIAN_POINT('',(-6.835E0,1.55E-1,0.E0));
#4909=VERTEX_POINT('',#4907);
#4910=VERTEX_POINT('',#4908);
#4911=CARTESIAN_POINT('',(-7.135E0,1.55E-1,0.E0));
#4912=CARTESIAN_POINT('',(-7.135E0,1.7E0,0.E0));
#4913=VERTEX_POINT('',#4911);
#4914=VERTEX_POINT('',#4912);
#4915=CARTESIAN_POINT('',(-6.835E0,8.25E-1,2.E0));
#4916=CARTESIAN_POINT('',(-6.835E0,-8.25E-1,2.E0));
#4917=VERTEX_POINT('',#4915);
#4918=VERTEX_POINT('',#4916);
#4919=CARTESIAN_POINT('',(-7.135E0,8.25E-1,2.E0));
#4920=CARTESIAN_POINT('',(-7.135E0,-8.25E-1,2.E0));
#4921=VERTEX_POINT('',#4919);
#4922=VERTEX_POINT('',#4920);
#4923=CARTESIAN_POINT('',(-4.945E0,1.7E0,1.3E0));
#4924=CARTESIAN_POINT('',(-4.945E0,1.9E0,1.1E0));
#4925=VERTEX_POINT('',#4923);
#4926=VERTEX_POINT('',#4924);
#4927=CARTESIAN_POINT('',(-6.485E0,1.7E0,1.3E0));
#4928=CARTESIAN_POINT('',(-6.485E0,1.9E0,1.1E0));
#4929=VERTEX_POINT('',#4927);
#4930=VERTEX_POINT('',#4928);
#4931=CARTESIAN_POINT('',(-4.945E0,2.5E0,1.1E0));
#4932=CARTESIAN_POINT('',(-4.945E0,2.5E0,2.E0));
#4933=VERTEX_POINT('',#4931);
#4934=VERTEX_POINT('',#4932);
#4935=CARTESIAN_POINT('',(-6.485E0,2.5E0,1.1E0));
#4936=CARTESIAN_POINT('',(-6.485E0,2.5E0,2.E0));
#4937=VERTEX_POINT('',#4935);
#4938=VERTEX_POINT('',#4936);
#4939=CARTESIAN_POINT('',(-4.945E0,1.7E0,2.E0));
#4940=VERTEX_POINT('',#4939);
#4941=CARTESIAN_POINT('',(-6.485E0,1.7E0,2.E0));
#4942=VERTEX_POINT('',#4941);
#4943=CARTESIAN_POINT('',(-2.405E0,1.7E0,1.3E0));
#4944=CARTESIAN_POINT('',(-2.405E0,1.9E0,1.1E0));
#4945=VERTEX_POINT('',#4943);
#4946=VERTEX_POINT('',#4944);
#4947=CARTESIAN_POINT('',(-3.945E0,1.7E0,1.3E0));
#4948=CARTESIAN_POINT('',(-3.945E0,1.9E0,1.1E0));
#4949=VERTEX_POINT('',#4947);
#4950=VERTEX_POINT('',#4948);
#4951=CARTESIAN_POINT('',(-2.405E0,2.5E0,1.1E0));
#4952=CARTESIAN_POINT('',(-2.405E0,2.5E0,2.E0));
#4953=VERTEX_POINT('',#4951);
#4954=VERTEX_POINT('',#4952);
#4955=CARTESIAN_POINT('',(-3.945E0,2.5E0,1.1E0));
#4956=CARTESIAN_POINT('',(-3.945E0,2.5E0,2.E0));
#4957=VERTEX_POINT('',#4955);
#4958=VERTEX_POINT('',#4956);
#4959=CARTESIAN_POINT('',(-2.405E0,1.7E0,2.E0));
#4960=VERTEX_POINT('',#4959);
#4961=CARTESIAN_POINT('',(-3.945E0,1.7E0,2.E0));
#4962=VERTEX_POINT('',#4961);
#4963=CARTESIAN_POINT('',(1.35E-1,1.7E0,1.3E0));
#4964=CARTESIAN_POINT('',(1.35E-1,1.9E0,1.1E0));
#4965=VERTEX_POINT('',#4963);
#4966=VERTEX_POINT('',#4964);
#4967=CARTESIAN_POINT('',(-1.405E0,1.7E0,1.3E0));
#4968=CARTESIAN_POINT('',(-1.405E0,1.9E0,1.1E0));
#4969=VERTEX_POINT('',#4967);
#4970=VERTEX_POINT('',#4968);
#4971=CARTESIAN_POINT('',(1.35E-1,2.5E0,1.1E0));
#4972=CARTESIAN_POINT('',(1.35E-1,2.5E0,2.E0));
#4973=VERTEX_POINT('',#4971);
#4974=VERTEX_POINT('',#4972);
#4975=CARTESIAN_POINT('',(-1.405E0,2.5E0,1.1E0));
#4976=CARTESIAN_POINT('',(-1.405E0,2.5E0,2.E0));
#4977=VERTEX_POINT('',#4975);
#4978=VERTEX_POINT('',#4976);
#4979=CARTESIAN_POINT('',(1.35E-1,1.7E0,2.E0));
#4980=VERTEX_POINT('',#4979);
#4981=CARTESIAN_POINT('',(-1.405E0,1.7E0,2.E0));
#4982=VERTEX_POINT('',#4981);
#4983=CARTESIAN_POINT('',(-6.215E0,-1.925E0,1.1E0));
#4984=CARTESIAN_POINT('',(-6.215E0,-1.75E0,1.275E0));
#4985=VERTEX_POINT('',#4983);
#4986=VERTEX_POINT('',#4984);
#4987=CARTESIAN_POINT('',(-7.755E0,-1.925E0,1.1E0));
#4988=CARTESIAN_POINT('',(-7.755E0,-1.75E0,1.275E0));
#4989=VERTEX_POINT('',#4987);
#4990=VERTEX_POINT('',#4988);
#4991=CARTESIAN_POINT('',(-6.215E0,-2.5E0,1.1E0));
#4992=CARTESIAN_POINT('',(-6.215E0,-2.5E0,2.E0));
#4993=VERTEX_POINT('',#4991);
#4994=VERTEX_POINT('',#4992);
#4995=CARTESIAN_POINT('',(-6.215E0,-1.75E0,2.E0));
#4996=VERTEX_POINT('',#4995);
#4997=CARTESIAN_POINT('',(-7.755E0,-2.5E0,2.E0));
#4998=CARTESIAN_POINT('',(-7.755E0,-1.75E0,2.E0));
#4999=VERTEX_POINT('',#4997);
#5000=VERTEX_POINT('',#4998);
#5001=CARTESIAN_POINT('',(-3.675E0,-1.925E0,1.1E0));
#5002=CARTESIAN_POINT('',(-3.675E0,-1.75E0,1.275E0));
#5003=VERTEX_POINT('',#5001);
#5004=VERTEX_POINT('',#5002);
#5005=CARTESIAN_POINT('',(-5.215E0,-1.925E0,1.1E0));
#5006=CARTESIAN_POINT('',(-5.215E0,-1.75E0,1.275E0));
#5007=VERTEX_POINT('',#5005);
#5008=VERTEX_POINT('',#5006);
#5009=CARTESIAN_POINT('',(-3.675E0,-2.5E0,1.1E0));
#5010=CARTESIAN_POINT('',(-3.675E0,-2.5E0,2.E0));
#5011=VERTEX_POINT('',#5009);
#5012=VERTEX_POINT('',#5010);
#5013=CARTESIAN_POINT('',(-5.215E0,-2.5E0,1.1E0));
#5014=CARTESIAN_POINT('',(-5.215E0,-2.5E0,2.E0));
#5015=VERTEX_POINT('',#5013);
#5016=VERTEX_POINT('',#5014);
#5017=CARTESIAN_POINT('',(-3.675E0,-1.75E0,2.E0));
#5018=VERTEX_POINT('',#5017);
#5019=CARTESIAN_POINT('',(-5.215E0,-1.75E0,2.E0));
#5020=VERTEX_POINT('',#5019);
#5021=CARTESIAN_POINT('',(-1.135E0,-1.925E0,1.1E0));
#5022=CARTESIAN_POINT('',(-1.135E0,-1.75E0,1.275E0));
#5023=VERTEX_POINT('',#5021);
#5024=VERTEX_POINT('',#5022);
#5025=CARTESIAN_POINT('',(-2.675E0,-1.925E0,1.1E0));
#5026=CARTESIAN_POINT('',(-2.675E0,-1.75E0,1.275E0));
#5027=VERTEX_POINT('',#5025);
#5028=VERTEX_POINT('',#5026);
#5029=CARTESIAN_POINT('',(-1.135E0,-2.5E0,1.1E0));
#5030=CARTESIAN_POINT('',(-1.135E0,-2.5E0,2.E0));
#5031=VERTEX_POINT('',#5029);
#5032=VERTEX_POINT('',#5030);
#5033=CARTESIAN_POINT('',(-2.675E0,-2.5E0,1.1E0));
#5034=CARTESIAN_POINT('',(-2.675E0,-2.5E0,2.E0));
#5035=VERTEX_POINT('',#5033);
#5036=VERTEX_POINT('',#5034);
#5037=CARTESIAN_POINT('',(-1.135E0,-1.75E0,2.E0));
#5038=VERTEX_POINT('',#5037);
#5039=CARTESIAN_POINT('',(-2.675E0,-1.75E0,2.E0));
#5040=VERTEX_POINT('',#5039);
#5041=CARTESIAN_POINT('',(1.078E1,1.7E0,2.E0));
#5042=CARTESIAN_POINT('',(1.078E1,1.7E0,1.3E0));
#5043=VERTEX_POINT('',#5041);
#5044=VERTEX_POINT('',#5042);
#5045=CARTESIAN_POINT('',(1.078E1,1.9E0,1.1E0));
#5046=VERTEX_POINT('',#5045);
#5047=CARTESIAN_POINT('',(1.078E1,2.5E0,1.1E0));
#5048=VERTEX_POINT('',#5047);
#5049=CARTESIAN_POINT('',(7.755E0,2.5E0,5.E-1));
#5050=CARTESIAN_POINT('',(7.755E0,2.5E0,1.1E0));
#5051=VERTEX_POINT('',#5049);
#5052=VERTEX_POINT('',#5050);
#5053=CARTESIAN_POINT('',(8.755E0,2.5E0,5.E-1));
#5054=CARTESIAN_POINT('',(8.755E0,2.5E0,1.1E0));
#5055=VERTEX_POINT('',#5053);
#5056=VERTEX_POINT('',#5054);
#5057=CARTESIAN_POINT('',(8.755E0,2.5E0,1.3E0));
#5058=CARTESIAN_POINT('',(7.755E0,2.5E0,1.3E0));
#5059=VERTEX_POINT('',#5057);
#5060=VERTEX_POINT('',#5058);
#5061=CARTESIAN_POINT('',(7.755E0,2.76E0,1.04E0));
#5062=VERTEX_POINT('',#5061);
#5063=CARTESIAN_POINT('',(7.755E0,2.76E0,8.713184817529E-1));
#5064=VERTEX_POINT('',#5063);
#5065=CARTESIAN_POINT('',(8.755E0,2.76E0,1.04E0));
#5066=VERTEX_POINT('',#5065);
#5067=CARTESIAN_POINT('',(8.755E0,2.76E0,8.713184817529E-1));
#5068=VERTEX_POINT('',#5067);
#5069=CARTESIAN_POINT('',(9.405E0,-1.75E0,1.275E0));
#5070=CARTESIAN_POINT('',(9.405E0,-1.925E0,1.1E0));
#5071=VERTEX_POINT('',#5069);
#5072=VERTEX_POINT('',#5070);
#5073=CARTESIAN_POINT('',(-8.405E0,-2.5E0,-5.25E-1));
#5074=VERTEX_POINT('',#5073);
#5075=CARTESIAN_POINT('',(-8.405E0,-1.75E0,-8.5E-1));
#5076=VERTEX_POINT('',#5075);
#5077=CARTESIAN_POINT('',(-8.405E0,-1.55E-1,-8.5E-1));
#5078=VERTEX_POINT('',#5077);
#5079=CARTESIAN_POINT('',(-8.405E0,1.55E-1,-8.5E-1));
#5080=VERTEX_POINT('',#5079);
#5081=CARTESIAN_POINT('',(-8.105E0,-2.5E0,-5.25E-1));
#5082=VERTEX_POINT('',#5081);
#5083=CARTESIAN_POINT('',(-8.105E0,-1.75E0,-8.5E-1));
#5084=VERTEX_POINT('',#5083);
#5085=CARTESIAN_POINT('',(-8.105E0,-1.55E-1,-8.5E-1));
#5086=VERTEX_POINT('',#5085);
#5087=CARTESIAN_POINT('',(-8.105E0,1.55E-1,-8.5E-1));
#5088=VERTEX_POINT('',#5087);
#5089=CARTESIAN_POINT('',(-8.405E0,1.55E-1,0.E0));
#5090=VERTEX_POINT('',#5089);
#5091=CARTESIAN_POINT('',(-8.105E0,1.55E-1,0.E0));
#5092=VERTEX_POINT('',#5091);
#5093=CARTESIAN_POINT('',(-6.835E0,-2.296E0,-8.5E-1));
#5094=CARTESIAN_POINT('',(-6.835E0,-1.55E-1,-8.5E-1));
#5095=VERTEX_POINT('',#5093);
#5096=VERTEX_POINT('',#5094);
#5097=CARTESIAN_POINT('',(-6.835E0,1.55E-1,-8.75E-1));
#5098=CARTESIAN_POINT('',(-6.835E0,1.75E0,-8.75E-1));
#5099=VERTEX_POINT('',#5097);
#5100=VERTEX_POINT('',#5098);
#5101=CARTESIAN_POINT('',(-6.835E0,1.75E0,-1.075E0));
#5102=CARTESIAN_POINT('',(-6.835E0,3.45E0,-1.075E0));
#5103=VERTEX_POINT('',#5101);
#5104=VERTEX_POINT('',#5102);
#5105=CARTESIAN_POINT('',(-6.835E0,3.45E0,-5.375E-1));
#5106=VERTEX_POINT('',#5105);
#5107=CARTESIAN_POINT('',(-6.835E0,2.5E0,-5.375E-1));
#5108=VERTEX_POINT('',#5107);
#5109=CARTESIAN_POINT('',(-6.835E0,2.5E0,0.E0));
#5110=VERTEX_POINT('',#5109);
#5111=CARTESIAN_POINT('',(-7.135E0,-2.296E0,-8.5E-1));
#5112=CARTESIAN_POINT('',(-7.135E0,-1.55E-1,-8.5E-1));
#5113=VERTEX_POINT('',#5111);
#5114=VERTEX_POINT('',#5112);
#5115=CARTESIAN_POINT('',(-7.135E0,1.55E-1,-8.75E-1));
#5116=CARTESIAN_POINT('',(-7.135E0,1.75E0,-8.75E-1));
#5117=VERTEX_POINT('',#5115);
#5118=VERTEX_POINT('',#5116);
#5119=CARTESIAN_POINT('',(-7.135E0,1.75E0,-1.075E0));
#5120=CARTESIAN_POINT('',(-7.135E0,3.45E0,-1.075E0));
#5121=VERTEX_POINT('',#5119);
#5122=VERTEX_POINT('',#5120);
#5123=CARTESIAN_POINT('',(-7.135E0,3.45E0,-5.375E-1));
#5124=VERTEX_POINT('',#5123);
#5125=CARTESIAN_POINT('',(-7.135E0,2.5E0,-5.375E-1));
#5126=VERTEX_POINT('',#5125);
#5127=CARTESIAN_POINT('',(-7.135E0,2.5E0,0.E0));
#5128=VERTEX_POINT('',#5127);
#5129=CARTESIAN_POINT('',(-6.835E0,-1.55E-1,0.E0));
#5130=CARTESIAN_POINT('',(-6.835E0,-2.296E0,0.E0));
#5131=VERTEX_POINT('',#5129);
#5132=VERTEX_POINT('',#5130);
#5133=CARTESIAN_POINT('',(-7.135E0,-2.296E0,0.E0));
#5134=CARTESIAN_POINT('',(-7.135E0,-1.55E-1,0.E0));
#5135=VERTEX_POINT('',#5133);
#5136=VERTEX_POINT('',#5134);
#5137=CARTESIAN_POINT('',(-8.755E0,-2.5E0,5.E-1));
#5138=CARTESIAN_POINT('',(-8.755E0,-2.5E0,1.1E0));
#5139=VERTEX_POINT('',#5137);
#5140=VERTEX_POINT('',#5138);
#5141=CARTESIAN_POINT('',(-7.755E0,-2.5E0,5.E-1));
#5142=CARTESIAN_POINT('',(-7.755E0,-2.5E0,1.1E0));
#5143=VERTEX_POINT('',#5141);
#5144=VERTEX_POINT('',#5142);
#5145=CARTESIAN_POINT('',(-8.755E0,-2.76E0,8.713184817530E-1));
#5146=VERTEX_POINT('',#5145);
#5147=CARTESIAN_POINT('',(-7.755E0,-2.76E0,8.713184817530E-1));
#5148=VERTEX_POINT('',#5147);
#5149=CARTESIAN_POINT('',(-8.755E0,-2.5E0,1.3E0));
#5150=CARTESIAN_POINT('',(-7.755E0,-2.5E0,1.3E0));
#5151=VERTEX_POINT('',#5149);
#5152=VERTEX_POINT('',#5150);
#5153=CARTESIAN_POINT('',(-8.755E0,-2.76E0,1.04E0));
#5154=VERTEX_POINT('',#5153);
#5155=CARTESIAN_POINT('',(-7.755E0,-2.76E0,1.04E0));
#5156=VERTEX_POINT('',#5155);
#5157=CARTESIAN_POINT('',(9.405E0,-2.5E0,1.1E0));
#5158=VERTEX_POINT('',#5157);
#5159=CARTESIAN_POINT('',(-1.078E1,1.7E0,-9.5E-1));
#5160=CARTESIAN_POINT('',(-1.008E1,1.7E0,-9.5E-1));
#5161=VERTEX_POINT('',#5159);
#5162=VERTEX_POINT('',#5160);
#5163=CARTESIAN_POINT('',(-1.008E1,1.E0,-9.5E-1));
#5164=VERTEX_POINT('',#5163);
#5165=CARTESIAN_POINT('',(-1.078E1,1.E0,-9.5E-1));
#5166=VERTEX_POINT('',#5165);
#5167=CARTESIAN_POINT('',(1.078E1,1.7E0,-9.5E-1));
#5168=CARTESIAN_POINT('',(1.078E1,1.E0,-9.5E-1));
#5169=VERTEX_POINT('',#5167);
#5170=VERTEX_POINT('',#5168);
#5171=CARTESIAN_POINT('',(1.008E1,1.E0,-9.5E-1));
#5172=VERTEX_POINT('',#5171);
#5173=CARTESIAN_POINT('',(1.008E1,1.7E0,-9.5E-1));
#5174=VERTEX_POINT('',#5173);
#5175=CARTESIAN_POINT('',(-1.008E1,1.7E0,0.E0));
#5176=CARTESIAN_POINT('',(-1.008E1,1.E0,0.E0));
#5177=VERTEX_POINT('',#5175);
#5178=VERTEX_POINT('',#5176);
#5179=CARTESIAN_POINT('',(-1.078E1,1.E0,0.E0));
#5180=VERTEX_POINT('',#5179);
#5181=CARTESIAN_POINT('',(1.078E1,1.E0,0.E0));
#5182=CARTESIAN_POINT('',(1.008E1,1.E0,0.E0));
#5183=VERTEX_POINT('',#5181);
#5184=VERTEX_POINT('',#5182);
#5185=CARTESIAN_POINT('',(1.008E1,1.7E0,0.E0));
#5186=VERTEX_POINT('',#5185);
#5187=CARTESIAN_POINT('',(1.078E1,-2.5E0,0.E0));
#5188=VERTEX_POINT('',#5187);
#5189=CARTESIAN_POINT('',(1.405E0,-1.925E0,1.1E0));
#5190=CARTESIAN_POINT('',(1.405E0,-1.75E0,1.275E0));
#5191=VERTEX_POINT('',#5189);
#5192=VERTEX_POINT('',#5190);
#5193=CARTESIAN_POINT('',(-1.35E-1,-1.925E0,1.1E0));
#5194=CARTESIAN_POINT('',(-1.35E-1,-1.75E0,1.275E0));
#5195=VERTEX_POINT('',#5193);
#5196=VERTEX_POINT('',#5194);
#5197=CARTESIAN_POINT('',(1.405E0,-2.5E0,1.1E0));
#5198=CARTESIAN_POINT('',(1.405E0,-2.5E0,2.E0));
#5199=VERTEX_POINT('',#5197);
#5200=VERTEX_POINT('',#5198);
#5201=CARTESIAN_POINT('',(-1.35E-1,-2.5E0,1.1E0));
#5202=CARTESIAN_POINT('',(-1.35E-1,-2.5E0,2.E0));
#5203=VERTEX_POINT('',#5201);
#5204=VERTEX_POINT('',#5202);
#5205=CARTESIAN_POINT('',(1.405E0,-1.75E0,2.E0));
#5206=VERTEX_POINT('',#5205);
#5207=CARTESIAN_POINT('',(-1.35E-1,-1.75E0,2.E0));
#5208=VERTEX_POINT('',#5207);
#5209=CARTESIAN_POINT('',(2.675E0,1.7E0,1.3E0));
#5210=CARTESIAN_POINT('',(2.675E0,1.9E0,1.1E0));
#5211=VERTEX_POINT('',#5209);
#5212=VERTEX_POINT('',#5210);
#5213=CARTESIAN_POINT('',(1.135E0,1.7E0,1.3E0));
#5214=CARTESIAN_POINT('',(1.135E0,1.9E0,1.1E0));
#5215=VERTEX_POINT('',#5213);
#5216=VERTEX_POINT('',#5214);
#5217=CARTESIAN_POINT('',(2.675E0,2.5E0,2.E0));
#5218=CARTESIAN_POINT('',(2.675E0,2.5E0,1.1E0));
#5219=VERTEX_POINT('',#5217);
#5220=VERTEX_POINT('',#5218);
#5221=CARTESIAN_POINT('',(1.135E0,2.5E0,2.E0));
#5222=CARTESIAN_POINT('',(1.135E0,2.5E0,1.1E0));
#5223=VERTEX_POINT('',#5221);
#5224=VERTEX_POINT('',#5222);
#5225=CARTESIAN_POINT('',(2.675E0,1.7E0,2.E0));
#5226=VERTEX_POINT('',#5225);
#5227=CARTESIAN_POINT('',(1.135E0,1.7E0,2.E0));
#5228=VERTEX_POINT('',#5227);
#5229=CARTESIAN_POINT('',(3.945E0,-1.925E0,1.1E0));
#5230=CARTESIAN_POINT('',(3.945E0,-1.75E0,1.275E0));
#5231=VERTEX_POINT('',#5229);
#5232=VERTEX_POINT('',#5230);
#5233=CARTESIAN_POINT('',(2.405E0,-1.925E0,1.1E0));
#5234=CARTESIAN_POINT('',(2.405E0,-1.75E0,1.275E0));
#5235=VERTEX_POINT('',#5233);
#5236=VERTEX_POINT('',#5234);
#5237=CARTESIAN_POINT('',(3.945E0,-2.5E0,1.1E0));
#5238=CARTESIAN_POINT('',(3.945E0,-2.5E0,2.E0));
#5239=VERTEX_POINT('',#5237);
#5240=VERTEX_POINT('',#5238);
#5241=CARTESIAN_POINT('',(2.405E0,-2.5E0,1.1E0));
#5242=CARTESIAN_POINT('',(2.405E0,-2.5E0,2.E0));
#5243=VERTEX_POINT('',#5241);
#5244=VERTEX_POINT('',#5242);
#5245=CARTESIAN_POINT('',(3.945E0,-1.75E0,2.E0));
#5246=VERTEX_POINT('',#5245);
#5247=CARTESIAN_POINT('',(2.405E0,-1.75E0,2.E0));
#5248=VERTEX_POINT('',#5247);
#5249=CARTESIAN_POINT('',(5.215E0,1.7E0,1.3E0));
#5250=CARTESIAN_POINT('',(5.215E0,1.9E0,1.1E0));
#5251=VERTEX_POINT('',#5249);
#5252=VERTEX_POINT('',#5250);
#5253=CARTESIAN_POINT('',(3.675E0,1.7E0,1.3E0));
#5254=CARTESIAN_POINT('',(3.675E0,1.9E0,1.1E0));
#5255=VERTEX_POINT('',#5253);
#5256=VERTEX_POINT('',#5254);
#5257=CARTESIAN_POINT('',(5.215E0,2.5E0,2.E0));
#5258=CARTESIAN_POINT('',(5.215E0,2.5E0,1.1E0));
#5259=VERTEX_POINT('',#5257);
#5260=VERTEX_POINT('',#5258);
#5261=CARTESIAN_POINT('',(3.675E0,2.5E0,2.E0));
#5262=CARTESIAN_POINT('',(3.675E0,2.5E0,1.1E0));
#5263=VERTEX_POINT('',#5261);
#5264=VERTEX_POINT('',#5262);
#5265=CARTESIAN_POINT('',(5.215E0,1.7E0,2.E0));
#5266=VERTEX_POINT('',#5265);
#5267=CARTESIAN_POINT('',(3.675E0,1.7E0,2.E0));
#5268=VERTEX_POINT('',#5267);
#5269=CARTESIAN_POINT('',(6.485E0,-1.925E0,1.1E0));
#5270=CARTESIAN_POINT('',(6.485E0,-1.75E0,1.275E0));
#5271=VERTEX_POINT('',#5269);
#5272=VERTEX_POINT('',#5270);
#5273=CARTESIAN_POINT('',(4.945E0,-1.925E0,1.1E0));
#5274=CARTESIAN_POINT('',(4.945E0,-1.75E0,1.275E0));
#5275=VERTEX_POINT('',#5273);
#5276=VERTEX_POINT('',#5274);
#5277=CARTESIAN_POINT('',(4.945E0,-2.5E0,1.1E0));
#5278=CARTESIAN_POINT('',(4.945E0,-2.5E0,2.E0));
#5279=VERTEX_POINT('',#5277);
#5280=VERTEX_POINT('',#5278);
#5281=CARTESIAN_POINT('',(6.485E0,-2.5E0,2.E0));
#5282=CARTESIAN_POINT('',(6.485E0,-1.75E0,2.E0));
#5283=VERTEX_POINT('',#5281);
#5284=VERTEX_POINT('',#5282);
#5285=CARTESIAN_POINT('',(4.945E0,-1.75E0,2.E0));
#5286=VERTEX_POINT('',#5285);
#5287=CARTESIAN_POINT('',(7.755E0,1.7E0,1.3E0));
#5288=CARTESIAN_POINT('',(7.755E0,1.9E0,1.1E0));
#5289=VERTEX_POINT('',#5287);
#5290=VERTEX_POINT('',#5288);
#5291=CARTESIAN_POINT('',(6.215E0,1.7E0,1.3E0));
#5292=CARTESIAN_POINT('',(6.215E0,1.9E0,1.1E0));
#5293=VERTEX_POINT('',#5291);
#5294=VERTEX_POINT('',#5292);
#5295=CARTESIAN_POINT('',(6.215E0,2.5E0,2.E0));
#5296=CARTESIAN_POINT('',(6.215E0,2.5E0,1.1E0));
#5297=VERTEX_POINT('',#5295);
#5298=VERTEX_POINT('',#5296);
#5299=CARTESIAN_POINT('',(7.755E0,2.5E0,2.E0));
#5300=CARTESIAN_POINT('',(7.755E0,1.7E0,2.E0));
#5301=VERTEX_POINT('',#5299);
#5302=VERTEX_POINT('',#5300);
#5303=CARTESIAN_POINT('',(6.215E0,1.7E0,2.E0));
#5304=VERTEX_POINT('',#5303);
#5305=CARTESIAN_POINT('',(7.485E0,-1.925E0,1.1E0));
#5306=CARTESIAN_POINT('',(7.485E0,-1.75E0,1.275E0));
#5307=VERTEX_POINT('',#5305);
#5308=VERTEX_POINT('',#5306);
#5309=CARTESIAN_POINT('',(7.485E0,-2.5E0,2.E0));
#5310=CARTESIAN_POINT('',(7.485E0,-1.75E0,2.E0));
#5311=VERTEX_POINT('',#5309);
#5312=VERTEX_POINT('',#5310);
#5313=CARTESIAN_POINT('',(8.755E0,1.7E0,1.3E0));
#5314=CARTESIAN_POINT('',(8.755E0,1.9E0,1.1E0));
#5315=VERTEX_POINT('',#5313);
#5316=VERTEX_POINT('',#5314);
#5317=CARTESIAN_POINT('',(8.755E0,2.5E0,2.E0));
#5318=CARTESIAN_POINT('',(8.755E0,1.7E0,2.E0));
#5319=VERTEX_POINT('',#5317);
#5320=VERTEX_POINT('',#5318);
#5321=CARTESIAN_POINT('',(9.18E0,-2.5E0,-9.5E-1));
#5322=CARTESIAN_POINT('',(9.18E0,-1.73E0,-9.5E-1));
#5323=VERTEX_POINT('',#5321);
#5324=VERTEX_POINT('',#5322);
#5325=CARTESIAN_POINT('',(1.018E1,-1.73E0,-9.5E-1));
#5326=VERTEX_POINT('',#5325);
#5327=CARTESIAN_POINT('',(1.018E1,-2.5E0,-9.5E-1));
#5328=VERTEX_POINT('',#5327);
#5329=CARTESIAN_POINT('',(9.18E0,-2.5E0,0.E0));
#5330=CARTESIAN_POINT('',(9.18E0,-1.73E0,0.E0));
#5331=VERTEX_POINT('',#5329);
#5332=VERTEX_POINT('',#5330);
#5333=CARTESIAN_POINT('',(1.018E1,-1.73E0,0.E0));
#5334=VERTEX_POINT('',#5333);
#5335=CARTESIAN_POINT('',(6.485E0,-2.5E0,5.E-1));
#5336=CARTESIAN_POINT('',(6.485E0,-2.5E0,1.1E0));
#5337=VERTEX_POINT('',#5335);
#5338=VERTEX_POINT('',#5336);
#5339=CARTESIAN_POINT('',(7.485E0,-2.5E0,5.E-1));
#5340=CARTESIAN_POINT('',(7.485E0,-2.5E0,1.1E0));
#5341=VERTEX_POINT('',#5339);
#5342=VERTEX_POINT('',#5340);
#5343=CARTESIAN_POINT('',(-6.985E0,2.5E0,5.E-1));
#5344=CARTESIAN_POINT('',(-6.985E0,2.5E0,1.3E0));
#5345=VERTEX_POINT('',#5343);
#5346=VERTEX_POINT('',#5344);
#5347=CARTESIAN_POINT('',(-7.53E0,2.5E0,5.E-1));
#5348=CARTESIAN_POINT('',(-7.53E0,2.5E0,1.1E0));
#5349=VERTEX_POINT('',#5347);
#5350=VERTEX_POINT('',#5348);
#5351=CARTESIAN_POINT('',(-7.485E0,2.5E0,1.3E0));
#5352=VERTEX_POINT('',#5351);
#5353=CARTESIAN_POINT('',(-7.485E0,2.5E0,1.1E0));
#5354=VERTEX_POINT('',#5353);
#5355=CARTESIAN_POINT('',(6.485E0,-2.5E0,1.3E0));
#5356=VERTEX_POINT('',#5355);
#5357=CARTESIAN_POINT('',(7.485E0,-2.5E0,1.3E0));
#5358=VERTEX_POINT('',#5357);
#5359=CARTESIAN_POINT('',(1.018E1,-2.5E0,0.E0));
#5360=VERTEX_POINT('',#5359);
#5361=CARTESIAN_POINT('',(-1.018E1,-2.5E0,0.E0));
#5362=VERTEX_POINT('',#5361);
#5363=CARTESIAN_POINT('',(-9.18E0,-2.5E0,0.E0));
#5364=VERTEX_POINT('',#5363);
#5365=CARTESIAN_POINT('',(-9.18E0,-2.5E0,-9.5E-1));
#5366=CARTESIAN_POINT('',(-1.018E1,-2.5E0,-9.5E-1));
#5367=VERTEX_POINT('',#5365);
#5368=VERTEX_POINT('',#5366);
#5369=CARTESIAN_POINT('',(-1.018E1,-1.73E0,-9.5E-1));
#5370=VERTEX_POINT('',#5369);
#5371=CARTESIAN_POINT('',(-9.18E0,-1.73E0,-9.5E-1));
#5372=VERTEX_POINT('',#5371);
#5373=CARTESIAN_POINT('',(-1.018E1,-1.73E0,0.E0));
#5374=CARTESIAN_POINT('',(-9.18E0,-1.73E0,0.E0));
#5375=VERTEX_POINT('',#5373);
#5376=VERTEX_POINT('',#5374);
#5377=CARTESIAN_POINT('',(-1.078E1,2.211324865405E0,4.1E0));
#5378=CARTESIAN_POINT('',(-1.078E1,2.5E0,3.6E0));
#5379=VERTEX_POINT('',#5377);
#5380=VERTEX_POINT('',#5378);
#5381=CARTESIAN_POINT('',(-9.405E0,2.5E0,3.6E0));
#5382=VERTEX_POINT('',#5381);
#5383=CARTESIAN_POINT('',(-9.693675134595E0,2.211324865405E0,4.1E0));
#5384=VERTEX_POINT('',#5383);
#5385=CARTESIAN_POINT('',(-9.693675134595E0,-1.311324865405E0,4.1E0));
#5386=VERTEX_POINT('',#5385);
#5387=CARTESIAN_POINT('',(-9.405E0,-1.6E0,3.6E0));
#5388=VERTEX_POINT('',#5387);
#5389=CARTESIAN_POINT('',(-1.078E1,-1.6E0,3.6E0));
#5390=CARTESIAN_POINT('',(-1.078E1,-1.311324865405E0,4.1E0));
#5391=VERTEX_POINT('',#5389);
#5392=VERTEX_POINT('',#5390);
#5393=CARTESIAN_POINT('',(1.078E1,-2.211324865405E0,4.1E0));
#5394=CARTESIAN_POINT('',(1.078E1,-2.5E0,3.6E0));
#5395=VERTEX_POINT('',#5393);
#5396=VERTEX_POINT('',#5394);
#5397=CARTESIAN_POINT('',(9.405E0,-2.5E0,3.6E0));
#5398=VERTEX_POINT('',#5397);
#5399=CARTESIAN_POINT('',(9.693675134595E0,-2.211324865405E0,4.1E0));
#5400=VERTEX_POINT('',#5399);
#5401=CARTESIAN_POINT('',(9.693675134595E0,-3.886751345948E-1,4.1E0));
#5402=VERTEX_POINT('',#5401);
#5403=CARTESIAN_POINT('',(9.405E0,-1.E-1,3.6E0));
#5404=VERTEX_POINT('',#5403);
#5405=CARTESIAN_POINT('',(1.078E1,-1.E-1,3.6E0));
#5406=CARTESIAN_POINT('',(1.078E1,-3.886751345948E-1,4.1E0));
#5407=VERTEX_POINT('',#5405);
#5408=VERTEX_POINT('',#5406);
#5409=CARTESIAN_POINT('',(6.485E0,-2.76E0,1.04E0));
#5410=CARTESIAN_POINT('',(6.485E0,-2.76E0,8.713184817530E-1));
#5411=VERTEX_POINT('',#5409);
#5412=VERTEX_POINT('',#5410);
#5413=CARTESIAN_POINT('',(7.485E0,-2.76E0,1.04E0));
#5414=CARTESIAN_POINT('',(7.485E0,-2.76E0,8.713184817530E-1));
#5415=VERTEX_POINT('',#5413);
#5416=VERTEX_POINT('',#5414);
#5417=CARTESIAN_POINT('',(-6.985E0,2.76E0,1.04E0));
#5418=CARTESIAN_POINT('',(-6.985E0,2.76E0,8.713184817529E-1));
#5419=VERTEX_POINT('',#5417);
#5420=VERTEX_POINT('',#5418);
#5421=CARTESIAN_POINT('',(-7.53E0,2.5E0,1.3E0));
#5422=CARTESIAN_POINT('',(-7.53E0,2.76E0,1.04E0));
#5423=VERTEX_POINT('',#5421);
#5424=VERTEX_POINT('',#5422);
#5425=CARTESIAN_POINT('',(-7.53E0,2.76E0,8.713184817529E-1));
#5426=VERTEX_POINT('',#5425);
#5427=CARTESIAN_POINT('',(-9.255E0,-1.75E0,2.05E0));
#5428=CARTESIAN_POINT('',(-1.0295E1,-1.75E0,2.05E0));
#5429=VERTEX_POINT('',#5427);
#5430=VERTEX_POINT('',#5428);
#5431=CARTESIAN_POINT('',(-9.205E0,-1.75E0,2.E0));
#5432=CARTESIAN_POINT('',(-9.205E0,2.5E0,2.E0));
#5433=VERTEX_POINT('',#5431);
#5434=VERTEX_POINT('',#5432);
#5435=CARTESIAN_POINT('',(-9.405E0,-1.6E0,2.2E0));
#5436=CARTESIAN_POINT('',(-9.405E0,2.5E0,2.2E0));
#5437=VERTEX_POINT('',#5435);
#5438=VERTEX_POINT('',#5436);
#5439=CARTESIAN_POINT('',(-1.078E1,-1.6E0,2.2E0));
#5440=VERTEX_POINT('',#5439);
#5441=CARTESIAN_POINT('',(-1.078E1,-1.8E0,2.E0));
#5442=CARTESIAN_POINT('',(-1.0295E1,-1.8E0,2.E0));
#5443=VERTEX_POINT('',#5441);
#5444=VERTEX_POINT('',#5442);
#5445=CARTESIAN_POINT('',(1.078E1,-1.E-1,2.2E0));
#5446=CARTESIAN_POINT('',(9.405E0,-1.E-1,2.2E0));
#5447=VERTEX_POINT('',#5445);
#5448=VERTEX_POINT('',#5446);
#5449=CARTESIAN_POINT('',(1.078E1,1.E-1,2.E0));
#5450=CARTESIAN_POINT('',(9.205E0,1.E-1,2.E0));
#5451=VERTEX_POINT('',#5449);
#5452=VERTEX_POINT('',#5450);
#5453=CARTESIAN_POINT('',(9.205E0,-1.75E0,2.E0));
#5454=VERTEX_POINT('',#5453);
#5455=CARTESIAN_POINT('',(9.405E0,-1.75E0,2.2E0));
#5456=VERTEX_POINT('',#5455);
#5457=CARTESIAN_POINT('',(-5.865E0,-3.45E0,-5.25E-1));
#5458=CARTESIAN_POINT('',(-5.865E0,-3.45E0,-1.075E0));
#5459=VERTEX_POINT('',#5457);
#5460=VERTEX_POINT('',#5458);
#5461=CARTESIAN_POINT('',(-5.865E0,-1.75E0,-1.075E0));
#5462=VERTEX_POINT('',#5461);
#5463=CARTESIAN_POINT('',(-5.865E0,2.3E0,-8.5E-1));
#5464=CARTESIAN_POINT('',(-5.865E0,2.3E0,0.E0));
#5465=VERTEX_POINT('',#5463);
#5466=VERTEX_POINT('',#5464);
#5467=CARTESIAN_POINT('',(-5.565E0,-3.45E0,-5.25E-1));
#5468=CARTESIAN_POINT('',(-5.565E0,-3.45E0,-1.075E0));
#5469=VERTEX_POINT('',#5467);
#5470=VERTEX_POINT('',#5468);
#5471=CARTESIAN_POINT('',(-5.565E0,-1.75E0,-1.075E0));
#5472=VERTEX_POINT('',#5471);
#5473=CARTESIAN_POINT('',(-5.565E0,2.3E0,-8.5E-1));
#5474=CARTESIAN_POINT('',(-5.565E0,2.3E0,0.E0));
#5475=VERTEX_POINT('',#5473);
#5476=VERTEX_POINT('',#5474);
#5477=CARTESIAN_POINT('',(-5.865E0,1.7E0,0.E0));
#5478=VERTEX_POINT('',#5477);
#5479=CARTESIAN_POINT('',(-5.565E0,1.7E0,0.E0));
#5480=VERTEX_POINT('',#5479);
#5481=CARTESIAN_POINT('',(-5.865E0,-2.5E0,-5.25E-1));
#5482=VERTEX_POINT('',#5481);
#5483=CARTESIAN_POINT('',(-5.865E0,-1.75E0,-8.5E-1));
#5484=VERTEX_POINT('',#5483);
#5485=CARTESIAN_POINT('',(-5.865E0,-1.55E-1,-8.5E-1));
#5486=VERTEX_POINT('',#5485);
#5487=CARTESIAN_POINT('',(-5.865E0,1.55E-1,-8.5E-1));
#5488=VERTEX_POINT('',#5487);
#5489=CARTESIAN_POINT('',(-5.565E0,-2.5E0,-5.25E-1));
#5490=VERTEX_POINT('',#5489);
#5491=CARTESIAN_POINT('',(-5.565E0,-1.75E0,-8.5E-1));
#5492=VERTEX_POINT('',#5491);
#5493=CARTESIAN_POINT('',(-5.565E0,-1.55E-1,-8.5E-1));
#5494=VERTEX_POINT('',#5493);
#5495=CARTESIAN_POINT('',(-5.565E0,1.55E-1,-8.5E-1));
#5496=VERTEX_POINT('',#5495);
#5497=CARTESIAN_POINT('',(-5.865E0,-2.5E0,0.E0));
#5498=VERTEX_POINT('',#5497);
#5499=CARTESIAN_POINT('',(-5.565E0,-2.5E0,0.E0));
#5500=VERTEX_POINT('',#5499);
#5501=CARTESIAN_POINT('',(-5.865E0,-1.55E-1,0.E0));
#5502=VERTEX_POINT('',#5501);
#5503=CARTESIAN_POINT('',(-5.865E0,1.55E-1,0.E0));
#5504=VERTEX_POINT('',#5503);
#5505=CARTESIAN_POINT('',(-5.565E0,-1.55E-1,0.E0));
#5506=VERTEX_POINT('',#5505);
#5507=CARTESIAN_POINT('',(-5.565E0,1.55E-1,0.E0));
#5508=VERTEX_POINT('',#5507);
#5509=CARTESIAN_POINT('',(-5.865E0,-8.25E-1,2.E0));
#5510=CARTESIAN_POINT('',(-5.865E0,8.25E-1,2.E0));
#5511=VERTEX_POINT('',#5509);
#5512=VERTEX_POINT('',#5510);
#5513=CARTESIAN_POINT('',(-5.565E0,-8.25E-1,2.E0));
#5514=CARTESIAN_POINT('',(-5.565E0,8.25E-1,2.E0));
#5515=VERTEX_POINT('',#5513);
#5516=VERTEX_POINT('',#5514);
#5517=CARTESIAN_POINT('',(-4.295E0,-2.296E0,-8.5E-1));
#5518=CARTESIAN_POINT('',(-4.295E0,-1.55E-1,-8.5E-1));
#5519=VERTEX_POINT('',#5517);
#5520=VERTEX_POINT('',#5518);
#5521=CARTESIAN_POINT('',(-4.295E0,1.55E-1,-8.75E-1));
#5522=CARTESIAN_POINT('',(-4.295E0,1.75E0,-8.75E-1));
#5523=VERTEX_POINT('',#5521);
#5524=VERTEX_POINT('',#5522);
#5525=CARTESIAN_POINT('',(-4.295E0,1.75E0,-1.075E0));
#5526=CARTESIAN_POINT('',(-4.295E0,3.45E0,-1.075E0));
#5527=VERTEX_POINT('',#5525);
#5528=VERTEX_POINT('',#5526);
#5529=CARTESIAN_POINT('',(-4.295E0,3.45E0,-5.375E-1));
#5530=VERTEX_POINT('',#5529);
#5531=CARTESIAN_POINT('',(-4.295E0,2.5E0,-5.375E-1));
#5532=VERTEX_POINT('',#5531);
#5533=CARTESIAN_POINT('',(-4.295E0,2.5E0,0.E0));
#5534=VERTEX_POINT('',#5533);
#5535=CARTESIAN_POINT('',(-4.595E0,-2.296E0,-8.5E-1));
#5536=CARTESIAN_POINT('',(-4.595E0,-1.55E-1,-8.5E-1));
#5537=VERTEX_POINT('',#5535);
#5538=VERTEX_POINT('',#5536);
#5539=CARTESIAN_POINT('',(-4.595E0,1.55E-1,-8.75E-1));
#5540=CARTESIAN_POINT('',(-4.595E0,1.75E0,-8.75E-1));
#5541=VERTEX_POINT('',#5539);
#5542=VERTEX_POINT('',#5540);
#5543=CARTESIAN_POINT('',(-4.595E0,1.75E0,-1.075E0));
#5544=CARTESIAN_POINT('',(-4.595E0,3.45E0,-1.075E0));
#5545=VERTEX_POINT('',#5543);
#5546=VERTEX_POINT('',#5544);
#5547=CARTESIAN_POINT('',(-4.595E0,3.45E0,-5.375E-1));
#5548=VERTEX_POINT('',#5547);
#5549=CARTESIAN_POINT('',(-4.595E0,2.5E0,-5.375E-1));
#5550=VERTEX_POINT('',#5549);
#5551=CARTESIAN_POINT('',(-4.595E0,2.5E0,0.E0));
#5552=VERTEX_POINT('',#5551);
#5553=CARTESIAN_POINT('',(-4.295E0,-2.296E0,0.E0));
#5554=VERTEX_POINT('',#5553);
#5555=CARTESIAN_POINT('',(-4.295E0,1.7E0,0.E0));
#5556=VERTEX_POINT('',#5555);
#5557=CARTESIAN_POINT('',(-4.595E0,-2.296E0,0.E0));
#5558=VERTEX_POINT('',#5557);
#5559=CARTESIAN_POINT('',(-4.595E0,1.7E0,0.E0));
#5560=VERTEX_POINT('',#5559);
#5561=CARTESIAN_POINT('',(-4.295E0,-1.55E-1,0.E0));
#5562=VERTEX_POINT('',#5561);
#5563=CARTESIAN_POINT('',(-4.295E0,1.55E-1,0.E0));
#5564=VERTEX_POINT('',#5563);
#5565=CARTESIAN_POINT('',(-4.595E0,-1.55E-1,0.E0));
#5566=VERTEX_POINT('',#5565);
#5567=CARTESIAN_POINT('',(-4.595E0,1.55E-1,0.E0));
#5568=VERTEX_POINT('',#5567);
#5569=CARTESIAN_POINT('',(-4.295E0,8.25E-1,2.E0));
#5570=CARTESIAN_POINT('',(-4.295E0,-8.25E-1,2.E0));
#5571=VERTEX_POINT('',#5569);
#5572=VERTEX_POINT('',#5570);
#5573=CARTESIAN_POINT('',(-4.595E0,8.25E-1,2.E0));
#5574=CARTESIAN_POINT('',(-4.595E0,-8.25E-1,2.E0));
#5575=VERTEX_POINT('',#5573);
#5576=VERTEX_POINT('',#5574);
#5577=CARTESIAN_POINT('',(-3.325E0,-3.45E0,-5.25E-1));
#5578=CARTESIAN_POINT('',(-3.325E0,-3.45E0,-1.075E0));
#5579=VERTEX_POINT('',#5577);
#5580=VERTEX_POINT('',#5578);
#5581=CARTESIAN_POINT('',(-3.325E0,-1.75E0,-1.075E0));
#5582=VERTEX_POINT('',#5581);
#5583=CARTESIAN_POINT('',(-3.325E0,2.3E0,-8.5E-1));
#5584=CARTESIAN_POINT('',(-3.325E0,2.3E0,0.E0));
#5585=VERTEX_POINT('',#5583);
#5586=VERTEX_POINT('',#5584);
#5587=CARTESIAN_POINT('',(-3.025E0,-3.45E0,-5.25E-1));
#5588=CARTESIAN_POINT('',(-3.025E0,-3.45E0,-1.075E0));
#5589=VERTEX_POINT('',#5587);
#5590=VERTEX_POINT('',#5588);
#5591=CARTESIAN_POINT('',(-3.025E0,-1.75E0,-1.075E0));
#5592=VERTEX_POINT('',#5591);
#5593=CARTESIAN_POINT('',(-3.025E0,2.3E0,-8.5E-1));
#5594=CARTESIAN_POINT('',(-3.025E0,2.3E0,0.E0));
#5595=VERTEX_POINT('',#5593);
#5596=VERTEX_POINT('',#5594);
#5597=CARTESIAN_POINT('',(-3.325E0,1.7E0,0.E0));
#5598=VERTEX_POINT('',#5597);
#5599=CARTESIAN_POINT('',(-3.025E0,1.7E0,0.E0));
#5600=VERTEX_POINT('',#5599);
#5601=CARTESIAN_POINT('',(-3.325E0,-2.5E0,-5.25E-1));
#5602=VERTEX_POINT('',#5601);
#5603=CARTESIAN_POINT('',(-3.325E0,-1.75E0,-8.5E-1));
#5604=VERTEX_POINT('',#5603);
#5605=CARTESIAN_POINT('',(-3.325E0,-1.55E-1,-8.5E-1));
#5606=VERTEX_POINT('',#5605);
#5607=CARTESIAN_POINT('',(-3.325E0,1.55E-1,-8.5E-1));
#5608=VERTEX_POINT('',#5607);
#5609=CARTESIAN_POINT('',(-3.025E0,-2.5E0,-5.25E-1));
#5610=VERTEX_POINT('',#5609);
#5611=CARTESIAN_POINT('',(-3.025E0,-1.75E0,-8.5E-1));
#5612=VERTEX_POINT('',#5611);
#5613=CARTESIAN_POINT('',(-3.025E0,-1.55E-1,-8.5E-1));
#5614=VERTEX_POINT('',#5613);
#5615=CARTESIAN_POINT('',(-3.025E0,1.55E-1,-8.5E-1));
#5616=VERTEX_POINT('',#5615);
#5617=CARTESIAN_POINT('',(-3.325E0,-2.5E0,0.E0));
#5618=VERTEX_POINT('',#5617);
#5619=CARTESIAN_POINT('',(-3.025E0,-2.5E0,0.E0));
#5620=VERTEX_POINT('',#5619);
#5621=CARTESIAN_POINT('',(-3.325E0,-1.55E-1,0.E0));
#5622=VERTEX_POINT('',#5621);
#5623=CARTESIAN_POINT('',(-3.325E0,1.55E-1,0.E0));
#5624=VERTEX_POINT('',#5623);
#5625=CARTESIAN_POINT('',(-3.025E0,-1.55E-1,0.E0));
#5626=VERTEX_POINT('',#5625);
#5627=CARTESIAN_POINT('',(-3.025E0,1.55E-1,0.E0));
#5628=VERTEX_POINT('',#5627);
#5629=CARTESIAN_POINT('',(-3.325E0,-8.25E-1,2.E0));
#5630=CARTESIAN_POINT('',(-3.325E0,8.25E-1,2.E0));
#5631=VERTEX_POINT('',#5629);
#5632=VERTEX_POINT('',#5630);
#5633=CARTESIAN_POINT('',(-3.025E0,-8.25E-1,2.E0));
#5634=CARTESIAN_POINT('',(-3.025E0,8.25E-1,2.E0));
#5635=VERTEX_POINT('',#5633);
#5636=VERTEX_POINT('',#5634);
#5637=CARTESIAN_POINT('',(-1.755E0,-2.296E0,-8.5E-1));
#5638=CARTESIAN_POINT('',(-1.755E0,-1.55E-1,-8.5E-1));
#5639=VERTEX_POINT('',#5637);
#5640=VERTEX_POINT('',#5638);
#5641=CARTESIAN_POINT('',(-1.755E0,1.55E-1,-8.75E-1));
#5642=CARTESIAN_POINT('',(-1.755E0,1.75E0,-8.75E-1));
#5643=VERTEX_POINT('',#5641);
#5644=VERTEX_POINT('',#5642);
#5645=CARTESIAN_POINT('',(-1.755E0,1.75E0,-1.075E0));
#5646=CARTESIAN_POINT('',(-1.755E0,3.45E0,-1.075E0));
#5647=VERTEX_POINT('',#5645);
#5648=VERTEX_POINT('',#5646);
#5649=CARTESIAN_POINT('',(-1.755E0,3.45E0,-5.375E-1));
#5650=VERTEX_POINT('',#5649);
#5651=CARTESIAN_POINT('',(-1.755E0,2.5E0,-5.375E-1));
#5652=VERTEX_POINT('',#5651);
#5653=CARTESIAN_POINT('',(-1.755E0,2.5E0,0.E0));
#5654=VERTEX_POINT('',#5653);
#5655=CARTESIAN_POINT('',(-2.055E0,-2.296E0,-8.5E-1));
#5656=CARTESIAN_POINT('',(-2.055E0,-1.55E-1,-8.5E-1));
#5657=VERTEX_POINT('',#5655);
#5658=VERTEX_POINT('',#5656);
#5659=CARTESIAN_POINT('',(-2.055E0,1.55E-1,-8.75E-1));
#5660=CARTESIAN_POINT('',(-2.055E0,1.75E0,-8.75E-1));
#5661=VERTEX_POINT('',#5659);
#5662=VERTEX_POINT('',#5660);
#5663=CARTESIAN_POINT('',(-2.055E0,1.75E0,-1.075E0));
#5664=CARTESIAN_POINT('',(-2.055E0,3.45E0,-1.075E0));
#5665=VERTEX_POINT('',#5663);
#5666=VERTEX_POINT('',#5664);
#5667=CARTESIAN_POINT('',(-2.055E0,3.45E0,-5.375E-1));
#5668=VERTEX_POINT('',#5667);
#5669=CARTESIAN_POINT('',(-2.055E0,2.5E0,-5.375E-1));
#5670=VERTEX_POINT('',#5669);
#5671=CARTESIAN_POINT('',(-2.055E0,2.5E0,0.E0));
#5672=VERTEX_POINT('',#5671);
#5673=CARTESIAN_POINT('',(-1.755E0,-2.296E0,0.E0));
#5674=VERTEX_POINT('',#5673);
#5675=CARTESIAN_POINT('',(-1.755E0,1.7E0,0.E0));
#5676=VERTEX_POINT('',#5675);
#5677=CARTESIAN_POINT('',(-2.055E0,-2.296E0,0.E0));
#5678=VERTEX_POINT('',#5677);
#5679=CARTESIAN_POINT('',(-2.055E0,1.7E0,0.E0));
#5680=VERTEX_POINT('',#5679);
#5681=CARTESIAN_POINT('',(-1.755E0,-1.55E-1,0.E0));
#5682=VERTEX_POINT('',#5681);
#5683=CARTESIAN_POINT('',(-1.755E0,1.55E-1,0.E0));
#5684=VERTEX_POINT('',#5683);
#5685=CARTESIAN_POINT('',(-2.055E0,-1.55E-1,0.E0));
#5686=VERTEX_POINT('',#5685);
#5687=CARTESIAN_POINT('',(-2.055E0,1.55E-1,0.E0));
#5688=VERTEX_POINT('',#5687);
#5689=CARTESIAN_POINT('',(-1.755E0,8.25E-1,2.E0));
#5690=CARTESIAN_POINT('',(-1.755E0,-8.25E-1,2.E0));
#5691=VERTEX_POINT('',#5689);
#5692=VERTEX_POINT('',#5690);
#5693=CARTESIAN_POINT('',(-2.055E0,8.25E-1,2.E0));
#5694=CARTESIAN_POINT('',(-2.055E0,-8.25E-1,2.E0));
#5695=VERTEX_POINT('',#5693);
#5696=VERTEX_POINT('',#5694);
#5697=CARTESIAN_POINT('',(-8.105E0,-8.25E-1,3.6E0));
#5698=CARTESIAN_POINT('',(-8.205E0,-8.25E-1,4.1E0));
#5699=VERTEX_POINT('',#5697);
#5700=VERTEX_POINT('',#5698);
#5701=CARTESIAN_POINT('',(-8.205E0,8.25E-1,4.1E0));
#5702=VERTEX_POINT('',#5701);
#5703=CARTESIAN_POINT('',(-8.105E0,8.25E-1,3.6E0));
#5704=VERTEX_POINT('',#5703);
#5705=CARTESIAN_POINT('',(-8.405E0,8.25E-1,3.6E0));
#5706=CARTESIAN_POINT('',(-8.305E0,8.25E-1,4.1E0));
#5707=VERTEX_POINT('',#5705);
#5708=VERTEX_POINT('',#5706);
#5709=CARTESIAN_POINT('',(-8.305E0,-8.25E-1,4.1E0));
#5710=VERTEX_POINT('',#5709);
#5711=CARTESIAN_POINT('',(-8.405E0,-8.25E-1,3.6E0));
#5712=VERTEX_POINT('',#5711);
#5713=CARTESIAN_POINT('',(-6.835E0,-8.25E-1,3.6E0));
#5714=CARTESIAN_POINT('',(-6.935E0,-8.25E-1,4.1E0));
#5715=VERTEX_POINT('',#5713);
#5716=VERTEX_POINT('',#5714);
#5717=CARTESIAN_POINT('',(-6.935E0,8.25E-1,4.1E0));
#5718=VERTEX_POINT('',#5717);
#5719=CARTESIAN_POINT('',(-6.835E0,8.25E-1,3.6E0));
#5720=VERTEX_POINT('',#5719);
#5721=CARTESIAN_POINT('',(-7.135E0,8.25E-1,3.6E0));
#5722=CARTESIAN_POINT('',(-7.035E0,8.25E-1,4.1E0));
#5723=VERTEX_POINT('',#5721);
#5724=VERTEX_POINT('',#5722);
#5725=CARTESIAN_POINT('',(-7.035E0,-8.25E-1,4.1E0));
#5726=VERTEX_POINT('',#5725);
#5727=CARTESIAN_POINT('',(-7.135E0,-8.25E-1,3.6E0));
#5728=VERTEX_POINT('',#5727);
#5729=CARTESIAN_POINT('',(-5.565E0,-8.25E-1,3.6E0));
#5730=CARTESIAN_POINT('',(-5.665E0,-8.25E-1,4.1E0));
#5731=VERTEX_POINT('',#5729);
#5732=VERTEX_POINT('',#5730);
#5733=CARTESIAN_POINT('',(-5.665E0,8.25E-1,4.1E0));
#5734=VERTEX_POINT('',#5733);
#5735=CARTESIAN_POINT('',(-5.565E0,8.25E-1,3.6E0));
#5736=VERTEX_POINT('',#5735);
#5737=CARTESIAN_POINT('',(-5.865E0,8.25E-1,3.6E0));
#5738=CARTESIAN_POINT('',(-5.765E0,8.25E-1,4.1E0));
#5739=VERTEX_POINT('',#5737);
#5740=VERTEX_POINT('',#5738);
#5741=CARTESIAN_POINT('',(-5.765E0,-8.25E-1,4.1E0));
#5742=VERTEX_POINT('',#5741);
#5743=CARTESIAN_POINT('',(-5.865E0,-8.25E-1,3.6E0));
#5744=VERTEX_POINT('',#5743);
#5745=CARTESIAN_POINT('',(-3.025E0,-8.25E-1,3.6E0));
#5746=CARTESIAN_POINT('',(-3.125E0,-8.25E-1,4.1E0));
#5747=VERTEX_POINT('',#5745);
#5748=VERTEX_POINT('',#5746);
#5749=CARTESIAN_POINT('',(-3.125E0,8.25E-1,4.1E0));
#5750=VERTEX_POINT('',#5749);
#5751=CARTESIAN_POINT('',(-3.025E0,8.25E-1,3.6E0));
#5752=VERTEX_POINT('',#5751);
#5753=CARTESIAN_POINT('',(-3.325E0,8.25E-1,3.6E0));
#5754=CARTESIAN_POINT('',(-3.225E0,8.25E-1,4.1E0));
#5755=VERTEX_POINT('',#5753);
#5756=VERTEX_POINT('',#5754);
#5757=CARTESIAN_POINT('',(-3.225E0,-8.25E-1,4.1E0));
#5758=VERTEX_POINT('',#5757);
#5759=CARTESIAN_POINT('',(-3.325E0,-8.25E-1,3.6E0));
#5760=VERTEX_POINT('',#5759);
#5761=CARTESIAN_POINT('',(-4.295E0,-8.25E-1,3.6E0));
#5762=CARTESIAN_POINT('',(-4.395E0,-8.25E-1,4.1E0));
#5763=VERTEX_POINT('',#5761);
#5764=VERTEX_POINT('',#5762);
#5765=CARTESIAN_POINT('',(-4.395E0,8.25E-1,4.1E0));
#5766=VERTEX_POINT('',#5765);
#5767=CARTESIAN_POINT('',(-4.295E0,8.25E-1,3.6E0));
#5768=VERTEX_POINT('',#5767);
#5769=CARTESIAN_POINT('',(-4.595E0,8.25E-1,3.6E0));
#5770=CARTESIAN_POINT('',(-4.495E0,8.25E-1,4.1E0));
#5771=VERTEX_POINT('',#5769);
#5772=VERTEX_POINT('',#5770);
#5773=CARTESIAN_POINT('',(-4.495E0,-8.25E-1,4.1E0));
#5774=VERTEX_POINT('',#5773);
#5775=CARTESIAN_POINT('',(-4.595E0,-8.25E-1,3.6E0));
#5776=VERTEX_POINT('',#5775);
#5777=CARTESIAN_POINT('',(-1.755E0,-8.25E-1,3.6E0));
#5778=CARTESIAN_POINT('',(-1.855E0,-8.25E-1,4.1E0));
#5779=VERTEX_POINT('',#5777);
#5780=VERTEX_POINT('',#5778);
#5781=CARTESIAN_POINT('',(-1.855E0,8.25E-1,4.1E0));
#5782=VERTEX_POINT('',#5781);
#5783=CARTESIAN_POINT('',(-1.755E0,8.25E-1,3.6E0));
#5784=VERTEX_POINT('',#5783);
#5785=CARTESIAN_POINT('',(-2.055E0,8.25E-1,3.6E0));
#5786=CARTESIAN_POINT('',(-1.955E0,8.25E-1,4.1E0));
#5787=VERTEX_POINT('',#5785);
#5788=VERTEX_POINT('',#5786);
#5789=CARTESIAN_POINT('',(-1.955E0,-8.25E-1,4.1E0));
#5790=VERTEX_POINT('',#5789);
#5791=CARTESIAN_POINT('',(-2.055E0,-8.25E-1,3.6E0));
#5792=VERTEX_POINT('',#5791);
#5793=CARTESIAN_POINT('',(-7.85E-1,-3.45E0,-5.25E-1));
#5794=CARTESIAN_POINT('',(-7.85E-1,-3.45E0,-1.075E0));
#5795=VERTEX_POINT('',#5793);
#5796=VERTEX_POINT('',#5794);
#5797=CARTESIAN_POINT('',(-7.85E-1,-1.75E0,-1.075E0));
#5798=VERTEX_POINT('',#5797);
#5799=CARTESIAN_POINT('',(-7.85E-1,2.3E0,-8.5E-1));
#5800=CARTESIAN_POINT('',(-7.85E-1,2.3E0,0.E0));
#5801=VERTEX_POINT('',#5799);
#5802=VERTEX_POINT('',#5800);
#5803=CARTESIAN_POINT('',(-4.85E-1,-3.45E0,-5.25E-1));
#5804=CARTESIAN_POINT('',(-4.85E-1,-3.45E0,-1.075E0));
#5805=VERTEX_POINT('',#5803);
#5806=VERTEX_POINT('',#5804);
#5807=CARTESIAN_POINT('',(-4.85E-1,-1.75E0,-1.075E0));
#5808=VERTEX_POINT('',#5807);
#5809=CARTESIAN_POINT('',(-4.85E-1,2.3E0,-8.5E-1));
#5810=CARTESIAN_POINT('',(-4.85E-1,2.3E0,0.E0));
#5811=VERTEX_POINT('',#5809);
#5812=VERTEX_POINT('',#5810);
#5813=CARTESIAN_POINT('',(-7.85E-1,1.7E0,0.E0));
#5814=VERTEX_POINT('',#5813);
#5815=CARTESIAN_POINT('',(-4.85E-1,1.7E0,0.E0));
#5816=VERTEX_POINT('',#5815);
#5817=CARTESIAN_POINT('',(-7.85E-1,-2.5E0,-5.25E-1));
#5818=VERTEX_POINT('',#5817);
#5819=CARTESIAN_POINT('',(-7.85E-1,-1.75E0,-8.5E-1));
#5820=VERTEX_POINT('',#5819);
#5821=CARTESIAN_POINT('',(-7.85E-1,-1.55E-1,-8.5E-1));
#5822=VERTEX_POINT('',#5821);
#5823=CARTESIAN_POINT('',(-7.85E-1,1.55E-1,-8.5E-1));
#5824=VERTEX_POINT('',#5823);
#5825=CARTESIAN_POINT('',(-4.85E-1,-2.5E0,-5.25E-1));
#5826=VERTEX_POINT('',#5825);
#5827=CARTESIAN_POINT('',(-4.85E-1,-1.75E0,-8.5E-1));
#5828=VERTEX_POINT('',#5827);
#5829=CARTESIAN_POINT('',(-4.85E-1,-1.55E-1,-8.5E-1));
#5830=VERTEX_POINT('',#5829);
#5831=CARTESIAN_POINT('',(-4.85E-1,1.55E-1,-8.5E-1));
#5832=VERTEX_POINT('',#5831);
#5833=CARTESIAN_POINT('',(-7.85E-1,-2.5E0,0.E0));
#5834=VERTEX_POINT('',#5833);
#5835=CARTESIAN_POINT('',(-4.85E-1,-2.5E0,0.E0));
#5836=VERTEX_POINT('',#5835);
#5837=CARTESIAN_POINT('',(-7.85E-1,-1.55E-1,0.E0));
#5838=VERTEX_POINT('',#5837);
#5839=CARTESIAN_POINT('',(-7.85E-1,1.55E-1,0.E0));
#5840=VERTEX_POINT('',#5839);
#5841=CARTESIAN_POINT('',(-4.85E-1,-1.55E-1,0.E0));
#5842=VERTEX_POINT('',#5841);
#5843=CARTESIAN_POINT('',(-4.85E-1,1.55E-1,0.E0));
#5844=VERTEX_POINT('',#5843);
#5845=CARTESIAN_POINT('',(1.755E0,-3.45E0,-5.25E-1));
#5846=CARTESIAN_POINT('',(1.755E0,-3.45E0,-1.075E0));
#5847=VERTEX_POINT('',#5845);
#5848=VERTEX_POINT('',#5846);
#5849=CARTESIAN_POINT('',(1.755E0,-1.75E0,-1.075E0));
#5850=VERTEX_POINT('',#5849);
#5851=CARTESIAN_POINT('',(1.755E0,2.3E0,-8.5E-1));
#5852=CARTESIAN_POINT('',(1.755E0,2.3E0,0.E0));
#5853=VERTEX_POINT('',#5851);
#5854=VERTEX_POINT('',#5852);
#5855=CARTESIAN_POINT('',(2.055E0,-3.45E0,-5.25E-1));
#5856=CARTESIAN_POINT('',(2.055E0,-3.45E0,-1.075E0));
#5857=VERTEX_POINT('',#5855);
#5858=VERTEX_POINT('',#5856);
#5859=CARTESIAN_POINT('',(2.055E0,-1.75E0,-1.075E0));
#5860=VERTEX_POINT('',#5859);
#5861=CARTESIAN_POINT('',(2.055E0,2.3E0,-8.5E-1));
#5862=CARTESIAN_POINT('',(2.055E0,2.3E0,0.E0));
#5863=VERTEX_POINT('',#5861);
#5864=VERTEX_POINT('',#5862);
#5865=CARTESIAN_POINT('',(1.755E0,1.7E0,0.E0));
#5866=VERTEX_POINT('',#5865);
#5867=CARTESIAN_POINT('',(2.055E0,1.7E0,0.E0));
#5868=VERTEX_POINT('',#5867);
#5869=CARTESIAN_POINT('',(1.755E0,-2.5E0,-5.25E-1));
#5870=VERTEX_POINT('',#5869);
#5871=CARTESIAN_POINT('',(1.755E0,-1.75E0,-8.5E-1));
#5872=VERTEX_POINT('',#5871);
#5873=CARTESIAN_POINT('',(1.755E0,-1.55E-1,-8.5E-1));
#5874=VERTEX_POINT('',#5873);
#5875=CARTESIAN_POINT('',(1.755E0,1.55E-1,-8.5E-1));
#5876=VERTEX_POINT('',#5875);
#5877=CARTESIAN_POINT('',(2.055E0,-2.5E0,-5.25E-1));
#5878=VERTEX_POINT('',#5877);
#5879=CARTESIAN_POINT('',(2.055E0,-1.75E0,-8.5E-1));
#5880=VERTEX_POINT('',#5879);
#5881=CARTESIAN_POINT('',(2.055E0,-1.55E-1,-8.5E-1));
#5882=VERTEX_POINT('',#5881);
#5883=CARTESIAN_POINT('',(2.055E0,1.55E-1,-8.5E-1));
#5884=VERTEX_POINT('',#5883);
#5885=CARTESIAN_POINT('',(1.755E0,-2.5E0,0.E0));
#5886=VERTEX_POINT('',#5885);
#5887=CARTESIAN_POINT('',(2.055E0,-2.5E0,0.E0));
#5888=VERTEX_POINT('',#5887);
#5889=CARTESIAN_POINT('',(1.755E0,-1.55E-1,0.E0));
#5890=VERTEX_POINT('',#5889);
#5891=CARTESIAN_POINT('',(1.755E0,1.55E-1,0.E0));
#5892=VERTEX_POINT('',#5891);
#5893=CARTESIAN_POINT('',(2.055E0,-1.55E-1,0.E0));
#5894=VERTEX_POINT('',#5893);
#5895=CARTESIAN_POINT('',(2.055E0,1.55E-1,0.E0));
#5896=VERTEX_POINT('',#5895);
#5897=CARTESIAN_POINT('',(4.295E0,-3.45E0,-5.25E-1));
#5898=CARTESIAN_POINT('',(4.295E0,-3.45E0,-1.075E0));
#5899=VERTEX_POINT('',#5897);
#5900=VERTEX_POINT('',#5898);
#5901=CARTESIAN_POINT('',(4.295E0,-1.75E0,-1.075E0));
#5902=VERTEX_POINT('',#5901);
#5903=CARTESIAN_POINT('',(4.295E0,2.3E0,-8.5E-1));
#5904=CARTESIAN_POINT('',(4.295E0,2.3E0,0.E0));
#5905=VERTEX_POINT('',#5903);
#5906=VERTEX_POINT('',#5904);
#5907=CARTESIAN_POINT('',(4.595E0,-3.45E0,-5.25E-1));
#5908=CARTESIAN_POINT('',(4.595E0,-3.45E0,-1.075E0));
#5909=VERTEX_POINT('',#5907);
#5910=VERTEX_POINT('',#5908);
#5911=CARTESIAN_POINT('',(4.595E0,-1.75E0,-1.075E0));
#5912=VERTEX_POINT('',#5911);
#5913=CARTESIAN_POINT('',(4.595E0,2.3E0,-8.5E-1));
#5914=CARTESIAN_POINT('',(4.595E0,2.3E0,0.E0));
#5915=VERTEX_POINT('',#5913);
#5916=VERTEX_POINT('',#5914);
#5917=CARTESIAN_POINT('',(4.295E0,1.7E0,0.E0));
#5918=VERTEX_POINT('',#5917);
#5919=CARTESIAN_POINT('',(4.595E0,1.7E0,0.E0));
#5920=VERTEX_POINT('',#5919);
#5921=CARTESIAN_POINT('',(4.295E0,-2.5E0,-5.25E-1));
#5922=VERTEX_POINT('',#5921);
#5923=CARTESIAN_POINT('',(4.295E0,-1.75E0,-8.5E-1));
#5924=VERTEX_POINT('',#5923);
#5925=CARTESIAN_POINT('',(4.295E0,-1.55E-1,-8.5E-1));
#5926=VERTEX_POINT('',#5925);
#5927=CARTESIAN_POINT('',(4.295E0,1.55E-1,-8.5E-1));
#5928=VERTEX_POINT('',#5927);
#5929=CARTESIAN_POINT('',(4.595E0,-2.5E0,-5.25E-1));
#5930=VERTEX_POINT('',#5929);
#5931=CARTESIAN_POINT('',(4.595E0,-1.75E0,-8.5E-1));
#5932=VERTEX_POINT('',#5931);
#5933=CARTESIAN_POINT('',(4.595E0,-1.55E-1,-8.5E-1));
#5934=VERTEX_POINT('',#5933);
#5935=CARTESIAN_POINT('',(4.595E0,1.55E-1,-8.5E-1));
#5936=VERTEX_POINT('',#5935);
#5937=CARTESIAN_POINT('',(4.295E0,-2.5E0,0.E0));
#5938=VERTEX_POINT('',#5937);
#5939=CARTESIAN_POINT('',(4.595E0,-2.5E0,0.E0));
#5940=VERTEX_POINT('',#5939);
#5941=CARTESIAN_POINT('',(4.295E0,-1.55E-1,0.E0));
#5942=VERTEX_POINT('',#5941);
#5943=CARTESIAN_POINT('',(4.295E0,1.55E-1,0.E0));
#5944=VERTEX_POINT('',#5943);
#5945=CARTESIAN_POINT('',(4.595E0,-1.55E-1,0.E0));
#5946=VERTEX_POINT('',#5945);
#5947=CARTESIAN_POINT('',(4.595E0,1.55E-1,0.E0));
#5948=VERTEX_POINT('',#5947);
#5949=CARTESIAN_POINT('',(6.835E0,-3.45E0,-5.25E-1));
#5950=CARTESIAN_POINT('',(6.835E0,-3.45E0,-1.075E0));
#5951=VERTEX_POINT('',#5949);
#5952=VERTEX_POINT('',#5950);
#5953=CARTESIAN_POINT('',(6.835E0,-1.75E0,-1.075E0));
#5954=VERTEX_POINT('',#5953);
#5955=CARTESIAN_POINT('',(6.835E0,2.3E0,-8.5E-1));
#5956=CARTESIAN_POINT('',(6.835E0,2.3E0,0.E0));
#5957=VERTEX_POINT('',#5955);
#5958=VERTEX_POINT('',#5956);
#5959=CARTESIAN_POINT('',(7.135E0,-3.45E0,-5.25E-1));
#5960=CARTESIAN_POINT('',(7.135E0,-3.45E0,-1.075E0));
#5961=VERTEX_POINT('',#5959);
#5962=VERTEX_POINT('',#5960);
#5963=CARTESIAN_POINT('',(7.135E0,-1.75E0,-1.075E0));
#5964=VERTEX_POINT('',#5963);
#5965=CARTESIAN_POINT('',(7.135E0,2.3E0,-8.5E-1));
#5966=CARTESIAN_POINT('',(7.135E0,2.3E0,0.E0));
#5967=VERTEX_POINT('',#5965);
#5968=VERTEX_POINT('',#5966);
#5969=CARTESIAN_POINT('',(6.835E0,1.7E0,0.E0));
#5970=VERTEX_POINT('',#5969);
#5971=CARTESIAN_POINT('',(7.135E0,1.7E0,0.E0));
#5972=VERTEX_POINT('',#5971);
#5973=CARTESIAN_POINT('',(6.835E0,-2.5E0,-5.25E-1));
#5974=VERTEX_POINT('',#5973);
#5975=CARTESIAN_POINT('',(6.835E0,-1.75E0,-8.5E-1));
#5976=VERTEX_POINT('',#5975);
#5977=CARTESIAN_POINT('',(6.835E0,-1.55E-1,-8.5E-1));
#5978=VERTEX_POINT('',#5977);
#5979=CARTESIAN_POINT('',(6.835E0,1.55E-1,-8.5E-1));
#5980=VERTEX_POINT('',#5979);
#5981=CARTESIAN_POINT('',(7.135E0,-2.5E0,-5.25E-1));
#5982=VERTEX_POINT('',#5981);
#5983=CARTESIAN_POINT('',(7.135E0,-1.75E0,-8.5E-1));
#5984=VERTEX_POINT('',#5983);
#5985=CARTESIAN_POINT('',(7.135E0,-1.55E-1,-8.5E-1));
#5986=VERTEX_POINT('',#5985);
#5987=CARTESIAN_POINT('',(7.135E0,1.55E-1,-8.5E-1));
#5988=VERTEX_POINT('',#5987);
#5989=CARTESIAN_POINT('',(6.835E0,-2.5E0,0.E0));
#5990=VERTEX_POINT('',#5989);
#5991=CARTESIAN_POINT('',(7.135E0,-2.5E0,0.E0));
#5992=VERTEX_POINT('',#5991);
#5993=CARTESIAN_POINT('',(6.835E0,-1.55E-1,0.E0));
#5994=VERTEX_POINT('',#5993);
#5995=CARTESIAN_POINT('',(6.835E0,1.55E-1,0.E0));
#5996=VERTEX_POINT('',#5995);
#5997=CARTESIAN_POINT('',(7.135E0,-1.55E-1,0.E0));
#5998=VERTEX_POINT('',#5997);
#5999=CARTESIAN_POINT('',(7.135E0,1.55E-1,0.E0));
#6000=VERTEX_POINT('',#5999);
#6001=CARTESIAN_POINT('',(-7.85E-1,-8.25E-1,2.E0));
#6002=CARTESIAN_POINT('',(-7.85E-1,8.25E-1,2.E0));
#6003=VERTEX_POINT('',#6001);
#6004=VERTEX_POINT('',#6002);
#6005=CARTESIAN_POINT('',(-4.85E-1,-8.25E-1,2.E0));
#6006=CARTESIAN_POINT('',(-4.85E-1,8.25E-1,2.E0));
#6007=VERTEX_POINT('',#6005);
#6008=VERTEX_POINT('',#6006);
#6009=CARTESIAN_POINT('',(1.755E0,-8.25E-1,2.E0));
#6010=CARTESIAN_POINT('',(1.755E0,8.25E-1,2.E0));
#6011=VERTEX_POINT('',#6009);
#6012=VERTEX_POINT('',#6010);
#6013=CARTESIAN_POINT('',(2.055E0,-8.25E-1,2.E0));
#6014=CARTESIAN_POINT('',(2.055E0,8.25E-1,2.E0));
#6015=VERTEX_POINT('',#6013);
#6016=VERTEX_POINT('',#6014);
#6017=CARTESIAN_POINT('',(4.295E0,-8.25E-1,2.E0));
#6018=CARTESIAN_POINT('',(4.295E0,8.25E-1,2.E0));
#6019=VERTEX_POINT('',#6017);
#6020=VERTEX_POINT('',#6018);
#6021=CARTESIAN_POINT('',(4.595E0,-8.25E-1,2.E0));
#6022=CARTESIAN_POINT('',(4.595E0,8.25E-1,2.E0));
#6023=VERTEX_POINT('',#6021);
#6024=VERTEX_POINT('',#6022);
#6025=CARTESIAN_POINT('',(6.835E0,-8.25E-1,2.E0));
#6026=CARTESIAN_POINT('',(6.835E0,8.25E-1,2.E0));
#6027=VERTEX_POINT('',#6025);
#6028=VERTEX_POINT('',#6026);
#6029=CARTESIAN_POINT('',(7.135E0,-8.25E-1,2.E0));
#6030=CARTESIAN_POINT('',(7.135E0,8.25E-1,2.E0));
#6031=VERTEX_POINT('',#6029);
#6032=VERTEX_POINT('',#6030);
#6033=CARTESIAN_POINT('',(7.85E-1,-2.296E0,-8.5E-1));
#6034=CARTESIAN_POINT('',(7.85E-1,-1.55E-1,-8.5E-1));
#6035=VERTEX_POINT('',#6033);
#6036=VERTEX_POINT('',#6034);
#6037=CARTESIAN_POINT('',(7.85E-1,1.55E-1,-8.75E-1));
#6038=CARTESIAN_POINT('',(7.85E-1,1.75E0,-8.75E-1));
#6039=VERTEX_POINT('',#6037);
#6040=VERTEX_POINT('',#6038);
#6041=CARTESIAN_POINT('',(7.85E-1,1.75E0,-1.075E0));
#6042=CARTESIAN_POINT('',(7.85E-1,3.45E0,-1.075E0));
#6043=VERTEX_POINT('',#6041);
#6044=VERTEX_POINT('',#6042);
#6045=CARTESIAN_POINT('',(7.85E-1,3.45E0,-5.375E-1));
#6046=VERTEX_POINT('',#6045);
#6047=CARTESIAN_POINT('',(7.85E-1,2.5E0,-5.375E-1));
#6048=VERTEX_POINT('',#6047);
#6049=CARTESIAN_POINT('',(7.85E-1,2.5E0,0.E0));
#6050=VERTEX_POINT('',#6049);
#6051=CARTESIAN_POINT('',(4.85E-1,-2.296E0,-8.5E-1));
#6052=CARTESIAN_POINT('',(4.85E-1,-1.55E-1,-8.5E-1));
#6053=VERTEX_POINT('',#6051);
#6054=VERTEX_POINT('',#6052);
#6055=CARTESIAN_POINT('',(4.85E-1,1.55E-1,-8.75E-1));
#6056=CARTESIAN_POINT('',(4.85E-1,1.75E0,-8.75E-1));
#6057=VERTEX_POINT('',#6055);
#6058=VERTEX_POINT('',#6056);
#6059=CARTESIAN_POINT('',(4.85E-1,1.75E0,-1.075E0));
#6060=CARTESIAN_POINT('',(4.85E-1,3.45E0,-1.075E0));
#6061=VERTEX_POINT('',#6059);
#6062=VERTEX_POINT('',#6060);
#6063=CARTESIAN_POINT('',(4.85E-1,3.45E0,-5.375E-1));
#6064=VERTEX_POINT('',#6063);
#6065=CARTESIAN_POINT('',(4.85E-1,2.5E0,-5.375E-1));
#6066=VERTEX_POINT('',#6065);
#6067=CARTESIAN_POINT('',(4.85E-1,2.5E0,0.E0));
#6068=VERTEX_POINT('',#6067);
#6069=CARTESIAN_POINT('',(7.85E-1,-2.296E0,0.E0));
#6070=VERTEX_POINT('',#6069);
#6071=CARTESIAN_POINT('',(7.85E-1,1.7E0,0.E0));
#6072=VERTEX_POINT('',#6071);
#6073=CARTESIAN_POINT('',(4.85E-1,-2.296E0,0.E0));
#6074=VERTEX_POINT('',#6073);
#6075=CARTESIAN_POINT('',(4.85E-1,1.7E0,0.E0));
#6076=VERTEX_POINT('',#6075);
#6077=CARTESIAN_POINT('',(7.85E-1,-1.55E-1,0.E0));
#6078=VERTEX_POINT('',#6077);
#6079=CARTESIAN_POINT('',(7.85E-1,1.55E-1,0.E0));
#6080=VERTEX_POINT('',#6079);
#6081=CARTESIAN_POINT('',(4.85E-1,-1.55E-1,0.E0));
#6082=VERTEX_POINT('',#6081);
#6083=CARTESIAN_POINT('',(4.85E-1,1.55E-1,0.E0));
#6084=VERTEX_POINT('',#6083);
#6085=CARTESIAN_POINT('',(3.325E0,-2.296E0,-8.5E-1));
#6086=CARTESIAN_POINT('',(3.325E0,-1.55E-1,-8.5E-1));
#6087=VERTEX_POINT('',#6085);
#6088=VERTEX_POINT('',#6086);
#6089=CARTESIAN_POINT('',(3.325E0,1.55E-1,-8.75E-1));
#6090=CARTESIAN_POINT('',(3.325E0,1.75E0,-8.75E-1));
#6091=VERTEX_POINT('',#6089);
#6092=VERTEX_POINT('',#6090);
#6093=CARTESIAN_POINT('',(3.325E0,1.75E0,-1.075E0));
#6094=CARTESIAN_POINT('',(3.325E0,3.45E0,-1.075E0));
#6095=VERTEX_POINT('',#6093);
#6096=VERTEX_POINT('',#6094);
#6097=CARTESIAN_POINT('',(3.325E0,3.45E0,-5.375E-1));
#6098=VERTEX_POINT('',#6097);
#6099=CARTESIAN_POINT('',(3.325E0,2.5E0,-5.375E-1));
#6100=VERTEX_POINT('',#6099);
#6101=CARTESIAN_POINT('',(3.325E0,2.5E0,0.E0));
#6102=VERTEX_POINT('',#6101);
#6103=CARTESIAN_POINT('',(3.025E0,-2.296E0,-8.5E-1));
#6104=CARTESIAN_POINT('',(3.025E0,-1.55E-1,-8.5E-1));
#6105=VERTEX_POINT('',#6103);
#6106=VERTEX_POINT('',#6104);
#6107=CARTESIAN_POINT('',(3.025E0,1.55E-1,-8.75E-1));
#6108=CARTESIAN_POINT('',(3.025E0,1.75E0,-8.75E-1));
#6109=VERTEX_POINT('',#6107);
#6110=VERTEX_POINT('',#6108);
#6111=CARTESIAN_POINT('',(3.025E0,1.75E0,-1.075E0));
#6112=CARTESIAN_POINT('',(3.025E0,3.45E0,-1.075E0));
#6113=VERTEX_POINT('',#6111);
#6114=VERTEX_POINT('',#6112);
#6115=CARTESIAN_POINT('',(3.025E0,3.45E0,-5.375E-1));
#6116=VERTEX_POINT('',#6115);
#6117=CARTESIAN_POINT('',(3.025E0,2.5E0,-5.375E-1));
#6118=VERTEX_POINT('',#6117);
#6119=CARTESIAN_POINT('',(3.025E0,2.5E0,0.E0));
#6120=VERTEX_POINT('',#6119);
#6121=CARTESIAN_POINT('',(3.325E0,-2.296E0,0.E0));
#6122=VERTEX_POINT('',#6121);
#6123=CARTESIAN_POINT('',(3.325E0,1.7E0,0.E0));
#6124=VERTEX_POINT('',#6123);
#6125=CARTESIAN_POINT('',(3.025E0,-2.296E0,0.E0));
#6126=VERTEX_POINT('',#6125);
#6127=CARTESIAN_POINT('',(3.025E0,1.7E0,0.E0));
#6128=VERTEX_POINT('',#6127);
#6129=CARTESIAN_POINT('',(3.325E0,-1.55E-1,0.E0));
#6130=VERTEX_POINT('',#6129);
#6131=CARTESIAN_POINT('',(3.325E0,1.55E-1,0.E0));
#6132=VERTEX_POINT('',#6131);
#6133=CARTESIAN_POINT('',(3.025E0,-1.55E-1,0.E0));
#6134=VERTEX_POINT('',#6133);
#6135=CARTESIAN_POINT('',(3.025E0,1.55E-1,0.E0));
#6136=VERTEX_POINT('',#6135);
#6137=CARTESIAN_POINT('',(5.865E0,-2.296E0,-8.5E-1));
#6138=CARTESIAN_POINT('',(5.865E0,-1.55E-1,-8.5E-1));
#6139=VERTEX_POINT('',#6137);
#6140=VERTEX_POINT('',#6138);
#6141=CARTESIAN_POINT('',(5.865E0,1.55E-1,-8.75E-1));
#6142=CARTESIAN_POINT('',(5.865E0,1.75E0,-8.75E-1));
#6143=VERTEX_POINT('',#6141);
#6144=VERTEX_POINT('',#6142);
#6145=CARTESIAN_POINT('',(5.865E0,1.75E0,-1.075E0));
#6146=CARTESIAN_POINT('',(5.865E0,3.45E0,-1.075E0));
#6147=VERTEX_POINT('',#6145);
#6148=VERTEX_POINT('',#6146);
#6149=CARTESIAN_POINT('',(5.865E0,3.45E0,-5.375E-1));
#6150=VERTEX_POINT('',#6149);
#6151=CARTESIAN_POINT('',(5.865E0,2.5E0,-5.375E-1));
#6152=VERTEX_POINT('',#6151);
#6153=CARTESIAN_POINT('',(5.865E0,2.5E0,0.E0));
#6154=VERTEX_POINT('',#6153);
#6155=CARTESIAN_POINT('',(5.565E0,-2.296E0,-8.5E-1));
#6156=CARTESIAN_POINT('',(5.565E0,-1.55E-1,-8.5E-1));
#6157=VERTEX_POINT('',#6155);
#6158=VERTEX_POINT('',#6156);
#6159=CARTESIAN_POINT('',(5.565E0,1.55E-1,-8.75E-1));
#6160=CARTESIAN_POINT('',(5.565E0,1.75E0,-8.75E-1));
#6161=VERTEX_POINT('',#6159);
#6162=VERTEX_POINT('',#6160);
#6163=CARTESIAN_POINT('',(5.565E0,1.75E0,-1.075E0));
#6164=CARTESIAN_POINT('',(5.565E0,3.45E0,-1.075E0));
#6165=VERTEX_POINT('',#6163);
#6166=VERTEX_POINT('',#6164);
#6167=CARTESIAN_POINT('',(5.565E0,3.45E0,-5.375E-1));
#6168=VERTEX_POINT('',#6167);
#6169=CARTESIAN_POINT('',(5.565E0,2.5E0,-5.375E-1));
#6170=VERTEX_POINT('',#6169);
#6171=CARTESIAN_POINT('',(5.565E0,2.5E0,0.E0));
#6172=VERTEX_POINT('',#6171);
#6173=CARTESIAN_POINT('',(5.865E0,-2.296E0,0.E0));
#6174=VERTEX_POINT('',#6173);
#6175=CARTESIAN_POINT('',(5.865E0,1.7E0,0.E0));
#6176=VERTEX_POINT('',#6175);
#6177=CARTESIAN_POINT('',(5.565E0,-2.296E0,0.E0));
#6178=VERTEX_POINT('',#6177);
#6179=CARTESIAN_POINT('',(5.565E0,1.7E0,0.E0));
#6180=VERTEX_POINT('',#6179);
#6181=CARTESIAN_POINT('',(5.865E0,-1.55E-1,0.E0));
#6182=VERTEX_POINT('',#6181);
#6183=CARTESIAN_POINT('',(5.865E0,1.55E-1,0.E0));
#6184=VERTEX_POINT('',#6183);
#6185=CARTESIAN_POINT('',(5.565E0,-1.55E-1,0.E0));
#6186=VERTEX_POINT('',#6185);
#6187=CARTESIAN_POINT('',(5.565E0,1.55E-1,0.E0));
#6188=VERTEX_POINT('',#6187);
#6189=CARTESIAN_POINT('',(8.405E0,-2.296E0,-8.5E-1));
#6190=CARTESIAN_POINT('',(8.405E0,-1.55E-1,-8.5E-1));
#6191=VERTEX_POINT('',#6189);
#6192=VERTEX_POINT('',#6190);
#6193=CARTESIAN_POINT('',(8.405E0,1.55E-1,-8.75E-1));
#6194=CARTESIAN_POINT('',(8.405E0,1.75E0,-8.75E-1));
#6195=VERTEX_POINT('',#6193);
#6196=VERTEX_POINT('',#6194);
#6197=CARTESIAN_POINT('',(8.405E0,1.75E0,-1.075E0));
#6198=CARTESIAN_POINT('',(8.405E0,3.45E0,-1.075E0));
#6199=VERTEX_POINT('',#6197);
#6200=VERTEX_POINT('',#6198);
#6201=CARTESIAN_POINT('',(8.405E0,3.45E0,-5.375E-1));
#6202=VERTEX_POINT('',#6201);
#6203=CARTESIAN_POINT('',(8.405E0,2.5E0,-5.375E-1));
#6204=VERTEX_POINT('',#6203);
#6205=CARTESIAN_POINT('',(8.405E0,2.5E0,0.E0));
#6206=VERTEX_POINT('',#6205);
#6207=CARTESIAN_POINT('',(8.105E0,-2.296E0,-8.5E-1));
#6208=CARTESIAN_POINT('',(8.105E0,-1.55E-1,-8.5E-1));
#6209=VERTEX_POINT('',#6207);
#6210=VERTEX_POINT('',#6208);
#6211=CARTESIAN_POINT('',(8.105E0,1.55E-1,-8.75E-1));
#6212=CARTESIAN_POINT('',(8.105E0,1.75E0,-8.75E-1));
#6213=VERTEX_POINT('',#6211);
#6214=VERTEX_POINT('',#6212);
#6215=CARTESIAN_POINT('',(8.105E0,1.75E0,-1.075E0));
#6216=CARTESIAN_POINT('',(8.105E0,3.45E0,-1.075E0));
#6217=VERTEX_POINT('',#6215);
#6218=VERTEX_POINT('',#6216);
#6219=CARTESIAN_POINT('',(8.105E0,3.45E0,-5.375E-1));
#6220=VERTEX_POINT('',#6219);
#6221=CARTESIAN_POINT('',(8.105E0,2.5E0,-5.375E-1));
#6222=VERTEX_POINT('',#6221);
#6223=CARTESIAN_POINT('',(8.105E0,2.5E0,0.E0));
#6224=VERTEX_POINT('',#6223);
#6225=CARTESIAN_POINT('',(8.405E0,-2.296E0,0.E0));
#6226=VERTEX_POINT('',#6225);
#6227=CARTESIAN_POINT('',(8.405E0,1.7E0,0.E0));
#6228=VERTEX_POINT('',#6227);
#6229=CARTESIAN_POINT('',(8.105E0,-2.296E0,0.E0));
#6230=VERTEX_POINT('',#6229);
#6231=CARTESIAN_POINT('',(8.105E0,1.7E0,0.E0));
#6232=VERTEX_POINT('',#6231);
#6233=CARTESIAN_POINT('',(8.405E0,-1.55E-1,0.E0));
#6234=VERTEX_POINT('',#6233);
#6235=CARTESIAN_POINT('',(8.405E0,1.55E-1,0.E0));
#6236=VERTEX_POINT('',#6235);
#6237=CARTESIAN_POINT('',(8.105E0,-1.55E-1,0.E0));
#6238=VERTEX_POINT('',#6237);
#6239=CARTESIAN_POINT('',(8.105E0,1.55E-1,0.E0));
#6240=VERTEX_POINT('',#6239);
#6241=CARTESIAN_POINT('',(7.85E-1,8.25E-1,2.E0));
#6242=CARTESIAN_POINT('',(7.85E-1,-8.25E-1,2.E0));
#6243=VERTEX_POINT('',#6241);
#6244=VERTEX_POINT('',#6242);
#6245=CARTESIAN_POINT('',(4.85E-1,8.25E-1,2.E0));
#6246=CARTESIAN_POINT('',(4.85E-1,-8.25E-1,2.E0));
#6247=VERTEX_POINT('',#6245);
#6248=VERTEX_POINT('',#6246);
#6249=CARTESIAN_POINT('',(3.325E0,8.25E-1,2.E0));
#6250=CARTESIAN_POINT('',(3.325E0,-8.25E-1,2.E0));
#6251=VERTEX_POINT('',#6249);
#6252=VERTEX_POINT('',#6250);
#6253=CARTESIAN_POINT('',(3.025E0,8.25E-1,2.E0));
#6254=CARTESIAN_POINT('',(3.025E0,-8.25E-1,2.E0));
#6255=VERTEX_POINT('',#6253);
#6256=VERTEX_POINT('',#6254);
#6257=CARTESIAN_POINT('',(5.865E0,8.25E-1,2.E0));
#6258=CARTESIAN_POINT('',(5.865E0,-8.25E-1,2.E0));
#6259=VERTEX_POINT('',#6257);
#6260=VERTEX_POINT('',#6258);
#6261=CARTESIAN_POINT('',(5.565E0,8.25E-1,2.E0));
#6262=CARTESIAN_POINT('',(5.565E0,-8.25E-1,2.E0));
#6263=VERTEX_POINT('',#6261);
#6264=VERTEX_POINT('',#6262);
#6265=CARTESIAN_POINT('',(8.405E0,8.25E-1,2.E0));
#6266=CARTESIAN_POINT('',(8.405E0,-8.25E-1,2.E0));
#6267=VERTEX_POINT('',#6265);
#6268=VERTEX_POINT('',#6266);
#6269=CARTESIAN_POINT('',(8.105E0,8.25E-1,2.E0));
#6270=CARTESIAN_POINT('',(8.105E0,-8.25E-1,2.E0));
#6271=VERTEX_POINT('',#6269);
#6272=VERTEX_POINT('',#6270);
#6273=CARTESIAN_POINT('',(-4.85E-1,-8.25E-1,3.6E0));
#6274=CARTESIAN_POINT('',(-5.85E-1,-8.25E-1,4.1E0));
#6275=VERTEX_POINT('',#6273);
#6276=VERTEX_POINT('',#6274);
#6277=CARTESIAN_POINT('',(-5.85E-1,8.25E-1,4.1E0));
#6278=VERTEX_POINT('',#6277);
#6279=CARTESIAN_POINT('',(-4.85E-1,8.25E-1,3.6E0));
#6280=VERTEX_POINT('',#6279);
#6281=CARTESIAN_POINT('',(-7.85E-1,8.25E-1,3.6E0));
#6282=CARTESIAN_POINT('',(-6.85E-1,8.25E-1,4.1E0));
#6283=VERTEX_POINT('',#6281);
#6284=VERTEX_POINT('',#6282);
#6285=CARTESIAN_POINT('',(-6.85E-1,-8.25E-1,4.1E0));
#6286=VERTEX_POINT('',#6285);
#6287=CARTESIAN_POINT('',(-7.85E-1,-8.25E-1,3.6E0));
#6288=VERTEX_POINT('',#6287);
#6289=CARTESIAN_POINT('',(2.055E0,-8.25E-1,3.6E0));
#6290=CARTESIAN_POINT('',(1.955E0,-8.25E-1,4.1E0));
#6291=VERTEX_POINT('',#6289);
#6292=VERTEX_POINT('',#6290);
#6293=CARTESIAN_POINT('',(1.955E0,8.25E-1,4.1E0));
#6294=VERTEX_POINT('',#6293);
#6295=CARTESIAN_POINT('',(2.055E0,8.25E-1,3.6E0));
#6296=VERTEX_POINT('',#6295);
#6297=CARTESIAN_POINT('',(1.755E0,8.25E-1,3.6E0));
#6298=CARTESIAN_POINT('',(1.855E0,8.25E-1,4.1E0));
#6299=VERTEX_POINT('',#6297);
#6300=VERTEX_POINT('',#6298);
#6301=CARTESIAN_POINT('',(1.855E0,-8.25E-1,4.1E0));
#6302=VERTEX_POINT('',#6301);
#6303=CARTESIAN_POINT('',(1.755E0,-8.25E-1,3.6E0));
#6304=VERTEX_POINT('',#6303);
#6305=CARTESIAN_POINT('',(4.595E0,-8.25E-1,3.6E0));
#6306=CARTESIAN_POINT('',(4.495E0,-8.25E-1,4.1E0));
#6307=VERTEX_POINT('',#6305);
#6308=VERTEX_POINT('',#6306);
#6309=CARTESIAN_POINT('',(4.495E0,8.25E-1,4.1E0));
#6310=VERTEX_POINT('',#6309);
#6311=CARTESIAN_POINT('',(4.595E0,8.25E-1,3.6E0));
#6312=VERTEX_POINT('',#6311);
#6313=CARTESIAN_POINT('',(4.295E0,8.25E-1,3.6E0));
#6314=CARTESIAN_POINT('',(4.395E0,8.25E-1,4.1E0));
#6315=VERTEX_POINT('',#6313);
#6316=VERTEX_POINT('',#6314);
#6317=CARTESIAN_POINT('',(4.395E0,-8.25E-1,4.1E0));
#6318=VERTEX_POINT('',#6317);
#6319=CARTESIAN_POINT('',(4.295E0,-8.25E-1,3.6E0));
#6320=VERTEX_POINT('',#6319);
#6321=CARTESIAN_POINT('',(7.135E0,-8.25E-1,3.6E0));
#6322=CARTESIAN_POINT('',(7.035E0,-8.25E-1,4.1E0));
#6323=VERTEX_POINT('',#6321);
#6324=VERTEX_POINT('',#6322);
#6325=CARTESIAN_POINT('',(7.035E0,8.25E-1,4.1E0));
#6326=VERTEX_POINT('',#6325);
#6327=CARTESIAN_POINT('',(7.135E0,8.25E-1,3.6E0));
#6328=VERTEX_POINT('',#6327);
#6329=CARTESIAN_POINT('',(6.835E0,8.25E-1,3.6E0));
#6330=CARTESIAN_POINT('',(6.935E0,8.25E-1,4.1E0));
#6331=VERTEX_POINT('',#6329);
#6332=VERTEX_POINT('',#6330);
#6333=CARTESIAN_POINT('',(6.935E0,-8.25E-1,4.1E0));
#6334=VERTEX_POINT('',#6333);
#6335=CARTESIAN_POINT('',(6.835E0,-8.25E-1,3.6E0));
#6336=VERTEX_POINT('',#6335);
#6337=CARTESIAN_POINT('',(7.85E-1,-8.25E-1,3.6E0));
#6338=CARTESIAN_POINT('',(6.85E-1,-8.25E-1,4.1E0));
#6339=VERTEX_POINT('',#6337);
#6340=VERTEX_POINT('',#6338);
#6341=CARTESIAN_POINT('',(6.85E-1,8.25E-1,4.1E0));
#6342=VERTEX_POINT('',#6341);
#6343=CARTESIAN_POINT('',(7.85E-1,8.25E-1,3.6E0));
#6344=VERTEX_POINT('',#6343);
#6345=CARTESIAN_POINT('',(4.85E-1,8.25E-1,3.6E0));
#6346=CARTESIAN_POINT('',(5.85E-1,8.25E-1,4.1E0));
#6347=VERTEX_POINT('',#6345);
#6348=VERTEX_POINT('',#6346);
#6349=CARTESIAN_POINT('',(5.85E-1,-8.25E-1,4.1E0));
#6350=VERTEX_POINT('',#6349);
#6351=CARTESIAN_POINT('',(4.85E-1,-8.25E-1,3.6E0));
#6352=VERTEX_POINT('',#6351);
#6353=CARTESIAN_POINT('',(3.325E0,-8.25E-1,3.6E0));
#6354=CARTESIAN_POINT('',(3.225E0,-8.25E-1,4.1E0));
#6355=VERTEX_POINT('',#6353);
#6356=VERTEX_POINT('',#6354);
#6357=CARTESIAN_POINT('',(3.225E0,8.25E-1,4.1E0));
#6358=VERTEX_POINT('',#6357);
#6359=CARTESIAN_POINT('',(3.325E0,8.25E-1,3.6E0));
#6360=VERTEX_POINT('',#6359);
#6361=CARTESIAN_POINT('',(3.025E0,8.25E-1,3.6E0));
#6362=CARTESIAN_POINT('',(3.125E0,8.25E-1,4.1E0));
#6363=VERTEX_POINT('',#6361);
#6364=VERTEX_POINT('',#6362);
#6365=CARTESIAN_POINT('',(3.125E0,-8.25E-1,4.1E0));
#6366=VERTEX_POINT('',#6365);
#6367=CARTESIAN_POINT('',(3.025E0,-8.25E-1,3.6E0));
#6368=VERTEX_POINT('',#6367);
#6369=CARTESIAN_POINT('',(5.865E0,-8.25E-1,3.6E0));
#6370=CARTESIAN_POINT('',(5.765E0,-8.25E-1,4.1E0));
#6371=VERTEX_POINT('',#6369);
#6372=VERTEX_POINT('',#6370);
#6373=CARTESIAN_POINT('',(5.765E0,8.25E-1,4.1E0));
#6374=VERTEX_POINT('',#6373);
#6375=CARTESIAN_POINT('',(5.865E0,8.25E-1,3.6E0));
#6376=VERTEX_POINT('',#6375);
#6377=CARTESIAN_POINT('',(5.565E0,8.25E-1,3.6E0));
#6378=CARTESIAN_POINT('',(5.665E0,8.25E-1,4.1E0));
#6379=VERTEX_POINT('',#6377);
#6380=VERTEX_POINT('',#6378);
#6381=CARTESIAN_POINT('',(5.665E0,-8.25E-1,4.1E0));
#6382=VERTEX_POINT('',#6381);
#6383=CARTESIAN_POINT('',(5.565E0,-8.25E-1,3.6E0));
#6384=VERTEX_POINT('',#6383);
#6385=CARTESIAN_POINT('',(8.405E0,-8.25E-1,3.6E0));
#6386=CARTESIAN_POINT('',(8.305E0,-8.25E-1,4.1E0));
#6387=VERTEX_POINT('',#6385);
#6388=VERTEX_POINT('',#6386);
#6389=CARTESIAN_POINT('',(8.305E0,8.25E-1,4.1E0));
#6390=VERTEX_POINT('',#6389);
#6391=CARTESIAN_POINT('',(8.405E0,8.25E-1,3.6E0));
#6392=VERTEX_POINT('',#6391);
#6393=CARTESIAN_POINT('',(8.105E0,8.25E-1,3.6E0));
#6394=CARTESIAN_POINT('',(8.205E0,8.25E-1,4.1E0));
#6395=VERTEX_POINT('',#6393);
#6396=VERTEX_POINT('',#6394);
#6397=CARTESIAN_POINT('',(8.205E0,-8.25E-1,4.1E0));
#6398=VERTEX_POINT('',#6397);
#6399=CARTESIAN_POINT('',(8.105E0,-8.25E-1,3.6E0));
#6400=VERTEX_POINT('',#6399);
#6401=CARTESIAN_POINT('',(-1.078E1,0.E0,0.E0));
#6402=DIRECTION('',(1.E0,0.E0,0.E0));
#6403=DIRECTION('',(0.E0,1.E0,0.E0));
#6404=AXIS2_PLACEMENT_3D('',#6401,#6402,#6403);
#6405=PLANE('',#6404);
#6407=ORIENTED_EDGE('',*,*,#6406,.F.);
#6409=ORIENTED_EDGE('',*,*,#6408,.F.);
#6411=ORIENTED_EDGE('',*,*,#6410,.T.);
#6413=ORIENTED_EDGE('',*,*,#6412,.T.);
#6415=ORIENTED_EDGE('',*,*,#6414,.T.);
#6417=ORIENTED_EDGE('',*,*,#6416,.T.);
#6419=ORIENTED_EDGE('',*,*,#6418,.T.);
#6421=ORIENTED_EDGE('',*,*,#6420,.T.);
#6423=ORIENTED_EDGE('',*,*,#6422,.T.);
#6425=ORIENTED_EDGE('',*,*,#6424,.T.);
#6427=ORIENTED_EDGE('',*,*,#6426,.F.);
#6429=ORIENTED_EDGE('',*,*,#6428,.T.);
#6431=ORIENTED_EDGE('',*,*,#6430,.F.);
#6432=EDGE_LOOP('',(#6407,#6409,#6411,#6413,#6415,#6417,#6419,#6421,#6423,#6425,
#6427,#6429,#6431));
#6433=FACE_OUTER_BOUND('',#6432,.F.);
#6434=ADVANCED_FACE('',(#6433),#6405,.F.);
#6435=CARTESIAN_POINT('',(-1.078E1,-1.6E0,2.E0));
#6436=DIRECTION('',(0.E0,-1.E0,0.E0));
#6437=DIRECTION('',(1.E0,0.E0,0.E0));
#6438=AXIS2_PLACEMENT_3D('',#6435,#6436,#6437);
#6439=PLANE('',#6438);
#6441=ORIENTED_EDGE('',*,*,#6440,.F.);
#6442=ORIENTED_EDGE('',*,*,#6406,.T.);
#6444=ORIENTED_EDGE('',*,*,#6443,.T.);
#6446=ORIENTED_EDGE('',*,*,#6445,.F.);
#6447=EDGE_LOOP('',(#6441,#6442,#6444,#6446));
#6448=FACE_OUTER_BOUND('',#6447,.F.);
#6449=ADVANCED_FACE('',(#6448),#6439,.T.);
#6450=CARTESIAN_POINT('',(-1.05375E1,-1.7E0,2.1E0));
#6451=DIRECTION('',(0.E0,-7.071067811865E-1,7.071067811865E-1));
#6452=DIRECTION('',(0.E0,-7.071067811865E-1,-7.071067811865E-1));
#6453=AXIS2_PLACEMENT_3D('',#6450,#6451,#6452);
#6454=PLANE('',#6453);
#6455=ORIENTED_EDGE('',*,*,#6440,.T.);
#6457=ORIENTED_EDGE('',*,*,#6456,.T.);
#6459=ORIENTED_EDGE('',*,*,#6458,.T.);
#6461=ORIENTED_EDGE('',*,*,#6460,.T.);
#6463=ORIENTED_EDGE('',*,*,#6462,.F.);
#6464=ORIENTED_EDGE('',*,*,#6408,.T.);
#6465=EDGE_LOOP('',(#6455,#6457,#6459,#6461,#6463,#6464));
#6466=FACE_OUTER_BOUND('',#6465,.F.);
#6467=ADVANCED_FACE('',(#6466),#6454,.T.);
#6468=CARTESIAN_POINT('',(-9.305E0,4.5E-1,2.1E0));
#6469=DIRECTION('',(7.071067811865E-1,0.E0,7.071067811865E-1));
#6470=DIRECTION('',(7.071067811865E-1,0.E0,-7.071067811865E-1));
#6471=AXIS2_PLACEMENT_3D('',#6468,#6469,#6470);
#6472=PLANE('',#6471);
#6474=ORIENTED_EDGE('',*,*,#6473,.F.);
#6476=ORIENTED_EDGE('',*,*,#6475,.T.);
#6477=ORIENTED_EDGE('',*,*,#6456,.F.);
#6479=ORIENTED_EDGE('',*,*,#6478,.T.);
#6481=ORIENTED_EDGE('',*,*,#6480,.T.);
#6482=EDGE_LOOP('',(#6474,#6476,#6477,#6479,#6481));
#6483=FACE_OUTER_BOUND('',#6482,.F.);
#6484=ADVANCED_FACE('',(#6483),#6472,.T.);
#6485=CARTESIAN_POINT('',(-1.078E1,2.5E0,2.E0));
#6486=DIRECTION('',(0.E0,0.E0,1.E0));
#6487=DIRECTION('',(0.E0,-1.E0,0.E0));
#6488=AXIS2_PLACEMENT_3D('',#6485,#6486,#6487);
#6489=PLANE('',#6488);
#6490=ORIENTED_EDGE('',*,*,#6473,.T.);
#6492=ORIENTED_EDGE('',*,*,#6491,.T.);
#6494=ORIENTED_EDGE('',*,*,#6493,.T.);
#6496=ORIENTED_EDGE('',*,*,#6495,.T.);
#6498=ORIENTED_EDGE('',*,*,#6497,.F.);
#6500=ORIENTED_EDGE('',*,*,#6499,.T.);
#6502=ORIENTED_EDGE('',*,*,#6501,.T.);
#6504=ORIENTED_EDGE('',*,*,#6503,.T.);
#6506=ORIENTED_EDGE('',*,*,#6505,.F.);
#6508=ORIENTED_EDGE('',*,*,#6507,.T.);
#6510=ORIENTED_EDGE('',*,*,#6509,.T.);
#6512=ORIENTED_EDGE('',*,*,#6511,.T.);
#6514=ORIENTED_EDGE('',*,*,#6513,.F.);
#6516=ORIENTED_EDGE('',*,*,#6515,.T.);
#6518=ORIENTED_EDGE('',*,*,#6517,.T.);
#6520=ORIENTED_EDGE('',*,*,#6519,.T.);
#6522=ORIENTED_EDGE('',*,*,#6521,.F.);
#6524=ORIENTED_EDGE('',*,*,#6523,.T.);
#6526=ORIENTED_EDGE('',*,*,#6525,.T.);
#6528=ORIENTED_EDGE('',*,*,#6527,.T.);
#6530=ORIENTED_EDGE('',*,*,#6529,.F.);
#6532=ORIENTED_EDGE('',*,*,#6531,.T.);
#6534=ORIENTED_EDGE('',*,*,#6533,.T.);
#6536=ORIENTED_EDGE('',*,*,#6535,.T.);
#6538=ORIENTED_EDGE('',*,*,#6537,.F.);
#6540=ORIENTED_EDGE('',*,*,#6539,.T.);
#6542=ORIENTED_EDGE('',*,*,#6541,.T.);
#6544=ORIENTED_EDGE('',*,*,#6543,.T.);
#6546=ORIENTED_EDGE('',*,*,#6545,.F.);
#6548=ORIENTED_EDGE('',*,*,#6547,.T.);
#6550=ORIENTED_EDGE('',*,*,#6549,.T.);
#6552=ORIENTED_EDGE('',*,*,#6551,.F.);
#6554=ORIENTED_EDGE('',*,*,#6553,.T.);
#6556=ORIENTED_EDGE('',*,*,#6555,.T.);
#6558=ORIENTED_EDGE('',*,*,#6557,.T.);
#6560=ORIENTED_EDGE('',*,*,#6559,.F.);
#6562=ORIENTED_EDGE('',*,*,#6561,.F.);
#6564=ORIENTED_EDGE('',*,*,#6563,.F.);
#6566=ORIENTED_EDGE('',*,*,#6565,.T.);
#6568=ORIENTED_EDGE('',*,*,#6567,.F.);
#6570=ORIENTED_EDGE('',*,*,#6569,.F.);
#6572=ORIENTED_EDGE('',*,*,#6571,.F.);
#6574=ORIENTED_EDGE('',*,*,#6573,.T.);
#6576=ORIENTED_EDGE('',*,*,#6575,.F.);
#6578=ORIENTED_EDGE('',*,*,#6577,.F.);
#6580=ORIENTED_EDGE('',*,*,#6579,.F.);
#6582=ORIENTED_EDGE('',*,*,#6581,.T.);
#6584=ORIENTED_EDGE('',*,*,#6583,.F.);
#6586=ORIENTED_EDGE('',*,*,#6585,.F.);
#6588=ORIENTED_EDGE('',*,*,#6587,.F.);
#6590=ORIENTED_EDGE('',*,*,#6589,.T.);
#6592=ORIENTED_EDGE('',*,*,#6591,.F.);
#6594=ORIENTED_EDGE('',*,*,#6593,.F.);
#6596=ORIENTED_EDGE('',*,*,#6595,.F.);
#6598=ORIENTED_EDGE('',*,*,#6597,.T.);
#6600=ORIENTED_EDGE('',*,*,#6599,.F.);
#6602=ORIENTED_EDGE('',*,*,#6601,.F.);
#6604=ORIENTED_EDGE('',*,*,#6603,.F.);
#6606=ORIENTED_EDGE('',*,*,#6605,.T.);
#6608=ORIENTED_EDGE('',*,*,#6607,.F.);
#6610=ORIENTED_EDGE('',*,*,#6609,.F.);
#6612=ORIENTED_EDGE('',*,*,#6611,.F.);
#6614=ORIENTED_EDGE('',*,*,#6613,.T.);
#6616=ORIENTED_EDGE('',*,*,#6615,.F.);
#6617=EDGE_LOOP('',(#6490,#6492,#6494,#6496,#6498,#6500,#6502,#6504,#6506,#6508,
#6510,#6512,#6514,#6516,#6518,#6520,#6522,#6524,#6526,#6528,#6530,#6532,#6534,
#6536,#6538,#6540,#6542,#6544,#6546,#6548,#6550,#6552,#6554,#6556,#6558,#6560,
#6562,#6564,#6566,#6568,#6570,#6572,#6574,#6576,#6578,#6580,#6582,#6584,#6586,
#6588,#6590,#6592,#6594,#6596,#6598,#6600,#6602,#6604,#6606,#6608,#6610,#6612,
#6614,#6616));
#6618=FACE_OUTER_BOUND('',#6617,.F.);
#6620=ORIENTED_EDGE('',*,*,#6619,.F.);
#6622=ORIENTED_EDGE('',*,*,#6621,.T.);
#6624=ORIENTED_EDGE('',*,*,#6623,.T.);
#6626=ORIENTED_EDGE('',*,*,#6625,.F.);
#6627=EDGE_LOOP('',(#6620,#6622,#6624,#6626));
#6628=FACE_BOUND('',#6627,.F.);
#6630=ORIENTED_EDGE('',*,*,#6629,.F.);
#6632=ORIENTED_EDGE('',*,*,#6631,.T.);
#6634=ORIENTED_EDGE('',*,*,#6633,.T.);
#6636=ORIENTED_EDGE('',*,*,#6635,.F.);
#6637=EDGE_LOOP('',(#6630,#6632,#6634,#6636));
#6638=FACE_BOUND('',#6637,.F.);
#6640=ORIENTED_EDGE('',*,*,#6639,.F.);
#6642=ORIENTED_EDGE('',*,*,#6641,.T.);
#6644=ORIENTED_EDGE('',*,*,#6643,.T.);
#6646=ORIENTED_EDGE('',*,*,#6645,.F.);
#6647=EDGE_LOOP('',(#6640,#6642,#6644,#6646));
#6648=FACE_BOUND('',#6647,.F.);
#6650=ORIENTED_EDGE('',*,*,#6649,.F.);
#6652=ORIENTED_EDGE('',*,*,#6651,.T.);
#6654=ORIENTED_EDGE('',*,*,#6653,.T.);
#6656=ORIENTED_EDGE('',*,*,#6655,.F.);
#6657=EDGE_LOOP('',(#6650,#6652,#6654,#6656));
#6658=FACE_BOUND('',#6657,.F.);
#6660=ORIENTED_EDGE('',*,*,#6659,.F.);
#6662=ORIENTED_EDGE('',*,*,#6661,.T.);
#6664=ORIENTED_EDGE('',*,*,#6663,.T.);
#6666=ORIENTED_EDGE('',*,*,#6665,.F.);
#6667=EDGE_LOOP('',(#6660,#6662,#6664,#6666));
#6668=FACE_BOUND('',#6667,.F.);
#6670=ORIENTED_EDGE('',*,*,#6669,.F.);
#6672=ORIENTED_EDGE('',*,*,#6671,.T.);
#6674=ORIENTED_EDGE('',*,*,#6673,.T.);
#6676=ORIENTED_EDGE('',*,*,#6675,.F.);
#6677=EDGE_LOOP('',(#6670,#6672,#6674,#6676));
#6678=FACE_BOUND('',#6677,.F.);
#6680=ORIENTED_EDGE('',*,*,#6679,.F.);
#6682=ORIENTED_EDGE('',*,*,#6681,.T.);
#6684=ORIENTED_EDGE('',*,*,#6683,.T.);
#6686=ORIENTED_EDGE('',*,*,#6685,.F.);
#6687=EDGE_LOOP('',(#6680,#6682,#6684,#6686));
#6688=FACE_BOUND('',#6687,.F.);
#6690=ORIENTED_EDGE('',*,*,#6689,.F.);
#6692=ORIENTED_EDGE('',*,*,#6691,.F.);
#6694=ORIENTED_EDGE('',*,*,#6693,.T.);
#6696=ORIENTED_EDGE('',*,*,#6695,.T.);
#6697=EDGE_LOOP('',(#6690,#6692,#6694,#6696));
#6698=FACE_BOUND('',#6697,.F.);
#6700=ORIENTED_EDGE('',*,*,#6699,.F.);
#6702=ORIENTED_EDGE('',*,*,#6701,.F.);
#6704=ORIENTED_EDGE('',*,*,#6703,.T.);
#6706=ORIENTED_EDGE('',*,*,#6705,.T.);
#6707=EDGE_LOOP('',(#6700,#6702,#6704,#6706));
#6708=FACE_BOUND('',#6707,.F.);
#6710=ORIENTED_EDGE('',*,*,#6709,.F.);
#6712=ORIENTED_EDGE('',*,*,#6711,.F.);
#6714=ORIENTED_EDGE('',*,*,#6713,.T.);
#6716=ORIENTED_EDGE('',*,*,#6715,.T.);
#6717=EDGE_LOOP('',(#6710,#6712,#6714,#6716));
#6718=FACE_BOUND('',#6717,.F.);
#6720=ORIENTED_EDGE('',*,*,#6719,.F.);
#6722=ORIENTED_EDGE('',*,*,#6721,.F.);
#6724=ORIENTED_EDGE('',*,*,#6723,.T.);
#6726=ORIENTED_EDGE('',*,*,#6725,.T.);
#6727=EDGE_LOOP('',(#6720,#6722,#6724,#6726));
#6728=FACE_BOUND('',#6727,.F.);
#6730=ORIENTED_EDGE('',*,*,#6729,.F.);
#6732=ORIENTED_EDGE('',*,*,#6731,.F.);
#6734=ORIENTED_EDGE('',*,*,#6733,.T.);
#6736=ORIENTED_EDGE('',*,*,#6735,.T.);
#6737=EDGE_LOOP('',(#6730,#6732,#6734,#6736));
#6738=FACE_BOUND('',#6737,.F.);
#6740=ORIENTED_EDGE('',*,*,#6739,.F.);
#6742=ORIENTED_EDGE('',*,*,#6741,.F.);
#6744=ORIENTED_EDGE('',*,*,#6743,.T.);
#6746=ORIENTED_EDGE('',*,*,#6745,.T.);
#6747=EDGE_LOOP('',(#6740,#6742,#6744,#6746));
#6748=FACE_BOUND('',#6747,.F.);
#6750=ORIENTED_EDGE('',*,*,#6749,.F.);
#6752=ORIENTED_EDGE('',*,*,#6751,.F.);
#6754=ORIENTED_EDGE('',*,*,#6753,.T.);
#6756=ORIENTED_EDGE('',*,*,#6755,.T.);
#6757=EDGE_LOOP('',(#6750,#6752,#6754,#6756));
#6758=FACE_BOUND('',#6757,.F.);
#6759=ADVANCED_FACE('',(#6618,#6628,#6638,#6648,#6658,#6668,#6678,#6688,#6698,
#6708,#6718,#6728,#6738,#6748,#6758),#6489,.T.);
#6760=CARTESIAN_POINT('',(-1.078E1,2.5E0,2.E0));
#6761=DIRECTION('',(0.E0,0.E0,1.E0));
#6762=DIRECTION('',(0.E0,-1.E0,0.E0));
#6763=AXIS2_PLACEMENT_3D('',#6760,#6761,#6762);
#6764=PLANE('',#6763);
#6765=ORIENTED_EDGE('',*,*,#6462,.T.);
#6767=ORIENTED_EDGE('',*,*,#6766,.F.);
#6769=ORIENTED_EDGE('',*,*,#6768,.F.);
#6770=ORIENTED_EDGE('',*,*,#6410,.F.);
#6771=EDGE_LOOP('',(#6765,#6767,#6769,#6770));
#6772=FACE_OUTER_BOUND('',#6771,.F.);
#6773=ADVANCED_FACE('',(#6772),#6764,.T.);
#6774=CARTESIAN_POINT('',(-8.405E0,0.E0,0.E0));
#6775=DIRECTION('',(1.E0,0.E0,0.E0));
#6776=DIRECTION('',(0.E0,1.E0,0.E0));
#6777=AXIS2_PLACEMENT_3D('',#6774,#6775,#6776);
#6778=PLANE('',#6777);
#6780=ORIENTED_EDGE('',*,*,#6779,.F.);
#6782=ORIENTED_EDGE('',*,*,#6781,.T.);
#6784=ORIENTED_EDGE('',*,*,#6783,.T.);
#6786=ORIENTED_EDGE('',*,*,#6785,.T.);
#6788=ORIENTED_EDGE('',*,*,#6787,.T.);
#6790=ORIENTED_EDGE('',*,*,#6789,.T.);
#6792=ORIENTED_EDGE('',*,*,#6791,.T.);
#6794=ORIENTED_EDGE('',*,*,#6793,.T.);
#6795=EDGE_LOOP('',(#6780,#6782,#6784,#6786,#6788,#6790,#6792,#6794));
#6796=FACE_OUTER_BOUND('',#6795,.F.);
#6797=ADVANCED_FACE('',(#6796),#6778,.F.);
#6798=CARTESIAN_POINT('',(-8.405E0,0.E0,0.E0));
#6799=DIRECTION('',(1.E0,0.E0,0.E0));
#6800=DIRECTION('',(0.E0,1.E0,0.E0));
#6801=AXIS2_PLACEMENT_3D('',#6798,#6799,#6800);
#6802=PLANE('',#6801);
#6804=ORIENTED_EDGE('',*,*,#6803,.F.);
#6806=ORIENTED_EDGE('',*,*,#6805,.T.);
#6808=ORIENTED_EDGE('',*,*,#6807,.T.);
#6810=ORIENTED_EDGE('',*,*,#6809,.T.);
#6812=ORIENTED_EDGE('',*,*,#6811,.T.);
#6813=EDGE_LOOP('',(#6804,#6806,#6808,#6810,#6812));
#6814=FACE_OUTER_BOUND('',#6813,.F.);
#6815=ADVANCED_FACE('',(#6814),#6802,.F.);
#6816=CARTESIAN_POINT('',(-8.405E0,0.E0,0.E0));
#6817=DIRECTION('',(1.E0,0.E0,0.E0));
#6818=DIRECTION('',(0.E0,1.E0,0.E0));
#6819=AXIS2_PLACEMENT_3D('',#6816,#6817,#6818);
#6820=PLANE('',#6819);
#6822=ORIENTED_EDGE('',*,*,#6821,.F.);
#6824=ORIENTED_EDGE('',*,*,#6823,.T.);
#6825=ORIENTED_EDGE('',*,*,#6619,.T.);
#6827=ORIENTED_EDGE('',*,*,#6826,.T.);
#6828=EDGE_LOOP('',(#6822,#6824,#6825,#6827));
#6829=FACE_OUTER_BOUND('',#6828,.F.);
#6830=ADVANCED_FACE('',(#6829),#6820,.F.);
#6831=CARTESIAN_POINT('',(-1.078E1,-2.5E0,0.E0));
#6832=DIRECTION('',(0.E0,0.E0,-1.E0));
#6833=DIRECTION('',(0.E0,1.E0,0.E0));
#6834=AXIS2_PLACEMENT_3D('',#6831,#6832,#6833);
#6835=PLANE('',#6834);
#6837=ORIENTED_EDGE('',*,*,#6836,.T.);
#6839=ORIENTED_EDGE('',*,*,#6838,.T.);
#6841=ORIENTED_EDGE('',*,*,#6840,.F.);
#6843=ORIENTED_EDGE('',*,*,#6842,.T.);
#6845=ORIENTED_EDGE('',*,*,#6844,.T.);
#6847=ORIENTED_EDGE('',*,*,#6846,.T.);
#6849=ORIENTED_EDGE('',*,*,#6848,.F.);
#6851=ORIENTED_EDGE('',*,*,#6850,.F.);
#6853=ORIENTED_EDGE('',*,*,#6852,.T.);
#6855=ORIENTED_EDGE('',*,*,#6854,.F.);
#6857=ORIENTED_EDGE('',*,*,#6856,.T.);
#6859=ORIENTED_EDGE('',*,*,#6858,.F.);
#6861=ORIENTED_EDGE('',*,*,#6860,.T.);
#6863=ORIENTED_EDGE('',*,*,#6862,.F.);
#6865=ORIENTED_EDGE('',*,*,#6864,.T.);
#6867=ORIENTED_EDGE('',*,*,#6866,.F.);
#6869=ORIENTED_EDGE('',*,*,#6868,.T.);
#6871=ORIENTED_EDGE('',*,*,#6870,.F.);
#6873=ORIENTED_EDGE('',*,*,#6872,.T.);
#6875=ORIENTED_EDGE('',*,*,#6874,.F.);
#6877=ORIENTED_EDGE('',*,*,#6876,.T.);
#6879=ORIENTED_EDGE('',*,*,#6878,.F.);
#6881=ORIENTED_EDGE('',*,*,#6880,.T.);
#6883=ORIENTED_EDGE('',*,*,#6882,.F.);
#6885=ORIENTED_EDGE('',*,*,#6884,.T.);
#6887=ORIENTED_EDGE('',*,*,#6886,.F.);
#6889=ORIENTED_EDGE('',*,*,#6888,.T.);
#6891=ORIENTED_EDGE('',*,*,#6890,.F.);
#6893=ORIENTED_EDGE('',*,*,#6892,.T.);
#6895=ORIENTED_EDGE('',*,*,#6894,.F.);
#6897=ORIENTED_EDGE('',*,*,#6896,.T.);
#6899=ORIENTED_EDGE('',*,*,#6898,.F.);
#6901=ORIENTED_EDGE('',*,*,#6900,.T.);
#6903=ORIENTED_EDGE('',*,*,#6902,.F.);
#6905=ORIENTED_EDGE('',*,*,#6904,.T.);
#6907=ORIENTED_EDGE('',*,*,#6906,.F.);
#6909=ORIENTED_EDGE('',*,*,#6908,.T.);
#6911=ORIENTED_EDGE('',*,*,#6910,.F.);
#6913=ORIENTED_EDGE('',*,*,#6912,.T.);
#6915=ORIENTED_EDGE('',*,*,#6914,.F.);
#6917=ORIENTED_EDGE('',*,*,#6916,.T.);
#6919=ORIENTED_EDGE('',*,*,#6918,.F.);
#6921=ORIENTED_EDGE('',*,*,#6920,.T.);
#6923=ORIENTED_EDGE('',*,*,#6922,.F.);
#6925=ORIENTED_EDGE('',*,*,#6924,.T.);
#6927=ORIENTED_EDGE('',*,*,#6926,.F.);
#6929=ORIENTED_EDGE('',*,*,#6928,.T.);
#6931=ORIENTED_EDGE('',*,*,#6930,.F.);
#6933=ORIENTED_EDGE('',*,*,#6932,.T.);
#6935=ORIENTED_EDGE('',*,*,#6934,.F.);
#6937=ORIENTED_EDGE('',*,*,#6936,.T.);
#6939=ORIENTED_EDGE('',*,*,#6938,.F.);
#6941=ORIENTED_EDGE('',*,*,#6940,.T.);
#6943=ORIENTED_EDGE('',*,*,#6942,.F.);
#6945=ORIENTED_EDGE('',*,*,#6944,.T.);
#6947=ORIENTED_EDGE('',*,*,#6946,.F.);
#6949=ORIENTED_EDGE('',*,*,#6948,.T.);
#6951=ORIENTED_EDGE('',*,*,#6950,.F.);
#6953=ORIENTED_EDGE('',*,*,#6952,.T.);
#6955=ORIENTED_EDGE('',*,*,#6954,.F.);
#6957=ORIENTED_EDGE('',*,*,#6956,.T.);
#6959=ORIENTED_EDGE('',*,*,#6958,.F.);
#6960=ORIENTED_EDGE('',*,*,#6803,.T.);
#6962=ORIENTED_EDGE('',*,*,#6961,.F.);
#6964=ORIENTED_EDGE('',*,*,#6963,.T.);
#6966=ORIENTED_EDGE('',*,*,#6965,.F.);
#6967=ORIENTED_EDGE('',*,*,#6414,.F.);
#6969=ORIENTED_EDGE('',*,*,#6968,.T.);
#6971=ORIENTED_EDGE('',*,*,#6970,.T.);
#6973=ORIENTED_EDGE('',*,*,#6972,.T.);
#6975=ORIENTED_EDGE('',*,*,#6974,.F.);
#6977=ORIENTED_EDGE('',*,*,#6976,.T.);
#6978=ORIENTED_EDGE('',*,*,#6779,.T.);
#6980=ORIENTED_EDGE('',*,*,#6979,.T.);
#6982=ORIENTED_EDGE('',*,*,#6981,.T.);
#6984=ORIENTED_EDGE('',*,*,#6983,.T.);
#6986=ORIENTED_EDGE('',*,*,#6985,.T.);
#6988=ORIENTED_EDGE('',*,*,#6987,.T.);
#6990=ORIENTED_EDGE('',*,*,#6989,.T.);
#6992=ORIENTED_EDGE('',*,*,#6991,.T.);
#6994=ORIENTED_EDGE('',*,*,#6993,.T.);
#6996=ORIENTED_EDGE('',*,*,#6995,.T.);
#6998=ORIENTED_EDGE('',*,*,#6997,.T.);
#7000=ORIENTED_EDGE('',*,*,#6999,.T.);
#7002=ORIENTED_EDGE('',*,*,#7001,.T.);
#7004=ORIENTED_EDGE('',*,*,#7003,.T.);
#7006=ORIENTED_EDGE('',*,*,#7005,.T.);
#7008=ORIENTED_EDGE('',*,*,#7007,.T.);
#7010=ORIENTED_EDGE('',*,*,#7009,.T.);
#7012=ORIENTED_EDGE('',*,*,#7011,.T.);
#7014=ORIENTED_EDGE('',*,*,#7013,.T.);
#7016=ORIENTED_EDGE('',*,*,#7015,.T.);
#7018=ORIENTED_EDGE('',*,*,#7017,.T.);
#7020=ORIENTED_EDGE('',*,*,#7019,.T.);
#7022=ORIENTED_EDGE('',*,*,#7021,.T.);
#7024=ORIENTED_EDGE('',*,*,#7023,.T.);
#7026=ORIENTED_EDGE('',*,*,#7025,.T.);
#7028=ORIENTED_EDGE('',*,*,#7027,.T.);
#7030=ORIENTED_EDGE('',*,*,#7029,.T.);
#7032=ORIENTED_EDGE('',*,*,#7031,.T.);
#7033=EDGE_LOOP('',(#6837,#6839,#6841,#6843,#6845,#6847,#6849,#6851,#6853,#6855,
#6857,#6859,#6861,#6863,#6865,#6867,#6869,#6871,#6873,#6875,#6877,#6879,#6881,
#6883,#6885,#6887,#6889,#6891,#6893,#6895,#6897,#6899,#6901,#6903,#6905,#6907,
#6909,#6911,#6913,#6915,#6917,#6919,#6921,#6923,#6925,#6927,#6929,#6931,#6933,
#6935,#6937,#6939,#6941,#6943,#6945,#6947,#6949,#6951,#6953,#6955,#6957,#6959,
#6960,#6962,#6964,#6966,#6967,#6969,#6971,#6973,#6975,#6977,#6978,#6980,#6982,
#6984,#6986,#6988,#6990,#6992,#6994,#6996,#6998,#7000,#7002,#7004,#7006,#7008,
#7010,#7012,#7014,#7016,#7018,#7020,#7022,#7024,#7026,#7028,#7030,#7032));
#7034=FACE_OUTER_BOUND('',#7033,.F.);
#7036=ORIENTED_EDGE('',*,*,#7035,.T.);
#7038=ORIENTED_EDGE('',*,*,#7037,.F.);
#7040=ORIENTED_EDGE('',*,*,#7039,.T.);
#7042=ORIENTED_EDGE('',*,*,#7041,.T.);
#7043=EDGE_LOOP('',(#7036,#7038,#7040,#7042));
#7044=FACE_BOUND('',#7043,.F.);
#7046=ORIENTED_EDGE('',*,*,#7045,.T.);
#7048=ORIENTED_EDGE('',*,*,#7047,.F.);
#7050=ORIENTED_EDGE('',*,*,#7049,.T.);
#7052=ORIENTED_EDGE('',*,*,#7051,.T.);
#7053=EDGE_LOOP('',(#7046,#7048,#7050,#7052));
#7054=FACE_BOUND('',#7053,.F.);
#7056=ORIENTED_EDGE('',*,*,#7055,.T.);
#7058=ORIENTED_EDGE('',*,*,#7057,.F.);
#7060=ORIENTED_EDGE('',*,*,#7059,.T.);
#7062=ORIENTED_EDGE('',*,*,#7061,.T.);
#7063=EDGE_LOOP('',(#7056,#7058,#7060,#7062));
#7064=FACE_BOUND('',#7063,.F.);
#7066=ORIENTED_EDGE('',*,*,#7065,.T.);
#7068=ORIENTED_EDGE('',*,*,#7067,.F.);
#7070=ORIENTED_EDGE('',*,*,#7069,.T.);
#7072=ORIENTED_EDGE('',*,*,#7071,.T.);
#7073=EDGE_LOOP('',(#7066,#7068,#7070,#7072));
#7074=FACE_BOUND('',#7073,.F.);
#7076=ORIENTED_EDGE('',*,*,#7075,.T.);
#7078=ORIENTED_EDGE('',*,*,#7077,.F.);
#7080=ORIENTED_EDGE('',*,*,#7079,.T.);
#7082=ORIENTED_EDGE('',*,*,#7081,.T.);
#7083=EDGE_LOOP('',(#7076,#7078,#7080,#7082));
#7084=FACE_BOUND('',#7083,.F.);
#7086=ORIENTED_EDGE('',*,*,#7085,.T.);
#7088=ORIENTED_EDGE('',*,*,#7087,.F.);
#7090=ORIENTED_EDGE('',*,*,#7089,.T.);
#7092=ORIENTED_EDGE('',*,*,#7091,.T.);
#7093=EDGE_LOOP('',(#7086,#7088,#7090,#7092));
#7094=FACE_BOUND('',#7093,.F.);
#7096=ORIENTED_EDGE('',*,*,#7095,.T.);
#7098=ORIENTED_EDGE('',*,*,#7097,.F.);
#7100=ORIENTED_EDGE('',*,*,#7099,.T.);
#7102=ORIENTED_EDGE('',*,*,#7101,.T.);
#7103=EDGE_LOOP('',(#7096,#7098,#7100,#7102));
#7104=FACE_BOUND('',#7103,.F.);
#7105=ADVANCED_FACE('',(#7034,#7044,#7054,#7064,#7074,#7084,#7094,#7104),#6835,
.T.);
#7106=CARTESIAN_POINT('',(-6.835E0,0.E0,0.E0));
#7107=DIRECTION('',(1.E0,0.E0,0.E0));
#7108=DIRECTION('',(0.E0,0.E0,-1.E0));
#7109=AXIS2_PLACEMENT_3D('',#7106,#7107,#7108);
#7110=PLANE('',#7109);
#7111=ORIENTED_EDGE('',*,*,#6948,.F.);
#7113=ORIENTED_EDGE('',*,*,#7112,.F.);
#7115=ORIENTED_EDGE('',*,*,#7114,.F.);
#7117=ORIENTED_EDGE('',*,*,#7116,.F.);
#7119=ORIENTED_EDGE('',*,*,#7118,.F.);
#7121=ORIENTED_EDGE('',*,*,#7120,.F.);
#7123=ORIENTED_EDGE('',*,*,#7122,.F.);
#7125=ORIENTED_EDGE('',*,*,#7124,.F.);
#7127=ORIENTED_EDGE('',*,*,#7126,.F.);
#7128=EDGE_LOOP('',(#7111,#7113,#7115,#7117,#7119,#7121,#7123,#7125,#7127));
#7129=FACE_OUTER_BOUND('',#7128,.F.);
#7130=ADVANCED_FACE('',(#7129),#7110,.T.);
#7131=CARTESIAN_POINT('',(-6.835E0,0.E0,0.E0));
#7132=DIRECTION('',(1.E0,0.E0,0.E0));
#7133=DIRECTION('',(0.E0,0.E0,-1.E0));
#7134=AXIS2_PLACEMENT_3D('',#7131,#7132,#7133);
#7135=PLANE('',#7134);
#7136=ORIENTED_EDGE('',*,*,#7095,.F.);
#7138=ORIENTED_EDGE('',*,*,#7137,.F.);
#7140=ORIENTED_EDGE('',*,*,#7139,.F.);
#7142=ORIENTED_EDGE('',*,*,#7141,.F.);
#7143=EDGE_LOOP('',(#7136,#7138,#7140,#7142));
#7144=FACE_OUTER_BOUND('',#7143,.F.);
#7145=ADVANCED_FACE('',(#7144),#7135,.T.);
#7146=CARTESIAN_POINT('',(-6.835E0,0.E0,0.E0));
#7147=DIRECTION('',(1.E0,0.E0,0.E0));
#7148=DIRECTION('',(0.E0,0.E0,-1.E0));
#7149=AXIS2_PLACEMENT_3D('',#7146,#7147,#7148);
#7150=PLANE('',#7149);
#7152=ORIENTED_EDGE('',*,*,#7151,.F.);
#7154=ORIENTED_EDGE('',*,*,#7153,.F.);
#7155=ORIENTED_EDGE('',*,*,#6689,.T.);
#7157=ORIENTED_EDGE('',*,*,#7156,.F.);
#7158=EDGE_LOOP('',(#7152,#7154,#7155,#7157));
#7159=FACE_OUTER_BOUND('',#7158,.F.);
#7160=ADVANCED_FACE('',(#7159),#7150,.T.);
#7161=CARTESIAN_POINT('',(-6.835E0,2.5E0,0.E0));
#7162=DIRECTION('',(0.E0,0.E0,1.E0));
#7163=DIRECTION('',(0.E0,-1.E0,0.E0));
#7164=AXIS2_PLACEMENT_3D('',#7161,#7162,#7163);
#7165=PLANE('',#7164);
#7167=ORIENTED_EDGE('',*,*,#7166,.F.);
#7169=ORIENTED_EDGE('',*,*,#7168,.F.);
#7171=ORIENTED_EDGE('',*,*,#7170,.F.);
#7172=ORIENTED_EDGE('',*,*,#7112,.T.);
#7173=EDGE_LOOP('',(#7167,#7169,#7171,#7172));
#7174=FACE_OUTER_BOUND('',#7173,.F.);
#7175=ADVANCED_FACE('',(#7174),#7165,.T.);
#7176=CARTESIAN_POINT('',(-1.078E1,1.7E0,0.E0));
#7177=DIRECTION('',(0.E0,1.E0,0.E0));
#7178=DIRECTION('',(0.E0,0.E0,1.E0));
#7179=AXIS2_PLACEMENT_3D('',#7176,#7177,#7178);
#7180=PLANE('',#7179);
#7181=ORIENTED_EDGE('',*,*,#6850,.T.);
#7183=ORIENTED_EDGE('',*,*,#7182,.T.);
#7185=ORIENTED_EDGE('',*,*,#7184,.T.);
#7187=ORIENTED_EDGE('',*,*,#7186,.F.);
#7189=ORIENTED_EDGE('',*,*,#7188,.F.);
#7190=ORIENTED_EDGE('',*,*,#6420,.F.);
#7192=ORIENTED_EDGE('',*,*,#7191,.T.);
#7194=ORIENTED_EDGE('',*,*,#7193,.F.);
#7195=ORIENTED_EDGE('',*,*,#6961,.T.);
#7197=ORIENTED_EDGE('',*,*,#7196,.T.);
#7198=ORIENTED_EDGE('',*,*,#6954,.T.);
#7199=ORIENTED_EDGE('',*,*,#7166,.T.);
#7200=ORIENTED_EDGE('',*,*,#6946,.T.);
#7202=ORIENTED_EDGE('',*,*,#7201,.T.);
#7203=ORIENTED_EDGE('',*,*,#6938,.T.);
#7205=ORIENTED_EDGE('',*,*,#7204,.T.);
#7206=ORIENTED_EDGE('',*,*,#6930,.T.);
#7208=ORIENTED_EDGE('',*,*,#7207,.T.);
#7209=ORIENTED_EDGE('',*,*,#6922,.T.);
#7211=ORIENTED_EDGE('',*,*,#7210,.T.);
#7212=ORIENTED_EDGE('',*,*,#6914,.T.);
#7214=ORIENTED_EDGE('',*,*,#7213,.T.);
#7215=ORIENTED_EDGE('',*,*,#6906,.T.);
#7217=ORIENTED_EDGE('',*,*,#7216,.T.);
#7218=ORIENTED_EDGE('',*,*,#6898,.T.);
#7220=ORIENTED_EDGE('',*,*,#7219,.T.);
#7221=ORIENTED_EDGE('',*,*,#6890,.T.);
#7223=ORIENTED_EDGE('',*,*,#7222,.T.);
#7224=ORIENTED_EDGE('',*,*,#6882,.T.);
#7226=ORIENTED_EDGE('',*,*,#7225,.T.);
#7227=ORIENTED_EDGE('',*,*,#6874,.T.);
#7229=ORIENTED_EDGE('',*,*,#7228,.T.);
#7230=ORIENTED_EDGE('',*,*,#6866,.T.);
#7232=ORIENTED_EDGE('',*,*,#7231,.T.);
#7233=ORIENTED_EDGE('',*,*,#6858,.T.);
#7235=ORIENTED_EDGE('',*,*,#7234,.T.);
#7236=EDGE_LOOP('',(#7181,#7183,#7185,#7187,#7189,#7190,#7192,#7194,#7195,#7197,
#7198,#7199,#7200,#7202,#7203,#7205,#7206,#7208,#7209,#7211,#7212,#7214,#7215,
#7217,#7218,#7220,#7221,#7223,#7224,#7226,#7227,#7229,#7230,#7232,#7233,#7235));
#7237=FACE_OUTER_BOUND('',#7236,.F.);
#7238=ADVANCED_FACE('',(#7237),#7180,.T.);
#7239=CARTESIAN_POINT('',(1.008E1,1.E0,0.E0));
#7240=DIRECTION('',(-1.E0,0.E0,0.E0));
#7241=DIRECTION('',(0.E0,1.E0,0.E0));
#7242=AXIS2_PLACEMENT_3D('',#7239,#7240,#7241);
#7243=PLANE('',#7242);
#7244=ORIENTED_EDGE('',*,*,#6848,.T.);
#7246=ORIENTED_EDGE('',*,*,#7245,.T.);
#7248=ORIENTED_EDGE('',*,*,#7247,.T.);
#7249=ORIENTED_EDGE('',*,*,#7182,.F.);
#7250=EDGE_LOOP('',(#7244,#7246,#7248,#7249));
#7251=FACE_OUTER_BOUND('',#7250,.F.);
#7252=ADVANCED_FACE('',(#7251),#7243,.T.);
#7253=CARTESIAN_POINT('',(1.078E1,1.E0,0.E0));
#7254=DIRECTION('',(0.E0,-1.E0,0.E0));
#7255=DIRECTION('',(-1.E0,0.E0,0.E0));
#7256=AXIS2_PLACEMENT_3D('',#7253,#7254,#7255);
#7257=PLANE('',#7256);
#7258=ORIENTED_EDGE('',*,*,#6846,.F.);
#7260=ORIENTED_EDGE('',*,*,#7259,.T.);
#7262=ORIENTED_EDGE('',*,*,#7261,.T.);
#7263=ORIENTED_EDGE('',*,*,#7245,.F.);
#7264=EDGE_LOOP('',(#7258,#7260,#7262,#7263));
#7265=FACE_OUTER_BOUND('',#7264,.F.);
#7266=ADVANCED_FACE('',(#7265),#7257,.T.);
#7267=CARTESIAN_POINT('',(1.078E1,0.E0,0.E0));
#7268=DIRECTION('',(1.E0,0.E0,0.E0));
#7269=DIRECTION('',(0.E0,1.E0,0.E0));
#7270=AXIS2_PLACEMENT_3D('',#7267,#7268,#7269);
#7271=PLANE('',#7270);
#7273=ORIENTED_EDGE('',*,*,#7272,.F.);
#7275=ORIENTED_EDGE('',*,*,#7274,.F.);
#7276=ORIENTED_EDGE('',*,*,#6553,.F.);
#7278=ORIENTED_EDGE('',*,*,#7277,.T.);
#7280=ORIENTED_EDGE('',*,*,#7279,.T.);
#7282=ORIENTED_EDGE('',*,*,#7281,.F.);
#7284=ORIENTED_EDGE('',*,*,#7283,.F.);
#7286=ORIENTED_EDGE('',*,*,#7285,.F.);
#7287=ORIENTED_EDGE('',*,*,#7186,.T.);
#7289=ORIENTED_EDGE('',*,*,#7288,.T.);
#7290=ORIENTED_EDGE('',*,*,#7259,.F.);
#7291=ORIENTED_EDGE('',*,*,#6844,.F.);
#7293=ORIENTED_EDGE('',*,*,#7292,.T.);
#7295=ORIENTED_EDGE('',*,*,#7294,.F.);
#7297=ORIENTED_EDGE('',*,*,#7296,.T.);
#7299=ORIENTED_EDGE('',*,*,#7298,.F.);
#7300=EDGE_LOOP('',(#7273,#7275,#7276,#7278,#7280,#7282,#7284,#7286,#7287,#7289,
#7290,#7291,#7293,#7295,#7297,#7299));
#7301=FACE_OUTER_BOUND('',#7300,.F.);
#7302=ADVANCED_FACE('',(#7301),#7271,.T.);
#7303=CARTESIAN_POINT('',(1.078E1,-1.E-1,2.E0));
#7304=DIRECTION('',(0.E0,1.E0,0.E0));
#7305=DIRECTION('',(-1.E0,0.E0,0.E0));
#7306=AXIS2_PLACEMENT_3D('',#7303,#7304,#7305);
#7307=PLANE('',#7306);
#7309=ORIENTED_EDGE('',*,*,#7308,.F.);
#7310=ORIENTED_EDGE('',*,*,#7272,.T.);
#7312=ORIENTED_EDGE('',*,*,#7311,.T.);
#7314=ORIENTED_EDGE('',*,*,#7313,.F.);
#7315=EDGE_LOOP('',(#7309,#7310,#7312,#7314));
#7316=FACE_OUTER_BOUND('',#7315,.F.);
#7317=ADVANCED_FACE('',(#7316),#7307,.T.);
#7318=CARTESIAN_POINT('',(1.00925E1,0.E0,2.1E0));
#7319=DIRECTION('',(0.E0,7.071067811865E-1,7.071067811865E-1));
#7320=DIRECTION('',(0.E0,7.071067811865E-1,-7.071067811865E-1));
#7321=AXIS2_PLACEMENT_3D('',#7318,#7319,#7320);
#7322=PLANE('',#7321);
#7323=ORIENTED_EDGE('',*,*,#7308,.T.);
#7325=ORIENTED_EDGE('',*,*,#7324,.T.);
#7326=ORIENTED_EDGE('',*,*,#6555,.F.);
#7327=ORIENTED_EDGE('',*,*,#7274,.T.);
#7328=EDGE_LOOP('',(#7323,#7325,#7326,#7327));
#7329=FACE_OUTER_BOUND('',#7328,.F.);
#7330=ADVANCED_FACE('',(#7329),#7322,.T.);
#7331=CARTESIAN_POINT('',(9.305E0,-9.25E-1,2.1E0));
#7332=DIRECTION('',(-7.071067811865E-1,0.E0,7.071067811865E-1));
#7333=DIRECTION('',(-7.071067811865E-1,0.E0,-7.071067811865E-1));
#7334=AXIS2_PLACEMENT_3D('',#7331,#7332,#7333);
#7335=PLANE('',#7334);
#7336=ORIENTED_EDGE('',*,*,#6557,.F.);
#7337=ORIENTED_EDGE('',*,*,#7324,.F.);
#7339=ORIENTED_EDGE('',*,*,#7338,.T.);
#7341=ORIENTED_EDGE('',*,*,#7340,.T.);
#7342=EDGE_LOOP('',(#7336,#7337,#7339,#7341));
#7343=FACE_OUTER_BOUND('',#7342,.F.);
#7344=ADVANCED_FACE('',(#7343),#7335,.T.);
#7345=CARTESIAN_POINT('',(9.405E0,-1.E-1,2.E0));
#7346=DIRECTION('',(-1.E0,0.E0,0.E0));
#7347=DIRECTION('',(0.E0,-1.E0,0.E0));
#7348=AXIS2_PLACEMENT_3D('',#7345,#7346,#7347);
#7349=PLANE('',#7348);
#7350=ORIENTED_EDGE('',*,*,#7338,.F.);
#7351=ORIENTED_EDGE('',*,*,#7313,.T.);
#7353=ORIENTED_EDGE('',*,*,#7352,.T.);
#7355=ORIENTED_EDGE('',*,*,#7354,.T.);
#7357=ORIENTED_EDGE('',*,*,#7356,.F.);
#7359=ORIENTED_EDGE('',*,*,#7358,.F.);
#7361=ORIENTED_EDGE('',*,*,#7360,.F.);
#7362=EDGE_LOOP('',(#7350,#7351,#7353,#7355,#7357,#7359,#7361));
#7363=FACE_OUTER_BOUND('',#7362,.F.);
#7364=ADVANCED_FACE('',(#7363),#7349,.T.);
#7365=CARTESIAN_POINT('',(9.549337567297E0,-1.3E0,3.85E0));
#7366=DIRECTION('',(-8.660254037844E-1,0.E0,5.E-1));
#7367=DIRECTION('',(-5.E-1,0.E0,-8.660254037844E-1));
#7368=AXIS2_PLACEMENT_3D('',#7365,#7366,#7367);
#7369=PLANE('',#7368);
#7371=ORIENTED_EDGE('',*,*,#7370,.T.);
#7373=ORIENTED_EDGE('',*,*,#7372,.T.);
#7374=ORIENTED_EDGE('',*,*,#7352,.F.);
#7376=ORIENTED_EDGE('',*,*,#7375,.F.);
#7377=EDGE_LOOP('',(#7371,#7373,#7374,#7376));
#7378=FACE_OUTER_BOUND('',#7377,.F.);
#7379=ADVANCED_FACE('',(#7378),#7369,.T.);
#7380=CARTESIAN_POINT('',(-1.078E1,-2.5E0,4.1E0));
#7381=DIRECTION('',(0.E0,0.E0,-1.E0));
#7382=DIRECTION('',(0.E0,1.E0,0.E0));
#7383=AXIS2_PLACEMENT_3D('',#7380,#7381,#7382);
#7384=PLANE('',#7383);
#7386=ORIENTED_EDGE('',*,*,#7385,.F.);
#7388=ORIENTED_EDGE('',*,*,#7387,.F.);
#7390=ORIENTED_EDGE('',*,*,#7389,.F.);
#7391=ORIENTED_EDGE('',*,*,#6428,.F.);
#7392=EDGE_LOOP('',(#7386,#7388,#7390,#7391));
#7393=FACE_OUTER_BOUND('',#7392,.F.);
#7394=ADVANCED_FACE('',(#7393),#7384,.F.);
#7395=CARTESIAN_POINT('',(-1.078E1,-2.5E0,4.1E0));
#7396=DIRECTION('',(0.E0,0.E0,-1.E0));
#7397=DIRECTION('',(0.E0,1.E0,0.E0));
#7398=AXIS2_PLACEMENT_3D('',#7395,#7396,#7397);
#7399=PLANE('',#7398);
#7401=ORIENTED_EDGE('',*,*,#7400,.F.);
#7402=ORIENTED_EDGE('',*,*,#7370,.F.);
#7404=ORIENTED_EDGE('',*,*,#7403,.F.);
#7405=ORIENTED_EDGE('',*,*,#7296,.F.);
#7406=EDGE_LOOP('',(#7401,#7402,#7404,#7405));
#7407=FACE_OUTER_BOUND('',#7406,.F.);
#7408=ADVANCED_FACE('',(#7407),#7399,.F.);
#7409=CARTESIAN_POINT('',(-1.00925E1,2.355662432703E0,3.85E0));
#7410=DIRECTION('',(0.E0,8.660254037844E-1,5.E-1));
#7411=DIRECTION('',(0.E0,5.E-1,-8.660254037844E-1));
#7412=AXIS2_PLACEMENT_3D('',#7409,#7410,#7411);
#7413=PLANE('',#7412);
#7414=ORIENTED_EDGE('',*,*,#6426,.T.);
#7416=ORIENTED_EDGE('',*,*,#7415,.F.);
#7418=ORIENTED_EDGE('',*,*,#7417,.F.);
#7419=ORIENTED_EDGE('',*,*,#7385,.T.);
#7420=EDGE_LOOP('',(#7414,#7416,#7418,#7419));
#7421=FACE_OUTER_BOUND('',#7420,.F.);
#7422=ADVANCED_FACE('',(#7421),#7413,.T.);
#7423=CARTESIAN_POINT('',(-1.078E1,2.5E0,5.E-1));
#7424=DIRECTION('',(0.E0,1.E0,0.E0));
#7425=DIRECTION('',(0.E0,0.E0,1.E0));
#7426=AXIS2_PLACEMENT_3D('',#7423,#7424,#7425);
#7427=PLANE('',#7426);
#7429=ORIENTED_EDGE('',*,*,#7428,.F.);
#7431=ORIENTED_EDGE('',*,*,#7430,.T.);
#7432=ORIENTED_EDGE('',*,*,#7283,.T.);
#7434=ORIENTED_EDGE('',*,*,#7433,.F.);
#7435=EDGE_LOOP('',(#7429,#7431,#7432,#7434));
#7436=FACE_OUTER_BOUND('',#7435,.F.);
#7437=ADVANCED_FACE('',(#7436),#7427,.T.);
#7438=CARTESIAN_POINT('',(-1.078E1,2.5E0,5.E-1));
#7439=DIRECTION('',(0.E0,1.E0,0.E0));
#7440=DIRECTION('',(0.E0,0.E0,1.E0));
#7441=AXIS2_PLACEMENT_3D('',#7438,#7439,#7440);
#7442=PLANE('',#7441);
#7444=ORIENTED_EDGE('',*,*,#7443,.F.);
#7446=ORIENTED_EDGE('',*,*,#7445,.F.);
#7447=ORIENTED_EDGE('',*,*,#6547,.F.);
#7449=ORIENTED_EDGE('',*,*,#7448,.T.);
#7450=EDGE_LOOP('',(#7444,#7446,#7447,#7449));
#7451=FACE_OUTER_BOUND('',#7450,.F.);
#7452=ADVANCED_FACE('',(#7451),#7442,.T.);
#7453=CARTESIAN_POINT('',(-1.078E1,2.5E0,5.E-1));
#7454=DIRECTION('',(0.E0,1.E0,0.E0));
#7455=DIRECTION('',(0.E0,0.E0,1.E0));
#7456=AXIS2_PLACEMENT_3D('',#7453,#7454,#7455);
#7457=PLANE('',#7456);
#7459=ORIENTED_EDGE('',*,*,#7458,.F.);
#7461=ORIENTED_EDGE('',*,*,#7460,.T.);
#7463=ORIENTED_EDGE('',*,*,#7462,.T.);
#7465=ORIENTED_EDGE('',*,*,#7464,.F.);
#7467=ORIENTED_EDGE('',*,*,#7466,.F.);
#7468=ORIENTED_EDGE('',*,*,#6539,.F.);
#7470=ORIENTED_EDGE('',*,*,#7469,.T.);
#7472=ORIENTED_EDGE('',*,*,#7471,.F.);
#7474=ORIENTED_EDGE('',*,*,#7473,.F.);
#7475=ORIENTED_EDGE('',*,*,#6531,.F.);
#7477=ORIENTED_EDGE('',*,*,#7476,.T.);
#7479=ORIENTED_EDGE('',*,*,#7478,.F.);
#7481=ORIENTED_EDGE('',*,*,#7480,.F.);
#7482=ORIENTED_EDGE('',*,*,#6523,.F.);
#7484=ORIENTED_EDGE('',*,*,#7483,.F.);
#7486=ORIENTED_EDGE('',*,*,#7485,.F.);
#7488=ORIENTED_EDGE('',*,*,#7487,.T.);
#7489=ORIENTED_EDGE('',*,*,#6515,.F.);
#7491=ORIENTED_EDGE('',*,*,#7490,.F.);
#7493=ORIENTED_EDGE('',*,*,#7492,.F.);
#7495=ORIENTED_EDGE('',*,*,#7494,.T.);
#7496=ORIENTED_EDGE('',*,*,#6507,.F.);
#7498=ORIENTED_EDGE('',*,*,#7497,.F.);
#7500=ORIENTED_EDGE('',*,*,#7499,.F.);
#7502=ORIENTED_EDGE('',*,*,#7501,.T.);
#7503=ORIENTED_EDGE('',*,*,#6499,.F.);
#7505=ORIENTED_EDGE('',*,*,#7504,.F.);
#7507=ORIENTED_EDGE('',*,*,#7506,.F.);
#7508=EDGE_LOOP('',(#7459,#7461,#7463,#7465,#7467,#7468,#7470,#7472,#7474,#7475,
#7477,#7479,#7481,#7482,#7484,#7486,#7488,#7489,#7491,#7493,#7495,#7496,#7498,
#7500,#7502,#7503,#7505,#7507));
#7509=FACE_OUTER_BOUND('',#7508,.F.);
#7510=ADVANCED_FACE('',(#7509),#7457,.T.);
#7511=CARTESIAN_POINT('',(-1.078E1,2.5E0,5.E-1));
#7512=DIRECTION('',(0.E0,1.E0,0.E0));
#7513=DIRECTION('',(0.E0,0.E0,1.E0));
#7514=AXIS2_PLACEMENT_3D('',#7511,#7512,#7513);
#7515=PLANE('',#7514);
#7516=ORIENTED_EDGE('',*,*,#6491,.F.);
#7517=ORIENTED_EDGE('',*,*,#6480,.F.);
#7519=ORIENTED_EDGE('',*,*,#7518,.T.);
#7520=ORIENTED_EDGE('',*,*,#7415,.T.);
#7521=ORIENTED_EDGE('',*,*,#6424,.F.);
#7523=ORIENTED_EDGE('',*,*,#7522,.T.);
#7525=ORIENTED_EDGE('',*,*,#7524,.T.);
#7527=ORIENTED_EDGE('',*,*,#7526,.F.);
#7529=ORIENTED_EDGE('',*,*,#7528,.T.);
#7530=EDGE_LOOP('',(#7516,#7517,#7519,#7520,#7521,#7523,#7525,#7527,#7529));
#7531=FACE_OUTER_BOUND('',#7530,.F.);
#7532=ADVANCED_FACE('',(#7531),#7515,.T.);
#7533=CARTESIAN_POINT('',(8.755E0,0.E0,0.E0));
#7534=DIRECTION('',(-1.E0,0.E0,0.E0));
#7535=DIRECTION('',(0.E0,-1.E0,0.E0));
#7536=AXIS2_PLACEMENT_3D('',#7533,#7534,#7535);
#7537=PLANE('',#7536);
#7538=ORIENTED_EDGE('',*,*,#7428,.T.);
#7540=ORIENTED_EDGE('',*,*,#7539,.F.);
#7542=ORIENTED_EDGE('',*,*,#7541,.F.);
#7544=ORIENTED_EDGE('',*,*,#7543,.F.);
#7545=ORIENTED_EDGE('',*,*,#6549,.F.);
#7546=ORIENTED_EDGE('',*,*,#7445,.T.);
#7548=ORIENTED_EDGE('',*,*,#7547,.T.);
#7550=ORIENTED_EDGE('',*,*,#7549,.T.);
#7552=ORIENTED_EDGE('',*,*,#7551,.T.);
#7553=EDGE_LOOP('',(#7538,#7540,#7542,#7544,#7545,#7546,#7548,#7550,#7552));
#7554=FACE_OUTER_BOUND('',#7553,.F.);
#7555=ADVANCED_FACE('',(#7554),#7537,.F.);
#7556=CARTESIAN_POINT('',(1.078E1,1.9E0,1.1E0));
#7557=DIRECTION('',(0.E0,0.E0,-1.E0));
#7558=DIRECTION('',(0.E0,1.E0,0.E0));
#7559=AXIS2_PLACEMENT_3D('',#7556,#7557,#7558);
#7560=PLANE('',#7559);
#7561=ORIENTED_EDGE('',*,*,#7539,.T.);
#7562=ORIENTED_EDGE('',*,*,#7433,.T.);
#7563=ORIENTED_EDGE('',*,*,#7281,.T.);
#7565=ORIENTED_EDGE('',*,*,#7564,.T.);
#7566=EDGE_LOOP('',(#7561,#7562,#7563,#7565));
#7567=FACE_OUTER_BOUND('',#7566,.F.);
#7568=ADVANCED_FACE('',(#7567),#7560,.F.);
#7569=CARTESIAN_POINT('',(1.078E1,1.7E0,1.3E0));
#7570=DIRECTION('',(0.E0,-7.071067811865E-1,-7.071067811865E-1));
#7571=DIRECTION('',(0.E0,7.071067811865E-1,-7.071067811865E-1));
#7572=AXIS2_PLACEMENT_3D('',#7569,#7570,#7571);
#7573=PLANE('',#7572);
#7575=ORIENTED_EDGE('',*,*,#7574,.T.);
#7576=ORIENTED_EDGE('',*,*,#7541,.T.);
#7577=ORIENTED_EDGE('',*,*,#7564,.F.);
#7578=ORIENTED_EDGE('',*,*,#7279,.F.);
#7579=EDGE_LOOP('',(#7575,#7576,#7577,#7578));
#7580=FACE_OUTER_BOUND('',#7579,.F.);
#7581=ADVANCED_FACE('',(#7580),#7573,.F.);
#7582=CARTESIAN_POINT('',(1.078E1,1.7E0,2.E0));
#7583=DIRECTION('',(0.E0,-1.E0,0.E0));
#7584=DIRECTION('',(0.E0,0.E0,-1.E0));
#7585=AXIS2_PLACEMENT_3D('',#7582,#7583,#7584);
#7586=PLANE('',#7585);
#7587=ORIENTED_EDGE('',*,*,#6551,.T.);
#7588=ORIENTED_EDGE('',*,*,#7543,.T.);
#7589=ORIENTED_EDGE('',*,*,#7574,.F.);
#7590=ORIENTED_EDGE('',*,*,#7277,.F.);
#7591=EDGE_LOOP('',(#7587,#7588,#7589,#7590));
#7592=FACE_OUTER_BOUND('',#7591,.F.);
#7593=ADVANCED_FACE('',(#7592),#7586,.F.);
#7594=CARTESIAN_POINT('',(7.755E0,2.5E0,1.3E0));
#7595=DIRECTION('',(0.E0,7.071067811865E-1,7.071067811865E-1));
#7596=DIRECTION('',(0.E0,7.071067811865E-1,-7.071067811865E-1));
#7597=AXIS2_PLACEMENT_3D('',#7594,#7595,#7596);
#7598=PLANE('',#7597);
#7599=ORIENTED_EDGE('',*,*,#7443,.T.);
#7601=ORIENTED_EDGE('',*,*,#7600,.T.);
#7603=ORIENTED_EDGE('',*,*,#7602,.T.);
#7604=ORIENTED_EDGE('',*,*,#7547,.F.);
#7605=EDGE_LOOP('',(#7599,#7601,#7603,#7604));
#7606=FACE_OUTER_BOUND('',#7605,.F.);
#7607=ADVANCED_FACE('',(#7606),#7598,.T.);
#7608=CARTESIAN_POINT('',(7.755E0,0.E0,0.E0));
#7609=DIRECTION('',(-1.E0,0.E0,0.E0));
#7610=DIRECTION('',(0.E0,-1.E0,0.E0));
#7611=AXIS2_PLACEMENT_3D('',#7608,#7609,#7610);
#7612=PLANE('',#7611);
#7613=ORIENTED_EDGE('',*,*,#7600,.F.);
#7614=ORIENTED_EDGE('',*,*,#7448,.F.);
#7615=ORIENTED_EDGE('',*,*,#6545,.T.);
#7617=ORIENTED_EDGE('',*,*,#7616,.T.);
#7619=ORIENTED_EDGE('',*,*,#7618,.T.);
#7621=ORIENTED_EDGE('',*,*,#7620,.T.);
#7622=ORIENTED_EDGE('',*,*,#7462,.F.);
#7624=ORIENTED_EDGE('',*,*,#7623,.F.);
#7626=ORIENTED_EDGE('',*,*,#7625,.F.);
#7627=EDGE_LOOP('',(#7613,#7614,#7615,#7617,#7619,#7621,#7622,#7624,#7626));
#7628=FACE_OUTER_BOUND('',#7627,.F.);
#7629=ADVANCED_FACE('',(#7628),#7612,.T.);
#7630=CARTESIAN_POINT('',(7.755E0,1.7E0,2.E0));
#7631=DIRECTION('',(0.E0,-1.E0,0.E0));
#7632=DIRECTION('',(0.E0,0.E0,-1.E0));
#7633=AXIS2_PLACEMENT_3D('',#7630,#7631,#7632);
#7634=PLANE('',#7633);
#7635=ORIENTED_EDGE('',*,*,#6543,.F.);
#7637=ORIENTED_EDGE('',*,*,#7636,.T.);
#7639=ORIENTED_EDGE('',*,*,#7638,.F.);
#7640=ORIENTED_EDGE('',*,*,#7616,.F.);
#7641=EDGE_LOOP('',(#7635,#7637,#7639,#7640));
#7642=FACE_OUTER_BOUND('',#7641,.F.);
#7643=ADVANCED_FACE('',(#7642),#7634,.F.);
#7644=CARTESIAN_POINT('',(6.215E0,0.E0,0.E0));
#7645=DIRECTION('',(1.E0,0.E0,0.E0));
#7646=DIRECTION('',(0.E0,1.E0,0.E0));
#7647=AXIS2_PLACEMENT_3D('',#7644,#7645,#7646);
#7648=PLANE('',#7647);
#7649=ORIENTED_EDGE('',*,*,#7466,.T.);
#7651=ORIENTED_EDGE('',*,*,#7650,.F.);
#7653=ORIENTED_EDGE('',*,*,#7652,.F.);
#7654=ORIENTED_EDGE('',*,*,#7636,.F.);
#7655=ORIENTED_EDGE('',*,*,#6541,.F.);
#7656=EDGE_LOOP('',(#7649,#7651,#7653,#7654,#7655));
#7657=FACE_OUTER_BOUND('',#7656,.F.);
#7658=ADVANCED_FACE('',(#7657),#7648,.T.);
#7659=CARTESIAN_POINT('',(7.755E0,1.9E0,1.1E0));
#7660=DIRECTION('',(0.E0,0.E0,-1.E0));
#7661=DIRECTION('',(0.E0,1.E0,0.E0));
#7662=AXIS2_PLACEMENT_3D('',#7659,#7660,#7661);
#7663=PLANE('',#7662);
#7664=ORIENTED_EDGE('',*,*,#7464,.T.);
#7665=ORIENTED_EDGE('',*,*,#7620,.F.);
#7667=ORIENTED_EDGE('',*,*,#7666,.T.);
#7668=ORIENTED_EDGE('',*,*,#7650,.T.);
#7669=EDGE_LOOP('',(#7664,#7665,#7667,#7668));
#7670=FACE_OUTER_BOUND('',#7669,.F.);
#7671=ADVANCED_FACE('',(#7670),#7663,.F.);
#7672=CARTESIAN_POINT('',(7.755E0,1.7E0,1.3E0));
#7673=DIRECTION('',(0.E0,-7.071067811865E-1,-7.071067811865E-1));
#7674=DIRECTION('',(0.E0,7.071067811865E-1,-7.071067811865E-1));
#7675=AXIS2_PLACEMENT_3D('',#7672,#7673,#7674);
#7676=PLANE('',#7675);
#7677=ORIENTED_EDGE('',*,*,#7618,.F.);
#7678=ORIENTED_EDGE('',*,*,#7638,.T.);
#7679=ORIENTED_EDGE('',*,*,#7652,.T.);
#7680=ORIENTED_EDGE('',*,*,#7666,.F.);
#7681=EDGE_LOOP('',(#7677,#7678,#7679,#7680));
#7682=FACE_OUTER_BOUND('',#7681,.F.);
#7683=ADVANCED_FACE('',(#7682),#7676,.F.);
#7684=CARTESIAN_POINT('',(7.755E0,2.76E0,8.713184817529E-1));
#7685=DIRECTION('',(0.E0,8.191520442890E-1,-5.735764363510E-1));
#7686=DIRECTION('',(0.E0,-5.735764363510E-1,-8.191520442890E-1));
#7687=AXIS2_PLACEMENT_3D('',#7684,#7685,#7686);
#7688=PLANE('',#7687);
#7689=ORIENTED_EDGE('',*,*,#7623,.T.);
#7691=ORIENTED_EDGE('',*,*,#7690,.F.);
#7692=ORIENTED_EDGE('',*,*,#7551,.F.);
#7694=ORIENTED_EDGE('',*,*,#7693,.F.);
#7695=EDGE_LOOP('',(#7689,#7691,#7692,#7694));
#7696=FACE_OUTER_BOUND('',#7695,.F.);
#7697=ADVANCED_FACE('',(#7696),#7688,.T.);
#7698=CARTESIAN_POINT('',(-1.078E1,1.7E0,5.E-1));
#7699=DIRECTION('',(0.E0,0.E0,-1.E0));
#7700=DIRECTION('',(0.E0,1.E0,0.E0));
#7701=AXIS2_PLACEMENT_3D('',#7698,#7699,#7700);
#7702=PLANE('',#7701);
#7703=ORIENTED_EDGE('',*,*,#7522,.F.);
#7704=ORIENTED_EDGE('',*,*,#6422,.F.);
#7705=ORIENTED_EDGE('',*,*,#7188,.T.);
#7706=ORIENTED_EDGE('',*,*,#7285,.T.);
#7707=ORIENTED_EDGE('',*,*,#7430,.F.);
#7708=ORIENTED_EDGE('',*,*,#7690,.T.);
#7709=ORIENTED_EDGE('',*,*,#7460,.F.);
#7711=ORIENTED_EDGE('',*,*,#7710,.T.);
#7712=EDGE_LOOP('',(#7703,#7704,#7705,#7706,#7707,#7708,#7709,#7711));
#7713=FACE_OUTER_BOUND('',#7712,.F.);
#7714=ADVANCED_FACE('',(#7713),#7702,.T.);
#7715=CARTESIAN_POINT('',(-6.985E0,2.76E0,8.713184817529E-1));
#7716=DIRECTION('',(0.E0,8.191520442890E-1,-5.735764363510E-1));
#7717=DIRECTION('',(0.E0,-5.735764363510E-1,-8.191520442890E-1));
#7718=AXIS2_PLACEMENT_3D('',#7715,#7716,#7717);
#7719=PLANE('',#7718);
#7720=ORIENTED_EDGE('',*,*,#7710,.F.);
#7722=ORIENTED_EDGE('',*,*,#7721,.F.);
#7724=ORIENTED_EDGE('',*,*,#7723,.T.);
#7726=ORIENTED_EDGE('',*,*,#7725,.T.);
#7727=EDGE_LOOP('',(#7720,#7722,#7724,#7726));
#7728=FACE_OUTER_BOUND('',#7727,.F.);
#7729=ADVANCED_FACE('',(#7728),#7719,.T.);
#7730=CARTESIAN_POINT('',(-6.985E0,0.E0,0.E0));
#7731=DIRECTION('',(-1.E0,0.E0,0.E0));
#7732=DIRECTION('',(0.E0,-1.E0,0.E0));
#7733=AXIS2_PLACEMENT_3D('',#7730,#7731,#7732);
#7734=PLANE('',#7733);
#7735=ORIENTED_EDGE('',*,*,#7458,.T.);
#7737=ORIENTED_EDGE('',*,*,#7736,.T.);
#7739=ORIENTED_EDGE('',*,*,#7738,.T.);
#7740=ORIENTED_EDGE('',*,*,#7721,.T.);
#7741=EDGE_LOOP('',(#7735,#7737,#7739,#7740));
#7742=FACE_OUTER_BOUND('',#7741,.F.);
#7743=ADVANCED_FACE('',(#7742),#7734,.F.);
#7744=CARTESIAN_POINT('',(-6.985E0,2.5E0,1.3E0));
#7745=DIRECTION('',(0.E0,7.071067811865E-1,7.071067811865E-1));
#7746=DIRECTION('',(0.E0,7.071067811865E-1,-7.071067811865E-1));
#7747=AXIS2_PLACEMENT_3D('',#7744,#7745,#7746);
#7748=PLANE('',#7747);
#7749=ORIENTED_EDGE('',*,*,#7506,.T.);
#7751=ORIENTED_EDGE('',*,*,#7750,.T.);
#7753=ORIENTED_EDGE('',*,*,#7752,.T.);
#7755=ORIENTED_EDGE('',*,*,#7754,.F.);
#7756=ORIENTED_EDGE('',*,*,#7736,.F.);
#7757=EDGE_LOOP('',(#7749,#7751,#7753,#7755,#7756));
#7758=FACE_OUTER_BOUND('',#7757,.F.);
#7759=ADVANCED_FACE('',(#7758),#7748,.T.);
#7760=CARTESIAN_POINT('',(-6.985E0,2.5E0,5.E-1));
#7761=DIRECTION('',(0.E0,-1.E0,0.E0));
#7762=DIRECTION('',(0.E0,0.E0,1.E0));
#7763=AXIS2_PLACEMENT_3D('',#7760,#7761,#7762);
#7764=PLANE('',#7763);
#7766=ORIENTED_EDGE('',*,*,#7765,.F.);
#7768=ORIENTED_EDGE('',*,*,#7767,.T.);
#7770=ORIENTED_EDGE('',*,*,#7769,.T.);
#7771=ORIENTED_EDGE('',*,*,#7750,.F.);
#7772=EDGE_LOOP('',(#7766,#7768,#7770,#7771));
#7773=FACE_OUTER_BOUND('',#7772,.F.);
#7774=ADVANCED_FACE('',(#7773),#7764,.T.);
#7775=CARTESIAN_POINT('',(-7.485E0,0.E0,0.E0));
#7776=DIRECTION('',(1.E0,0.E0,0.E0));
#7777=DIRECTION('',(0.E0,1.E0,0.E0));
#7778=AXIS2_PLACEMENT_3D('',#7775,#7776,#7777);
#7779=PLANE('',#7778);
#7780=ORIENTED_EDGE('',*,*,#7504,.T.);
#7781=ORIENTED_EDGE('',*,*,#6497,.T.);
#7783=ORIENTED_EDGE('',*,*,#7782,.T.);
#7785=ORIENTED_EDGE('',*,*,#7784,.T.);
#7787=ORIENTED_EDGE('',*,*,#7786,.T.);
#7788=ORIENTED_EDGE('',*,*,#7765,.T.);
#7789=EDGE_LOOP('',(#7780,#7781,#7783,#7785,#7787,#7788));
#7790=FACE_OUTER_BOUND('',#7789,.F.);
#7791=ADVANCED_FACE('',(#7790),#7779,.F.);
#7792=CARTESIAN_POINT('',(-7.485E0,1.7E0,2.E0));
#7793=DIRECTION('',(0.E0,-1.E0,0.E0));
#7794=DIRECTION('',(0.E0,0.E0,-1.E0));
#7795=AXIS2_PLACEMENT_3D('',#7792,#7793,#7794);
#7796=PLANE('',#7795);
#7797=ORIENTED_EDGE('',*,*,#6495,.F.);
#7799=ORIENTED_EDGE('',*,*,#7798,.T.);
#7801=ORIENTED_EDGE('',*,*,#7800,.F.);
#7802=ORIENTED_EDGE('',*,*,#7782,.F.);
#7803=EDGE_LOOP('',(#7797,#7799,#7801,#7802));
#7804=FACE_OUTER_BOUND('',#7803,.F.);
#7805=ADVANCED_FACE('',(#7804),#7796,.F.);
#7806=CARTESIAN_POINT('',(-9.025E0,0.E0,0.E0));
#7807=DIRECTION('',(1.E0,0.E0,0.E0));
#7808=DIRECTION('',(0.E0,1.E0,0.E0));
#7809=AXIS2_PLACEMENT_3D('',#7806,#7807,#7808);
#7810=PLANE('',#7809);
#7811=ORIENTED_EDGE('',*,*,#7528,.F.);
#7813=ORIENTED_EDGE('',*,*,#7812,.F.);
#7815=ORIENTED_EDGE('',*,*,#7814,.F.);
#7816=ORIENTED_EDGE('',*,*,#7798,.F.);
#7817=ORIENTED_EDGE('',*,*,#6493,.F.);
#7818=EDGE_LOOP('',(#7811,#7813,#7815,#7816,#7817));
#7819=FACE_OUTER_BOUND('',#7818,.F.);
#7820=ADVANCED_FACE('',(#7819),#7810,.T.);
#7821=CARTESIAN_POINT('',(-7.485E0,1.9E0,1.1E0));
#7822=DIRECTION('',(0.E0,0.E0,-1.E0));
#7823=DIRECTION('',(0.E0,1.E0,0.E0));
#7824=AXIS2_PLACEMENT_3D('',#7821,#7822,#7823);
#7825=PLANE('',#7824);
#7826=ORIENTED_EDGE('',*,*,#7526,.T.);
#7827=ORIENTED_EDGE('',*,*,#7767,.F.);
#7828=ORIENTED_EDGE('',*,*,#7786,.F.);
#7830=ORIENTED_EDGE('',*,*,#7829,.T.);
#7831=ORIENTED_EDGE('',*,*,#7812,.T.);
#7832=EDGE_LOOP('',(#7826,#7827,#7828,#7830,#7831));
#7833=FACE_OUTER_BOUND('',#7832,.F.);
#7834=ADVANCED_FACE('',(#7833),#7825,.F.);
#7835=CARTESIAN_POINT('',(-7.485E0,1.7E0,1.3E0));
#7836=DIRECTION('',(0.E0,-7.071067811865E-1,-7.071067811865E-1));
#7837=DIRECTION('',(0.E0,7.071067811865E-1,-7.071067811865E-1));
#7838=AXIS2_PLACEMENT_3D('',#7835,#7836,#7837);
#7839=PLANE('',#7838);
#7840=ORIENTED_EDGE('',*,*,#7784,.F.);
#7841=ORIENTED_EDGE('',*,*,#7800,.T.);
#7842=ORIENTED_EDGE('',*,*,#7814,.T.);
#7843=ORIENTED_EDGE('',*,*,#7829,.F.);
#7844=EDGE_LOOP('',(#7840,#7841,#7842,#7843));
#7845=FACE_OUTER_BOUND('',#7844,.F.);
#7846=ADVANCED_FACE('',(#7845),#7839,.F.);
#7847=CARTESIAN_POINT('',(-7.53E0,0.E0,0.E0));
#7848=DIRECTION('',(-1.E0,0.E0,0.E0));
#7849=DIRECTION('',(0.E0,-1.E0,0.E0));
#7850=AXIS2_PLACEMENT_3D('',#7847,#7848,#7849);
#7851=PLANE('',#7850);
#7852=ORIENTED_EDGE('',*,*,#7524,.F.);
#7853=ORIENTED_EDGE('',*,*,#7725,.F.);
#7855=ORIENTED_EDGE('',*,*,#7854,.F.);
#7856=ORIENTED_EDGE('',*,*,#7752,.F.);
#7857=ORIENTED_EDGE('',*,*,#7769,.F.);
#7858=EDGE_LOOP('',(#7852,#7853,#7855,#7856,#7857));
#7859=FACE_OUTER_BOUND('',#7858,.F.);
#7860=ADVANCED_FACE('',(#7859),#7851,.T.);
#7861=CARTESIAN_POINT('',(-6.985E0,2.76E0,1.04E0));
#7862=DIRECTION('',(0.E0,1.E0,0.E0));
#7863=DIRECTION('',(0.E0,0.E0,-1.E0));
#7864=AXIS2_PLACEMENT_3D('',#7861,#7862,#7863);
#7865=PLANE('',#7864);
#7866=ORIENTED_EDGE('',*,*,#7738,.F.);
#7867=ORIENTED_EDGE('',*,*,#7754,.T.);
#7868=ORIENTED_EDGE('',*,*,#7854,.T.);
#7869=ORIENTED_EDGE('',*,*,#7723,.F.);
#7870=EDGE_LOOP('',(#7866,#7867,#7868,#7869));
#7871=FACE_OUTER_BOUND('',#7870,.F.);
#7872=ADVANCED_FACE('',(#7871),#7865,.T.);
#7873=CARTESIAN_POINT('',(7.755E0,2.76E0,1.04E0));
#7874=DIRECTION('',(0.E0,1.E0,0.E0));
#7875=DIRECTION('',(0.E0,0.E0,-1.E0));
#7876=AXIS2_PLACEMENT_3D('',#7873,#7874,#7875);
#7877=PLANE('',#7876);
#7878=ORIENTED_EDGE('',*,*,#7625,.T.);
#7879=ORIENTED_EDGE('',*,*,#7693,.T.);
#7880=ORIENTED_EDGE('',*,*,#7549,.F.);
#7881=ORIENTED_EDGE('',*,*,#7602,.F.);
#7882=EDGE_LOOP('',(#7878,#7879,#7880,#7881));
#7883=FACE_OUTER_BOUND('',#7882,.F.);
#7884=ADVANCED_FACE('',(#7883),#7877,.T.);
#7885=CARTESIAN_POINT('',(5.215E0,0.E0,0.E0));
#7886=DIRECTION('',(1.E0,0.E0,0.E0));
#7887=DIRECTION('',(0.E0,1.E0,0.E0));
#7888=AXIS2_PLACEMENT_3D('',#7885,#7886,#7887);
#7889=PLANE('',#7888);
#7890=ORIENTED_EDGE('',*,*,#7469,.F.);
#7891=ORIENTED_EDGE('',*,*,#6537,.T.);
#7893=ORIENTED_EDGE('',*,*,#7892,.T.);
#7895=ORIENTED_EDGE('',*,*,#7894,.T.);
#7897=ORIENTED_EDGE('',*,*,#7896,.T.);
#7898=EDGE_LOOP('',(#7890,#7891,#7893,#7895,#7897));
#7899=FACE_OUTER_BOUND('',#7898,.F.);
#7900=ADVANCED_FACE('',(#7899),#7889,.F.);
#7901=CARTESIAN_POINT('',(5.215E0,1.7E0,2.E0));
#7902=DIRECTION('',(0.E0,-1.E0,0.E0));
#7903=DIRECTION('',(0.E0,0.E0,-1.E0));
#7904=AXIS2_PLACEMENT_3D('',#7901,#7902,#7903);
#7905=PLANE('',#7904);
#7906=ORIENTED_EDGE('',*,*,#6535,.F.);
#7908=ORIENTED_EDGE('',*,*,#7907,.T.);
#7910=ORIENTED_EDGE('',*,*,#7909,.F.);
#7911=ORIENTED_EDGE('',*,*,#7892,.F.);
#7912=EDGE_LOOP('',(#7906,#7908,#7910,#7911));
#7913=FACE_OUTER_BOUND('',#7912,.F.);
#7914=ADVANCED_FACE('',(#7913),#7905,.F.);
#7915=CARTESIAN_POINT('',(3.675E0,0.E0,0.E0));
#7916=DIRECTION('',(1.E0,0.E0,0.E0));
#7917=DIRECTION('',(0.E0,1.E0,0.E0));
#7918=AXIS2_PLACEMENT_3D('',#7915,#7916,#7917);
#7919=PLANE('',#7918);
#7920=ORIENTED_EDGE('',*,*,#7473,.T.);
#7922=ORIENTED_EDGE('',*,*,#7921,.F.);
#7924=ORIENTED_EDGE('',*,*,#7923,.F.);
#7925=ORIENTED_EDGE('',*,*,#7907,.F.);
#7926=ORIENTED_EDGE('',*,*,#6533,.F.);
#7927=EDGE_LOOP('',(#7920,#7922,#7924,#7925,#7926));
#7928=FACE_OUTER_BOUND('',#7927,.F.);
#7929=ADVANCED_FACE('',(#7928),#7919,.T.);
#7930=CARTESIAN_POINT('',(5.215E0,1.9E0,1.1E0));
#7931=DIRECTION('',(0.E0,0.E0,-1.E0));
#7932=DIRECTION('',(0.E0,1.E0,0.E0));
#7933=AXIS2_PLACEMENT_3D('',#7930,#7931,#7932);
#7934=PLANE('',#7933);
#7935=ORIENTED_EDGE('',*,*,#7471,.T.);
#7936=ORIENTED_EDGE('',*,*,#7896,.F.);
#7938=ORIENTED_EDGE('',*,*,#7937,.T.);
#7939=ORIENTED_EDGE('',*,*,#7921,.T.);
#7940=EDGE_LOOP('',(#7935,#7936,#7938,#7939));
#7941=FACE_OUTER_BOUND('',#7940,.F.);
#7942=ADVANCED_FACE('',(#7941),#7934,.F.);
#7943=CARTESIAN_POINT('',(5.215E0,1.7E0,1.3E0));
#7944=DIRECTION('',(0.E0,-7.071067811865E-1,-7.071067811865E-1));
#7945=DIRECTION('',(0.E0,7.071067811865E-1,-7.071067811865E-1));
#7946=AXIS2_PLACEMENT_3D('',#7943,#7944,#7945);
#7947=PLANE('',#7946);
#7948=ORIENTED_EDGE('',*,*,#7894,.F.);
#7949=ORIENTED_EDGE('',*,*,#7909,.T.);
#7950=ORIENTED_EDGE('',*,*,#7923,.T.);
#7951=ORIENTED_EDGE('',*,*,#7937,.F.);
#7952=EDGE_LOOP('',(#7948,#7949,#7950,#7951));
#7953=FACE_OUTER_BOUND('',#7952,.F.);
#7954=ADVANCED_FACE('',(#7953),#7947,.F.);
#7955=CARTESIAN_POINT('',(2.675E0,0.E0,0.E0));
#7956=DIRECTION('',(1.E0,0.E0,0.E0));
#7957=DIRECTION('',(0.E0,1.E0,0.E0));
#7958=AXIS2_PLACEMENT_3D('',#7955,#7956,#7957);
#7959=PLANE('',#7958);
#7960=ORIENTED_EDGE('',*,*,#7476,.F.);
#7961=ORIENTED_EDGE('',*,*,#6529,.T.);
#7963=ORIENTED_EDGE('',*,*,#7962,.T.);
#7965=ORIENTED_EDGE('',*,*,#7964,.T.);
#7967=ORIENTED_EDGE('',*,*,#7966,.T.);
#7968=EDGE_LOOP('',(#7960,#7961,#7963,#7965,#7967));
#7969=FACE_OUTER_BOUND('',#7968,.F.);
#7970=ADVANCED_FACE('',(#7969),#7959,.F.);
#7971=CARTESIAN_POINT('',(2.675E0,1.7E0,2.E0));
#7972=DIRECTION('',(0.E0,-1.E0,0.E0));
#7973=DIRECTION('',(0.E0,0.E0,-1.E0));
#7974=AXIS2_PLACEMENT_3D('',#7971,#7972,#7973);
#7975=PLANE('',#7974);
#7976=ORIENTED_EDGE('',*,*,#6527,.F.);
#7978=ORIENTED_EDGE('',*,*,#7977,.T.);
#7980=ORIENTED_EDGE('',*,*,#7979,.F.);
#7981=ORIENTED_EDGE('',*,*,#7962,.F.);
#7982=EDGE_LOOP('',(#7976,#7978,#7980,#7981));
#7983=FACE_OUTER_BOUND('',#7982,.F.);
#7984=ADVANCED_FACE('',(#7983),#7975,.F.);
#7985=CARTESIAN_POINT('',(1.135E0,0.E0,0.E0));
#7986=DIRECTION('',(1.E0,0.E0,0.E0));
#7987=DIRECTION('',(0.E0,1.E0,0.E0));
#7988=AXIS2_PLACEMENT_3D('',#7985,#7986,#7987);
#7989=PLANE('',#7988);
#7990=ORIENTED_EDGE('',*,*,#7480,.T.);
#7992=ORIENTED_EDGE('',*,*,#7991,.F.);
#7994=ORIENTED_EDGE('',*,*,#7993,.F.);
#7995=ORIENTED_EDGE('',*,*,#7977,.F.);
#7996=ORIENTED_EDGE('',*,*,#6525,.F.);
#7997=EDGE_LOOP('',(#7990,#7992,#7994,#7995,#7996));
#7998=FACE_OUTER_BOUND('',#7997,.F.);
#7999=ADVANCED_FACE('',(#7998),#7989,.T.);
#8000=CARTESIAN_POINT('',(2.675E0,1.9E0,1.1E0));
#8001=DIRECTION('',(0.E0,0.E0,-1.E0));
#8002=DIRECTION('',(0.E0,1.E0,0.E0));
#8003=AXIS2_PLACEMENT_3D('',#8000,#8001,#8002);
#8004=PLANE('',#8003);
#8005=ORIENTED_EDGE('',*,*,#7478,.T.);
#8006=ORIENTED_EDGE('',*,*,#7966,.F.);
#8008=ORIENTED_EDGE('',*,*,#8007,.T.);
#8009=ORIENTED_EDGE('',*,*,#7991,.T.);
#8010=EDGE_LOOP('',(#8005,#8006,#8008,#8009));
#8011=FACE_OUTER_BOUND('',#8010,.F.);
#8012=ADVANCED_FACE('',(#8011),#8004,.F.);
#8013=CARTESIAN_POINT('',(2.675E0,1.7E0,1.3E0));
#8014=DIRECTION('',(0.E0,-7.071067811865E-1,-7.071067811865E-1));
#8015=DIRECTION('',(0.E0,7.071067811865E-1,-7.071067811865E-1));
#8016=AXIS2_PLACEMENT_3D('',#8013,#8014,#8015);
#8017=PLANE('',#8016);
#8018=ORIENTED_EDGE('',*,*,#7964,.F.);
#8019=ORIENTED_EDGE('',*,*,#7979,.T.);
#8020=ORIENTED_EDGE('',*,*,#7993,.T.);
#8021=ORIENTED_EDGE('',*,*,#8007,.F.);
#8022=EDGE_LOOP('',(#8018,#8019,#8020,#8021));
#8023=FACE_OUTER_BOUND('',#8022,.F.);
#8024=ADVANCED_FACE('',(#8023),#8017,.F.);
#8025=CARTESIAN_POINT('',(1.35E-1,0.E0,0.E0));
#8026=DIRECTION('',(1.E0,0.E0,0.E0));
#8027=DIRECTION('',(0.E0,1.E0,0.E0));
#8028=AXIS2_PLACEMENT_3D('',#8025,#8026,#8027);
#8029=PLANE('',#8028);
#8030=ORIENTED_EDGE('',*,*,#7483,.T.);
#8031=ORIENTED_EDGE('',*,*,#6521,.T.);
#8033=ORIENTED_EDGE('',*,*,#8032,.T.);
#8035=ORIENTED_EDGE('',*,*,#8034,.T.);
#8037=ORIENTED_EDGE('',*,*,#8036,.T.);
#8038=EDGE_LOOP('',(#8030,#8031,#8033,#8035,#8037));
#8039=FACE_OUTER_BOUND('',#8038,.F.);
#8040=ADVANCED_FACE('',(#8039),#8029,.F.);
#8041=CARTESIAN_POINT('',(1.35E-1,1.7E0,2.E0));
#8042=DIRECTION('',(0.E0,-1.E0,0.E0));
#8043=DIRECTION('',(0.E0,0.E0,-1.E0));
#8044=AXIS2_PLACEMENT_3D('',#8041,#8042,#8043);
#8045=PLANE('',#8044);
#8046=ORIENTED_EDGE('',*,*,#6519,.F.);
#8048=ORIENTED_EDGE('',*,*,#8047,.T.);
#8050=ORIENTED_EDGE('',*,*,#8049,.F.);
#8051=ORIENTED_EDGE('',*,*,#8032,.F.);
#8052=EDGE_LOOP('',(#8046,#8048,#8050,#8051));
#8053=FACE_OUTER_BOUND('',#8052,.F.);
#8054=ADVANCED_FACE('',(#8053),#8045,.F.);
#8055=CARTESIAN_POINT('',(-1.405E0,0.E0,0.E0));
#8056=DIRECTION('',(1.E0,0.E0,0.E0));
#8057=DIRECTION('',(0.E0,1.E0,0.E0));
#8058=AXIS2_PLACEMENT_3D('',#8055,#8056,#8057);
#8059=PLANE('',#8058);
#8060=ORIENTED_EDGE('',*,*,#7487,.F.);
#8062=ORIENTED_EDGE('',*,*,#8061,.F.);
#8064=ORIENTED_EDGE('',*,*,#8063,.F.);
#8065=ORIENTED_EDGE('',*,*,#8047,.F.);
#8066=ORIENTED_EDGE('',*,*,#6517,.F.);
#8067=EDGE_LOOP('',(#8060,#8062,#8064,#8065,#8066));
#8068=FACE_OUTER_BOUND('',#8067,.F.);
#8069=ADVANCED_FACE('',(#8068),#8059,.T.);
#8070=CARTESIAN_POINT('',(1.35E-1,1.9E0,1.1E0));
#8071=DIRECTION('',(0.E0,0.E0,-1.E0));
#8072=DIRECTION('',(0.E0,1.E0,0.E0));
#8073=AXIS2_PLACEMENT_3D('',#8070,#8071,#8072);
#8074=PLANE('',#8073);
#8075=ORIENTED_EDGE('',*,*,#7485,.T.);
#8076=ORIENTED_EDGE('',*,*,#8036,.F.);
#8078=ORIENTED_EDGE('',*,*,#8077,.T.);
#8079=ORIENTED_EDGE('',*,*,#8061,.T.);
#8080=EDGE_LOOP('',(#8075,#8076,#8078,#8079));
#8081=FACE_OUTER_BOUND('',#8080,.F.);
#8082=ADVANCED_FACE('',(#8081),#8074,.F.);
#8083=CARTESIAN_POINT('',(1.35E-1,1.7E0,1.3E0));
#8084=DIRECTION('',(0.E0,-7.071067811865E-1,-7.071067811865E-1));
#8085=DIRECTION('',(0.E0,7.071067811865E-1,-7.071067811865E-1));
#8086=AXIS2_PLACEMENT_3D('',#8083,#8084,#8085);
#8087=PLANE('',#8086);
#8088=ORIENTED_EDGE('',*,*,#8034,.F.);
#8089=ORIENTED_EDGE('',*,*,#8049,.T.);
#8090=ORIENTED_EDGE('',*,*,#8063,.T.);
#8091=ORIENTED_EDGE('',*,*,#8077,.F.);
#8092=EDGE_LOOP('',(#8088,#8089,#8090,#8091));
#8093=FACE_OUTER_BOUND('',#8092,.F.);
#8094=ADVANCED_FACE('',(#8093),#8087,.F.);
#8095=CARTESIAN_POINT('',(-2.405E0,0.E0,0.E0));
#8096=DIRECTION('',(1.E0,0.E0,0.E0));
#8097=DIRECTION('',(0.E0,1.E0,0.E0));
#8098=AXIS2_PLACEMENT_3D('',#8095,#8096,#8097);
#8099=PLANE('',#8098);
#8100=ORIENTED_EDGE('',*,*,#7490,.T.);
#8101=ORIENTED_EDGE('',*,*,#6513,.T.);
#8103=ORIENTED_EDGE('',*,*,#8102,.T.);
#8105=ORIENTED_EDGE('',*,*,#8104,.T.);
#8107=ORIENTED_EDGE('',*,*,#8106,.T.);
#8108=EDGE_LOOP('',(#8100,#8101,#8103,#8105,#8107));
#8109=FACE_OUTER_BOUND('',#8108,.F.);
#8110=ADVANCED_FACE('',(#8109),#8099,.F.);
#8111=CARTESIAN_POINT('',(-2.405E0,1.7E0,2.E0));
#8112=DIRECTION('',(0.E0,-1.E0,0.E0));
#8113=DIRECTION('',(0.E0,0.E0,-1.E0));
#8114=AXIS2_PLACEMENT_3D('',#8111,#8112,#8113);
#8115=PLANE('',#8114);
#8116=ORIENTED_EDGE('',*,*,#6511,.F.);
#8118=ORIENTED_EDGE('',*,*,#8117,.T.);
#8120=ORIENTED_EDGE('',*,*,#8119,.F.);
#8121=ORIENTED_EDGE('',*,*,#8102,.F.);
#8122=EDGE_LOOP('',(#8116,#8118,#8120,#8121));
#8123=FACE_OUTER_BOUND('',#8122,.F.);
#8124=ADVANCED_FACE('',(#8123),#8115,.F.);
#8125=CARTESIAN_POINT('',(-3.945E0,0.E0,0.E0));
#8126=DIRECTION('',(1.E0,0.E0,0.E0));
#8127=DIRECTION('',(0.E0,1.E0,0.E0));
#8128=AXIS2_PLACEMENT_3D('',#8125,#8126,#8127);
#8129=PLANE('',#8128);
#8130=ORIENTED_EDGE('',*,*,#7494,.F.);
#8132=ORIENTED_EDGE('',*,*,#8131,.F.);
#8134=ORIENTED_EDGE('',*,*,#8133,.F.);
#8135=ORIENTED_EDGE('',*,*,#8117,.F.);
#8136=ORIENTED_EDGE('',*,*,#6509,.F.);
#8137=EDGE_LOOP('',(#8130,#8132,#8134,#8135,#8136));
#8138=FACE_OUTER_BOUND('',#8137,.F.);
#8139=ADVANCED_FACE('',(#8138),#8129,.T.);
#8140=CARTESIAN_POINT('',(-2.405E0,1.9E0,1.1E0));
#8141=DIRECTION('',(0.E0,0.E0,-1.E0));
#8142=DIRECTION('',(0.E0,1.E0,0.E0));
#8143=AXIS2_PLACEMENT_3D('',#8140,#8141,#8142);
#8144=PLANE('',#8143);
#8145=ORIENTED_EDGE('',*,*,#7492,.T.);
#8146=ORIENTED_EDGE('',*,*,#8106,.F.);
#8148=ORIENTED_EDGE('',*,*,#8147,.T.);
#8149=ORIENTED_EDGE('',*,*,#8131,.T.);
#8150=EDGE_LOOP('',(#8145,#8146,#8148,#8149));
#8151=FACE_OUTER_BOUND('',#8150,.F.);
#8152=ADVANCED_FACE('',(#8151),#8144,.F.);
#8153=CARTESIAN_POINT('',(-2.405E0,1.7E0,1.3E0));
#8154=DIRECTION('',(0.E0,-7.071067811865E-1,-7.071067811865E-1));
#8155=DIRECTION('',(0.E0,7.071067811865E-1,-7.071067811865E-1));
#8156=AXIS2_PLACEMENT_3D('',#8153,#8154,#8155);
#8157=PLANE('',#8156);
#8158=ORIENTED_EDGE('',*,*,#8104,.F.);
#8159=ORIENTED_EDGE('',*,*,#8119,.T.);
#8160=ORIENTED_EDGE('',*,*,#8133,.T.);
#8161=ORIENTED_EDGE('',*,*,#8147,.F.);
#8162=EDGE_LOOP('',(#8158,#8159,#8160,#8161));
#8163=FACE_OUTER_BOUND('',#8162,.F.);
#8164=ADVANCED_FACE('',(#8163),#8157,.F.);
#8165=CARTESIAN_POINT('',(-4.945E0,0.E0,0.E0));
#8166=DIRECTION('',(1.E0,0.E0,0.E0));
#8167=DIRECTION('',(0.E0,1.E0,0.E0));
#8168=AXIS2_PLACEMENT_3D('',#8165,#8166,#8167);
#8169=PLANE('',#8168);
#8170=ORIENTED_EDGE('',*,*,#7497,.T.);
#8171=ORIENTED_EDGE('',*,*,#6505,.T.);
#8173=ORIENTED_EDGE('',*,*,#8172,.T.);
#8175=ORIENTED_EDGE('',*,*,#8174,.T.);
#8177=ORIENTED_EDGE('',*,*,#8176,.T.);
#8178=EDGE_LOOP('',(#8170,#8171,#8173,#8175,#8177));
#8179=FACE_OUTER_BOUND('',#8178,.F.);
#8180=ADVANCED_FACE('',(#8179),#8169,.F.);
#8181=CARTESIAN_POINT('',(-4.945E0,1.7E0,2.E0));
#8182=DIRECTION('',(0.E0,-1.E0,0.E0));
#8183=DIRECTION('',(0.E0,0.E0,-1.E0));
#8184=AXIS2_PLACEMENT_3D('',#8181,#8182,#8183);
#8185=PLANE('',#8184);
#8186=ORIENTED_EDGE('',*,*,#6503,.F.);
#8188=ORIENTED_EDGE('',*,*,#8187,.T.);
#8190=ORIENTED_EDGE('',*,*,#8189,.F.);
#8191=ORIENTED_EDGE('',*,*,#8172,.F.);
#8192=EDGE_LOOP('',(#8186,#8188,#8190,#8191));
#8193=FACE_OUTER_BOUND('',#8192,.F.);
#8194=ADVANCED_FACE('',(#8193),#8185,.F.);
#8195=CARTESIAN_POINT('',(-6.485E0,0.E0,0.E0));
#8196=DIRECTION('',(1.E0,0.E0,0.E0));
#8197=DIRECTION('',(0.E0,1.E0,0.E0));
#8198=AXIS2_PLACEMENT_3D('',#8195,#8196,#8197);
#8199=PLANE('',#8198);
#8200=ORIENTED_EDGE('',*,*,#7501,.F.);
#8202=ORIENTED_EDGE('',*,*,#8201,.F.);
#8204=ORIENTED_EDGE('',*,*,#8203,.F.);
#8205=ORIENTED_EDGE('',*,*,#8187,.F.);
#8206=ORIENTED_EDGE('',*,*,#6501,.F.);
#8207=EDGE_LOOP('',(#8200,#8202,#8204,#8205,#8206));
#8208=FACE_OUTER_BOUND('',#8207,.F.);
#8209=ADVANCED_FACE('',(#8208),#8199,.T.);
#8210=CARTESIAN_POINT('',(-4.945E0,1.9E0,1.1E0));
#8211=DIRECTION('',(0.E0,0.E0,-1.E0));
#8212=DIRECTION('',(0.E0,1.E0,0.E0));
#8213=AXIS2_PLACEMENT_3D('',#8210,#8211,#8212);
#8214=PLANE('',#8213);
#8215=ORIENTED_EDGE('',*,*,#7499,.T.);
#8216=ORIENTED_EDGE('',*,*,#8176,.F.);
#8218=ORIENTED_EDGE('',*,*,#8217,.T.);
#8219=ORIENTED_EDGE('',*,*,#8201,.T.);
#8220=EDGE_LOOP('',(#8215,#8216,#8218,#8219));
#8221=FACE_OUTER_BOUND('',#8220,.F.);
#8222=ADVANCED_FACE('',(#8221),#8214,.F.);
#8223=CARTESIAN_POINT('',(-4.945E0,1.7E0,1.3E0));
#8224=DIRECTION('',(0.E0,-7.071067811865E-1,-7.071067811865E-1));
#8225=DIRECTION('',(0.E0,7.071067811865E-1,-7.071067811865E-1));
#8226=AXIS2_PLACEMENT_3D('',#8223,#8224,#8225);
#8227=PLANE('',#8226);
#8228=ORIENTED_EDGE('',*,*,#8174,.F.);
#8229=ORIENTED_EDGE('',*,*,#8189,.T.);
#8230=ORIENTED_EDGE('',*,*,#8203,.T.);
#8231=ORIENTED_EDGE('',*,*,#8217,.F.);
#8232=EDGE_LOOP('',(#8228,#8229,#8230,#8231));
#8233=FACE_OUTER_BOUND('',#8232,.F.);
#8234=ADVANCED_FACE('',(#8233),#8227,.F.);
#8235=CARTESIAN_POINT('',(-9.405E0,-1.6E0,2.E0));
#8236=DIRECTION('',(1.E0,0.E0,0.E0));
#8237=DIRECTION('',(0.E0,1.E0,0.E0));
#8238=AXIS2_PLACEMENT_3D('',#8235,#8236,#8237);
#8239=PLANE('',#8238);
#8240=ORIENTED_EDGE('',*,*,#6478,.F.);
#8241=ORIENTED_EDGE('',*,*,#6445,.T.);
#8243=ORIENTED_EDGE('',*,*,#8242,.T.);
#8244=ORIENTED_EDGE('',*,*,#7518,.F.);
#8245=EDGE_LOOP('',(#8240,#8241,#8243,#8244));
#8246=FACE_OUTER_BOUND('',#8245,.F.);
#8247=ADVANCED_FACE('',(#8246),#8239,.T.);
#8248=CARTESIAN_POINT('',(-9.549337567297E0,4.5E-1,3.85E0));
#8249=DIRECTION('',(8.660254037844E-1,0.E0,5.E-1));
#8250=DIRECTION('',(5.E-1,0.E0,-8.660254037844E-1));
#8251=AXIS2_PLACEMENT_3D('',#8248,#8249,#8250);
#8252=PLANE('',#8251);
#8253=ORIENTED_EDGE('',*,*,#7387,.T.);
#8254=ORIENTED_EDGE('',*,*,#7417,.T.);
#8255=ORIENTED_EDGE('',*,*,#8242,.F.);
#8257=ORIENTED_EDGE('',*,*,#8256,.F.);
#8258=EDGE_LOOP('',(#8253,#8254,#8255,#8257));
#8259=FACE_OUTER_BOUND('',#8258,.F.);
#8260=ADVANCED_FACE('',(#8259),#8252,.T.);
#8261=CARTESIAN_POINT('',(-1.00925E1,-1.455662432703E0,3.85E0));
#8262=DIRECTION('',(0.E0,-8.660254037844E-1,5.E-1));
#8263=DIRECTION('',(0.E0,-5.E-1,-8.660254037844E-1));
#8264=AXIS2_PLACEMENT_3D('',#8261,#8262,#8263);
#8265=PLANE('',#8264);
#8266=ORIENTED_EDGE('',*,*,#6430,.T.);
#8267=ORIENTED_EDGE('',*,*,#7389,.T.);
#8268=ORIENTED_EDGE('',*,*,#8256,.T.);
#8269=ORIENTED_EDGE('',*,*,#6443,.F.);
#8270=EDGE_LOOP('',(#8266,#8267,#8268,#8269));
#8271=FACE_OUTER_BOUND('',#8270,.F.);
#8272=ADVANCED_FACE('',(#8271),#8265,.T.);
#8273=CARTESIAN_POINT('',(1.00925E1,-2.355662432703E0,3.85E0));
#8274=DIRECTION('',(0.E0,-8.660254037844E-1,5.E-1));
#8275=DIRECTION('',(0.E0,-5.E-1,-8.660254037844E-1));
#8276=AXIS2_PLACEMENT_3D('',#8273,#8274,#8275);
#8277=PLANE('',#8276);
#8278=ORIENTED_EDGE('',*,*,#7294,.T.);
#8280=ORIENTED_EDGE('',*,*,#8279,.F.);
#8281=ORIENTED_EDGE('',*,*,#7372,.F.);
#8282=ORIENTED_EDGE('',*,*,#7400,.T.);
#8283=EDGE_LOOP('',(#8278,#8280,#8281,#8282));
#8284=FACE_OUTER_BOUND('',#8283,.F.);
#8285=ADVANCED_FACE('',(#8284),#8277,.T.);
#8286=CARTESIAN_POINT('',(-1.078E1,-2.5E0,2.E0));
#8287=DIRECTION('',(0.E0,-1.E0,0.E0));
#8288=DIRECTION('',(0.E0,0.E0,-1.E0));
#8289=AXIS2_PLACEMENT_3D('',#8286,#8287,#8288);
#8290=PLANE('',#8289);
#8292=ORIENTED_EDGE('',*,*,#8291,.F.);
#8294=ORIENTED_EDGE('',*,*,#8293,.T.);
#8295=ORIENTED_EDGE('',*,*,#6611,.T.);
#8297=ORIENTED_EDGE('',*,*,#8296,.F.);
#8298=EDGE_LOOP('',(#8292,#8294,#8295,#8297));
#8299=FACE_OUTER_BOUND('',#8298,.F.);
#8300=ADVANCED_FACE('',(#8299),#8290,.T.);
#8301=CARTESIAN_POINT('',(-1.078E1,-2.5E0,2.E0));
#8302=DIRECTION('',(0.E0,-1.E0,0.E0));
#8303=DIRECTION('',(0.E0,0.E0,-1.E0));
#8304=AXIS2_PLACEMENT_3D('',#8301,#8302,#8303);
#8305=PLANE('',#8304);
#8307=ORIENTED_EDGE('',*,*,#8306,.T.);
#8308=ORIENTED_EDGE('',*,*,#6563,.T.);
#8310=ORIENTED_EDGE('',*,*,#8309,.F.);
#8312=ORIENTED_EDGE('',*,*,#8311,.F.);
#8313=EDGE_LOOP('',(#8307,#8308,#8310,#8312));
#8314=FACE_OUTER_BOUND('',#8313,.F.);
#8315=ADVANCED_FACE('',(#8314),#8305,.T.);
#8316=CARTESIAN_POINT('',(-1.078E1,-2.5E0,2.E0));
#8317=DIRECTION('',(0.E0,-1.E0,0.E0));
#8318=DIRECTION('',(0.E0,0.E0,-1.E0));
#8319=AXIS2_PLACEMENT_3D('',#8316,#8317,#8318);
#8320=PLANE('',#8319);
#8321=ORIENTED_EDGE('',*,*,#8279,.T.);
#8322=ORIENTED_EDGE('',*,*,#7292,.F.);
#8323=ORIENTED_EDGE('',*,*,#6842,.F.);
#8325=ORIENTED_EDGE('',*,*,#8324,.T.);
#8327=ORIENTED_EDGE('',*,*,#8326,.T.);
#8329=ORIENTED_EDGE('',*,*,#8328,.F.);
#8330=ORIENTED_EDGE('',*,*,#7031,.F.);
#8332=ORIENTED_EDGE('',*,*,#8331,.T.);
#8334=ORIENTED_EDGE('',*,*,#8333,.F.);
#8336=ORIENTED_EDGE('',*,*,#8335,.F.);
#8337=ORIENTED_EDGE('',*,*,#7023,.F.);
#8339=ORIENTED_EDGE('',*,*,#8338,.T.);
#8341=ORIENTED_EDGE('',*,*,#8340,.F.);
#8343=ORIENTED_EDGE('',*,*,#8342,.F.);
#8344=ORIENTED_EDGE('',*,*,#7015,.F.);
#8346=ORIENTED_EDGE('',*,*,#8345,.T.);
#8348=ORIENTED_EDGE('',*,*,#8347,.F.);
#8350=ORIENTED_EDGE('',*,*,#8349,.F.);
#8351=ORIENTED_EDGE('',*,*,#7007,.F.);
#8353=ORIENTED_EDGE('',*,*,#8352,.T.);
#8355=ORIENTED_EDGE('',*,*,#8354,.F.);
#8357=ORIENTED_EDGE('',*,*,#8356,.F.);
#8358=ORIENTED_EDGE('',*,*,#6999,.F.);
#8360=ORIENTED_EDGE('',*,*,#8359,.T.);
#8362=ORIENTED_EDGE('',*,*,#8361,.F.);
#8364=ORIENTED_EDGE('',*,*,#8363,.F.);
#8365=ORIENTED_EDGE('',*,*,#6991,.F.);
#8367=ORIENTED_EDGE('',*,*,#8366,.T.);
#8369=ORIENTED_EDGE('',*,*,#8368,.F.);
#8371=ORIENTED_EDGE('',*,*,#8370,.F.);
#8372=ORIENTED_EDGE('',*,*,#6983,.F.);
#8374=ORIENTED_EDGE('',*,*,#8373,.T.);
#8376=ORIENTED_EDGE('',*,*,#8375,.F.);
#8377=ORIENTED_EDGE('',*,*,#6781,.F.);
#8378=ORIENTED_EDGE('',*,*,#6976,.F.);
#8380=ORIENTED_EDGE('',*,*,#8379,.T.);
#8382=ORIENTED_EDGE('',*,*,#8381,.T.);
#8384=ORIENTED_EDGE('',*,*,#8383,.F.);
#8385=ORIENTED_EDGE('',*,*,#6968,.F.);
#8386=ORIENTED_EDGE('',*,*,#6412,.F.);
#8387=ORIENTED_EDGE('',*,*,#6768,.T.);
#8389=ORIENTED_EDGE('',*,*,#8388,.F.);
#8391=ORIENTED_EDGE('',*,*,#8390,.T.);
#8393=ORIENTED_EDGE('',*,*,#8392,.F.);
#8395=ORIENTED_EDGE('',*,*,#8394,.T.);
#8397=ORIENTED_EDGE('',*,*,#8396,.T.);
#8399=ORIENTED_EDGE('',*,*,#8398,.T.);
#8401=ORIENTED_EDGE('',*,*,#8400,.T.);
#8402=ORIENTED_EDGE('',*,*,#6603,.T.);
#8404=ORIENTED_EDGE('',*,*,#8403,.F.);
#8406=ORIENTED_EDGE('',*,*,#8405,.T.);
#8408=ORIENTED_EDGE('',*,*,#8407,.T.);
#8409=ORIENTED_EDGE('',*,*,#6595,.T.);
#8411=ORIENTED_EDGE('',*,*,#8410,.F.);
#8413=ORIENTED_EDGE('',*,*,#8412,.T.);
#8415=ORIENTED_EDGE('',*,*,#8414,.T.);
#8416=ORIENTED_EDGE('',*,*,#6587,.T.);
#8418=ORIENTED_EDGE('',*,*,#8417,.F.);
#8420=ORIENTED_EDGE('',*,*,#8419,.T.);
#8422=ORIENTED_EDGE('',*,*,#8421,.T.);
#8423=ORIENTED_EDGE('',*,*,#6579,.T.);
#8425=ORIENTED_EDGE('',*,*,#8424,.F.);
#8427=ORIENTED_EDGE('',*,*,#8426,.T.);
#8429=ORIENTED_EDGE('',*,*,#8428,.T.);
#8430=ORIENTED_EDGE('',*,*,#6571,.T.);
#8432=ORIENTED_EDGE('',*,*,#8431,.F.);
#8434=ORIENTED_EDGE('',*,*,#8433,.T.);
#8436=ORIENTED_EDGE('',*,*,#8435,.F.);
#8438=ORIENTED_EDGE('',*,*,#8437,.T.);
#8440=ORIENTED_EDGE('',*,*,#8439,.T.);
#8442=ORIENTED_EDGE('',*,*,#8441,.F.);
#8443=ORIENTED_EDGE('',*,*,#7354,.F.);
#8444=EDGE_LOOP('',(#8321,#8322,#8323,#8325,#8327,#8329,#8330,#8332,#8334,#8336,
#8337,#8339,#8341,#8343,#8344,#8346,#8348,#8350,#8351,#8353,#8355,#8357,#8358,
#8360,#8362,#8364,#8365,#8367,#8369,#8371,#8372,#8374,#8376,#8377,#8378,#8380,
#8382,#8384,#8385,#8386,#8387,#8389,#8391,#8393,#8395,#8397,#8399,#8401,#8402,
#8404,#8406,#8408,#8409,#8411,#8413,#8415,#8416,#8418,#8420,#8422,#8423,#8425,
#8427,#8429,#8430,#8432,#8434,#8436,#8438,#8440,#8442,#8443));
#8445=FACE_OUTER_BOUND('',#8444,.F.);
#8446=ADVANCED_FACE('',(#8445),#8320,.T.);
#8447=CARTESIAN_POINT('',(-8.755E0,-2.5E0,1.3E0));
#8448=DIRECTION('',(0.E0,-7.071067811865E-1,7.071067811865E-1));
#8449=DIRECTION('',(0.E0,-7.071067811865E-1,-7.071067811865E-1));
#8450=AXIS2_PLACEMENT_3D('',#8447,#8448,#8449);
#8451=PLANE('',#8450);
#8452=ORIENTED_EDGE('',*,*,#8291,.T.);
#8454=ORIENTED_EDGE('',*,*,#8453,.T.);
#8456=ORIENTED_EDGE('',*,*,#8455,.F.);
#8458=ORIENTED_EDGE('',*,*,#8457,.F.);
#8459=EDGE_LOOP('',(#8452,#8454,#8456,#8458));
#8460=FACE_OUTER_BOUND('',#8459,.F.);
#8461=ADVANCED_FACE('',(#8460),#8451,.T.);
#8462=CARTESIAN_POINT('',(-7.755E0,0.E0,0.E0));
#8463=DIRECTION('',(1.E0,0.E0,0.E0));
#8464=DIRECTION('',(0.E0,1.E0,0.E0));
#8465=AXIS2_PLACEMENT_3D('',#8462,#8463,#8464);
#8466=PLANE('',#8465);
#8468=ORIENTED_EDGE('',*,*,#8467,.F.);
#8469=ORIENTED_EDGE('',*,*,#8396,.F.);
#8471=ORIENTED_EDGE('',*,*,#8470,.F.);
#8473=ORIENTED_EDGE('',*,*,#8472,.F.);
#8474=ORIENTED_EDGE('',*,*,#8453,.F.);
#8475=ORIENTED_EDGE('',*,*,#8296,.T.);
#8476=ORIENTED_EDGE('',*,*,#6609,.T.);
#8478=ORIENTED_EDGE('',*,*,#8477,.F.);
#8480=ORIENTED_EDGE('',*,*,#8479,.F.);
#8481=EDGE_LOOP('',(#8468,#8469,#8471,#8473,#8474,#8475,#8476,#8478,#8480));
#8482=FACE_OUTER_BOUND('',#8481,.F.);
#8483=ADVANCED_FACE('',(#8482),#8466,.T.);
#8484=CARTESIAN_POINT('',(-6.215E0,-2.5E0,1.1E0));
#8485=DIRECTION('',(0.E0,0.E0,-1.E0));
#8486=DIRECTION('',(0.E0,1.E0,0.E0));
#8487=AXIS2_PLACEMENT_3D('',#8484,#8485,#8486);
#8488=PLANE('',#8487);
#8489=ORIENTED_EDGE('',*,*,#8398,.F.);
#8490=ORIENTED_EDGE('',*,*,#8467,.T.);
#8492=ORIENTED_EDGE('',*,*,#8491,.F.);
#8494=ORIENTED_EDGE('',*,*,#8493,.F.);
#8495=EDGE_LOOP('',(#8489,#8490,#8492,#8494));
#8496=FACE_OUTER_BOUND('',#8495,.F.);
#8497=ADVANCED_FACE('',(#8496),#8488,.F.);
#8498=CARTESIAN_POINT('',(-6.215E0,-1.925E0,1.1E0));
#8499=DIRECTION('',(0.E0,7.071067811865E-1,-7.071067811865E-1));
#8500=DIRECTION('',(0.E0,7.071067811865E-1,7.071067811865E-1));
#8501=AXIS2_PLACEMENT_3D('',#8498,#8499,#8500);
#8502=PLANE('',#8501);
#8504=ORIENTED_EDGE('',*,*,#8503,.F.);
#8505=ORIENTED_EDGE('',*,*,#8491,.T.);
#8506=ORIENTED_EDGE('',*,*,#8479,.T.);
#8508=ORIENTED_EDGE('',*,*,#8507,.F.);
#8509=EDGE_LOOP('',(#8504,#8505,#8506,#8508));
#8510=FACE_OUTER_BOUND('',#8509,.F.);
#8511=ADVANCED_FACE('',(#8510),#8502,.F.);
#8512=CARTESIAN_POINT('',(-6.215E0,0.E0,0.E0));
#8513=DIRECTION('',(1.E0,0.E0,0.E0));
#8514=DIRECTION('',(0.E0,1.E0,0.E0));
#8515=AXIS2_PLACEMENT_3D('',#8512,#8513,#8514);
#8516=PLANE('',#8515);
#8517=ORIENTED_EDGE('',*,*,#8400,.F.);
#8518=ORIENTED_EDGE('',*,*,#8493,.T.);
#8519=ORIENTED_EDGE('',*,*,#8503,.T.);
#8521=ORIENTED_EDGE('',*,*,#8520,.T.);
#8522=ORIENTED_EDGE('',*,*,#6605,.F.);
#8523=EDGE_LOOP('',(#8517,#8518,#8519,#8521,#8522));
#8524=FACE_OUTER_BOUND('',#8523,.F.);
#8525=ADVANCED_FACE('',(#8524),#8516,.F.);
#8526=CARTESIAN_POINT('',(-6.215E0,-1.75E0,1.275E0));
#8527=DIRECTION('',(0.E0,1.E0,0.E0));
#8528=DIRECTION('',(0.E0,0.E0,1.E0));
#8529=AXIS2_PLACEMENT_3D('',#8526,#8527,#8528);
#8530=PLANE('',#8529);
#8531=ORIENTED_EDGE('',*,*,#6607,.T.);
#8532=ORIENTED_EDGE('',*,*,#8520,.F.);
#8533=ORIENTED_EDGE('',*,*,#8507,.T.);
#8534=ORIENTED_EDGE('',*,*,#8477,.T.);
#8535=EDGE_LOOP('',(#8531,#8532,#8533,#8534));
#8536=FACE_OUTER_BOUND('',#8535,.F.);
#8537=ADVANCED_FACE('',(#8536),#8530,.F.);
#8538=CARTESIAN_POINT('',(-8.755E0,-2.76E0,8.713184817530E-1));
#8539=DIRECTION('',(0.E0,-8.191520442890E-1,-5.735764363510E-1));
#8540=DIRECTION('',(0.E0,5.735764363510E-1,-8.191520442890E-1));
#8541=AXIS2_PLACEMENT_3D('',#8538,#8539,#8540);
#8542=PLANE('',#8541);
#8543=ORIENTED_EDGE('',*,*,#8394,.F.);
#8545=ORIENTED_EDGE('',*,*,#8544,.F.);
#8547=ORIENTED_EDGE('',*,*,#8546,.T.);
#8548=ORIENTED_EDGE('',*,*,#8470,.T.);
#8549=EDGE_LOOP('',(#8543,#8545,#8547,#8548));
#8550=FACE_OUTER_BOUND('',#8549,.F.);
#8551=ADVANCED_FACE('',(#8550),#8542,.T.);
#8552=CARTESIAN_POINT('',(-8.755E0,0.E0,0.E0));
#8553=DIRECTION('',(1.E0,0.E0,0.E0));
#8554=DIRECTION('',(0.E0,1.E0,0.E0));
#8555=AXIS2_PLACEMENT_3D('',#8552,#8553,#8554);
#8556=PLANE('',#8555);
#8557=ORIENTED_EDGE('',*,*,#8293,.F.);
#8558=ORIENTED_EDGE('',*,*,#8457,.T.);
#8560=ORIENTED_EDGE('',*,*,#8559,.T.);
#8561=ORIENTED_EDGE('',*,*,#8544,.T.);
#8562=ORIENTED_EDGE('',*,*,#8392,.T.);
#8564=ORIENTED_EDGE('',*,*,#8563,.T.);
#8566=ORIENTED_EDGE('',*,*,#8565,.T.);
#8568=ORIENTED_EDGE('',*,*,#8567,.T.);
#8569=ORIENTED_EDGE('',*,*,#6613,.F.);
#8570=EDGE_LOOP('',(#8557,#8558,#8560,#8561,#8562,#8564,#8566,#8568,#8569));
#8571=FACE_OUTER_BOUND('',#8570,.F.);
#8572=ADVANCED_FACE('',(#8571),#8556,.F.);
#8573=CARTESIAN_POINT('',(-8.755E0,-2.76E0,1.04E0));
#8574=DIRECTION('',(0.E0,-1.E0,0.E0));
#8575=DIRECTION('',(0.E0,0.E0,-1.E0));
#8576=AXIS2_PLACEMENT_3D('',#8573,#8574,#8575);
#8577=PLANE('',#8576);
#8578=ORIENTED_EDGE('',*,*,#8559,.F.);
#8579=ORIENTED_EDGE('',*,*,#8455,.T.);
#8580=ORIENTED_EDGE('',*,*,#8472,.T.);
#8581=ORIENTED_EDGE('',*,*,#8546,.F.);
#8582=EDGE_LOOP('',(#8578,#8579,#8580,#8581));
#8583=FACE_OUTER_BOUND('',#8582,.F.);
#8584=ADVANCED_FACE('',(#8583),#8577,.T.);
#8585=CARTESIAN_POINT('',(-8.755E0,-2.5E0,1.1E0));
#8586=DIRECTION('',(0.E0,0.E0,-1.E0));
#8587=DIRECTION('',(0.E0,1.E0,0.E0));
#8588=AXIS2_PLACEMENT_3D('',#8585,#8586,#8587);
#8589=PLANE('',#8588);
#8590=ORIENTED_EDGE('',*,*,#8390,.F.);
#8592=ORIENTED_EDGE('',*,*,#8591,.T.);
#8594=ORIENTED_EDGE('',*,*,#8593,.F.);
#8595=ORIENTED_EDGE('',*,*,#8563,.F.);
#8596=EDGE_LOOP('',(#8590,#8592,#8594,#8595));
#8597=FACE_OUTER_BOUND('',#8596,.F.);
#8598=ADVANCED_FACE('',(#8597),#8589,.F.);
#8599=CARTESIAN_POINT('',(-1.0295E1,0.E0,0.E0));
#8600=DIRECTION('',(1.E0,0.E0,0.E0));
#8601=DIRECTION('',(0.E0,1.E0,0.E0));
#8602=AXIS2_PLACEMENT_3D('',#8599,#8600,#8601);
#8603=PLANE('',#8602);
#8604=ORIENTED_EDGE('',*,*,#6766,.T.);
#8605=ORIENTED_EDGE('',*,*,#6460,.F.);
#8607=ORIENTED_EDGE('',*,*,#8606,.F.);
#8609=ORIENTED_EDGE('',*,*,#8608,.F.);
#8610=ORIENTED_EDGE('',*,*,#8591,.F.);
#8611=ORIENTED_EDGE('',*,*,#8388,.T.);
#8612=EDGE_LOOP('',(#8604,#8605,#8607,#8609,#8610,#8611));
#8613=FACE_OUTER_BOUND('',#8612,.F.);
#8614=ADVANCED_FACE('',(#8613),#8603,.T.);
#8615=CARTESIAN_POINT('',(-8.755E0,-1.75E0,1.275E0));
#8616=DIRECTION('',(0.E0,1.E0,0.E0));
#8617=DIRECTION('',(0.E0,0.E0,1.E0));
#8618=AXIS2_PLACEMENT_3D('',#8615,#8616,#8617);
#8619=PLANE('',#8618);
#8620=ORIENTED_EDGE('',*,*,#8606,.T.);
#8621=ORIENTED_EDGE('',*,*,#6458,.F.);
#8622=ORIENTED_EDGE('',*,*,#6475,.F.);
#8623=ORIENTED_EDGE('',*,*,#6615,.T.);
#8624=ORIENTED_EDGE('',*,*,#8567,.F.);
#8626=ORIENTED_EDGE('',*,*,#8625,.T.);
#8627=EDGE_LOOP('',(#8620,#8621,#8622,#8623,#8624,#8626));
#8628=FACE_OUTER_BOUND('',#8627,.F.);
#8629=ADVANCED_FACE('',(#8628),#8619,.F.);
#8630=CARTESIAN_POINT('',(-8.755E0,-1.925E0,1.1E0));
#8631=DIRECTION('',(0.E0,7.071067811865E-1,-7.071067811865E-1));
#8632=DIRECTION('',(0.E0,7.071067811865E-1,7.071067811865E-1));
#8633=AXIS2_PLACEMENT_3D('',#8630,#8631,#8632);
#8634=PLANE('',#8633);
#8635=ORIENTED_EDGE('',*,*,#8565,.F.);
#8636=ORIENTED_EDGE('',*,*,#8593,.T.);
#8637=ORIENTED_EDGE('',*,*,#8608,.T.);
#8638=ORIENTED_EDGE('',*,*,#8625,.F.);
#8639=EDGE_LOOP('',(#8635,#8636,#8637,#8638));
#8640=FACE_OUTER_BOUND('',#8639,.F.);
#8641=ADVANCED_FACE('',(#8640),#8634,.F.);
#8642=CARTESIAN_POINT('',(6.485E0,0.E0,0.E0));
#8643=DIRECTION('',(1.E0,0.E0,0.E0));
#8644=DIRECTION('',(0.E0,1.E0,0.E0));
#8645=AXIS2_PLACEMENT_3D('',#8642,#8643,#8644);
#8646=PLANE('',#8645);
#8647=ORIENTED_EDGE('',*,*,#8306,.F.);
#8649=ORIENTED_EDGE('',*,*,#8648,.T.);
#8651=ORIENTED_EDGE('',*,*,#8650,.T.);
#8653=ORIENTED_EDGE('',*,*,#8652,.T.);
#8654=ORIENTED_EDGE('',*,*,#8435,.T.);
#8656=ORIENTED_EDGE('',*,*,#8655,.T.);
#8658=ORIENTED_EDGE('',*,*,#8657,.T.);
#8660=ORIENTED_EDGE('',*,*,#8659,.T.);
#8661=ORIENTED_EDGE('',*,*,#6565,.F.);
#8662=EDGE_LOOP('',(#8647,#8649,#8651,#8653,#8654,#8656,#8658,#8660,#8661));
#8663=FACE_OUTER_BOUND('',#8662,.F.);
#8664=ADVANCED_FACE('',(#8663),#8646,.F.);
#8665=CARTESIAN_POINT('',(6.485E0,-2.5E0,1.3E0));
#8666=DIRECTION('',(0.E0,-7.071067811865E-1,7.071067811865E-1));
#8667=DIRECTION('',(0.E0,-7.071067811865E-1,-7.071067811865E-1));
#8668=AXIS2_PLACEMENT_3D('',#8665,#8666,#8667);
#8669=PLANE('',#8668);
#8670=ORIENTED_EDGE('',*,*,#8311,.T.);
#8672=ORIENTED_EDGE('',*,*,#8671,.T.);
#8674=ORIENTED_EDGE('',*,*,#8673,.F.);
#8675=ORIENTED_EDGE('',*,*,#8648,.F.);
#8676=EDGE_LOOP('',(#8670,#8672,#8674,#8675));
#8677=FACE_OUTER_BOUND('',#8676,.F.);
#8678=ADVANCED_FACE('',(#8677),#8669,.T.);
#8679=CARTESIAN_POINT('',(7.485E0,0.E0,0.E0));
#8680=DIRECTION('',(1.E0,0.E0,0.E0));
#8681=DIRECTION('',(0.E0,1.E0,0.E0));
#8682=AXIS2_PLACEMENT_3D('',#8679,#8680,#8681);
#8683=PLANE('',#8682);
#8685=ORIENTED_EDGE('',*,*,#8684,.F.);
#8686=ORIENTED_EDGE('',*,*,#8439,.F.);
#8688=ORIENTED_EDGE('',*,*,#8687,.F.);
#8690=ORIENTED_EDGE('',*,*,#8689,.F.);
#8691=ORIENTED_EDGE('',*,*,#8671,.F.);
#8692=ORIENTED_EDGE('',*,*,#8309,.T.);
#8693=ORIENTED_EDGE('',*,*,#6561,.T.);
#8695=ORIENTED_EDGE('',*,*,#8694,.F.);
#8697=ORIENTED_EDGE('',*,*,#8696,.F.);
#8698=EDGE_LOOP('',(#8685,#8686,#8688,#8690,#8691,#8692,#8693,#8695,#8697));
#8699=FACE_OUTER_BOUND('',#8698,.F.);
#8700=ADVANCED_FACE('',(#8699),#8683,.T.);
#8701=CARTESIAN_POINT('',(9.405E0,-1.925E0,1.1E0));
#8702=DIRECTION('',(0.E0,0.E0,-1.E0));
#8703=DIRECTION('',(0.E0,-1.E0,0.E0));
#8704=AXIS2_PLACEMENT_3D('',#8701,#8702,#8703);
#8705=PLANE('',#8704);
#8706=ORIENTED_EDGE('',*,*,#8684,.T.);
#8708=ORIENTED_EDGE('',*,*,#8707,.T.);
#8709=ORIENTED_EDGE('',*,*,#7356,.T.);
#8710=ORIENTED_EDGE('',*,*,#8441,.T.);
#8711=EDGE_LOOP('',(#8706,#8708,#8709,#8710));
#8712=FACE_OUTER_BOUND('',#8711,.F.);
#8713=ADVANCED_FACE('',(#8712),#8705,.F.);
#8714=CARTESIAN_POINT('',(9.405E0,-1.75E0,1.275E0));
#8715=DIRECTION('',(0.E0,7.071067811865E-1,-7.071067811865E-1));
#8716=DIRECTION('',(0.E0,-7.071067811865E-1,-7.071067811865E-1));
#8717=AXIS2_PLACEMENT_3D('',#8714,#8715,#8716);
#8718=PLANE('',#8717);
#8719=ORIENTED_EDGE('',*,*,#8707,.F.);
#8720=ORIENTED_EDGE('',*,*,#8696,.T.);
#8722=ORIENTED_EDGE('',*,*,#8721,.T.);
#8723=ORIENTED_EDGE('',*,*,#7358,.T.);
#8724=EDGE_LOOP('',(#8719,#8720,#8722,#8723));
#8725=FACE_OUTER_BOUND('',#8724,.F.);
#8726=ADVANCED_FACE('',(#8725),#8718,.F.);
#8727=CARTESIAN_POINT('',(9.405E0,-1.75E0,2.E0));
#8728=DIRECTION('',(0.E0,1.E0,0.E0));
#8729=DIRECTION('',(0.E0,0.E0,-1.E0));
#8730=AXIS2_PLACEMENT_3D('',#8727,#8728,#8729);
#8731=PLANE('',#8730);
#8732=ORIENTED_EDGE('',*,*,#6559,.T.);
#8733=ORIENTED_EDGE('',*,*,#7340,.F.);
#8734=ORIENTED_EDGE('',*,*,#7360,.T.);
#8735=ORIENTED_EDGE('',*,*,#8721,.F.);
#8736=ORIENTED_EDGE('',*,*,#8694,.T.);
#8737=EDGE_LOOP('',(#8732,#8733,#8734,#8735,#8736));
#8738=FACE_OUTER_BOUND('',#8737,.F.);
#8739=ADVANCED_FACE('',(#8738),#8731,.F.);
#8740=CARTESIAN_POINT('',(6.485E0,-2.76E0,8.713184817530E-1));
#8741=DIRECTION('',(0.E0,-8.191520442890E-1,-5.735764363510E-1));
#8742=DIRECTION('',(0.E0,5.735764363510E-1,-8.191520442890E-1));
#8743=AXIS2_PLACEMENT_3D('',#8740,#8741,#8742);
#8744=PLANE('',#8743);
#8745=ORIENTED_EDGE('',*,*,#8437,.F.);
#8746=ORIENTED_EDGE('',*,*,#8652,.F.);
#8748=ORIENTED_EDGE('',*,*,#8747,.T.);
#8749=ORIENTED_EDGE('',*,*,#8687,.T.);
#8750=EDGE_LOOP('',(#8745,#8746,#8748,#8749));
#8751=FACE_OUTER_BOUND('',#8750,.F.);
#8752=ADVANCED_FACE('',(#8751),#8744,.T.);
#8753=CARTESIAN_POINT('',(6.485E0,-2.76E0,1.04E0));
#8754=DIRECTION('',(0.E0,-1.E0,0.E0));
#8755=DIRECTION('',(0.E0,0.E0,-1.E0));
#8756=AXIS2_PLACEMENT_3D('',#8753,#8754,#8755);
#8757=PLANE('',#8756);
#8758=ORIENTED_EDGE('',*,*,#8650,.F.);
#8759=ORIENTED_EDGE('',*,*,#8673,.T.);
#8760=ORIENTED_EDGE('',*,*,#8689,.T.);
#8761=ORIENTED_EDGE('',*,*,#8747,.F.);
#8762=EDGE_LOOP('',(#8758,#8759,#8760,#8761));
#8763=FACE_OUTER_BOUND('',#8762,.F.);
#8764=ADVANCED_FACE('',(#8763),#8757,.T.);
#8765=CARTESIAN_POINT('',(6.485E0,-2.5E0,1.1E0));
#8766=DIRECTION('',(0.E0,0.E0,-1.E0));
#8767=DIRECTION('',(0.E0,1.E0,0.E0));
#8768=AXIS2_PLACEMENT_3D('',#8765,#8766,#8767);
#8769=PLANE('',#8768);
#8770=ORIENTED_EDGE('',*,*,#8433,.F.);
#8772=ORIENTED_EDGE('',*,*,#8771,.T.);
#8774=ORIENTED_EDGE('',*,*,#8773,.F.);
#8775=ORIENTED_EDGE('',*,*,#8655,.F.);
#8776=EDGE_LOOP('',(#8770,#8772,#8774,#8775));
#8777=FACE_OUTER_BOUND('',#8776,.F.);
#8778=ADVANCED_FACE('',(#8777),#8769,.F.);
#8779=CARTESIAN_POINT('',(4.945E0,0.E0,0.E0));
#8780=DIRECTION('',(1.E0,0.E0,0.E0));
#8781=DIRECTION('',(0.E0,1.E0,0.E0));
#8782=AXIS2_PLACEMENT_3D('',#8779,#8780,#8781);
#8783=PLANE('',#8782);
#8784=ORIENTED_EDGE('',*,*,#8431,.T.);
#8785=ORIENTED_EDGE('',*,*,#6569,.T.);
#8787=ORIENTED_EDGE('',*,*,#8786,.F.);
#8789=ORIENTED_EDGE('',*,*,#8788,.F.);
#8790=ORIENTED_EDGE('',*,*,#8771,.F.);
#8791=EDGE_LOOP('',(#8784,#8785,#8787,#8789,#8790));
#8792=FACE_OUTER_BOUND('',#8791,.F.);
#8793=ADVANCED_FACE('',(#8792),#8783,.T.);
#8794=CARTESIAN_POINT('',(6.485E0,-1.75E0,1.275E0));
#8795=DIRECTION('',(0.E0,1.E0,0.E0));
#8796=DIRECTION('',(0.E0,0.E0,1.E0));
#8797=AXIS2_PLACEMENT_3D('',#8794,#8795,#8796);
#8798=PLANE('',#8797);
#8799=ORIENTED_EDGE('',*,*,#6567,.T.);
#8800=ORIENTED_EDGE('',*,*,#8659,.F.);
#8802=ORIENTED_EDGE('',*,*,#8801,.T.);
#8803=ORIENTED_EDGE('',*,*,#8786,.T.);
#8804=EDGE_LOOP('',(#8799,#8800,#8802,#8803));
#8805=FACE_OUTER_BOUND('',#8804,.F.);
#8806=ADVANCED_FACE('',(#8805),#8798,.F.);
#8807=CARTESIAN_POINT('',(6.485E0,-1.925E0,1.1E0));
#8808=DIRECTION('',(0.E0,7.071067811865E-1,-7.071067811865E-1));
#8809=DIRECTION('',(0.E0,7.071067811865E-1,7.071067811865E-1));
#8810=AXIS2_PLACEMENT_3D('',#8807,#8808,#8809);
#8811=PLANE('',#8810);
#8812=ORIENTED_EDGE('',*,*,#8657,.F.);
#8813=ORIENTED_EDGE('',*,*,#8773,.T.);
#8814=ORIENTED_EDGE('',*,*,#8788,.T.);
#8815=ORIENTED_EDGE('',*,*,#8801,.F.);
#8816=EDGE_LOOP('',(#8812,#8813,#8814,#8815));
#8817=FACE_OUTER_BOUND('',#8816,.F.);
#8818=ADVANCED_FACE('',(#8817),#8811,.F.);
#8819=CARTESIAN_POINT('',(1.018E1,-1.73E0,0.E0));
#8820=DIRECTION('',(1.E0,0.E0,0.E0));
#8821=DIRECTION('',(0.E0,-1.E0,0.E0));
#8822=AXIS2_PLACEMENT_3D('',#8819,#8820,#8821);
#8823=PLANE('',#8822);
#8824=ORIENTED_EDGE('',*,*,#6840,.T.);
#8826=ORIENTED_EDGE('',*,*,#8825,.T.);
#8828=ORIENTED_EDGE('',*,*,#8827,.T.);
#8829=ORIENTED_EDGE('',*,*,#8324,.F.);
#8830=EDGE_LOOP('',(#8824,#8826,#8828,#8829));
#8831=FACE_OUTER_BOUND('',#8830,.F.);
#8832=ADVANCED_FACE('',(#8831),#8823,.T.);
#8833=CARTESIAN_POINT('',(9.18E0,-1.73E0,0.E0));
#8834=DIRECTION('',(0.E0,1.E0,0.E0));
#8835=DIRECTION('',(1.E0,0.E0,0.E0));
#8836=AXIS2_PLACEMENT_3D('',#8833,#8834,#8835);
#8837=PLANE('',#8836);
#8838=ORIENTED_EDGE('',*,*,#6838,.F.);
#8840=ORIENTED_EDGE('',*,*,#8839,.T.);
#8842=ORIENTED_EDGE('',*,*,#8841,.T.);
#8843=ORIENTED_EDGE('',*,*,#8825,.F.);
#8844=EDGE_LOOP('',(#8838,#8840,#8842,#8843));
#8845=FACE_OUTER_BOUND('',#8844,.F.);
#8846=ADVANCED_FACE('',(#8845),#8837,.T.);
#8847=CARTESIAN_POINT('',(9.18E0,-2.5E0,0.E0));
#8848=DIRECTION('',(-1.E0,0.E0,0.E0));
#8849=DIRECTION('',(0.E0,1.E0,0.E0));
#8850=AXIS2_PLACEMENT_3D('',#8847,#8848,#8849);
#8851=PLANE('',#8850);
#8852=ORIENTED_EDGE('',*,*,#6836,.F.);
#8853=ORIENTED_EDGE('',*,*,#8328,.T.);
#8855=ORIENTED_EDGE('',*,*,#8854,.T.);
#8856=ORIENTED_EDGE('',*,*,#8839,.F.);
#8857=EDGE_LOOP('',(#8852,#8853,#8855,#8856));
#8858=FACE_OUTER_BOUND('',#8857,.F.);
#8859=ADVANCED_FACE('',(#8858),#8851,.T.);
#8860=CARTESIAN_POINT('',(-1.078E1,-2.5E0,-9.5E-1));
#8861=DIRECTION('',(0.E0,0.E0,-1.E0));
#8862=DIRECTION('',(1.E0,0.E0,0.E0));
#8863=AXIS2_PLACEMENT_3D('',#8860,#8861,#8862);
#8864=PLANE('',#8863);
#8865=ORIENTED_EDGE('',*,*,#8854,.F.);
#8866=ORIENTED_EDGE('',*,*,#8326,.F.);
#8867=ORIENTED_EDGE('',*,*,#8827,.F.);
#8868=ORIENTED_EDGE('',*,*,#8841,.F.);
#8869=EDGE_LOOP('',(#8865,#8866,#8867,#8868));
#8870=FACE_OUTER_BOUND('',#8869,.F.);
#8871=ADVANCED_FACE('',(#8870),#8864,.T.);
#8872=CARTESIAN_POINT('',(-1.078E1,-2.5E0,-9.5E-1));
#8873=DIRECTION('',(0.E0,0.E0,-1.E0));
#8874=DIRECTION('',(1.E0,0.E0,0.E0));
#8875=AXIS2_PLACEMENT_3D('',#8872,#8873,#8874);
#8876=PLANE('',#8875);
#8877=ORIENTED_EDGE('',*,*,#8381,.F.);
#8879=ORIENTED_EDGE('',*,*,#8878,.F.);
#8881=ORIENTED_EDGE('',*,*,#8880,.F.);
#8883=ORIENTED_EDGE('',*,*,#8882,.F.);
#8884=EDGE_LOOP('',(#8877,#8879,#8881,#8883));
#8885=FACE_OUTER_BOUND('',#8884,.F.);
#8886=ADVANCED_FACE('',(#8885),#8876,.T.);
#8887=CARTESIAN_POINT('',(-9.18E0,-1.73E0,0.E0));
#8888=DIRECTION('',(1.E0,0.E0,0.E0));
#8889=DIRECTION('',(0.E0,-1.E0,0.E0));
#8890=AXIS2_PLACEMENT_3D('',#8887,#8888,#8889);
#8891=PLANE('',#8890);
#8892=ORIENTED_EDGE('',*,*,#6974,.T.);
#8894=ORIENTED_EDGE('',*,*,#8893,.T.);
#8895=ORIENTED_EDGE('',*,*,#8878,.T.);
#8896=ORIENTED_EDGE('',*,*,#8379,.F.);
#8897=EDGE_LOOP('',(#8892,#8894,#8895,#8896));
#8898=FACE_OUTER_BOUND('',#8897,.F.);
#8899=ADVANCED_FACE('',(#8898),#8891,.T.);
#8900=CARTESIAN_POINT('',(-1.018E1,-1.73E0,0.E0));
#8901=DIRECTION('',(0.E0,1.E0,0.E0));
#8902=DIRECTION('',(1.E0,0.E0,0.E0));
#8903=AXIS2_PLACEMENT_3D('',#8900,#8901,#8902);
#8904=PLANE('',#8903);
#8905=ORIENTED_EDGE('',*,*,#6972,.F.);
#8907=ORIENTED_EDGE('',*,*,#8906,.T.);
#8908=ORIENTED_EDGE('',*,*,#8880,.T.);
#8909=ORIENTED_EDGE('',*,*,#8893,.F.);
#8910=EDGE_LOOP('',(#8905,#8907,#8908,#8909));
#8911=FACE_OUTER_BOUND('',#8910,.F.);
#8912=ADVANCED_FACE('',(#8911),#8904,.T.);
#8913=CARTESIAN_POINT('',(-1.018E1,-2.5E0,0.E0));
#8914=DIRECTION('',(-1.E0,0.E0,0.E0));
#8915=DIRECTION('',(0.E0,1.E0,0.E0));
#8916=AXIS2_PLACEMENT_3D('',#8913,#8914,#8915);
#8917=PLANE('',#8916);
#8918=ORIENTED_EDGE('',*,*,#6970,.F.);
#8919=ORIENTED_EDGE('',*,*,#8383,.T.);
#8920=ORIENTED_EDGE('',*,*,#8882,.T.);
#8921=ORIENTED_EDGE('',*,*,#8906,.F.);
#8922=EDGE_LOOP('',(#8918,#8919,#8920,#8921));
#8923=FACE_OUTER_BOUND('',#8922,.F.);
#8924=ADVANCED_FACE('',(#8923),#8917,.T.);
#8925=CARTESIAN_POINT('',(7.135E0,0.E0,0.E0));
#8926=DIRECTION('',(1.E0,0.E0,0.E0));
#8927=DIRECTION('',(0.E0,1.E0,0.E0));
#8928=AXIS2_PLACEMENT_3D('',#8925,#8926,#8927);
#8929=PLANE('',#8928);
#8931=ORIENTED_EDGE('',*,*,#8930,.F.);
#8933=ORIENTED_EDGE('',*,*,#8932,.F.);
#8935=ORIENTED_EDGE('',*,*,#8934,.F.);
#8937=ORIENTED_EDGE('',*,*,#8936,.F.);
#8938=ORIENTED_EDGE('',*,*,#6860,.F.);
#8939=EDGE_LOOP('',(#8931,#8933,#8935,#8937,#8938));
#8940=FACE_OUTER_BOUND('',#8939,.F.);
#8941=ADVANCED_FACE('',(#8940),#8929,.T.);
#8942=CARTESIAN_POINT('',(7.135E0,0.E0,0.E0));
#8943=DIRECTION('',(1.E0,0.E0,0.E0));
#8944=DIRECTION('',(0.E0,1.E0,0.E0));
#8945=AXIS2_PLACEMENT_3D('',#8942,#8943,#8944);
#8946=PLANE('',#8945);
#8947=ORIENTED_EDGE('',*,*,#8331,.F.);
#8948=ORIENTED_EDGE('',*,*,#7029,.F.);
#8950=ORIENTED_EDGE('',*,*,#8949,.F.);
#8952=ORIENTED_EDGE('',*,*,#8951,.F.);
#8954=ORIENTED_EDGE('',*,*,#8953,.F.);
#8956=ORIENTED_EDGE('',*,*,#8955,.F.);
#8958=ORIENTED_EDGE('',*,*,#8957,.F.);
#8960=ORIENTED_EDGE('',*,*,#8959,.F.);
#8961=EDGE_LOOP('',(#8947,#8948,#8950,#8952,#8954,#8956,#8958,#8960));
#8962=FACE_OUTER_BOUND('',#8961,.F.);
#8963=ADVANCED_FACE('',(#8962),#8946,.T.);
#8964=CARTESIAN_POINT('',(7.135E0,0.E0,0.E0));
#8965=DIRECTION('',(1.E0,0.E0,0.E0));
#8966=DIRECTION('',(0.E0,1.E0,0.E0));
#8967=AXIS2_PLACEMENT_3D('',#8964,#8965,#8966);
#8968=PLANE('',#8967);
#8970=ORIENTED_EDGE('',*,*,#8969,.F.);
#8972=ORIENTED_EDGE('',*,*,#8971,.F.);
#8973=ORIENTED_EDGE('',*,*,#6683,.F.);
#8975=ORIENTED_EDGE('',*,*,#8974,.F.);
#8976=EDGE_LOOP('',(#8970,#8972,#8973,#8975));
#8977=FACE_OUTER_BOUND('',#8976,.F.);
#8978=ADVANCED_FACE('',(#8977),#8968,.T.);
#8979=CARTESIAN_POINT('',(6.835E0,2.3E0,0.E0));
#8980=DIRECTION('',(0.E0,0.E0,1.E0));
#8981=DIRECTION('',(0.E0,-1.E0,0.E0));
#8982=AXIS2_PLACEMENT_3D('',#8979,#8980,#8981);
#8983=PLANE('',#8982);
#8985=ORIENTED_EDGE('',*,*,#8984,.F.);
#8987=ORIENTED_EDGE('',*,*,#8986,.T.);
#8988=ORIENTED_EDGE('',*,*,#8930,.T.);
#8989=ORIENTED_EDGE('',*,*,#7231,.F.);
#8990=EDGE_LOOP('',(#8985,#8987,#8988,#8989));
#8991=FACE_OUTER_BOUND('',#8990,.F.);
#8992=ADVANCED_FACE('',(#8991),#8983,.T.);
#8993=CARTESIAN_POINT('',(6.835E0,0.E0,0.E0));
#8994=DIRECTION('',(1.E0,0.E0,0.E0));
#8995=DIRECTION('',(0.E0,1.E0,0.E0));
#8996=AXIS2_PLACEMENT_3D('',#8993,#8994,#8995);
#8997=PLANE('',#8996);
#8998=ORIENTED_EDGE('',*,*,#8984,.T.);
#8999=ORIENTED_EDGE('',*,*,#6864,.F.);
#9001=ORIENTED_EDGE('',*,*,#9000,.T.);
#9003=ORIENTED_EDGE('',*,*,#9002,.T.);
#9005=ORIENTED_EDGE('',*,*,#9004,.T.);
#9006=EDGE_LOOP('',(#8998,#8999,#9001,#9003,#9005));
#9007=FACE_OUTER_BOUND('',#9006,.F.);
#9008=ADVANCED_FACE('',(#9007),#8997,.F.);
#9009=CARTESIAN_POINT('',(6.835E0,0.E0,0.E0));
#9010=DIRECTION('',(1.E0,0.E0,0.E0));
#9011=DIRECTION('',(0.E0,1.E0,0.E0));
#9012=AXIS2_PLACEMENT_3D('',#9009,#9010,#9011);
#9013=PLANE('',#9012);
#9014=ORIENTED_EDGE('',*,*,#8335,.T.);
#9016=ORIENTED_EDGE('',*,*,#9015,.T.);
#9018=ORIENTED_EDGE('',*,*,#9017,.T.);
#9020=ORIENTED_EDGE('',*,*,#9019,.T.);
#9022=ORIENTED_EDGE('',*,*,#9021,.T.);
#9024=ORIENTED_EDGE('',*,*,#9023,.T.);
#9026=ORIENTED_EDGE('',*,*,#9025,.T.);
#9027=ORIENTED_EDGE('',*,*,#7025,.F.);
#9028=EDGE_LOOP('',(#9014,#9016,#9018,#9020,#9022,#9024,#9026,#9027));
#9029=FACE_OUTER_BOUND('',#9028,.F.);
#9030=ADVANCED_FACE('',(#9029),#9013,.F.);
#9031=CARTESIAN_POINT('',(6.835E0,0.E0,0.E0));
#9032=DIRECTION('',(1.E0,0.E0,0.E0));
#9033=DIRECTION('',(0.E0,1.E0,0.E0));
#9034=AXIS2_PLACEMENT_3D('',#9031,#9032,#9033);
#9035=PLANE('',#9034);
#9037=ORIENTED_EDGE('',*,*,#9036,.F.);
#9039=ORIENTED_EDGE('',*,*,#9038,.T.);
#9040=ORIENTED_EDGE('',*,*,#6679,.T.);
#9042=ORIENTED_EDGE('',*,*,#9041,.T.);
#9043=EDGE_LOOP('',(#9037,#9039,#9040,#9042));
#9044=FACE_OUTER_BOUND('',#9043,.F.);
#9045=ADVANCED_FACE('',(#9044),#9035,.F.);
#9046=CARTESIAN_POINT('',(6.835E0,1.55E-1,0.E0));
#9047=DIRECTION('',(0.E0,-1.E0,0.E0));
#9048=DIRECTION('',(0.E0,0.E0,-1.E0));
#9049=AXIS2_PLACEMENT_3D('',#9046,#9047,#9048);
#9050=PLANE('',#9049);
#9051=ORIENTED_EDGE('',*,*,#9000,.F.);
#9052=ORIENTED_EDGE('',*,*,#6862,.T.);
#9053=ORIENTED_EDGE('',*,*,#8936,.T.);
#9055=ORIENTED_EDGE('',*,*,#9054,.F.);
#9056=EDGE_LOOP('',(#9051,#9052,#9053,#9055));
#9057=FACE_OUTER_BOUND('',#9056,.F.);
#9058=ADVANCED_FACE('',(#9057),#9050,.T.);
#9059=CARTESIAN_POINT('',(6.835E0,1.55E-1,-8.5E-1));
#9060=DIRECTION('',(0.E0,0.E0,-1.E0));
#9061=DIRECTION('',(0.E0,1.E0,0.E0));
#9062=AXIS2_PLACEMENT_3D('',#9059,#9060,#9061);
#9063=PLANE('',#9062);
#9064=ORIENTED_EDGE('',*,*,#9002,.F.);
#9065=ORIENTED_EDGE('',*,*,#9054,.T.);
#9066=ORIENTED_EDGE('',*,*,#8934,.T.);
#9068=ORIENTED_EDGE('',*,*,#9067,.F.);
#9069=EDGE_LOOP('',(#9064,#9065,#9066,#9068));
#9070=FACE_OUTER_BOUND('',#9069,.F.);
#9071=ADVANCED_FACE('',(#9070),#9063,.T.);
#9072=CARTESIAN_POINT('',(6.835E0,2.3E0,-8.5E-1));
#9073=DIRECTION('',(0.E0,1.E0,0.E0));
#9074=DIRECTION('',(0.E0,0.E0,1.E0));
#9075=AXIS2_PLACEMENT_3D('',#9072,#9073,#9074);
#9076=PLANE('',#9075);
#9077=ORIENTED_EDGE('',*,*,#9004,.F.);
#9078=ORIENTED_EDGE('',*,*,#9067,.T.);
#9079=ORIENTED_EDGE('',*,*,#8932,.T.);
#9080=ORIENTED_EDGE('',*,*,#8986,.F.);
#9081=EDGE_LOOP('',(#9077,#9078,#9079,#9080));
#9082=FACE_OUTER_BOUND('',#9081,.F.);
#9083=ADVANCED_FACE('',(#9082),#9076,.T.);
#9084=CARTESIAN_POINT('',(6.835E0,-2.5E0,-5.25E-1));
#9085=DIRECTION('',(0.E0,0.E0,1.E0));
#9086=DIRECTION('',(0.E0,-1.E0,0.E0));
#9087=AXIS2_PLACEMENT_3D('',#9084,#9085,#9086);
#9088=PLANE('',#9087);
#9089=ORIENTED_EDGE('',*,*,#9015,.F.);
#9090=ORIENTED_EDGE('',*,*,#8333,.T.);
#9091=ORIENTED_EDGE('',*,*,#8959,.T.);
#9093=ORIENTED_EDGE('',*,*,#9092,.F.);
#9094=EDGE_LOOP('',(#9089,#9090,#9091,#9093));
#9095=FACE_OUTER_BOUND('',#9094,.F.);
#9096=ADVANCED_FACE('',(#9095),#9088,.T.);
#9097=CARTESIAN_POINT('',(6.835E0,-3.45E0,-5.25E-1));
#9098=DIRECTION('',(0.E0,-1.E0,0.E0));
#9099=DIRECTION('',(0.E0,0.E0,-1.E0));
#9100=AXIS2_PLACEMENT_3D('',#9097,#9098,#9099);
#9101=PLANE('',#9100);
#9102=ORIENTED_EDGE('',*,*,#9017,.F.);
#9103=ORIENTED_EDGE('',*,*,#9092,.T.);
#9104=ORIENTED_EDGE('',*,*,#8957,.T.);
#9106=ORIENTED_EDGE('',*,*,#9105,.F.);
#9107=EDGE_LOOP('',(#9102,#9103,#9104,#9106));
#9108=FACE_OUTER_BOUND('',#9107,.F.);
#9109=ADVANCED_FACE('',(#9108),#9101,.T.);
#9110=CARTESIAN_POINT('',(6.835E0,-3.45E0,-1.075E0));
#9111=DIRECTION('',(0.E0,0.E0,-1.E0));
#9112=DIRECTION('',(0.E0,1.E0,0.E0));
#9113=AXIS2_PLACEMENT_3D('',#9110,#9111,#9112);
#9114=PLANE('',#9113);
#9115=ORIENTED_EDGE('',*,*,#9019,.F.);
#9116=ORIENTED_EDGE('',*,*,#9105,.T.);
#9117=ORIENTED_EDGE('',*,*,#8955,.T.);
#9119=ORIENTED_EDGE('',*,*,#9118,.F.);
#9120=EDGE_LOOP('',(#9115,#9116,#9117,#9119));
#9121=FACE_OUTER_BOUND('',#9120,.F.);
#9122=ADVANCED_FACE('',(#9121),#9114,.T.);
#9123=CARTESIAN_POINT('',(6.835E0,-1.75E0,-1.075E0));
#9124=DIRECTION('',(0.E0,1.E0,0.E0));
#9125=DIRECTION('',(0.E0,0.E0,1.E0));
#9126=AXIS2_PLACEMENT_3D('',#9123,#9124,#9125);
#9127=PLANE('',#9126);
#9128=ORIENTED_EDGE('',*,*,#9021,.F.);
#9129=ORIENTED_EDGE('',*,*,#9118,.T.);
#9130=ORIENTED_EDGE('',*,*,#8953,.T.);
#9132=ORIENTED_EDGE('',*,*,#9131,.F.);
#9133=EDGE_LOOP('',(#9128,#9129,#9130,#9132));
#9134=FACE_OUTER_BOUND('',#9133,.F.);
#9135=ADVANCED_FACE('',(#9134),#9127,.T.);
#9136=CARTESIAN_POINT('',(6.835E0,-1.75E0,-8.5E-1));
#9137=DIRECTION('',(0.E0,0.E0,-1.E0));
#9138=DIRECTION('',(0.E0,1.E0,0.E0));
#9139=AXIS2_PLACEMENT_3D('',#9136,#9137,#9138);
#9140=PLANE('',#9139);
#9141=ORIENTED_EDGE('',*,*,#9023,.F.);
#9142=ORIENTED_EDGE('',*,*,#9131,.T.);
#9143=ORIENTED_EDGE('',*,*,#8951,.T.);
#9145=ORIENTED_EDGE('',*,*,#9144,.F.);
#9146=EDGE_LOOP('',(#9141,#9142,#9143,#9145));
#9147=FACE_OUTER_BOUND('',#9146,.F.);
#9148=ADVANCED_FACE('',(#9147),#9140,.T.);
#9149=CARTESIAN_POINT('',(6.835E0,-1.55E-1,-8.5E-1));
#9150=DIRECTION('',(0.E0,1.E0,0.E0));
#9151=DIRECTION('',(0.E0,0.E0,1.E0));
#9152=AXIS2_PLACEMENT_3D('',#9149,#9150,#9151);
#9153=PLANE('',#9152);
#9154=ORIENTED_EDGE('',*,*,#9025,.F.);
#9155=ORIENTED_EDGE('',*,*,#9144,.T.);
#9156=ORIENTED_EDGE('',*,*,#8949,.T.);
#9157=ORIENTED_EDGE('',*,*,#7027,.F.);
#9158=EDGE_LOOP('',(#9154,#9155,#9156,#9157));
#9159=FACE_OUTER_BOUND('',#9158,.F.);
#9160=ADVANCED_FACE('',(#9159),#9153,.T.);
#9161=CARTESIAN_POINT('',(6.885E0,-1.065814103640E-14,3.85E0));
#9162=DIRECTION('',(-9.805806756909E-1,0.E0,1.961161351382E-1));
#9163=DIRECTION('',(1.961161351382E-1,0.E0,9.805806756909E-1));
#9164=AXIS2_PLACEMENT_3D('',#9161,#9162,#9163);
#9165=PLANE('',#9164);
#9167=ORIENTED_EDGE('',*,*,#9166,.T.);
#9169=ORIENTED_EDGE('',*,*,#9168,.F.);
#9171=ORIENTED_EDGE('',*,*,#9170,.T.);
#9172=ORIENTED_EDGE('',*,*,#9036,.T.);
#9173=EDGE_LOOP('',(#9167,#9169,#9171,#9172));
#9174=FACE_OUTER_BOUND('',#9173,.F.);
#9175=ADVANCED_FACE('',(#9174),#9165,.T.);
#9176=CARTESIAN_POINT('',(6.835E0,8.25E-1,0.E0));
#9177=DIRECTION('',(0.E0,1.E0,0.E0));
#9178=DIRECTION('',(0.E0,0.E0,1.E0));
#9179=AXIS2_PLACEMENT_3D('',#9176,#9177,#9178);
#9180=PLANE('',#9179);
#9182=ORIENTED_EDGE('',*,*,#9181,.F.);
#9184=ORIENTED_EDGE('',*,*,#9183,.F.);
#9185=ORIENTED_EDGE('',*,*,#9166,.F.);
#9186=ORIENTED_EDGE('',*,*,#9041,.F.);
#9187=ORIENTED_EDGE('',*,*,#6685,.T.);
#9188=ORIENTED_EDGE('',*,*,#8971,.T.);
#9189=EDGE_LOOP('',(#9182,#9184,#9185,#9186,#9187,#9188));
#9190=FACE_OUTER_BOUND('',#9189,.F.);
#9191=ADVANCED_FACE('',(#9190),#9180,.T.);
#9192=CARTESIAN_POINT('',(7.085E0,0.E0,3.85E0));
#9193=DIRECTION('',(9.805806756909E-1,0.E0,1.961161351382E-1));
#9194=DIRECTION('',(-1.961161351382E-1,0.E0,9.805806756909E-1));
#9195=AXIS2_PLACEMENT_3D('',#9192,#9193,#9194);
#9196=PLANE('',#9195);
#9198=ORIENTED_EDGE('',*,*,#9197,.T.);
#9200=ORIENTED_EDGE('',*,*,#9199,.F.);
#9201=ORIENTED_EDGE('',*,*,#9181,.T.);
#9202=ORIENTED_EDGE('',*,*,#8969,.T.);
#9203=EDGE_LOOP('',(#9198,#9200,#9201,#9202));
#9204=FACE_OUTER_BOUND('',#9203,.F.);
#9205=ADVANCED_FACE('',(#9204),#9196,.T.);
#9206=CARTESIAN_POINT('',(6.835E0,-8.25E-1,4.1E0));
#9207=DIRECTION('',(0.E0,-1.E0,0.E0));
#9208=DIRECTION('',(0.E0,0.E0,-1.E0));
#9209=AXIS2_PLACEMENT_3D('',#9206,#9207,#9208);
#9210=PLANE('',#9209);
#9211=ORIENTED_EDGE('',*,*,#9197,.F.);
#9212=ORIENTED_EDGE('',*,*,#8974,.T.);
#9213=ORIENTED_EDGE('',*,*,#6681,.F.);
#9214=ORIENTED_EDGE('',*,*,#9038,.F.);
#9215=ORIENTED_EDGE('',*,*,#9170,.F.);
#9217=ORIENTED_EDGE('',*,*,#9216,.T.);
#9218=EDGE_LOOP('',(#9211,#9212,#9213,#9214,#9215,#9217));
#9219=FACE_OUTER_BOUND('',#9218,.F.);
#9220=ADVANCED_FACE('',(#9219),#9210,.T.);
#9221=CARTESIAN_POINT('',(6.835E0,8.25E-1,4.1E0));
#9222=DIRECTION('',(0.E0,0.E0,1.E0));
#9223=DIRECTION('',(0.E0,-1.E0,0.E0));
#9224=AXIS2_PLACEMENT_3D('',#9221,#9222,#9223);
#9225=PLANE('',#9224);
#9226=ORIENTED_EDGE('',*,*,#9199,.T.);
#9227=ORIENTED_EDGE('',*,*,#9216,.F.);
#9228=ORIENTED_EDGE('',*,*,#9168,.T.);
#9229=ORIENTED_EDGE('',*,*,#9183,.T.);
#9230=EDGE_LOOP('',(#9226,#9227,#9228,#9229));
#9231=FACE_OUTER_BOUND('',#9230,.F.);
#9232=ADVANCED_FACE('',(#9231),#9225,.T.);
#9233=CARTESIAN_POINT('',(4.595E0,0.E0,0.E0));
#9234=DIRECTION('',(1.E0,0.E0,0.E0));
#9235=DIRECTION('',(0.E0,1.E0,0.E0));
#9236=AXIS2_PLACEMENT_3D('',#9233,#9234,#9235);
#9237=PLANE('',#9236);
#9239=ORIENTED_EDGE('',*,*,#9238,.F.);
#9241=ORIENTED_EDGE('',*,*,#9240,.F.);
#9243=ORIENTED_EDGE('',*,*,#9242,.F.);
#9245=ORIENTED_EDGE('',*,*,#9244,.F.);
#9246=ORIENTED_EDGE('',*,*,#6876,.F.);
#9247=EDGE_LOOP('',(#9239,#9241,#9243,#9245,#9246));
#9248=FACE_OUTER_BOUND('',#9247,.F.);
#9249=ADVANCED_FACE('',(#9248),#9237,.T.);
#9250=CARTESIAN_POINT('',(4.595E0,0.E0,0.E0));
#9251=DIRECTION('',(1.E0,0.E0,0.E0));
#9252=DIRECTION('',(0.E0,1.E0,0.E0));
#9253=AXIS2_PLACEMENT_3D('',#9250,#9251,#9252);
#9254=PLANE('',#9253);
#9255=ORIENTED_EDGE('',*,*,#8338,.F.);
#9256=ORIENTED_EDGE('',*,*,#7021,.F.);
#9258=ORIENTED_EDGE('',*,*,#9257,.F.);
#9260=ORIENTED_EDGE('',*,*,#9259,.F.);
#9262=ORIENTED_EDGE('',*,*,#9261,.F.);
#9264=ORIENTED_EDGE('',*,*,#9263,.F.);
#9266=ORIENTED_EDGE('',*,*,#9265,.F.);
#9268=ORIENTED_EDGE('',*,*,#9267,.F.);
#9269=EDGE_LOOP('',(#9255,#9256,#9258,#9260,#9262,#9264,#9266,#9268));
#9270=FACE_OUTER_BOUND('',#9269,.F.);
#9271=ADVANCED_FACE('',(#9270),#9254,.T.);
#9272=CARTESIAN_POINT('',(4.595E0,0.E0,0.E0));
#9273=DIRECTION('',(1.E0,0.E0,0.E0));
#9274=DIRECTION('',(0.E0,1.E0,0.E0));
#9275=AXIS2_PLACEMENT_3D('',#9272,#9273,#9274);
#9276=PLANE('',#9275);
#9278=ORIENTED_EDGE('',*,*,#9277,.F.);
#9280=ORIENTED_EDGE('',*,*,#9279,.F.);
#9281=ORIENTED_EDGE('',*,*,#6673,.F.);
#9283=ORIENTED_EDGE('',*,*,#9282,.F.);
#9284=EDGE_LOOP('',(#9278,#9280,#9281,#9283));
#9285=FACE_OUTER_BOUND('',#9284,.F.);
#9286=ADVANCED_FACE('',(#9285),#9276,.T.);
#9287=CARTESIAN_POINT('',(4.295E0,2.3E0,0.E0));
#9288=DIRECTION('',(0.E0,0.E0,1.E0));
#9289=DIRECTION('',(0.E0,-1.E0,0.E0));
#9290=AXIS2_PLACEMENT_3D('',#9287,#9288,#9289);
#9291=PLANE('',#9290);
#9293=ORIENTED_EDGE('',*,*,#9292,.F.);
#9295=ORIENTED_EDGE('',*,*,#9294,.T.);
#9296=ORIENTED_EDGE('',*,*,#9238,.T.);
#9297=ORIENTED_EDGE('',*,*,#7225,.F.);
#9298=EDGE_LOOP('',(#9293,#9295,#9296,#9297));
#9299=FACE_OUTER_BOUND('',#9298,.F.);
#9300=ADVANCED_FACE('',(#9299),#9291,.T.);
#9301=CARTESIAN_POINT('',(4.295E0,0.E0,0.E0));
#9302=DIRECTION('',(1.E0,0.E0,0.E0));
#9303=DIRECTION('',(0.E0,1.E0,0.E0));
#9304=AXIS2_PLACEMENT_3D('',#9301,#9302,#9303);
#9305=PLANE('',#9304);
#9306=ORIENTED_EDGE('',*,*,#9292,.T.);
#9307=ORIENTED_EDGE('',*,*,#6880,.F.);
#9309=ORIENTED_EDGE('',*,*,#9308,.T.);
#9311=ORIENTED_EDGE('',*,*,#9310,.T.);
#9313=ORIENTED_EDGE('',*,*,#9312,.T.);
#9314=EDGE_LOOP('',(#9306,#9307,#9309,#9311,#9313));
#9315=FACE_OUTER_BOUND('',#9314,.F.);
#9316=ADVANCED_FACE('',(#9315),#9305,.F.);
#9317=CARTESIAN_POINT('',(4.295E0,0.E0,0.E0));
#9318=DIRECTION('',(1.E0,0.E0,0.E0));
#9319=DIRECTION('',(0.E0,1.E0,0.E0));
#9320=AXIS2_PLACEMENT_3D('',#9317,#9318,#9319);
#9321=PLANE('',#9320);
#9322=ORIENTED_EDGE('',*,*,#8342,.T.);
#9324=ORIENTED_EDGE('',*,*,#9323,.T.);
#9326=ORIENTED_EDGE('',*,*,#9325,.T.);
#9328=ORIENTED_EDGE('',*,*,#9327,.T.);
#9330=ORIENTED_EDGE('',*,*,#9329,.T.);
#9332=ORIENTED_EDGE('',*,*,#9331,.T.);
#9334=ORIENTED_EDGE('',*,*,#9333,.T.);
#9335=ORIENTED_EDGE('',*,*,#7017,.F.);
#9336=EDGE_LOOP('',(#9322,#9324,#9326,#9328,#9330,#9332,#9334,#9335));
#9337=FACE_OUTER_BOUND('',#9336,.F.);
#9338=ADVANCED_FACE('',(#9337),#9321,.F.);
#9339=CARTESIAN_POINT('',(4.295E0,0.E0,0.E0));
#9340=DIRECTION('',(1.E0,0.E0,0.E0));
#9341=DIRECTION('',(0.E0,1.E0,0.E0));
#9342=AXIS2_PLACEMENT_3D('',#9339,#9340,#9341);
#9343=PLANE('',#9342);
#9345=ORIENTED_EDGE('',*,*,#9344,.F.);
#9347=ORIENTED_EDGE('',*,*,#9346,.T.);
#9348=ORIENTED_EDGE('',*,*,#6669,.T.);
#9350=ORIENTED_EDGE('',*,*,#9349,.T.);
#9351=EDGE_LOOP('',(#9345,#9347,#9348,#9350));
#9352=FACE_OUTER_BOUND('',#9351,.F.);
#9353=ADVANCED_FACE('',(#9352),#9343,.F.);
#9354=CARTESIAN_POINT('',(4.295E0,1.55E-1,0.E0));
#9355=DIRECTION('',(0.E0,-1.E0,0.E0));
#9356=DIRECTION('',(0.E0,0.E0,-1.E0));
#9357=AXIS2_PLACEMENT_3D('',#9354,#9355,#9356);
#9358=PLANE('',#9357);
#9359=ORIENTED_EDGE('',*,*,#9308,.F.);
#9360=ORIENTED_EDGE('',*,*,#6878,.T.);
#9361=ORIENTED_EDGE('',*,*,#9244,.T.);
#9363=ORIENTED_EDGE('',*,*,#9362,.F.);
#9364=EDGE_LOOP('',(#9359,#9360,#9361,#9363));
#9365=FACE_OUTER_BOUND('',#9364,.F.);
#9366=ADVANCED_FACE('',(#9365),#9358,.T.);
#9367=CARTESIAN_POINT('',(4.295E0,1.55E-1,-8.5E-1));
#9368=DIRECTION('',(0.E0,0.E0,-1.E0));
#9369=DIRECTION('',(0.E0,1.E0,0.E0));
#9370=AXIS2_PLACEMENT_3D('',#9367,#9368,#9369);
#9371=PLANE('',#9370);
#9372=ORIENTED_EDGE('',*,*,#9310,.F.);
#9373=ORIENTED_EDGE('',*,*,#9362,.T.);
#9374=ORIENTED_EDGE('',*,*,#9242,.T.);
#9376=ORIENTED_EDGE('',*,*,#9375,.F.);
#9377=EDGE_LOOP('',(#9372,#9373,#9374,#9376));
#9378=FACE_OUTER_BOUND('',#9377,.F.);
#9379=ADVANCED_FACE('',(#9378),#9371,.T.);
#9380=CARTESIAN_POINT('',(4.295E0,2.3E0,-8.5E-1));
#9381=DIRECTION('',(0.E0,1.E0,0.E0));
#9382=DIRECTION('',(0.E0,0.E0,1.E0));
#9383=AXIS2_PLACEMENT_3D('',#9380,#9381,#9382);
#9384=PLANE('',#9383);
#9385=ORIENTED_EDGE('',*,*,#9312,.F.);
#9386=ORIENTED_EDGE('',*,*,#9375,.T.);
#9387=ORIENTED_EDGE('',*,*,#9240,.T.);
#9388=ORIENTED_EDGE('',*,*,#9294,.F.);
#9389=EDGE_LOOP('',(#9385,#9386,#9387,#9388));
#9390=FACE_OUTER_BOUND('',#9389,.F.);
#9391=ADVANCED_FACE('',(#9390),#9384,.T.);
#9392=CARTESIAN_POINT('',(4.295E0,-2.5E0,-5.25E-1));
#9393=DIRECTION('',(0.E0,0.E0,1.E0));
#9394=DIRECTION('',(0.E0,-1.E0,0.E0));
#9395=AXIS2_PLACEMENT_3D('',#9392,#9393,#9394);
#9396=PLANE('',#9395);
#9397=ORIENTED_EDGE('',*,*,#9323,.F.);
#9398=ORIENTED_EDGE('',*,*,#8340,.T.);
#9399=ORIENTED_EDGE('',*,*,#9267,.T.);
#9401=ORIENTED_EDGE('',*,*,#9400,.F.);
#9402=EDGE_LOOP('',(#9397,#9398,#9399,#9401));
#9403=FACE_OUTER_BOUND('',#9402,.F.);
#9404=ADVANCED_FACE('',(#9403),#9396,.T.);
#9405=CARTESIAN_POINT('',(4.295E0,-3.45E0,-5.25E-1));
#9406=DIRECTION('',(0.E0,-1.E0,0.E0));
#9407=DIRECTION('',(0.E0,0.E0,-1.E0));
#9408=AXIS2_PLACEMENT_3D('',#9405,#9406,#9407);
#9409=PLANE('',#9408);
#9410=ORIENTED_EDGE('',*,*,#9325,.F.);
#9411=ORIENTED_EDGE('',*,*,#9400,.T.);
#9412=ORIENTED_EDGE('',*,*,#9265,.T.);
#9414=ORIENTED_EDGE('',*,*,#9413,.F.);
#9415=EDGE_LOOP('',(#9410,#9411,#9412,#9414));
#9416=FACE_OUTER_BOUND('',#9415,.F.);
#9417=ADVANCED_FACE('',(#9416),#9409,.T.);
#9418=CARTESIAN_POINT('',(4.295E0,-3.45E0,-1.075E0));
#9419=DIRECTION('',(0.E0,0.E0,-1.E0));
#9420=DIRECTION('',(0.E0,1.E0,0.E0));
#9421=AXIS2_PLACEMENT_3D('',#9418,#9419,#9420);
#9422=PLANE('',#9421);
#9423=ORIENTED_EDGE('',*,*,#9327,.F.);
#9424=ORIENTED_EDGE('',*,*,#9413,.T.);
#9425=ORIENTED_EDGE('',*,*,#9263,.T.);
#9427=ORIENTED_EDGE('',*,*,#9426,.F.);
#9428=EDGE_LOOP('',(#9423,#9424,#9425,#9427));
#9429=FACE_OUTER_BOUND('',#9428,.F.);
#9430=ADVANCED_FACE('',(#9429),#9422,.T.);
#9431=CARTESIAN_POINT('',(4.295E0,-1.75E0,-1.075E0));
#9432=DIRECTION('',(0.E0,1.E0,0.E0));
#9433=DIRECTION('',(0.E0,0.E0,1.E0));
#9434=AXIS2_PLACEMENT_3D('',#9431,#9432,#9433);
#9435=PLANE('',#9434);
#9436=ORIENTED_EDGE('',*,*,#9329,.F.);
#9437=ORIENTED_EDGE('',*,*,#9426,.T.);
#9438=ORIENTED_EDGE('',*,*,#9261,.T.);
#9440=ORIENTED_EDGE('',*,*,#9439,.F.);
#9441=EDGE_LOOP('',(#9436,#9437,#9438,#9440));
#9442=FACE_OUTER_BOUND('',#9441,.F.);
#9443=ADVANCED_FACE('',(#9442),#9435,.T.);
#9444=CARTESIAN_POINT('',(4.295E0,-1.75E0,-8.5E-1));
#9445=DIRECTION('',(0.E0,0.E0,-1.E0));
#9446=DIRECTION('',(0.E0,1.E0,0.E0));
#9447=AXIS2_PLACEMENT_3D('',#9444,#9445,#9446);
#9448=PLANE('',#9447);
#9449=ORIENTED_EDGE('',*,*,#9331,.F.);
#9450=ORIENTED_EDGE('',*,*,#9439,.T.);
#9451=ORIENTED_EDGE('',*,*,#9259,.T.);
#9453=ORIENTED_EDGE('',*,*,#9452,.F.);
#9454=EDGE_LOOP('',(#9449,#9450,#9451,#9453));
#9455=FACE_OUTER_BOUND('',#9454,.F.);
#9456=ADVANCED_FACE('',(#9455),#9448,.T.);
#9457=CARTESIAN_POINT('',(4.295E0,-1.55E-1,-8.5E-1));
#9458=DIRECTION('',(0.E0,1.E0,0.E0));
#9459=DIRECTION('',(0.E0,0.E0,1.E0));
#9460=AXIS2_PLACEMENT_3D('',#9457,#9458,#9459);
#9461=PLANE('',#9460);
#9462=ORIENTED_EDGE('',*,*,#9333,.F.);
#9463=ORIENTED_EDGE('',*,*,#9452,.T.);
#9464=ORIENTED_EDGE('',*,*,#9257,.T.);
#9465=ORIENTED_EDGE('',*,*,#7019,.F.);
#9466=EDGE_LOOP('',(#9462,#9463,#9464,#9465));
#9467=FACE_OUTER_BOUND('',#9466,.F.);
#9468=ADVANCED_FACE('',(#9467),#9461,.T.);
#9469=CARTESIAN_POINT('',(4.345E0,0.E0,3.85E0));
#9470=DIRECTION('',(-9.805806756909E-1,0.E0,1.961161351382E-1));
#9471=DIRECTION('',(1.961161351382E-1,0.E0,9.805806756909E-1));
#9472=AXIS2_PLACEMENT_3D('',#9469,#9470,#9471);
#9473=PLANE('',#9472);
#9475=ORIENTED_EDGE('',*,*,#9474,.T.);
#9477=ORIENTED_EDGE('',*,*,#9476,.F.);
#9479=ORIENTED_EDGE('',*,*,#9478,.T.);
#9480=ORIENTED_EDGE('',*,*,#9344,.T.);
#9481=EDGE_LOOP('',(#9475,#9477,#9479,#9480));
#9482=FACE_OUTER_BOUND('',#9481,.F.);
#9483=ADVANCED_FACE('',(#9482),#9473,.T.);
#9484=CARTESIAN_POINT('',(4.295E0,8.25E-1,0.E0));
#9485=DIRECTION('',(0.E0,1.E0,0.E0));
#9486=DIRECTION('',(0.E0,0.E0,1.E0));
#9487=AXIS2_PLACEMENT_3D('',#9484,#9485,#9486);
#9488=PLANE('',#9487);
#9490=ORIENTED_EDGE('',*,*,#9489,.F.);
#9492=ORIENTED_EDGE('',*,*,#9491,.F.);
#9493=ORIENTED_EDGE('',*,*,#9474,.F.);
#9494=ORIENTED_EDGE('',*,*,#9349,.F.);
#9495=ORIENTED_EDGE('',*,*,#6675,.T.);
#9496=ORIENTED_EDGE('',*,*,#9279,.T.);
#9497=EDGE_LOOP('',(#9490,#9492,#9493,#9494,#9495,#9496));
#9498=FACE_OUTER_BOUND('',#9497,.F.);
#9499=ADVANCED_FACE('',(#9498),#9488,.T.);
#9500=CARTESIAN_POINT('',(4.545E0,0.E0,3.85E0));
#9501=DIRECTION('',(9.805806756909E-1,0.E0,1.961161351382E-1));
#9502=DIRECTION('',(-1.961161351382E-1,0.E0,9.805806756909E-1));
#9503=AXIS2_PLACEMENT_3D('',#9500,#9501,#9502);
#9504=PLANE('',#9503);
#9506=ORIENTED_EDGE('',*,*,#9505,.T.);
#9508=ORIENTED_EDGE('',*,*,#9507,.F.);
#9509=ORIENTED_EDGE('',*,*,#9489,.T.);
#9510=ORIENTED_EDGE('',*,*,#9277,.T.);
#9511=EDGE_LOOP('',(#9506,#9508,#9509,#9510));
#9512=FACE_OUTER_BOUND('',#9511,.F.);
#9513=ADVANCED_FACE('',(#9512),#9504,.T.);
#9514=CARTESIAN_POINT('',(4.295E0,-8.25E-1,4.1E0));
#9515=DIRECTION('',(0.E0,-1.E0,0.E0));
#9516=DIRECTION('',(0.E0,0.E0,-1.E0));
#9517=AXIS2_PLACEMENT_3D('',#9514,#9515,#9516);
#9518=PLANE('',#9517);
#9519=ORIENTED_EDGE('',*,*,#9505,.F.);
#9520=ORIENTED_EDGE('',*,*,#9282,.T.);
#9521=ORIENTED_EDGE('',*,*,#6671,.F.);
#9522=ORIENTED_EDGE('',*,*,#9346,.F.);
#9523=ORIENTED_EDGE('',*,*,#9478,.F.);
#9525=ORIENTED_EDGE('',*,*,#9524,.T.);
#9526=EDGE_LOOP('',(#9519,#9520,#9521,#9522,#9523,#9525));
#9527=FACE_OUTER_BOUND('',#9526,.F.);
#9528=ADVANCED_FACE('',(#9527),#9518,.T.);
#9529=CARTESIAN_POINT('',(4.295E0,8.25E-1,4.1E0));
#9530=DIRECTION('',(0.E0,0.E0,1.E0));
#9531=DIRECTION('',(0.E0,-1.E0,0.E0));
#9532=AXIS2_PLACEMENT_3D('',#9529,#9530,#9531);
#9533=PLANE('',#9532);
#9534=ORIENTED_EDGE('',*,*,#9507,.T.);
#9535=ORIENTED_EDGE('',*,*,#9524,.F.);
#9536=ORIENTED_EDGE('',*,*,#9476,.T.);
#9537=ORIENTED_EDGE('',*,*,#9491,.T.);
#9538=EDGE_LOOP('',(#9534,#9535,#9536,#9537));
#9539=FACE_OUTER_BOUND('',#9538,.F.);
#9540=ADVANCED_FACE('',(#9539),#9533,.T.);
#9541=CARTESIAN_POINT('',(2.055E0,0.E0,0.E0));
#9542=DIRECTION('',(1.E0,0.E0,0.E0));
#9543=DIRECTION('',(0.E0,1.E0,0.E0));
#9544=AXIS2_PLACEMENT_3D('',#9541,#9542,#9543);
#9545=PLANE('',#9544);
#9547=ORIENTED_EDGE('',*,*,#9546,.F.);
#9549=ORIENTED_EDGE('',*,*,#9548,.F.);
#9551=ORIENTED_EDGE('',*,*,#9550,.F.);
#9553=ORIENTED_EDGE('',*,*,#9552,.F.);
#9554=ORIENTED_EDGE('',*,*,#6892,.F.);
#9555=EDGE_LOOP('',(#9547,#9549,#9551,#9553,#9554));
#9556=FACE_OUTER_BOUND('',#9555,.F.);
#9557=ADVANCED_FACE('',(#9556),#9545,.T.);
#9558=CARTESIAN_POINT('',(2.055E0,0.E0,0.E0));
#9559=DIRECTION('',(1.E0,0.E0,0.E0));
#9560=DIRECTION('',(0.E0,1.E0,0.E0));
#9561=AXIS2_PLACEMENT_3D('',#9558,#9559,#9560);
#9562=PLANE('',#9561);
#9563=ORIENTED_EDGE('',*,*,#8345,.F.);
#9564=ORIENTED_EDGE('',*,*,#7013,.F.);
#9566=ORIENTED_EDGE('',*,*,#9565,.F.);
#9568=ORIENTED_EDGE('',*,*,#9567,.F.);
#9570=ORIENTED_EDGE('',*,*,#9569,.F.);
#9572=ORIENTED_EDGE('',*,*,#9571,.F.);
#9574=ORIENTED_EDGE('',*,*,#9573,.F.);
#9576=ORIENTED_EDGE('',*,*,#9575,.F.);
#9577=EDGE_LOOP('',(#9563,#9564,#9566,#9568,#9570,#9572,#9574,#9576));
#9578=FACE_OUTER_BOUND('',#9577,.F.);
#9579=ADVANCED_FACE('',(#9578),#9562,.T.);
#9580=CARTESIAN_POINT('',(2.055E0,0.E0,0.E0));
#9581=DIRECTION('',(1.E0,0.E0,0.E0));
#9582=DIRECTION('',(0.E0,1.E0,0.E0));
#9583=AXIS2_PLACEMENT_3D('',#9580,#9581,#9582);
#9584=PLANE('',#9583);
#9586=ORIENTED_EDGE('',*,*,#9585,.F.);
#9588=ORIENTED_EDGE('',*,*,#9587,.F.);
#9589=ORIENTED_EDGE('',*,*,#6663,.F.);
#9591=ORIENTED_EDGE('',*,*,#9590,.F.);
#9592=EDGE_LOOP('',(#9586,#9588,#9589,#9591));
#9593=FACE_OUTER_BOUND('',#9592,.F.);
#9594=ADVANCED_FACE('',(#9593),#9584,.T.);
#9595=CARTESIAN_POINT('',(1.755E0,2.3E0,0.E0));
#9596=DIRECTION('',(0.E0,0.E0,1.E0));
#9597=DIRECTION('',(0.E0,-1.E0,0.E0));
#9598=AXIS2_PLACEMENT_3D('',#9595,#9596,#9597);
#9599=PLANE('',#9598);
#9601=ORIENTED_EDGE('',*,*,#9600,.F.);
#9603=ORIENTED_EDGE('',*,*,#9602,.T.);
#9604=ORIENTED_EDGE('',*,*,#9546,.T.);
#9605=ORIENTED_EDGE('',*,*,#7219,.F.);
#9606=EDGE_LOOP('',(#9601,#9603,#9604,#9605));
#9607=FACE_OUTER_BOUND('',#9606,.F.);
#9608=ADVANCED_FACE('',(#9607),#9599,.T.);
#9609=CARTESIAN_POINT('',(1.755E0,0.E0,0.E0));
#9610=DIRECTION('',(1.E0,0.E0,0.E0));
#9611=DIRECTION('',(0.E0,1.E0,0.E0));
#9612=AXIS2_PLACEMENT_3D('',#9609,#9610,#9611);
#9613=PLANE('',#9612);
#9614=ORIENTED_EDGE('',*,*,#9600,.T.);
#9615=ORIENTED_EDGE('',*,*,#6896,.F.);
#9617=ORIENTED_EDGE('',*,*,#9616,.T.);
#9619=ORIENTED_EDGE('',*,*,#9618,.T.);
#9621=ORIENTED_EDGE('',*,*,#9620,.T.);
#9622=EDGE_LOOP('',(#9614,#9615,#9617,#9619,#9621));
#9623=FACE_OUTER_BOUND('',#9622,.F.);
#9624=ADVANCED_FACE('',(#9623),#9613,.F.);
#9625=CARTESIAN_POINT('',(1.755E0,0.E0,0.E0));
#9626=DIRECTION('',(1.E0,0.E0,0.E0));
#9627=DIRECTION('',(0.E0,1.E0,0.E0));
#9628=AXIS2_PLACEMENT_3D('',#9625,#9626,#9627);
#9629=PLANE('',#9628);
#9630=ORIENTED_EDGE('',*,*,#8349,.T.);
#9632=ORIENTED_EDGE('',*,*,#9631,.T.);
#9634=ORIENTED_EDGE('',*,*,#9633,.T.);
#9636=ORIENTED_EDGE('',*,*,#9635,.T.);
#9638=ORIENTED_EDGE('',*,*,#9637,.T.);
#9640=ORIENTED_EDGE('',*,*,#9639,.T.);
#9642=ORIENTED_EDGE('',*,*,#9641,.T.);
#9643=ORIENTED_EDGE('',*,*,#7009,.F.);
#9644=EDGE_LOOP('',(#9630,#9632,#9634,#9636,#9638,#9640,#9642,#9643));
#9645=FACE_OUTER_BOUND('',#9644,.F.);
#9646=ADVANCED_FACE('',(#9645),#9629,.F.);
#9647=CARTESIAN_POINT('',(1.755E0,0.E0,0.E0));
#9648=DIRECTION('',(1.E0,0.E0,0.E0));
#9649=DIRECTION('',(0.E0,1.E0,0.E0));
#9650=AXIS2_PLACEMENT_3D('',#9647,#9648,#9649);
#9651=PLANE('',#9650);
#9653=ORIENTED_EDGE('',*,*,#9652,.F.);
#9655=ORIENTED_EDGE('',*,*,#9654,.T.);
#9656=ORIENTED_EDGE('',*,*,#6659,.T.);
#9658=ORIENTED_EDGE('',*,*,#9657,.T.);
#9659=EDGE_LOOP('',(#9653,#9655,#9656,#9658));
#9660=FACE_OUTER_BOUND('',#9659,.F.);
#9661=ADVANCED_FACE('',(#9660),#9651,.F.);
#9662=CARTESIAN_POINT('',(1.755E0,1.55E-1,0.E0));
#9663=DIRECTION('',(0.E0,-1.E0,0.E0));
#9664=DIRECTION('',(0.E0,0.E0,-1.E0));
#9665=AXIS2_PLACEMENT_3D('',#9662,#9663,#9664);
#9666=PLANE('',#9665);
#9667=ORIENTED_EDGE('',*,*,#9616,.F.);
#9668=ORIENTED_EDGE('',*,*,#6894,.T.);
#9669=ORIENTED_EDGE('',*,*,#9552,.T.);
#9671=ORIENTED_EDGE('',*,*,#9670,.F.);
#9672=EDGE_LOOP('',(#9667,#9668,#9669,#9671));
#9673=FACE_OUTER_BOUND('',#9672,.F.);
#9674=ADVANCED_FACE('',(#9673),#9666,.T.);
#9675=CARTESIAN_POINT('',(1.755E0,1.55E-1,-8.5E-1));
#9676=DIRECTION('',(0.E0,0.E0,-1.E0));
#9677=DIRECTION('',(0.E0,1.E0,0.E0));
#9678=AXIS2_PLACEMENT_3D('',#9675,#9676,#9677);
#9679=PLANE('',#9678);
#9680=ORIENTED_EDGE('',*,*,#9618,.F.);
#9681=ORIENTED_EDGE('',*,*,#9670,.T.);
#9682=ORIENTED_EDGE('',*,*,#9550,.T.);
#9684=ORIENTED_EDGE('',*,*,#9683,.F.);
#9685=EDGE_LOOP('',(#9680,#9681,#9682,#9684));
#9686=FACE_OUTER_BOUND('',#9685,.F.);
#9687=ADVANCED_FACE('',(#9686),#9679,.T.);
#9688=CARTESIAN_POINT('',(1.755E0,2.3E0,-8.5E-1));
#9689=DIRECTION('',(0.E0,1.E0,0.E0));
#9690=DIRECTION('',(0.E0,0.E0,1.E0));
#9691=AXIS2_PLACEMENT_3D('',#9688,#9689,#9690);
#9692=PLANE('',#9691);
#9693=ORIENTED_EDGE('',*,*,#9620,.F.);
#9694=ORIENTED_EDGE('',*,*,#9683,.T.);
#9695=ORIENTED_EDGE('',*,*,#9548,.T.);
#9696=ORIENTED_EDGE('',*,*,#9602,.F.);
#9697=EDGE_LOOP('',(#9693,#9694,#9695,#9696));
#9698=FACE_OUTER_BOUND('',#9697,.F.);
#9699=ADVANCED_FACE('',(#9698),#9692,.T.);
#9700=CARTESIAN_POINT('',(1.755E0,-2.5E0,-5.25E-1));
#9701=DIRECTION('',(0.E0,0.E0,1.E0));
#9702=DIRECTION('',(0.E0,-1.E0,0.E0));
#9703=AXIS2_PLACEMENT_3D('',#9700,#9701,#9702);
#9704=PLANE('',#9703);
#9705=ORIENTED_EDGE('',*,*,#9631,.F.);
#9706=ORIENTED_EDGE('',*,*,#8347,.T.);
#9707=ORIENTED_EDGE('',*,*,#9575,.T.);
#9709=ORIENTED_EDGE('',*,*,#9708,.F.);
#9710=EDGE_LOOP('',(#9705,#9706,#9707,#9709));
#9711=FACE_OUTER_BOUND('',#9710,.F.);
#9712=ADVANCED_FACE('',(#9711),#9704,.T.);
#9713=CARTESIAN_POINT('',(1.755E0,-3.45E0,-5.25E-1));
#9714=DIRECTION('',(0.E0,-1.E0,0.E0));
#9715=DIRECTION('',(0.E0,0.E0,-1.E0));
#9716=AXIS2_PLACEMENT_3D('',#9713,#9714,#9715);
#9717=PLANE('',#9716);
#9718=ORIENTED_EDGE('',*,*,#9633,.F.);
#9719=ORIENTED_EDGE('',*,*,#9708,.T.);
#9720=ORIENTED_EDGE('',*,*,#9573,.T.);
#9722=ORIENTED_EDGE('',*,*,#9721,.F.);
#9723=EDGE_LOOP('',(#9718,#9719,#9720,#9722));
#9724=FACE_OUTER_BOUND('',#9723,.F.);
#9725=ADVANCED_FACE('',(#9724),#9717,.T.);
#9726=CARTESIAN_POINT('',(1.755E0,-3.45E0,-1.075E0));
#9727=DIRECTION('',(0.E0,0.E0,-1.E0));
#9728=DIRECTION('',(0.E0,1.E0,0.E0));
#9729=AXIS2_PLACEMENT_3D('',#9726,#9727,#9728);
#9730=PLANE('',#9729);
#9731=ORIENTED_EDGE('',*,*,#9635,.F.);
#9732=ORIENTED_EDGE('',*,*,#9721,.T.);
#9733=ORIENTED_EDGE('',*,*,#9571,.T.);
#9735=ORIENTED_EDGE('',*,*,#9734,.F.);
#9736=EDGE_LOOP('',(#9731,#9732,#9733,#9735));
#9737=FACE_OUTER_BOUND('',#9736,.F.);
#9738=ADVANCED_FACE('',(#9737),#9730,.T.);
#9739=CARTESIAN_POINT('',(1.755E0,-1.75E0,-1.075E0));
#9740=DIRECTION('',(0.E0,1.E0,0.E0));
#9741=DIRECTION('',(0.E0,0.E0,1.E0));
#9742=AXIS2_PLACEMENT_3D('',#9739,#9740,#9741);
#9743=PLANE('',#9742);
#9744=ORIENTED_EDGE('',*,*,#9637,.F.);
#9745=ORIENTED_EDGE('',*,*,#9734,.T.);
#9746=ORIENTED_EDGE('',*,*,#9569,.T.);
#9748=ORIENTED_EDGE('',*,*,#9747,.F.);
#9749=EDGE_LOOP('',(#9744,#9745,#9746,#9748));
#9750=FACE_OUTER_BOUND('',#9749,.F.);
#9751=ADVANCED_FACE('',(#9750),#9743,.T.);
#9752=CARTESIAN_POINT('',(1.755E0,-1.75E0,-8.5E-1));
#9753=DIRECTION('',(0.E0,0.E0,-1.E0));
#9754=DIRECTION('',(0.E0,1.E0,0.E0));
#9755=AXIS2_PLACEMENT_3D('',#9752,#9753,#9754);
#9756=PLANE('',#9755);
#9757=ORIENTED_EDGE('',*,*,#9639,.F.);
#9758=ORIENTED_EDGE('',*,*,#9747,.T.);
#9759=ORIENTED_EDGE('',*,*,#9567,.T.);
#9761=ORIENTED_EDGE('',*,*,#9760,.F.);
#9762=EDGE_LOOP('',(#9757,#9758,#9759,#9761));
#9763=FACE_OUTER_BOUND('',#9762,.F.);
#9764=ADVANCED_FACE('',(#9763),#9756,.T.);
#9765=CARTESIAN_POINT('',(1.755E0,-1.55E-1,-8.5E-1));
#9766=DIRECTION('',(0.E0,1.E0,0.E0));
#9767=DIRECTION('',(0.E0,0.E0,1.E0));
#9768=AXIS2_PLACEMENT_3D('',#9765,#9766,#9767);
#9769=PLANE('',#9768);
#9770=ORIENTED_EDGE('',*,*,#9641,.F.);
#9771=ORIENTED_EDGE('',*,*,#9760,.T.);
#9772=ORIENTED_EDGE('',*,*,#9565,.T.);
#9773=ORIENTED_EDGE('',*,*,#7011,.F.);
#9774=EDGE_LOOP('',(#9770,#9771,#9772,#9773));
#9775=FACE_OUTER_BOUND('',#9774,.F.);
#9776=ADVANCED_FACE('',(#9775),#9769,.T.);
#9777=CARTESIAN_POINT('',(1.805E0,0.E0,3.85E0));
#9778=DIRECTION('',(-9.805806756909E-1,0.E0,1.961161351382E-1));
#9779=DIRECTION('',(1.961161351382E-1,0.E0,9.805806756909E-1));
#9780=AXIS2_PLACEMENT_3D('',#9777,#9778,#9779);
#9781=PLANE('',#9780);
#9783=ORIENTED_EDGE('',*,*,#9782,.T.);
#9785=ORIENTED_EDGE('',*,*,#9784,.F.);
#9787=ORIENTED_EDGE('',*,*,#9786,.T.);
#9788=ORIENTED_EDGE('',*,*,#9652,.T.);
#9789=EDGE_LOOP('',(#9783,#9785,#9787,#9788));
#9790=FACE_OUTER_BOUND('',#9789,.F.);
#9791=ADVANCED_FACE('',(#9790),#9781,.T.);
#9792=CARTESIAN_POINT('',(1.755E0,8.25E-1,0.E0));
#9793=DIRECTION('',(0.E0,1.E0,0.E0));
#9794=DIRECTION('',(0.E0,0.E0,1.E0));
#9795=AXIS2_PLACEMENT_3D('',#9792,#9793,#9794);
#9796=PLANE('',#9795);
#9798=ORIENTED_EDGE('',*,*,#9797,.F.);
#9800=ORIENTED_EDGE('',*,*,#9799,.F.);
#9801=ORIENTED_EDGE('',*,*,#9782,.F.);
#9802=ORIENTED_EDGE('',*,*,#9657,.F.);
#9803=ORIENTED_EDGE('',*,*,#6665,.T.);
#9804=ORIENTED_EDGE('',*,*,#9587,.T.);
#9805=EDGE_LOOP('',(#9798,#9800,#9801,#9802,#9803,#9804));
#9806=FACE_OUTER_BOUND('',#9805,.F.);
#9807=ADVANCED_FACE('',(#9806),#9796,.T.);
#9808=CARTESIAN_POINT('',(2.005E0,0.E0,3.85E0));
#9809=DIRECTION('',(9.805806756909E-1,0.E0,1.961161351382E-1));
#9810=DIRECTION('',(-1.961161351382E-1,0.E0,9.805806756909E-1));
#9811=AXIS2_PLACEMENT_3D('',#9808,#9809,#9810);
#9812=PLANE('',#9811);
#9814=ORIENTED_EDGE('',*,*,#9813,.T.);
#9816=ORIENTED_EDGE('',*,*,#9815,.F.);
#9817=ORIENTED_EDGE('',*,*,#9797,.T.);
#9818=ORIENTED_EDGE('',*,*,#9585,.T.);
#9819=EDGE_LOOP('',(#9814,#9816,#9817,#9818));
#9820=FACE_OUTER_BOUND('',#9819,.F.);
#9821=ADVANCED_FACE('',(#9820),#9812,.T.);
#9822=CARTESIAN_POINT('',(1.755E0,-8.25E-1,4.1E0));
#9823=DIRECTION('',(0.E0,-1.E0,0.E0));
#9824=DIRECTION('',(0.E0,0.E0,-1.E0));
#9825=AXIS2_PLACEMENT_3D('',#9822,#9823,#9824);
#9826=PLANE('',#9825);
#9827=ORIENTED_EDGE('',*,*,#9813,.F.);
#9828=ORIENTED_EDGE('',*,*,#9590,.T.);
#9829=ORIENTED_EDGE('',*,*,#6661,.F.);
#9830=ORIENTED_EDGE('',*,*,#9654,.F.);
#9831=ORIENTED_EDGE('',*,*,#9786,.F.);
#9833=ORIENTED_EDGE('',*,*,#9832,.T.);
#9834=EDGE_LOOP('',(#9827,#9828,#9829,#9830,#9831,#9833));
#9835=FACE_OUTER_BOUND('',#9834,.F.);
#9836=ADVANCED_FACE('',(#9835),#9826,.T.);
#9837=CARTESIAN_POINT('',(1.755E0,8.25E-1,4.1E0));
#9838=DIRECTION('',(0.E0,0.E0,1.E0));
#9839=DIRECTION('',(0.E0,-1.E0,0.E0));
#9840=AXIS2_PLACEMENT_3D('',#9837,#9838,#9839);
#9841=PLANE('',#9840);
#9842=ORIENTED_EDGE('',*,*,#9815,.T.);
#9843=ORIENTED_EDGE('',*,*,#9832,.F.);
#9844=ORIENTED_EDGE('',*,*,#9784,.T.);
#9845=ORIENTED_EDGE('',*,*,#9799,.T.);
#9846=EDGE_LOOP('',(#9842,#9843,#9844,#9845));
#9847=FACE_OUTER_BOUND('',#9846,.F.);
#9848=ADVANCED_FACE('',(#9847),#9841,.T.);
#9849=CARTESIAN_POINT('',(-4.85E-1,0.E0,0.E0));
#9850=DIRECTION('',(1.E0,0.E0,0.E0));
#9851=DIRECTION('',(0.E0,1.E0,0.E0));
#9852=AXIS2_PLACEMENT_3D('',#9849,#9850,#9851);
#9853=PLANE('',#9852);
#9855=ORIENTED_EDGE('',*,*,#9854,.F.);
#9857=ORIENTED_EDGE('',*,*,#9856,.F.);
#9859=ORIENTED_EDGE('',*,*,#9858,.F.);
#9861=ORIENTED_EDGE('',*,*,#9860,.F.);
#9862=ORIENTED_EDGE('',*,*,#6908,.F.);
#9863=EDGE_LOOP('',(#9855,#9857,#9859,#9861,#9862));
#9864=FACE_OUTER_BOUND('',#9863,.F.);
#9865=ADVANCED_FACE('',(#9864),#9853,.T.);
#9866=CARTESIAN_POINT('',(-4.85E-1,0.E0,0.E0));
#9867=DIRECTION('',(1.E0,0.E0,0.E0));
#9868=DIRECTION('',(0.E0,1.E0,0.E0));
#9869=AXIS2_PLACEMENT_3D('',#9866,#9867,#9868);
#9870=PLANE('',#9869);
#9871=ORIENTED_EDGE('',*,*,#8352,.F.);
#9872=ORIENTED_EDGE('',*,*,#7005,.F.);
#9874=ORIENTED_EDGE('',*,*,#9873,.F.);
#9876=ORIENTED_EDGE('',*,*,#9875,.F.);
#9878=ORIENTED_EDGE('',*,*,#9877,.F.);
#9880=ORIENTED_EDGE('',*,*,#9879,.F.);
#9882=ORIENTED_EDGE('',*,*,#9881,.F.);
#9884=ORIENTED_EDGE('',*,*,#9883,.F.);
#9885=EDGE_LOOP('',(#9871,#9872,#9874,#9876,#9878,#9880,#9882,#9884));
#9886=FACE_OUTER_BOUND('',#9885,.F.);
#9887=ADVANCED_FACE('',(#9886),#9870,.T.);
#9888=CARTESIAN_POINT('',(-4.85E-1,0.E0,0.E0));
#9889=DIRECTION('',(1.E0,0.E0,0.E0));
#9890=DIRECTION('',(0.E0,1.E0,0.E0));
#9891=AXIS2_PLACEMENT_3D('',#9888,#9889,#9890);
#9892=PLANE('',#9891);
#9894=ORIENTED_EDGE('',*,*,#9893,.F.);
#9896=ORIENTED_EDGE('',*,*,#9895,.F.);
#9897=ORIENTED_EDGE('',*,*,#6653,.F.);
#9899=ORIENTED_EDGE('',*,*,#9898,.F.);
#9900=EDGE_LOOP('',(#9894,#9896,#9897,#9899));
#9901=FACE_OUTER_BOUND('',#9900,.F.);
#9902=ADVANCED_FACE('',(#9901),#9892,.T.);
#9903=CARTESIAN_POINT('',(-7.85E-1,2.3E0,0.E0));
#9904=DIRECTION('',(0.E0,0.E0,1.E0));
#9905=DIRECTION('',(0.E0,-1.E0,0.E0));
#9906=AXIS2_PLACEMENT_3D('',#9903,#9904,#9905);
#9907=PLANE('',#9906);
#9909=ORIENTED_EDGE('',*,*,#9908,.F.);
#9911=ORIENTED_EDGE('',*,*,#9910,.T.);
#9912=ORIENTED_EDGE('',*,*,#9854,.T.);
#9913=ORIENTED_EDGE('',*,*,#7213,.F.);
#9914=EDGE_LOOP('',(#9909,#9911,#9912,#9913));
#9915=FACE_OUTER_BOUND('',#9914,.F.);
#9916=ADVANCED_FACE('',(#9915),#9907,.T.);
#9917=CARTESIAN_POINT('',(-7.85E-1,0.E0,0.E0));
#9918=DIRECTION('',(1.E0,0.E0,0.E0));
#9919=DIRECTION('',(0.E0,1.E0,0.E0));
#9920=AXIS2_PLACEMENT_3D('',#9917,#9918,#9919);
#9921=PLANE('',#9920);
#9922=ORIENTED_EDGE('',*,*,#9908,.T.);
#9923=ORIENTED_EDGE('',*,*,#6912,.F.);
#9925=ORIENTED_EDGE('',*,*,#9924,.T.);
#9927=ORIENTED_EDGE('',*,*,#9926,.T.);
#9929=ORIENTED_EDGE('',*,*,#9928,.T.);
#9930=EDGE_LOOP('',(#9922,#9923,#9925,#9927,#9929));
#9931=FACE_OUTER_BOUND('',#9930,.F.);
#9932=ADVANCED_FACE('',(#9931),#9921,.F.);
#9933=CARTESIAN_POINT('',(-7.85E-1,0.E0,0.E0));
#9934=DIRECTION('',(1.E0,0.E0,0.E0));
#9935=DIRECTION('',(0.E0,1.E0,0.E0));
#9936=AXIS2_PLACEMENT_3D('',#9933,#9934,#9935);
#9937=PLANE('',#9936);
#9938=ORIENTED_EDGE('',*,*,#8356,.T.);
#9940=ORIENTED_EDGE('',*,*,#9939,.T.);
#9942=ORIENTED_EDGE('',*,*,#9941,.T.);
#9944=ORIENTED_EDGE('',*,*,#9943,.T.);
#9946=ORIENTED_EDGE('',*,*,#9945,.T.);
#9948=ORIENTED_EDGE('',*,*,#9947,.T.);
#9950=ORIENTED_EDGE('',*,*,#9949,.T.);
#9951=ORIENTED_EDGE('',*,*,#7001,.F.);
#9952=EDGE_LOOP('',(#9938,#9940,#9942,#9944,#9946,#9948,#9950,#9951));
#9953=FACE_OUTER_BOUND('',#9952,.F.);
#9954=ADVANCED_FACE('',(#9953),#9937,.F.);
#9955=CARTESIAN_POINT('',(-7.85E-1,0.E0,0.E0));
#9956=DIRECTION('',(1.E0,0.E0,0.E0));
#9957=DIRECTION('',(0.E0,1.E0,0.E0));
#9958=AXIS2_PLACEMENT_3D('',#9955,#9956,#9957);
#9959=PLANE('',#9958);
#9961=ORIENTED_EDGE('',*,*,#9960,.F.);
#9963=ORIENTED_EDGE('',*,*,#9962,.T.);
#9964=ORIENTED_EDGE('',*,*,#6649,.T.);
#9966=ORIENTED_EDGE('',*,*,#9965,.T.);
#9967=EDGE_LOOP('',(#9961,#9963,#9964,#9966));
#9968=FACE_OUTER_BOUND('',#9967,.F.);
#9969=ADVANCED_FACE('',(#9968),#9959,.F.);
#9970=CARTESIAN_POINT('',(-7.85E-1,1.55E-1,0.E0));
#9971=DIRECTION('',(0.E0,-1.E0,0.E0));
#9972=DIRECTION('',(0.E0,0.E0,-1.E0));
#9973=AXIS2_PLACEMENT_3D('',#9970,#9971,#9972);
#9974=PLANE('',#9973);
#9975=ORIENTED_EDGE('',*,*,#9924,.F.);
#9976=ORIENTED_EDGE('',*,*,#6910,.T.);
#9977=ORIENTED_EDGE('',*,*,#9860,.T.);
#9979=ORIENTED_EDGE('',*,*,#9978,.F.);
#9980=EDGE_LOOP('',(#9975,#9976,#9977,#9979));
#9981=FACE_OUTER_BOUND('',#9980,.F.);
#9982=ADVANCED_FACE('',(#9981),#9974,.T.);
#9983=CARTESIAN_POINT('',(-7.85E-1,1.55E-1,-8.5E-1));
#9984=DIRECTION('',(0.E0,0.E0,-1.E0));
#9985=DIRECTION('',(0.E0,1.E0,0.E0));
#9986=AXIS2_PLACEMENT_3D('',#9983,#9984,#9985);
#9987=PLANE('',#9986);
#9988=ORIENTED_EDGE('',*,*,#9926,.F.);
#9989=ORIENTED_EDGE('',*,*,#9978,.T.);
#9990=ORIENTED_EDGE('',*,*,#9858,.T.);
#9992=ORIENTED_EDGE('',*,*,#9991,.F.);
#9993=EDGE_LOOP('',(#9988,#9989,#9990,#9992));
#9994=FACE_OUTER_BOUND('',#9993,.F.);
#9995=ADVANCED_FACE('',(#9994),#9987,.T.);
#9996=CARTESIAN_POINT('',(-7.85E-1,2.3E0,-8.5E-1));
#9997=DIRECTION('',(0.E0,1.E0,0.E0));
#9998=DIRECTION('',(0.E0,0.E0,1.E0));
#9999=AXIS2_PLACEMENT_3D('',#9996,#9997,#9998);
#10000=PLANE('',#9999);
#10001=ORIENTED_EDGE('',*,*,#9928,.F.);
#10002=ORIENTED_EDGE('',*,*,#9991,.T.);
#10003=ORIENTED_EDGE('',*,*,#9856,.T.);
#10004=ORIENTED_EDGE('',*,*,#9910,.F.);
#10005=EDGE_LOOP('',(#10001,#10002,#10003,#10004));
#10006=FACE_OUTER_BOUND('',#10005,.F.);
#10007=ADVANCED_FACE('',(#10006),#10000,.T.);
#10008=CARTESIAN_POINT('',(-7.85E-1,-2.5E0,-5.25E-1));
#10009=DIRECTION('',(0.E0,0.E0,1.E0));
#10010=DIRECTION('',(0.E0,-1.E0,0.E0));
#10011=AXIS2_PLACEMENT_3D('',#10008,#10009,#10010);
#10012=PLANE('',#10011);
#10013=ORIENTED_EDGE('',*,*,#9939,.F.);
#10014=ORIENTED_EDGE('',*,*,#8354,.T.);
#10015=ORIENTED_EDGE('',*,*,#9883,.T.);
#10017=ORIENTED_EDGE('',*,*,#10016,.F.);
#10018=EDGE_LOOP('',(#10013,#10014,#10015,#10017));
#10019=FACE_OUTER_BOUND('',#10018,.F.);
#10020=ADVANCED_FACE('',(#10019),#10012,.T.);
#10021=CARTESIAN_POINT('',(-7.85E-1,-3.45E0,-5.25E-1));
#10022=DIRECTION('',(0.E0,-1.E0,0.E0));
#10023=DIRECTION('',(0.E0,0.E0,-1.E0));
#10024=AXIS2_PLACEMENT_3D('',#10021,#10022,#10023);
#10025=PLANE('',#10024);
#10026=ORIENTED_EDGE('',*,*,#9941,.F.);
#10027=ORIENTED_EDGE('',*,*,#10016,.T.);
#10028=ORIENTED_EDGE('',*,*,#9881,.T.);
#10030=ORIENTED_EDGE('',*,*,#10029,.F.);
#10031=EDGE_LOOP('',(#10026,#10027,#10028,#10030));
#10032=FACE_OUTER_BOUND('',#10031,.F.);
#10033=ADVANCED_FACE('',(#10032),#10025,.T.);
#10034=CARTESIAN_POINT('',(-7.85E-1,-3.45E0,-1.075E0));
#10035=DIRECTION('',(0.E0,0.E0,-1.E0));
#10036=DIRECTION('',(0.E0,1.E0,0.E0));
#10037=AXIS2_PLACEMENT_3D('',#10034,#10035,#10036);
#10038=PLANE('',#10037);
#10039=ORIENTED_EDGE('',*,*,#9943,.F.);
#10040=ORIENTED_EDGE('',*,*,#10029,.T.);
#10041=ORIENTED_EDGE('',*,*,#9879,.T.);
#10043=ORIENTED_EDGE('',*,*,#10042,.F.);
#10044=EDGE_LOOP('',(#10039,#10040,#10041,#10043));
#10045=FACE_OUTER_BOUND('',#10044,.F.);
#10046=ADVANCED_FACE('',(#10045),#10038,.T.);
#10047=CARTESIAN_POINT('',(-7.85E-1,-1.75E0,-1.075E0));
#10048=DIRECTION('',(0.E0,1.E0,0.E0));
#10049=DIRECTION('',(0.E0,0.E0,1.E0));
#10050=AXIS2_PLACEMENT_3D('',#10047,#10048,#10049);
#10051=PLANE('',#10050);
#10052=ORIENTED_EDGE('',*,*,#9945,.F.);
#10053=ORIENTED_EDGE('',*,*,#10042,.T.);
#10054=ORIENTED_EDGE('',*,*,#9877,.T.);
#10056=ORIENTED_EDGE('',*,*,#10055,.F.);
#10057=EDGE_LOOP('',(#10052,#10053,#10054,#10056));
#10058=FACE_OUTER_BOUND('',#10057,.F.);
#10059=ADVANCED_FACE('',(#10058),#10051,.T.);
#10060=CARTESIAN_POINT('',(-7.85E-1,-1.75E0,-8.5E-1));
#10061=DIRECTION('',(0.E0,0.E0,-1.E0));
#10062=DIRECTION('',(0.E0,1.E0,0.E0));
#10063=AXIS2_PLACEMENT_3D('',#10060,#10061,#10062);
#10064=PLANE('',#10063);
#10065=ORIENTED_EDGE('',*,*,#9947,.F.);
#10066=ORIENTED_EDGE('',*,*,#10055,.T.);
#10067=ORIENTED_EDGE('',*,*,#9875,.T.);
#10069=ORIENTED_EDGE('',*,*,#10068,.F.);
#10070=EDGE_LOOP('',(#10065,#10066,#10067,#10069));
#10071=FACE_OUTER_BOUND('',#10070,.F.);
#10072=ADVANCED_FACE('',(#10071),#10064,.T.);
#10073=CARTESIAN_POINT('',(-7.85E-1,-1.55E-1,-8.5E-1));
#10074=DIRECTION('',(0.E0,1.E0,0.E0));
#10075=DIRECTION('',(0.E0,0.E0,1.E0));
#10076=AXIS2_PLACEMENT_3D('',#10073,#10074,#10075);
#10077=PLANE('',#10076);
#10078=ORIENTED_EDGE('',*,*,#9949,.F.);
#10079=ORIENTED_EDGE('',*,*,#10068,.T.);
#10080=ORIENTED_EDGE('',*,*,#9873,.T.);
#10081=ORIENTED_EDGE('',*,*,#7003,.F.);
#10082=EDGE_LOOP('',(#10078,#10079,#10080,#10081));
#10083=FACE_OUTER_BOUND('',#10082,.F.);
#10084=ADVANCED_FACE('',(#10083),#10077,.T.);
#10085=CARTESIAN_POINT('',(-7.35E-1,0.E0,3.85E0));
#10086=DIRECTION('',(-9.805806756909E-1,0.E0,1.961161351382E-1));
#10087=DIRECTION('',(1.961161351382E-1,0.E0,9.805806756909E-1));
#10088=AXIS2_PLACEMENT_3D('',#10085,#10086,#10087);
#10089=PLANE('',#10088);
#10091=ORIENTED_EDGE('',*,*,#10090,.T.);
#10093=ORIENTED_EDGE('',*,*,#10092,.F.);
#10095=ORIENTED_EDGE('',*,*,#10094,.T.);
#10096=ORIENTED_EDGE('',*,*,#9960,.T.);
#10097=EDGE_LOOP('',(#10091,#10093,#10095,#10096));
#10098=FACE_OUTER_BOUND('',#10097,.F.);
#10099=ADVANCED_FACE('',(#10098),#10089,.T.);
#10100=CARTESIAN_POINT('',(-7.85E-1,8.25E-1,0.E0));
#10101=DIRECTION('',(0.E0,1.E0,0.E0));
#10102=DIRECTION('',(0.E0,0.E0,1.E0));
#10103=AXIS2_PLACEMENT_3D('',#10100,#10101,#10102);
#10104=PLANE('',#10103);
#10106=ORIENTED_EDGE('',*,*,#10105,.F.);
#10108=ORIENTED_EDGE('',*,*,#10107,.F.);
#10109=ORIENTED_EDGE('',*,*,#10090,.F.);
#10110=ORIENTED_EDGE('',*,*,#9965,.F.);
#10111=ORIENTED_EDGE('',*,*,#6655,.T.);
#10112=ORIENTED_EDGE('',*,*,#9895,.T.);
#10113=EDGE_LOOP('',(#10106,#10108,#10109,#10110,#10111,#10112));
#10114=FACE_OUTER_BOUND('',#10113,.F.);
#10115=ADVANCED_FACE('',(#10114),#10104,.T.);
#10116=CARTESIAN_POINT('',(-5.35E-1,0.E0,3.85E0));
#10117=DIRECTION('',(9.805806756909E-1,0.E0,1.961161351382E-1));
#10118=DIRECTION('',(-1.961161351382E-1,0.E0,9.805806756909E-1));
#10119=AXIS2_PLACEMENT_3D('',#10116,#10117,#10118);
#10120=PLANE('',#10119);
#10122=ORIENTED_EDGE('',*,*,#10121,.T.);
#10124=ORIENTED_EDGE('',*,*,#10123,.F.);
#10125=ORIENTED_EDGE('',*,*,#10105,.T.);
#10126=ORIENTED_EDGE('',*,*,#9893,.T.);
#10127=EDGE_LOOP('',(#10122,#10124,#10125,#10126));
#10128=FACE_OUTER_BOUND('',#10127,.F.);
#10129=ADVANCED_FACE('',(#10128),#10120,.T.);
#10130=CARTESIAN_POINT('',(-7.85E-1,-8.25E-1,4.1E0));
#10131=DIRECTION('',(0.E0,-1.E0,0.E0));
#10132=DIRECTION('',(0.E0,0.E0,-1.E0));
#10133=AXIS2_PLACEMENT_3D('',#10130,#10131,#10132);
#10134=PLANE('',#10133);
#10135=ORIENTED_EDGE('',*,*,#10121,.F.);
#10136=ORIENTED_EDGE('',*,*,#9898,.T.);
#10137=ORIENTED_EDGE('',*,*,#6651,.F.);
#10138=ORIENTED_EDGE('',*,*,#9962,.F.);
#10139=ORIENTED_EDGE('',*,*,#10094,.F.);
#10141=ORIENTED_EDGE('',*,*,#10140,.T.);
#10142=EDGE_LOOP('',(#10135,#10136,#10137,#10138,#10139,#10141));
#10143=FACE_OUTER_BOUND('',#10142,.F.);
#10144=ADVANCED_FACE('',(#10143),#10134,.T.);
#10145=CARTESIAN_POINT('',(-7.85E-1,8.25E-1,4.1E0));
#10146=DIRECTION('',(0.E0,0.E0,1.E0));
#10147=DIRECTION('',(0.E0,-1.E0,0.E0));
#10148=AXIS2_PLACEMENT_3D('',#10145,#10146,#10147);
#10149=PLANE('',#10148);
#10150=ORIENTED_EDGE('',*,*,#10123,.T.);
#10151=ORIENTED_EDGE('',*,*,#10140,.F.);
#10152=ORIENTED_EDGE('',*,*,#10092,.T.);
#10153=ORIENTED_EDGE('',*,*,#10107,.T.);
#10154=EDGE_LOOP('',(#10150,#10151,#10152,#10153));
#10155=FACE_OUTER_BOUND('',#10154,.F.);
#10156=ADVANCED_FACE('',(#10155),#10149,.T.);
#10157=CARTESIAN_POINT('',(-3.025E0,0.E0,0.E0));
#10158=DIRECTION('',(1.E0,0.E0,0.E0));
#10159=DIRECTION('',(0.E0,1.E0,0.E0));
#10160=AXIS2_PLACEMENT_3D('',#10157,#10158,#10159);
#10161=PLANE('',#10160);
#10163=ORIENTED_EDGE('',*,*,#10162,.F.);
#10165=ORIENTED_EDGE('',*,*,#10164,.F.);
#10167=ORIENTED_EDGE('',*,*,#10166,.F.);
#10169=ORIENTED_EDGE('',*,*,#10168,.F.);
#10170=ORIENTED_EDGE('',*,*,#6924,.F.);
#10171=EDGE_LOOP('',(#10163,#10165,#10167,#10169,#10170));
#10172=FACE_OUTER_BOUND('',#10171,.F.);
#10173=ADVANCED_FACE('',(#10172),#10161,.T.);
#10174=CARTESIAN_POINT('',(-3.025E0,0.E0,0.E0));
#10175=DIRECTION('',(1.E0,0.E0,0.E0));
#10176=DIRECTION('',(0.E0,1.E0,0.E0));
#10177=AXIS2_PLACEMENT_3D('',#10174,#10175,#10176);
#10178=PLANE('',#10177);
#10179=ORIENTED_EDGE('',*,*,#8359,.F.);
#10180=ORIENTED_EDGE('',*,*,#6997,.F.);
#10182=ORIENTED_EDGE('',*,*,#10181,.F.);
#10184=ORIENTED_EDGE('',*,*,#10183,.F.);
#10186=ORIENTED_EDGE('',*,*,#10185,.F.);
#10188=ORIENTED_EDGE('',*,*,#10187,.F.);
#10190=ORIENTED_EDGE('',*,*,#10189,.F.);
#10192=ORIENTED_EDGE('',*,*,#10191,.F.);
#10193=EDGE_LOOP('',(#10179,#10180,#10182,#10184,#10186,#10188,#10190,#10192));
#10194=FACE_OUTER_BOUND('',#10193,.F.);
#10195=ADVANCED_FACE('',(#10194),#10178,.T.);
#10196=CARTESIAN_POINT('',(-3.025E0,0.E0,0.E0));
#10197=DIRECTION('',(1.E0,0.E0,0.E0));
#10198=DIRECTION('',(0.E0,1.E0,0.E0));
#10199=AXIS2_PLACEMENT_3D('',#10196,#10197,#10198);
#10200=PLANE('',#10199);
#10202=ORIENTED_EDGE('',*,*,#10201,.F.);
#10204=ORIENTED_EDGE('',*,*,#10203,.F.);
#10205=ORIENTED_EDGE('',*,*,#6643,.F.);
#10207=ORIENTED_EDGE('',*,*,#10206,.F.);
#10208=EDGE_LOOP('',(#10202,#10204,#10205,#10207));
#10209=FACE_OUTER_BOUND('',#10208,.F.);
#10210=ADVANCED_FACE('',(#10209),#10200,.T.);
#10211=CARTESIAN_POINT('',(-3.325E0,2.3E0,0.E0));
#10212=DIRECTION('',(0.E0,0.E0,1.E0));
#10213=DIRECTION('',(0.E0,-1.E0,0.E0));
#10214=AXIS2_PLACEMENT_3D('',#10211,#10212,#10213);
#10215=PLANE('',#10214);
#10217=ORIENTED_EDGE('',*,*,#10216,.F.);
#10219=ORIENTED_EDGE('',*,*,#10218,.T.);
#10220=ORIENTED_EDGE('',*,*,#10162,.T.);
#10221=ORIENTED_EDGE('',*,*,#7207,.F.);
#10222=EDGE_LOOP('',(#10217,#10219,#10220,#10221));
#10223=FACE_OUTER_BOUND('',#10222,.F.);
#10224=ADVANCED_FACE('',(#10223),#10215,.T.);
#10225=CARTESIAN_POINT('',(-3.325E0,0.E0,0.E0));
#10226=DIRECTION('',(1.E0,0.E0,0.E0));
#10227=DIRECTION('',(0.E0,1.E0,0.E0));
#10228=AXIS2_PLACEMENT_3D('',#10225,#10226,#10227);
#10229=PLANE('',#10228);
#10230=ORIENTED_EDGE('',*,*,#10216,.T.);
#10231=ORIENTED_EDGE('',*,*,#6928,.F.);
#10233=ORIENTED_EDGE('',*,*,#10232,.T.);
#10235=ORIENTED_EDGE('',*,*,#10234,.T.);
#10237=ORIENTED_EDGE('',*,*,#10236,.T.);
#10238=EDGE_LOOP('',(#10230,#10231,#10233,#10235,#10237));
#10239=FACE_OUTER_BOUND('',#10238,.F.);
#10240=ADVANCED_FACE('',(#10239),#10229,.F.);
#10241=CARTESIAN_POINT('',(-3.325E0,0.E0,0.E0));
#10242=DIRECTION('',(1.E0,0.E0,0.E0));
#10243=DIRECTION('',(0.E0,1.E0,0.E0));
#10244=AXIS2_PLACEMENT_3D('',#10241,#10242,#10243);
#10245=PLANE('',#10244);
#10246=ORIENTED_EDGE('',*,*,#8363,.T.);
#10248=ORIENTED_EDGE('',*,*,#10247,.T.);
#10250=ORIENTED_EDGE('',*,*,#10249,.T.);
#10252=ORIENTED_EDGE('',*,*,#10251,.T.);
#10254=ORIENTED_EDGE('',*,*,#10253,.T.);
#10256=ORIENTED_EDGE('',*,*,#10255,.T.);
#10258=ORIENTED_EDGE('',*,*,#10257,.T.);
#10259=ORIENTED_EDGE('',*,*,#6993,.F.);
#10260=EDGE_LOOP('',(#10246,#10248,#10250,#10252,#10254,#10256,#10258,#10259));
#10261=FACE_OUTER_BOUND('',#10260,.F.);
#10262=ADVANCED_FACE('',(#10261),#10245,.F.);
#10263=CARTESIAN_POINT('',(-3.325E0,0.E0,0.E0));
#10264=DIRECTION('',(1.E0,0.E0,0.E0));
#10265=DIRECTION('',(0.E0,1.E0,0.E0));
#10266=AXIS2_PLACEMENT_3D('',#10263,#10264,#10265);
#10267=PLANE('',#10266);
#10269=ORIENTED_EDGE('',*,*,#10268,.F.);
#10271=ORIENTED_EDGE('',*,*,#10270,.T.);
#10272=ORIENTED_EDGE('',*,*,#6639,.T.);
#10274=ORIENTED_EDGE('',*,*,#10273,.T.);
#10275=EDGE_LOOP('',(#10269,#10271,#10272,#10274));
#10276=FACE_OUTER_BOUND('',#10275,.F.);
#10277=ADVANCED_FACE('',(#10276),#10267,.F.);
#10278=CARTESIAN_POINT('',(-3.325E0,1.55E-1,0.E0));
#10279=DIRECTION('',(0.E0,-1.E0,0.E0));
#10280=DIRECTION('',(0.E0,0.E0,-1.E0));
#10281=AXIS2_PLACEMENT_3D('',#10278,#10279,#10280);
#10282=PLANE('',#10281);
#10283=ORIENTED_EDGE('',*,*,#10232,.F.);
#10284=ORIENTED_EDGE('',*,*,#6926,.T.);
#10285=ORIENTED_EDGE('',*,*,#10168,.T.);
#10287=ORIENTED_EDGE('',*,*,#10286,.F.);
#10288=EDGE_LOOP('',(#10283,#10284,#10285,#10287));
#10289=FACE_OUTER_BOUND('',#10288,.F.);
#10290=ADVANCED_FACE('',(#10289),#10282,.T.);
#10291=CARTESIAN_POINT('',(-3.325E0,1.55E-1,-8.5E-1));
#10292=DIRECTION('',(0.E0,0.E0,-1.E0));
#10293=DIRECTION('',(0.E0,1.E0,0.E0));
#10294=AXIS2_PLACEMENT_3D('',#10291,#10292,#10293);
#10295=PLANE('',#10294);
#10296=ORIENTED_EDGE('',*,*,#10234,.F.);
#10297=ORIENTED_EDGE('',*,*,#10286,.T.);
#10298=ORIENTED_EDGE('',*,*,#10166,.T.);
#10300=ORIENTED_EDGE('',*,*,#10299,.F.);
#10301=EDGE_LOOP('',(#10296,#10297,#10298,#10300));
#10302=FACE_OUTER_BOUND('',#10301,.F.);
#10303=ADVANCED_FACE('',(#10302),#10295,.T.);
#10304=CARTESIAN_POINT('',(-3.325E0,2.3E0,-8.5E-1));
#10305=DIRECTION('',(0.E0,1.E0,0.E0));
#10306=DIRECTION('',(0.E0,0.E0,1.E0));
#10307=AXIS2_PLACEMENT_3D('',#10304,#10305,#10306);
#10308=PLANE('',#10307);
#10309=ORIENTED_EDGE('',*,*,#10236,.F.);
#10310=ORIENTED_EDGE('',*,*,#10299,.T.);
#10311=ORIENTED_EDGE('',*,*,#10164,.T.);
#10312=ORIENTED_EDGE('',*,*,#10218,.F.);
#10313=EDGE_LOOP('',(#10309,#10310,#10311,#10312));
#10314=FACE_OUTER_BOUND('',#10313,.F.);
#10315=ADVANCED_FACE('',(#10314),#10308,.T.);
#10316=CARTESIAN_POINT('',(-3.325E0,-2.5E0,-5.25E-1));
#10317=DIRECTION('',(0.E0,0.E0,1.E0));
#10318=DIRECTION('',(0.E0,-1.E0,0.E0));
#10319=AXIS2_PLACEMENT_3D('',#10316,#10317,#10318);
#10320=PLANE('',#10319);
#10321=ORIENTED_EDGE('',*,*,#10247,.F.);
#10322=ORIENTED_EDGE('',*,*,#8361,.T.);
#10323=ORIENTED_EDGE('',*,*,#10191,.T.);
#10325=ORIENTED_EDGE('',*,*,#10324,.F.);
#10326=EDGE_LOOP('',(#10321,#10322,#10323,#10325));
#10327=FACE_OUTER_BOUND('',#10326,.F.);
#10328=ADVANCED_FACE('',(#10327),#10320,.T.);
#10329=CARTESIAN_POINT('',(-3.325E0,-3.45E0,-5.25E-1));
#10330=DIRECTION('',(0.E0,-1.E0,0.E0));
#10331=DIRECTION('',(0.E0,0.E0,-1.E0));
#10332=AXIS2_PLACEMENT_3D('',#10329,#10330,#10331);
#10333=PLANE('',#10332);
#10334=ORIENTED_EDGE('',*,*,#10249,.F.);
#10335=ORIENTED_EDGE('',*,*,#10324,.T.);
#10336=ORIENTED_EDGE('',*,*,#10189,.T.);
#10338=ORIENTED_EDGE('',*,*,#10337,.F.);
#10339=EDGE_LOOP('',(#10334,#10335,#10336,#10338));
#10340=FACE_OUTER_BOUND('',#10339,.F.);
#10341=ADVANCED_FACE('',(#10340),#10333,.T.);
#10342=CARTESIAN_POINT('',(-3.325E0,-3.45E0,-1.075E0));
#10343=DIRECTION('',(0.E0,0.E0,-1.E0));
#10344=DIRECTION('',(0.E0,1.E0,0.E0));
#10345=AXIS2_PLACEMENT_3D('',#10342,#10343,#10344);
#10346=PLANE('',#10345);
#10347=ORIENTED_EDGE('',*,*,#10251,.F.);
#10348=ORIENTED_EDGE('',*,*,#10337,.T.);
#10349=ORIENTED_EDGE('',*,*,#10187,.T.);
#10351=ORIENTED_EDGE('',*,*,#10350,.F.);
#10352=EDGE_LOOP('',(#10347,#10348,#10349,#10351));
#10353=FACE_OUTER_BOUND('',#10352,.F.);
#10354=ADVANCED_FACE('',(#10353),#10346,.T.);
#10355=CARTESIAN_POINT('',(-3.325E0,-1.75E0,-1.075E0));
#10356=DIRECTION('',(0.E0,1.E0,0.E0));
#10357=DIRECTION('',(0.E0,0.E0,1.E0));
#10358=AXIS2_PLACEMENT_3D('',#10355,#10356,#10357);
#10359=PLANE('',#10358);
#10360=ORIENTED_EDGE('',*,*,#10253,.F.);
#10361=ORIENTED_EDGE('',*,*,#10350,.T.);
#10362=ORIENTED_EDGE('',*,*,#10185,.T.);
#10364=ORIENTED_EDGE('',*,*,#10363,.F.);
#10365=EDGE_LOOP('',(#10360,#10361,#10362,#10364));
#10366=FACE_OUTER_BOUND('',#10365,.F.);
#10367=ADVANCED_FACE('',(#10366),#10359,.T.);
#10368=CARTESIAN_POINT('',(-3.325E0,-1.75E0,-8.5E-1));
#10369=DIRECTION('',(0.E0,0.E0,-1.E0));
#10370=DIRECTION('',(0.E0,1.E0,0.E0));
#10371=AXIS2_PLACEMENT_3D('',#10368,#10369,#10370);
#10372=PLANE('',#10371);
#10373=ORIENTED_EDGE('',*,*,#10255,.F.);
#10374=ORIENTED_EDGE('',*,*,#10363,.T.);
#10375=ORIENTED_EDGE('',*,*,#10183,.T.);
#10377=ORIENTED_EDGE('',*,*,#10376,.F.);
#10378=EDGE_LOOP('',(#10373,#10374,#10375,#10377));
#10379=FACE_OUTER_BOUND('',#10378,.F.);
#10380=ADVANCED_FACE('',(#10379),#10372,.T.);
#10381=CARTESIAN_POINT('',(-3.325E0,-1.55E-1,-8.5E-1));
#10382=DIRECTION('',(0.E0,1.E0,0.E0));
#10383=DIRECTION('',(0.E0,0.E0,1.E0));
#10384=AXIS2_PLACEMENT_3D('',#10381,#10382,#10383);
#10385=PLANE('',#10384);
#10386=ORIENTED_EDGE('',*,*,#10257,.F.);
#10387=ORIENTED_EDGE('',*,*,#10376,.T.);
#10388=ORIENTED_EDGE('',*,*,#10181,.T.);
#10389=ORIENTED_EDGE('',*,*,#6995,.F.);
#10390=EDGE_LOOP('',(#10386,#10387,#10388,#10389));
#10391=FACE_OUTER_BOUND('',#10390,.F.);
#10392=ADVANCED_FACE('',(#10391),#10385,.T.);
#10393=CARTESIAN_POINT('',(-3.275E0,0.E0,3.85E0));
#10394=DIRECTION('',(-9.805806756909E-1,0.E0,1.961161351382E-1));
#10395=DIRECTION('',(1.961161351382E-1,0.E0,9.805806756909E-1));
#10396=AXIS2_PLACEMENT_3D('',#10393,#10394,#10395);
#10397=PLANE('',#10396);
#10399=ORIENTED_EDGE('',*,*,#10398,.T.);
#10401=ORIENTED_EDGE('',*,*,#10400,.F.);
#10403=ORIENTED_EDGE('',*,*,#10402,.T.);
#10404=ORIENTED_EDGE('',*,*,#10268,.T.);
#10405=EDGE_LOOP('',(#10399,#10401,#10403,#10404));
#10406=FACE_OUTER_BOUND('',#10405,.F.);
#10407=ADVANCED_FACE('',(#10406),#10397,.T.);
#10408=CARTESIAN_POINT('',(-3.325E0,8.25E-1,0.E0));
#10409=DIRECTION('',(0.E0,1.E0,0.E0));
#10410=DIRECTION('',(0.E0,0.E0,1.E0));
#10411=AXIS2_PLACEMENT_3D('',#10408,#10409,#10410);
#10412=PLANE('',#10411);
#10414=ORIENTED_EDGE('',*,*,#10413,.F.);
#10416=ORIENTED_EDGE('',*,*,#10415,.F.);
#10417=ORIENTED_EDGE('',*,*,#10398,.F.);
#10418=ORIENTED_EDGE('',*,*,#10273,.F.);
#10419=ORIENTED_EDGE('',*,*,#6645,.T.);
#10420=ORIENTED_EDGE('',*,*,#10203,.T.);
#10421=EDGE_LOOP('',(#10414,#10416,#10417,#10418,#10419,#10420));
#10422=FACE_OUTER_BOUND('',#10421,.F.);
#10423=ADVANCED_FACE('',(#10422),#10412,.T.);
#10424=CARTESIAN_POINT('',(-3.075E0,0.E0,3.85E0));
#10425=DIRECTION('',(9.805806756909E-1,0.E0,1.961161351382E-1));
#10426=DIRECTION('',(-1.961161351382E-1,0.E0,9.805806756909E-1));
#10427=AXIS2_PLACEMENT_3D('',#10424,#10425,#10426);
#10428=PLANE('',#10427);
#10430=ORIENTED_EDGE('',*,*,#10429,.T.);
#10432=ORIENTED_EDGE('',*,*,#10431,.F.);
#10433=ORIENTED_EDGE('',*,*,#10413,.T.);
#10434=ORIENTED_EDGE('',*,*,#10201,.T.);
#10435=EDGE_LOOP('',(#10430,#10432,#10433,#10434));
#10436=FACE_OUTER_BOUND('',#10435,.F.);
#10437=ADVANCED_FACE('',(#10436),#10428,.T.);
#10438=CARTESIAN_POINT('',(-3.325E0,-8.25E-1,4.1E0));
#10439=DIRECTION('',(0.E0,-1.E0,0.E0));
#10440=DIRECTION('',(0.E0,0.E0,-1.E0));
#10441=AXIS2_PLACEMENT_3D('',#10438,#10439,#10440);
#10442=PLANE('',#10441);
#10443=ORIENTED_EDGE('',*,*,#10429,.F.);
#10444=ORIENTED_EDGE('',*,*,#10206,.T.);
#10445=ORIENTED_EDGE('',*,*,#6641,.F.);
#10446=ORIENTED_EDGE('',*,*,#10270,.F.);
#10447=ORIENTED_EDGE('',*,*,#10402,.F.);
#10449=ORIENTED_EDGE('',*,*,#10448,.T.);
#10450=EDGE_LOOP('',(#10443,#10444,#10445,#10446,#10447,#10449));
#10451=FACE_OUTER_BOUND('',#10450,.F.);
#10452=ADVANCED_FACE('',(#10451),#10442,.T.);
#10453=CARTESIAN_POINT('',(-3.325E0,8.25E-1,4.1E0));
#10454=DIRECTION('',(0.E0,0.E0,1.E0));
#10455=DIRECTION('',(0.E0,-1.E0,0.E0));
#10456=AXIS2_PLACEMENT_3D('',#10453,#10454,#10455);
#10457=PLANE('',#10456);
#10458=ORIENTED_EDGE('',*,*,#10431,.T.);
#10459=ORIENTED_EDGE('',*,*,#10448,.F.);
#10460=ORIENTED_EDGE('',*,*,#10400,.T.);
#10461=ORIENTED_EDGE('',*,*,#10415,.T.);
#10462=EDGE_LOOP('',(#10458,#10459,#10460,#10461));
#10463=FACE_OUTER_BOUND('',#10462,.F.);
#10464=ADVANCED_FACE('',(#10463),#10457,.T.);
#10465=CARTESIAN_POINT('',(-5.565E0,0.E0,0.E0));
#10466=DIRECTION('',(1.E0,0.E0,0.E0));
#10467=DIRECTION('',(0.E0,1.E0,0.E0));
#10468=AXIS2_PLACEMENT_3D('',#10465,#10466,#10467);
#10469=PLANE('',#10468);
#10471=ORIENTED_EDGE('',*,*,#10470,.F.);
#10473=ORIENTED_EDGE('',*,*,#10472,.F.);
#10475=ORIENTED_EDGE('',*,*,#10474,.F.);
#10477=ORIENTED_EDGE('',*,*,#10476,.F.);
#10478=ORIENTED_EDGE('',*,*,#6940,.F.);
#10479=EDGE_LOOP('',(#10471,#10473,#10475,#10477,#10478));
#10480=FACE_OUTER_BOUND('',#10479,.F.);
#10481=ADVANCED_FACE('',(#10480),#10469,.T.);
#10482=CARTESIAN_POINT('',(-5.565E0,0.E0,0.E0));
#10483=DIRECTION('',(1.E0,0.E0,0.E0));
#10484=DIRECTION('',(0.E0,1.E0,0.E0));
#10485=AXIS2_PLACEMENT_3D('',#10482,#10483,#10484);
#10486=PLANE('',#10485);
#10487=ORIENTED_EDGE('',*,*,#8366,.F.);
#10488=ORIENTED_EDGE('',*,*,#6989,.F.);
#10490=ORIENTED_EDGE('',*,*,#10489,.F.);
#10492=ORIENTED_EDGE('',*,*,#10491,.F.);
#10494=ORIENTED_EDGE('',*,*,#10493,.F.);
#10496=ORIENTED_EDGE('',*,*,#10495,.F.);
#10498=ORIENTED_EDGE('',*,*,#10497,.F.);
#10500=ORIENTED_EDGE('',*,*,#10499,.F.);
#10501=EDGE_LOOP('',(#10487,#10488,#10490,#10492,#10494,#10496,#10498,#10500));
#10502=FACE_OUTER_BOUND('',#10501,.F.);
#10503=ADVANCED_FACE('',(#10502),#10486,.T.);
#10504=CARTESIAN_POINT('',(-5.565E0,0.E0,0.E0));
#10505=DIRECTION('',(1.E0,0.E0,0.E0));
#10506=DIRECTION('',(0.E0,1.E0,0.E0));
#10507=AXIS2_PLACEMENT_3D('',#10504,#10505,#10506);
#10508=PLANE('',#10507);
#10510=ORIENTED_EDGE('',*,*,#10509,.F.);
#10512=ORIENTED_EDGE('',*,*,#10511,.F.);
#10513=ORIENTED_EDGE('',*,*,#6633,.F.);
#10515=ORIENTED_EDGE('',*,*,#10514,.F.);
#10516=EDGE_LOOP('',(#10510,#10512,#10513,#10515));
#10517=FACE_OUTER_BOUND('',#10516,.F.);
#10518=ADVANCED_FACE('',(#10517),#10508,.T.);
#10519=CARTESIAN_POINT('',(-5.865E0,2.3E0,0.E0));
#10520=DIRECTION('',(0.E0,0.E0,1.E0));
#10521=DIRECTION('',(0.E0,-1.E0,0.E0));
#10522=AXIS2_PLACEMENT_3D('',#10519,#10520,#10521);
#10523=PLANE('',#10522);
#10525=ORIENTED_EDGE('',*,*,#10524,.F.);
#10527=ORIENTED_EDGE('',*,*,#10526,.T.);
#10528=ORIENTED_EDGE('',*,*,#10470,.T.);
#10529=ORIENTED_EDGE('',*,*,#7201,.F.);
#10530=EDGE_LOOP('',(#10525,#10527,#10528,#10529));
#10531=FACE_OUTER_BOUND('',#10530,.F.);
#10532=ADVANCED_FACE('',(#10531),#10523,.T.);
#10533=CARTESIAN_POINT('',(-5.865E0,0.E0,0.E0));
#10534=DIRECTION('',(1.E0,0.E0,0.E0));
#10535=DIRECTION('',(0.E0,1.E0,0.E0));
#10536=AXIS2_PLACEMENT_3D('',#10533,#10534,#10535);
#10537=PLANE('',#10536);
#10538=ORIENTED_EDGE('',*,*,#10524,.T.);
#10539=ORIENTED_EDGE('',*,*,#6944,.F.);
#10541=ORIENTED_EDGE('',*,*,#10540,.T.);
#10543=ORIENTED_EDGE('',*,*,#10542,.T.);
#10545=ORIENTED_EDGE('',*,*,#10544,.T.);
#10546=EDGE_LOOP('',(#10538,#10539,#10541,#10543,#10545));
#10547=FACE_OUTER_BOUND('',#10546,.F.);
#10548=ADVANCED_FACE('',(#10547),#10537,.F.);
#10549=CARTESIAN_POINT('',(-5.865E0,0.E0,0.E0));
#10550=DIRECTION('',(1.E0,0.E0,0.E0));
#10551=DIRECTION('',(0.E0,1.E0,0.E0));
#10552=AXIS2_PLACEMENT_3D('',#10549,#10550,#10551);
#10553=PLANE('',#10552);
#10554=ORIENTED_EDGE('',*,*,#8370,.T.);
#10556=ORIENTED_EDGE('',*,*,#10555,.T.);
#10558=ORIENTED_EDGE('',*,*,#10557,.T.);
#10560=ORIENTED_EDGE('',*,*,#10559,.T.);
#10562=ORIENTED_EDGE('',*,*,#10561,.T.);
#10564=ORIENTED_EDGE('',*,*,#10563,.T.);
#10566=ORIENTED_EDGE('',*,*,#10565,.T.);
#10567=ORIENTED_EDGE('',*,*,#6985,.F.);
#10568=EDGE_LOOP('',(#10554,#10556,#10558,#10560,#10562,#10564,#10566,#10567));
#10569=FACE_OUTER_BOUND('',#10568,.F.);
#10570=ADVANCED_FACE('',(#10569),#10553,.F.);
#10571=CARTESIAN_POINT('',(-5.865E0,0.E0,0.E0));
#10572=DIRECTION('',(1.E0,0.E0,0.E0));
#10573=DIRECTION('',(0.E0,1.E0,0.E0));
#10574=AXIS2_PLACEMENT_3D('',#10571,#10572,#10573);
#10575=PLANE('',#10574);
#10577=ORIENTED_EDGE('',*,*,#10576,.F.);
#10579=ORIENTED_EDGE('',*,*,#10578,.T.);
#10580=ORIENTED_EDGE('',*,*,#6629,.T.);
#10582=ORIENTED_EDGE('',*,*,#10581,.T.);
#10583=EDGE_LOOP('',(#10577,#10579,#10580,#10582));
#10584=FACE_OUTER_BOUND('',#10583,.F.);
#10585=ADVANCED_FACE('',(#10584),#10575,.F.);
#10586=CARTESIAN_POINT('',(-5.865E0,1.55E-1,0.E0));
#10587=DIRECTION('',(0.E0,-1.E0,0.E0));
#10588=DIRECTION('',(0.E0,0.E0,-1.E0));
#10589=AXIS2_PLACEMENT_3D('',#10586,#10587,#10588);
#10590=PLANE('',#10589);
#10591=ORIENTED_EDGE('',*,*,#10540,.F.);
#10592=ORIENTED_EDGE('',*,*,#6942,.T.);
#10593=ORIENTED_EDGE('',*,*,#10476,.T.);
#10595=ORIENTED_EDGE('',*,*,#10594,.F.);
#10596=EDGE_LOOP('',(#10591,#10592,#10593,#10595));
#10597=FACE_OUTER_BOUND('',#10596,.F.);
#10598=ADVANCED_FACE('',(#10597),#10590,.T.);
#10599=CARTESIAN_POINT('',(-5.865E0,1.55E-1,-8.5E-1));
#10600=DIRECTION('',(0.E0,0.E0,-1.E0));
#10601=DIRECTION('',(0.E0,1.E0,0.E0));
#10602=AXIS2_PLACEMENT_3D('',#10599,#10600,#10601);
#10603=PLANE('',#10602);
#10604=ORIENTED_EDGE('',*,*,#10542,.F.);
#10605=ORIENTED_EDGE('',*,*,#10594,.T.);
#10606=ORIENTED_EDGE('',*,*,#10474,.T.);
#10608=ORIENTED_EDGE('',*,*,#10607,.F.);
#10609=EDGE_LOOP('',(#10604,#10605,#10606,#10608));
#10610=FACE_OUTER_BOUND('',#10609,.F.);
#10611=ADVANCED_FACE('',(#10610),#10603,.T.);
#10612=CARTESIAN_POINT('',(-5.865E0,2.3E0,-8.5E-1));
#10613=DIRECTION('',(0.E0,1.E0,0.E0));
#10614=DIRECTION('',(0.E0,0.E0,1.E0));
#10615=AXIS2_PLACEMENT_3D('',#10612,#10613,#10614);
#10616=PLANE('',#10615);
#10617=ORIENTED_EDGE('',*,*,#10544,.F.);
#10618=ORIENTED_EDGE('',*,*,#10607,.T.);
#10619=ORIENTED_EDGE('',*,*,#10472,.T.);
#10620=ORIENTED_EDGE('',*,*,#10526,.F.);
#10621=EDGE_LOOP('',(#10617,#10618,#10619,#10620));
#10622=FACE_OUTER_BOUND('',#10621,.F.);
#10623=ADVANCED_FACE('',(#10622),#10616,.T.);
#10624=CARTESIAN_POINT('',(-5.865E0,-2.5E0,-5.25E-1));
#10625=DIRECTION('',(0.E0,0.E0,1.E0));
#10626=DIRECTION('',(0.E0,-1.E0,0.E0));
#10627=AXIS2_PLACEMENT_3D('',#10624,#10625,#10626);
#10628=PLANE('',#10627);
#10629=ORIENTED_EDGE('',*,*,#10555,.F.);
#10630=ORIENTED_EDGE('',*,*,#8368,.T.);
#10631=ORIENTED_EDGE('',*,*,#10499,.T.);
#10633=ORIENTED_EDGE('',*,*,#10632,.F.);
#10634=EDGE_LOOP('',(#10629,#10630,#10631,#10633));
#10635=FACE_OUTER_BOUND('',#10634,.F.);
#10636=ADVANCED_FACE('',(#10635),#10628,.T.);
#10637=CARTESIAN_POINT('',(-5.865E0,-3.45E0,-5.25E-1));
#10638=DIRECTION('',(0.E0,-1.E0,0.E0));
#10639=DIRECTION('',(0.E0,0.E0,-1.E0));
#10640=AXIS2_PLACEMENT_3D('',#10637,#10638,#10639);
#10641=PLANE('',#10640);
#10642=ORIENTED_EDGE('',*,*,#10557,.F.);
#10643=ORIENTED_EDGE('',*,*,#10632,.T.);
#10644=ORIENTED_EDGE('',*,*,#10497,.T.);
#10646=ORIENTED_EDGE('',*,*,#10645,.F.);
#10647=EDGE_LOOP('',(#10642,#10643,#10644,#10646));
#10648=FACE_OUTER_BOUND('',#10647,.F.);
#10649=ADVANCED_FACE('',(#10648),#10641,.T.);
#10650=CARTESIAN_POINT('',(-5.865E0,-3.45E0,-1.075E0));
#10651=DIRECTION('',(0.E0,0.E0,-1.E0));
#10652=DIRECTION('',(0.E0,1.E0,0.E0));
#10653=AXIS2_PLACEMENT_3D('',#10650,#10651,#10652);
#10654=PLANE('',#10653);
#10655=ORIENTED_EDGE('',*,*,#10559,.F.);
#10656=ORIENTED_EDGE('',*,*,#10645,.T.);
#10657=ORIENTED_EDGE('',*,*,#10495,.T.);
#10659=ORIENTED_EDGE('',*,*,#10658,.F.);
#10660=EDGE_LOOP('',(#10655,#10656,#10657,#10659));
#10661=FACE_OUTER_BOUND('',#10660,.F.);
#10662=ADVANCED_FACE('',(#10661),#10654,.T.);
#10663=CARTESIAN_POINT('',(-5.865E0,-1.75E0,-1.075E0));
#10664=DIRECTION('',(0.E0,1.E0,0.E0));
#10665=DIRECTION('',(0.E0,0.E0,1.E0));
#10666=AXIS2_PLACEMENT_3D('',#10663,#10664,#10665);
#10667=PLANE('',#10666);
#10668=ORIENTED_EDGE('',*,*,#10561,.F.);
#10669=ORIENTED_EDGE('',*,*,#10658,.T.);
#10670=ORIENTED_EDGE('',*,*,#10493,.T.);
#10672=ORIENTED_EDGE('',*,*,#10671,.F.);
#10673=EDGE_LOOP('',(#10668,#10669,#10670,#10672));
#10674=FACE_OUTER_BOUND('',#10673,.F.);
#10675=ADVANCED_FACE('',(#10674),#10667,.T.);
#10676=CARTESIAN_POINT('',(-5.865E0,-1.75E0,-8.5E-1));
#10677=DIRECTION('',(0.E0,0.E0,-1.E0));
#10678=DIRECTION('',(0.E0,1.E0,0.E0));
#10679=AXIS2_PLACEMENT_3D('',#10676,#10677,#10678);
#10680=PLANE('',#10679);
#10681=ORIENTED_EDGE('',*,*,#10563,.F.);
#10682=ORIENTED_EDGE('',*,*,#10671,.T.);
#10683=ORIENTED_EDGE('',*,*,#10491,.T.);
#10685=ORIENTED_EDGE('',*,*,#10684,.F.);
#10686=EDGE_LOOP('',(#10681,#10682,#10683,#10685));
#10687=FACE_OUTER_BOUND('',#10686,.F.);
#10688=ADVANCED_FACE('',(#10687),#10680,.T.);
#10689=CARTESIAN_POINT('',(-5.865E0,-1.55E-1,-8.5E-1));
#10690=DIRECTION('',(0.E0,1.E0,0.E0));
#10691=DIRECTION('',(0.E0,0.E0,1.E0));
#10692=AXIS2_PLACEMENT_3D('',#10689,#10690,#10691);
#10693=PLANE('',#10692);
#10694=ORIENTED_EDGE('',*,*,#10565,.F.);
#10695=ORIENTED_EDGE('',*,*,#10684,.T.);
#10696=ORIENTED_EDGE('',*,*,#10489,.T.);
#10697=ORIENTED_EDGE('',*,*,#6987,.F.);
#10698=EDGE_LOOP('',(#10694,#10695,#10696,#10697));
#10699=FACE_OUTER_BOUND('',#10698,.F.);
#10700=ADVANCED_FACE('',(#10699),#10693,.T.);
#10701=CARTESIAN_POINT('',(-5.815E0,0.E0,3.85E0));
#10702=DIRECTION('',(-9.805806756909E-1,0.E0,1.961161351382E-1));
#10703=DIRECTION('',(1.961161351382E-1,0.E0,9.805806756909E-1));
#10704=AXIS2_PLACEMENT_3D('',#10701,#10702,#10703);
#10705=PLANE('',#10704);
#10707=ORIENTED_EDGE('',*,*,#10706,.T.);
#10709=ORIENTED_EDGE('',*,*,#10708,.F.);
#10711=ORIENTED_EDGE('',*,*,#10710,.T.);
#10712=ORIENTED_EDGE('',*,*,#10576,.T.);
#10713=EDGE_LOOP('',(#10707,#10709,#10711,#10712));
#10714=FACE_OUTER_BOUND('',#10713,.F.);
#10715=ADVANCED_FACE('',(#10714),#10705,.T.);
#10716=CARTESIAN_POINT('',(-5.865E0,8.25E-1,0.E0));
#10717=DIRECTION('',(0.E0,1.E0,0.E0));
#10718=DIRECTION('',(0.E0,0.E0,1.E0));
#10719=AXIS2_PLACEMENT_3D('',#10716,#10717,#10718);
#10720=PLANE('',#10719);
#10722=ORIENTED_EDGE('',*,*,#10721,.F.);
#10724=ORIENTED_EDGE('',*,*,#10723,.F.);
#10725=ORIENTED_EDGE('',*,*,#10706,.F.);
#10726=ORIENTED_EDGE('',*,*,#10581,.F.);
#10727=ORIENTED_EDGE('',*,*,#6635,.T.);
#10728=ORIENTED_EDGE('',*,*,#10511,.T.);
#10729=EDGE_LOOP('',(#10722,#10724,#10725,#10726,#10727,#10728));
#10730=FACE_OUTER_BOUND('',#10729,.F.);
#10731=ADVANCED_FACE('',(#10730),#10720,.T.);
#10732=CARTESIAN_POINT('',(-5.615E0,0.E0,3.85E0));
#10733=DIRECTION('',(9.805806756909E-1,0.E0,1.961161351382E-1));
#10734=DIRECTION('',(-1.961161351382E-1,0.E0,9.805806756909E-1));
#10735=AXIS2_PLACEMENT_3D('',#10732,#10733,#10734);
#10736=PLANE('',#10735);
#10738=ORIENTED_EDGE('',*,*,#10737,.T.);
#10740=ORIENTED_EDGE('',*,*,#10739,.F.);
#10741=ORIENTED_EDGE('',*,*,#10721,.T.);
#10742=ORIENTED_EDGE('',*,*,#10509,.T.);
#10743=EDGE_LOOP('',(#10738,#10740,#10741,#10742));
#10744=FACE_OUTER_BOUND('',#10743,.F.);
#10745=ADVANCED_FACE('',(#10744),#10736,.T.);
#10746=CARTESIAN_POINT('',(-5.865E0,-8.25E-1,4.1E0));
#10747=DIRECTION('',(0.E0,-1.E0,0.E0));
#10748=DIRECTION('',(0.E0,0.E0,-1.E0));
#10749=AXIS2_PLACEMENT_3D('',#10746,#10747,#10748);
#10750=PLANE('',#10749);
#10751=ORIENTED_EDGE('',*,*,#10737,.F.);
#10752=ORIENTED_EDGE('',*,*,#10514,.T.);
#10753=ORIENTED_EDGE('',*,*,#6631,.F.);
#10754=ORIENTED_EDGE('',*,*,#10578,.F.);
#10755=ORIENTED_EDGE('',*,*,#10710,.F.);
#10757=ORIENTED_EDGE('',*,*,#10756,.T.);
#10758=EDGE_LOOP('',(#10751,#10752,#10753,#10754,#10755,#10757));
#10759=FACE_OUTER_BOUND('',#10758,.F.);
#10760=ADVANCED_FACE('',(#10759),#10750,.T.);
#10761=CARTESIAN_POINT('',(-5.865E0,8.25E-1,4.1E0));
#10762=DIRECTION('',(0.E0,0.E0,1.E0));
#10763=DIRECTION('',(0.E0,-1.E0,0.E0));
#10764=AXIS2_PLACEMENT_3D('',#10761,#10762,#10763);
#10765=PLANE('',#10764);
#10766=ORIENTED_EDGE('',*,*,#10739,.T.);
#10767=ORIENTED_EDGE('',*,*,#10756,.F.);
#10768=ORIENTED_EDGE('',*,*,#10708,.T.);
#10769=ORIENTED_EDGE('',*,*,#10723,.T.);
#10770=EDGE_LOOP('',(#10766,#10767,#10768,#10769));
#10771=FACE_OUTER_BOUND('',#10770,.F.);
#10772=ADVANCED_FACE('',(#10771),#10765,.T.);
#10773=CARTESIAN_POINT('',(-8.105E0,0.E0,0.E0));
#10774=DIRECTION('',(1.E0,0.E0,0.E0));
#10775=DIRECTION('',(0.E0,1.E0,0.E0));
#10776=AXIS2_PLACEMENT_3D('',#10773,#10774,#10775);
#10777=PLANE('',#10776);
#10778=ORIENTED_EDGE('',*,*,#6981,.F.);
#10780=ORIENTED_EDGE('',*,*,#10779,.F.);
#10782=ORIENTED_EDGE('',*,*,#10781,.F.);
#10784=ORIENTED_EDGE('',*,*,#10783,.F.);
#10786=ORIENTED_EDGE('',*,*,#10785,.F.);
#10788=ORIENTED_EDGE('',*,*,#10787,.F.);
#10790=ORIENTED_EDGE('',*,*,#10789,.F.);
#10791=ORIENTED_EDGE('',*,*,#8373,.F.);
#10792=EDGE_LOOP('',(#10778,#10780,#10782,#10784,#10786,#10788,#10790,#10791));
#10793=FACE_OUTER_BOUND('',#10792,.F.);
#10794=ADVANCED_FACE('',(#10793),#10777,.T.);
#10795=CARTESIAN_POINT('',(-8.105E0,0.E0,0.E0));
#10796=DIRECTION('',(1.E0,0.E0,0.E0));
#10797=DIRECTION('',(0.E0,1.E0,0.E0));
#10798=AXIS2_PLACEMENT_3D('',#10795,#10796,#10797);
#10799=PLANE('',#10798);
#10800=ORIENTED_EDGE('',*,*,#6956,.F.);
#10802=ORIENTED_EDGE('',*,*,#10801,.F.);
#10804=ORIENTED_EDGE('',*,*,#10803,.F.);
#10806=ORIENTED_EDGE('',*,*,#10805,.F.);
#10808=ORIENTED_EDGE('',*,*,#10807,.F.);
#10809=EDGE_LOOP('',(#10800,#10802,#10804,#10806,#10808));
#10810=FACE_OUTER_BOUND('',#10809,.F.);
#10811=ADVANCED_FACE('',(#10810),#10799,.T.);
#10812=CARTESIAN_POINT('',(-8.105E0,0.E0,0.E0));
#10813=DIRECTION('',(1.E0,0.E0,0.E0));
#10814=DIRECTION('',(0.E0,1.E0,0.E0));
#10815=AXIS2_PLACEMENT_3D('',#10812,#10813,#10814);
#10816=PLANE('',#10815);
#10818=ORIENTED_EDGE('',*,*,#10817,.F.);
#10820=ORIENTED_EDGE('',*,*,#10819,.F.);
#10821=ORIENTED_EDGE('',*,*,#6623,.F.);
#10823=ORIENTED_EDGE('',*,*,#10822,.F.);
#10824=EDGE_LOOP('',(#10818,#10820,#10821,#10823));
#10825=FACE_OUTER_BOUND('',#10824,.F.);
#10826=ADVANCED_FACE('',(#10825),#10816,.T.);
#10827=CARTESIAN_POINT('',(-8.405E0,-1.55E-1,-8.5E-1));
#10828=DIRECTION('',(0.E0,1.E0,0.E0));
#10829=DIRECTION('',(0.E0,0.E0,1.E0));
#10830=AXIS2_PLACEMENT_3D('',#10827,#10828,#10829);
#10831=PLANE('',#10830);
#10832=ORIENTED_EDGE('',*,*,#6979,.F.);
#10833=ORIENTED_EDGE('',*,*,#6793,.F.);
#10835=ORIENTED_EDGE('',*,*,#10834,.T.);
#10836=ORIENTED_EDGE('',*,*,#10779,.T.);
#10837=EDGE_LOOP('',(#10832,#10833,#10835,#10836));
#10838=FACE_OUTER_BOUND('',#10837,.F.);
#10839=ADVANCED_FACE('',(#10838),#10831,.T.);
#10840=CARTESIAN_POINT('',(-8.405E0,-1.75E0,-8.5E-1));
#10841=DIRECTION('',(0.E0,0.E0,-1.E0));
#10842=DIRECTION('',(0.E0,1.E0,0.E0));
#10843=AXIS2_PLACEMENT_3D('',#10840,#10841,#10842);
#10844=PLANE('',#10843);
#10845=ORIENTED_EDGE('',*,*,#6791,.F.);
#10847=ORIENTED_EDGE('',*,*,#10846,.T.);
#10848=ORIENTED_EDGE('',*,*,#10781,.T.);
#10849=ORIENTED_EDGE('',*,*,#10834,.F.);
#10850=EDGE_LOOP('',(#10845,#10847,#10848,#10849));
#10851=FACE_OUTER_BOUND('',#10850,.F.);
#10852=ADVANCED_FACE('',(#10851),#10844,.T.);
#10853=CARTESIAN_POINT('',(-8.405E0,-1.75E0,-1.075E0));
#10854=DIRECTION('',(0.E0,1.E0,0.E0));
#10855=DIRECTION('',(0.E0,0.E0,1.E0));
#10856=AXIS2_PLACEMENT_3D('',#10853,#10854,#10855);
#10857=PLANE('',#10856);
#10858=ORIENTED_EDGE('',*,*,#6789,.F.);
#10860=ORIENTED_EDGE('',*,*,#10859,.T.);
#10861=ORIENTED_EDGE('',*,*,#10783,.T.);
#10862=ORIENTED_EDGE('',*,*,#10846,.F.);
#10863=EDGE_LOOP('',(#10858,#10860,#10861,#10862));
#10864=FACE_OUTER_BOUND('',#10863,.F.);
#10865=ADVANCED_FACE('',(#10864),#10857,.T.);
#10866=CARTESIAN_POINT('',(-8.405E0,-3.45E0,-1.075E0));
#10867=DIRECTION('',(0.E0,0.E0,-1.E0));
#10868=DIRECTION('',(0.E0,1.E0,0.E0));
#10869=AXIS2_PLACEMENT_3D('',#10866,#10867,#10868);
#10870=PLANE('',#10869);
#10871=ORIENTED_EDGE('',*,*,#6787,.F.);
#10873=ORIENTED_EDGE('',*,*,#10872,.T.);
#10874=ORIENTED_EDGE('',*,*,#10785,.T.);
#10875=ORIENTED_EDGE('',*,*,#10859,.F.);
#10876=EDGE_LOOP('',(#10871,#10873,#10874,#10875));
#10877=FACE_OUTER_BOUND('',#10876,.F.);
#10878=ADVANCED_FACE('',(#10877),#10870,.T.);
#10879=CARTESIAN_POINT('',(-8.405E0,-3.45E0,-5.25E-1));
#10880=DIRECTION('',(0.E0,-1.E0,0.E0));
#10881=DIRECTION('',(0.E0,0.E0,-1.E0));
#10882=AXIS2_PLACEMENT_3D('',#10879,#10880,#10881);
#10883=PLANE('',#10882);
#10884=ORIENTED_EDGE('',*,*,#6785,.F.);
#10886=ORIENTED_EDGE('',*,*,#10885,.T.);
#10887=ORIENTED_EDGE('',*,*,#10787,.T.);
#10888=ORIENTED_EDGE('',*,*,#10872,.F.);
#10889=EDGE_LOOP('',(#10884,#10886,#10887,#10888));
#10890=FACE_OUTER_BOUND('',#10889,.F.);
#10891=ADVANCED_FACE('',(#10890),#10883,.T.);
#10892=CARTESIAN_POINT('',(-8.405E0,-2.5E0,-5.25E-1));
#10893=DIRECTION('',(0.E0,0.E0,1.E0));
#10894=DIRECTION('',(0.E0,-1.E0,0.E0));
#10895=AXIS2_PLACEMENT_3D('',#10892,#10893,#10894);
#10896=PLANE('',#10895);
#10897=ORIENTED_EDGE('',*,*,#6783,.F.);
#10898=ORIENTED_EDGE('',*,*,#8375,.T.);
#10899=ORIENTED_EDGE('',*,*,#10789,.T.);
#10900=ORIENTED_EDGE('',*,*,#10885,.F.);
#10901=EDGE_LOOP('',(#10897,#10898,#10899,#10900));
#10902=FACE_OUTER_BOUND('',#10901,.F.);
#10903=ADVANCED_FACE('',(#10902),#10896,.T.);
#10904=CARTESIAN_POINT('',(-8.405E0,2.3E0,0.E0));
#10905=DIRECTION('',(0.E0,0.E0,1.E0));
#10906=DIRECTION('',(0.E0,-1.E0,0.E0));
#10907=AXIS2_PLACEMENT_3D('',#10904,#10905,#10906);
#10908=PLANE('',#10907);
#10909=ORIENTED_EDGE('',*,*,#7196,.F.);
#10910=ORIENTED_EDGE('',*,*,#6811,.F.);
#10912=ORIENTED_EDGE('',*,*,#10911,.T.);
#10913=ORIENTED_EDGE('',*,*,#10801,.T.);
#10914=EDGE_LOOP('',(#10909,#10910,#10912,#10913));
#10915=FACE_OUTER_BOUND('',#10914,.F.);
#10916=ADVANCED_FACE('',(#10915),#10908,.T.);
#10917=CARTESIAN_POINT('',(-8.405E0,2.3E0,-8.5E-1));
#10918=DIRECTION('',(0.E0,1.E0,0.E0));
#10919=DIRECTION('',(0.E0,0.E0,1.E0));
#10920=AXIS2_PLACEMENT_3D('',#10917,#10918,#10919);
#10921=PLANE('',#10920);
#10922=ORIENTED_EDGE('',*,*,#6809,.F.);
#10924=ORIENTED_EDGE('',*,*,#10923,.T.);
#10925=ORIENTED_EDGE('',*,*,#10803,.T.);
#10926=ORIENTED_EDGE('',*,*,#10911,.F.);
#10927=EDGE_LOOP('',(#10922,#10924,#10925,#10926));
#10928=FACE_OUTER_BOUND('',#10927,.F.);
#10929=ADVANCED_FACE('',(#10928),#10921,.T.);
#10930=CARTESIAN_POINT('',(-8.405E0,1.55E-1,-8.5E-1));
#10931=DIRECTION('',(0.E0,0.E0,-1.E0));
#10932=DIRECTION('',(0.E0,1.E0,0.E0));
#10933=AXIS2_PLACEMENT_3D('',#10930,#10931,#10932);
#10934=PLANE('',#10933);
#10935=ORIENTED_EDGE('',*,*,#6807,.F.);
#10937=ORIENTED_EDGE('',*,*,#10936,.T.);
#10938=ORIENTED_EDGE('',*,*,#10805,.T.);
#10939=ORIENTED_EDGE('',*,*,#10923,.F.);
#10940=EDGE_LOOP('',(#10935,#10937,#10938,#10939));
#10941=FACE_OUTER_BOUND('',#10940,.F.);
#10942=ADVANCED_FACE('',(#10941),#10934,.T.);
#10943=CARTESIAN_POINT('',(-8.405E0,1.55E-1,0.E0));
#10944=DIRECTION('',(0.E0,-1.E0,0.E0));
#10945=DIRECTION('',(0.E0,0.E0,-1.E0));
#10946=AXIS2_PLACEMENT_3D('',#10943,#10944,#10945);
#10947=PLANE('',#10946);
#10948=ORIENTED_EDGE('',*,*,#6958,.T.);
#10949=ORIENTED_EDGE('',*,*,#10807,.T.);
#10950=ORIENTED_EDGE('',*,*,#10936,.F.);
#10951=ORIENTED_EDGE('',*,*,#6805,.F.);
#10952=EDGE_LOOP('',(#10948,#10949,#10950,#10951));
#10953=FACE_OUTER_BOUND('',#10952,.F.);
#10954=ADVANCED_FACE('',(#10953),#10947,.T.);
#10955=CARTESIAN_POINT('',(-8.155E0,0.E0,3.85E0));
#10956=DIRECTION('',(9.805806756909E-1,0.E0,1.961161351382E-1));
#10957=DIRECTION('',(-1.961161351382E-1,0.E0,9.805806756909E-1));
#10958=AXIS2_PLACEMENT_3D('',#10955,#10956,#10957);
#10959=PLANE('',#10958);
#10961=ORIENTED_EDGE('',*,*,#10960,.T.);
#10963=ORIENTED_EDGE('',*,*,#10962,.F.);
#10965=ORIENTED_EDGE('',*,*,#10964,.T.);
#10966=ORIENTED_EDGE('',*,*,#10817,.T.);
#10967=EDGE_LOOP('',(#10961,#10963,#10965,#10966));
#10968=FACE_OUTER_BOUND('',#10967,.F.);
#10969=ADVANCED_FACE('',(#10968),#10959,.T.);
#10970=CARTESIAN_POINT('',(-8.405E0,-8.25E-1,4.1E0));
#10971=DIRECTION('',(0.E0,-1.E0,0.E0));
#10972=DIRECTION('',(0.E0,0.E0,-1.E0));
#10973=AXIS2_PLACEMENT_3D('',#10970,#10971,#10972);
#10974=PLANE('',#10973);
#10975=ORIENTED_EDGE('',*,*,#10960,.F.);
#10976=ORIENTED_EDGE('',*,*,#10822,.T.);
#10977=ORIENTED_EDGE('',*,*,#6621,.F.);
#10978=ORIENTED_EDGE('',*,*,#6823,.F.);
#10980=ORIENTED_EDGE('',*,*,#10979,.F.);
#10982=ORIENTED_EDGE('',*,*,#10981,.T.);
#10983=EDGE_LOOP('',(#10975,#10976,#10977,#10978,#10980,#10982));
#10984=FACE_OUTER_BOUND('',#10983,.F.);
#10985=ADVANCED_FACE('',(#10984),#10974,.T.);
#10986=CARTESIAN_POINT('',(-8.355E0,0.E0,3.85E0));
#10987=DIRECTION('',(-9.805806756909E-1,0.E0,1.961161351382E-1));
#10988=DIRECTION('',(1.961161351382E-1,0.E0,9.805806756909E-1));
#10989=AXIS2_PLACEMENT_3D('',#10986,#10987,#10988);
#10990=PLANE('',#10989);
#10992=ORIENTED_EDGE('',*,*,#10991,.T.);
#10994=ORIENTED_EDGE('',*,*,#10993,.F.);
#10995=ORIENTED_EDGE('',*,*,#10979,.T.);
#10996=ORIENTED_EDGE('',*,*,#6821,.T.);
#10997=EDGE_LOOP('',(#10992,#10994,#10995,#10996));
#10998=FACE_OUTER_BOUND('',#10997,.F.);
#10999=ADVANCED_FACE('',(#10998),#10990,.T.);
#11000=CARTESIAN_POINT('',(-8.405E0,8.25E-1,0.E0));
#11001=DIRECTION('',(0.E0,1.E0,0.E0));
#11002=DIRECTION('',(0.E0,0.E0,1.E0));
#11003=AXIS2_PLACEMENT_3D('',#11000,#11001,#11002);
#11004=PLANE('',#11003);
#11005=ORIENTED_EDGE('',*,*,#10964,.F.);
#11007=ORIENTED_EDGE('',*,*,#11006,.F.);
#11008=ORIENTED_EDGE('',*,*,#10991,.F.);
#11009=ORIENTED_EDGE('',*,*,#6826,.F.);
#11010=ORIENTED_EDGE('',*,*,#6625,.T.);
#11011=ORIENTED_EDGE('',*,*,#10819,.T.);
#11012=EDGE_LOOP('',(#11005,#11007,#11008,#11009,#11010,#11011));
#11013=FACE_OUTER_BOUND('',#11012,.F.);
#11014=ADVANCED_FACE('',(#11013),#11004,.T.);
#11015=CARTESIAN_POINT('',(-8.405E0,8.25E-1,4.1E0));
#11016=DIRECTION('',(0.E0,0.E0,1.E0));
#11017=DIRECTION('',(0.E0,-1.E0,0.E0));
#11018=AXIS2_PLACEMENT_3D('',#11015,#11016,#11017);
#11019=PLANE('',#11018);
#11020=ORIENTED_EDGE('',*,*,#10962,.T.);
#11021=ORIENTED_EDGE('',*,*,#10981,.F.);
#11022=ORIENTED_EDGE('',*,*,#10993,.T.);
#11023=ORIENTED_EDGE('',*,*,#11006,.T.);
#11024=EDGE_LOOP('',(#11020,#11021,#11022,#11023));
#11025=FACE_OUTER_BOUND('',#11024,.F.);
#11026=ADVANCED_FACE('',(#11025),#11019,.T.);
#11027=CARTESIAN_POINT('',(-5.215E0,0.E0,0.E0));
#11028=DIRECTION('',(1.E0,0.E0,0.E0));
#11029=DIRECTION('',(0.E0,1.E0,0.E0));
#11030=AXIS2_PLACEMENT_3D('',#11027,#11028,#11029);
#11031=PLANE('',#11030);
#11032=ORIENTED_EDGE('',*,*,#8403,.T.);
#11033=ORIENTED_EDGE('',*,*,#6601,.T.);
#11035=ORIENTED_EDGE('',*,*,#11034,.F.);
#11037=ORIENTED_EDGE('',*,*,#11036,.F.);
#11039=ORIENTED_EDGE('',*,*,#11038,.F.);
#11040=EDGE_LOOP('',(#11032,#11033,#11035,#11037,#11039));
#11041=FACE_OUTER_BOUND('',#11040,.F.);
#11042=ADVANCED_FACE('',(#11041),#11031,.T.);
#11043=CARTESIAN_POINT('',(-3.675E0,-1.75E0,1.275E0));
#11044=DIRECTION('',(0.E0,1.E0,0.E0));
#11045=DIRECTION('',(0.E0,0.E0,1.E0));
#11046=AXIS2_PLACEMENT_3D('',#11043,#11044,#11045);
#11047=PLANE('',#11046);
#11048=ORIENTED_EDGE('',*,*,#6599,.T.);
#11050=ORIENTED_EDGE('',*,*,#11049,.F.);
#11052=ORIENTED_EDGE('',*,*,#11051,.T.);
#11053=ORIENTED_EDGE('',*,*,#11034,.T.);
#11054=EDGE_LOOP('',(#11048,#11050,#11052,#11053));
#11055=FACE_OUTER_BOUND('',#11054,.F.);
#11056=ADVANCED_FACE('',(#11055),#11047,.F.);
#11057=CARTESIAN_POINT('',(-3.675E0,0.E0,0.E0));
#11058=DIRECTION('',(1.E0,0.E0,0.E0));
#11059=DIRECTION('',(0.E0,1.E0,0.E0));
#11060=AXIS2_PLACEMENT_3D('',#11057,#11058,#11059);
#11061=PLANE('',#11060);
#11062=ORIENTED_EDGE('',*,*,#8407,.F.);
#11064=ORIENTED_EDGE('',*,*,#11063,.T.);
#11066=ORIENTED_EDGE('',*,*,#11065,.T.);
#11067=ORIENTED_EDGE('',*,*,#11049,.T.);
#11068=ORIENTED_EDGE('',*,*,#6597,.F.);
#11069=EDGE_LOOP('',(#11062,#11064,#11066,#11067,#11068));
#11070=FACE_OUTER_BOUND('',#11069,.F.);
#11071=ADVANCED_FACE('',(#11070),#11061,.F.);
#11072=CARTESIAN_POINT('',(-3.675E0,-2.5E0,1.1E0));
#11073=DIRECTION('',(0.E0,0.E0,-1.E0));
#11074=DIRECTION('',(0.E0,1.E0,0.E0));
#11075=AXIS2_PLACEMENT_3D('',#11072,#11073,#11074);
#11076=PLANE('',#11075);
#11077=ORIENTED_EDGE('',*,*,#8405,.F.);
#11078=ORIENTED_EDGE('',*,*,#11038,.T.);
#11080=ORIENTED_EDGE('',*,*,#11079,.F.);
#11081=ORIENTED_EDGE('',*,*,#11063,.F.);
#11082=EDGE_LOOP('',(#11077,#11078,#11080,#11081));
#11083=FACE_OUTER_BOUND('',#11082,.F.);
#11084=ADVANCED_FACE('',(#11083),#11076,.F.);
#11085=CARTESIAN_POINT('',(-3.675E0,-1.925E0,1.1E0));
#11086=DIRECTION('',(0.E0,7.071067811865E-1,-7.071067811865E-1));
#11087=DIRECTION('',(0.E0,7.071067811865E-1,7.071067811865E-1));
#11088=AXIS2_PLACEMENT_3D('',#11085,#11086,#11087);
#11089=PLANE('',#11088);
#11090=ORIENTED_EDGE('',*,*,#11065,.F.);
#11091=ORIENTED_EDGE('',*,*,#11079,.T.);
#11092=ORIENTED_EDGE('',*,*,#11036,.T.);
#11093=ORIENTED_EDGE('',*,*,#11051,.F.);
#11094=EDGE_LOOP('',(#11090,#11091,#11092,#11093));
#11095=FACE_OUTER_BOUND('',#11094,.F.);
#11096=ADVANCED_FACE('',(#11095),#11089,.F.);
#11097=CARTESIAN_POINT('',(-2.675E0,0.E0,0.E0));
#11098=DIRECTION('',(1.E0,0.E0,0.E0));
#11099=DIRECTION('',(0.E0,1.E0,0.E0));
#11100=AXIS2_PLACEMENT_3D('',#11097,#11098,#11099);
#11101=PLANE('',#11100);
#11102=ORIENTED_EDGE('',*,*,#8410,.T.);
#11103=ORIENTED_EDGE('',*,*,#6593,.T.);
#11105=ORIENTED_EDGE('',*,*,#11104,.F.);
#11107=ORIENTED_EDGE('',*,*,#11106,.F.);
#11109=ORIENTED_EDGE('',*,*,#11108,.F.);
#11110=EDGE_LOOP('',(#11102,#11103,#11105,#11107,#11109));
#11111=FACE_OUTER_BOUND('',#11110,.F.);
#11112=ADVANCED_FACE('',(#11111),#11101,.T.);
#11113=CARTESIAN_POINT('',(-1.135E0,-1.75E0,1.275E0));
#11114=DIRECTION('',(0.E0,1.E0,0.E0));
#11115=DIRECTION('',(0.E0,0.E0,1.E0));
#11116=AXIS2_PLACEMENT_3D('',#11113,#11114,#11115);
#11117=PLANE('',#11116);
#11118=ORIENTED_EDGE('',*,*,#6591,.T.);
#11120=ORIENTED_EDGE('',*,*,#11119,.F.);
#11122=ORIENTED_EDGE('',*,*,#11121,.T.);
#11123=ORIENTED_EDGE('',*,*,#11104,.T.);
#11124=EDGE_LOOP('',(#11118,#11120,#11122,#11123));
#11125=FACE_OUTER_BOUND('',#11124,.F.);
#11126=ADVANCED_FACE('',(#11125),#11117,.F.);
#11127=CARTESIAN_POINT('',(-1.135E0,0.E0,0.E0));
#11128=DIRECTION('',(1.E0,0.E0,0.E0));
#11129=DIRECTION('',(0.E0,1.E0,0.E0));
#11130=AXIS2_PLACEMENT_3D('',#11127,#11128,#11129);
#11131=PLANE('',#11130);
#11132=ORIENTED_EDGE('',*,*,#8414,.F.);
#11134=ORIENTED_EDGE('',*,*,#11133,.T.);
#11136=ORIENTED_EDGE('',*,*,#11135,.T.);
#11137=ORIENTED_EDGE('',*,*,#11119,.T.);
#11138=ORIENTED_EDGE('',*,*,#6589,.F.);
#11139=EDGE_LOOP('',(#11132,#11134,#11136,#11137,#11138));
#11140=FACE_OUTER_BOUND('',#11139,.F.);
#11141=ADVANCED_FACE('',(#11140),#11131,.F.);
#11142=CARTESIAN_POINT('',(-1.135E0,-2.5E0,1.1E0));
#11143=DIRECTION('',(0.E0,0.E0,-1.E0));
#11144=DIRECTION('',(0.E0,1.E0,0.E0));
#11145=AXIS2_PLACEMENT_3D('',#11142,#11143,#11144);
#11146=PLANE('',#11145);
#11147=ORIENTED_EDGE('',*,*,#8412,.F.);
#11148=ORIENTED_EDGE('',*,*,#11108,.T.);
#11150=ORIENTED_EDGE('',*,*,#11149,.F.);
#11151=ORIENTED_EDGE('',*,*,#11133,.F.);
#11152=EDGE_LOOP('',(#11147,#11148,#11150,#11151));
#11153=FACE_OUTER_BOUND('',#11152,.F.);
#11154=ADVANCED_FACE('',(#11153),#11146,.F.);
#11155=CARTESIAN_POINT('',(-1.135E0,-1.925E0,1.1E0));
#11156=DIRECTION('',(0.E0,7.071067811865E-1,-7.071067811865E-1));
#11157=DIRECTION('',(0.E0,7.071067811865E-1,7.071067811865E-1));
#11158=AXIS2_PLACEMENT_3D('',#11155,#11156,#11157);
#11159=PLANE('',#11158);
#11160=ORIENTED_EDGE('',*,*,#11135,.F.);
#11161=ORIENTED_EDGE('',*,*,#11149,.T.);
#11162=ORIENTED_EDGE('',*,*,#11106,.T.);
#11163=ORIENTED_EDGE('',*,*,#11121,.F.);
#11164=EDGE_LOOP('',(#11160,#11161,#11162,#11163));
#11165=FACE_OUTER_BOUND('',#11164,.F.);
#11166=ADVANCED_FACE('',(#11165),#11159,.F.);
#11167=CARTESIAN_POINT('',(-1.35E-1,0.E0,0.E0));
#11168=DIRECTION('',(1.E0,0.E0,0.E0));
#11169=DIRECTION('',(0.E0,1.E0,0.E0));
#11170=AXIS2_PLACEMENT_3D('',#11167,#11168,#11169);
#11171=PLANE('',#11170);
#11172=ORIENTED_EDGE('',*,*,#8417,.T.);
#11173=ORIENTED_EDGE('',*,*,#6585,.T.);
#11175=ORIENTED_EDGE('',*,*,#11174,.F.);
#11177=ORIENTED_EDGE('',*,*,#11176,.F.);
#11179=ORIENTED_EDGE('',*,*,#11178,.F.);
#11180=EDGE_LOOP('',(#11172,#11173,#11175,#11177,#11179));
#11181=FACE_OUTER_BOUND('',#11180,.F.);
#11182=ADVANCED_FACE('',(#11181),#11171,.T.);
#11183=CARTESIAN_POINT('',(1.405E0,-1.75E0,1.275E0));
#11184=DIRECTION('',(0.E0,1.E0,0.E0));
#11185=DIRECTION('',(0.E0,0.E0,1.E0));
#11186=AXIS2_PLACEMENT_3D('',#11183,#11184,#11185);
#11187=PLANE('',#11186);
#11188=ORIENTED_EDGE('',*,*,#6583,.T.);
#11190=ORIENTED_EDGE('',*,*,#11189,.F.);
#11192=ORIENTED_EDGE('',*,*,#11191,.T.);
#11193=ORIENTED_EDGE('',*,*,#11174,.T.);
#11194=EDGE_LOOP('',(#11188,#11190,#11192,#11193));
#11195=FACE_OUTER_BOUND('',#11194,.F.);
#11196=ADVANCED_FACE('',(#11195),#11187,.F.);
#11197=CARTESIAN_POINT('',(1.405E0,0.E0,0.E0));
#11198=DIRECTION('',(1.E0,0.E0,0.E0));
#11199=DIRECTION('',(0.E0,1.E0,0.E0));
#11200=AXIS2_PLACEMENT_3D('',#11197,#11198,#11199);
#11201=PLANE('',#11200);
#11202=ORIENTED_EDGE('',*,*,#8421,.F.);
#11204=ORIENTED_EDGE('',*,*,#11203,.T.);
#11206=ORIENTED_EDGE('',*,*,#11205,.T.);
#11207=ORIENTED_EDGE('',*,*,#11189,.T.);
#11208=ORIENTED_EDGE('',*,*,#6581,.F.);
#11209=EDGE_LOOP('',(#11202,#11204,#11206,#11207,#11208));
#11210=FACE_OUTER_BOUND('',#11209,.F.);
#11211=ADVANCED_FACE('',(#11210),#11201,.F.);
#11212=CARTESIAN_POINT('',(1.405E0,-2.5E0,1.1E0));
#11213=DIRECTION('',(0.E0,0.E0,-1.E0));
#11214=DIRECTION('',(0.E0,1.E0,0.E0));
#11215=AXIS2_PLACEMENT_3D('',#11212,#11213,#11214);
#11216=PLANE('',#11215);
#11217=ORIENTED_EDGE('',*,*,#8419,.F.);
#11218=ORIENTED_EDGE('',*,*,#11178,.T.);
#11220=ORIENTED_EDGE('',*,*,#11219,.F.);
#11221=ORIENTED_EDGE('',*,*,#11203,.F.);
#11222=EDGE_LOOP('',(#11217,#11218,#11220,#11221));
#11223=FACE_OUTER_BOUND('',#11222,.F.);
#11224=ADVANCED_FACE('',(#11223),#11216,.F.);
#11225=CARTESIAN_POINT('',(1.405E0,-1.925E0,1.1E0));
#11226=DIRECTION('',(0.E0,7.071067811865E-1,-7.071067811865E-1));
#11227=DIRECTION('',(0.E0,7.071067811865E-1,7.071067811865E-1));
#11228=AXIS2_PLACEMENT_3D('',#11225,#11226,#11227);
#11229=PLANE('',#11228);
#11230=ORIENTED_EDGE('',*,*,#11205,.F.);
#11231=ORIENTED_EDGE('',*,*,#11219,.T.);
#11232=ORIENTED_EDGE('',*,*,#11176,.T.);
#11233=ORIENTED_EDGE('',*,*,#11191,.F.);
#11234=EDGE_LOOP('',(#11230,#11231,#11232,#11233));
#11235=FACE_OUTER_BOUND('',#11234,.F.);
#11236=ADVANCED_FACE('',(#11235),#11229,.F.);
#11237=CARTESIAN_POINT('',(2.405E0,0.E0,0.E0));
#11238=DIRECTION('',(1.E0,0.E0,0.E0));
#11239=DIRECTION('',(0.E0,1.E0,0.E0));
#11240=AXIS2_PLACEMENT_3D('',#11237,#11238,#11239);
#11241=PLANE('',#11240);
#11242=ORIENTED_EDGE('',*,*,#8424,.T.);
#11243=ORIENTED_EDGE('',*,*,#6577,.T.);
#11245=ORIENTED_EDGE('',*,*,#11244,.F.);
#11247=ORIENTED_EDGE('',*,*,#11246,.F.);
#11249=ORIENTED_EDGE('',*,*,#11248,.F.);
#11250=EDGE_LOOP('',(#11242,#11243,#11245,#11247,#11249));
#11251=FACE_OUTER_BOUND('',#11250,.F.);
#11252=ADVANCED_FACE('',(#11251),#11241,.T.);
#11253=CARTESIAN_POINT('',(3.945E0,-1.75E0,1.275E0));
#11254=DIRECTION('',(0.E0,1.E0,0.E0));
#11255=DIRECTION('',(0.E0,0.E0,1.E0));
#11256=AXIS2_PLACEMENT_3D('',#11253,#11254,#11255);
#11257=PLANE('',#11256);
#11258=ORIENTED_EDGE('',*,*,#6575,.T.);
#11260=ORIENTED_EDGE('',*,*,#11259,.F.);
#11262=ORIENTED_EDGE('',*,*,#11261,.T.);
#11263=ORIENTED_EDGE('',*,*,#11244,.T.);
#11264=EDGE_LOOP('',(#11258,#11260,#11262,#11263));
#11265=FACE_OUTER_BOUND('',#11264,.F.);
#11266=ADVANCED_FACE('',(#11265),#11257,.F.);
#11267=CARTESIAN_POINT('',(3.945E0,0.E0,0.E0));
#11268=DIRECTION('',(1.E0,0.E0,0.E0));
#11269=DIRECTION('',(0.E0,1.E0,0.E0));
#11270=AXIS2_PLACEMENT_3D('',#11267,#11268,#11269);
#11271=PLANE('',#11270);
#11272=ORIENTED_EDGE('',*,*,#8428,.F.);
#11274=ORIENTED_EDGE('',*,*,#11273,.T.);
#11276=ORIENTED_EDGE('',*,*,#11275,.T.);
#11277=ORIENTED_EDGE('',*,*,#11259,.T.);
#11278=ORIENTED_EDGE('',*,*,#6573,.F.);
#11279=EDGE_LOOP('',(#11272,#11274,#11276,#11277,#11278));
#11280=FACE_OUTER_BOUND('',#11279,.F.);
#11281=ADVANCED_FACE('',(#11280),#11271,.F.);
#11282=CARTESIAN_POINT('',(3.945E0,-2.5E0,1.1E0));
#11283=DIRECTION('',(0.E0,0.E0,-1.E0));
#11284=DIRECTION('',(0.E0,1.E0,0.E0));
#11285=AXIS2_PLACEMENT_3D('',#11282,#11283,#11284);
#11286=PLANE('',#11285);
#11287=ORIENTED_EDGE('',*,*,#8426,.F.);
#11288=ORIENTED_EDGE('',*,*,#11248,.T.);
#11290=ORIENTED_EDGE('',*,*,#11289,.F.);
#11291=ORIENTED_EDGE('',*,*,#11273,.F.);
#11292=EDGE_LOOP('',(#11287,#11288,#11290,#11291));
#11293=FACE_OUTER_BOUND('',#11292,.F.);
#11294=ADVANCED_FACE('',(#11293),#11286,.F.);
#11295=CARTESIAN_POINT('',(3.945E0,-1.925E0,1.1E0));
#11296=DIRECTION('',(0.E0,7.071067811865E-1,-7.071067811865E-1));
#11297=DIRECTION('',(0.E0,7.071067811865E-1,7.071067811865E-1));
#11298=AXIS2_PLACEMENT_3D('',#11295,#11296,#11297);
#11299=PLANE('',#11298);
#11300=ORIENTED_EDGE('',*,*,#11275,.F.);
#11301=ORIENTED_EDGE('',*,*,#11289,.T.);
#11302=ORIENTED_EDGE('',*,*,#11246,.T.);
#11303=ORIENTED_EDGE('',*,*,#11261,.F.);
#11304=EDGE_LOOP('',(#11300,#11301,#11302,#11303));
#11305=FACE_OUTER_BOUND('',#11304,.F.);
#11306=ADVANCED_FACE('',(#11305),#11299,.F.);
#11307=CARTESIAN_POINT('',(1.00925E1,-2.443375672974E-1,3.85E0));
#11308=DIRECTION('',(0.E0,8.660254037844E-1,5.E-1));
#11309=DIRECTION('',(0.E0,5.E-1,-8.660254037844E-1));
#11310=AXIS2_PLACEMENT_3D('',#11307,#11308,#11309);
#11311=PLANE('',#11310);
#11312=ORIENTED_EDGE('',*,*,#7298,.T.);
#11313=ORIENTED_EDGE('',*,*,#7403,.T.);
#11314=ORIENTED_EDGE('',*,*,#7375,.T.);
#11315=ORIENTED_EDGE('',*,*,#7311,.F.);
#11316=EDGE_LOOP('',(#11312,#11313,#11314,#11315));
#11317=FACE_OUTER_BOUND('',#11316,.F.);
#11318=ADVANCED_FACE('',(#11317),#11311,.T.);
#11319=CARTESIAN_POINT('',(-1.078E1,-2.5E0,-9.5E-1));
#11320=DIRECTION('',(0.E0,0.E0,-1.E0));
#11321=DIRECTION('',(-1.E0,0.E0,0.E0));
#11322=AXIS2_PLACEMENT_3D('',#11319,#11320,#11321);
#11323=PLANE('',#11322);
#11324=ORIENTED_EDGE('',*,*,#7191,.F.);
#11325=ORIENTED_EDGE('',*,*,#6418,.F.);
#11327=ORIENTED_EDGE('',*,*,#11326,.F.);
#11329=ORIENTED_EDGE('',*,*,#11328,.F.);
#11330=EDGE_LOOP('',(#11324,#11325,#11327,#11329));
#11331=FACE_OUTER_BOUND('',#11330,.F.);
#11332=ADVANCED_FACE('',(#11331),#11323,.T.);
#11333=CARTESIAN_POINT('',(-1.078E1,-2.5E0,-9.5E-1));
#11334=DIRECTION('',(0.E0,0.E0,-1.E0));
#11335=DIRECTION('',(-1.E0,0.E0,0.E0));
#11336=AXIS2_PLACEMENT_3D('',#11333,#11334,#11335);
#11337=PLANE('',#11336);
#11338=ORIENTED_EDGE('',*,*,#7288,.F.);
#11339=ORIENTED_EDGE('',*,*,#7184,.F.);
#11340=ORIENTED_EDGE('',*,*,#7247,.F.);
#11341=ORIENTED_EDGE('',*,*,#7261,.F.);
#11342=EDGE_LOOP('',(#11338,#11339,#11340,#11341));
#11343=FACE_OUTER_BOUND('',#11342,.F.);
#11344=ADVANCED_FACE('',(#11343),#11337,.T.);
#11345=CARTESIAN_POINT('',(-1.008E1,1.E0,0.E0));
#11346=DIRECTION('',(0.E0,-1.E0,0.E0));
#11347=DIRECTION('',(-1.E0,0.E0,0.E0));
#11348=AXIS2_PLACEMENT_3D('',#11345,#11346,#11347);
#11349=PLANE('',#11348);
#11350=ORIENTED_EDGE('',*,*,#6965,.T.);
#11352=ORIENTED_EDGE('',*,*,#11351,.T.);
#11353=ORIENTED_EDGE('',*,*,#11326,.T.);
#11354=ORIENTED_EDGE('',*,*,#6416,.F.);
#11355=EDGE_LOOP('',(#11350,#11352,#11353,#11354));
#11356=FACE_OUTER_BOUND('',#11355,.F.);
#11357=ADVANCED_FACE('',(#11356),#11349,.T.);
#11358=CARTESIAN_POINT('',(-1.008E1,1.7E0,0.E0));
#11359=DIRECTION('',(1.E0,0.E0,0.E0));
#11360=DIRECTION('',(0.E0,-1.E0,0.E0));
#11361=AXIS2_PLACEMENT_3D('',#11358,#11359,#11360);
#11362=PLANE('',#11361);
#11363=ORIENTED_EDGE('',*,*,#6963,.F.);
#11364=ORIENTED_EDGE('',*,*,#7193,.T.);
#11365=ORIENTED_EDGE('',*,*,#11328,.T.);
#11366=ORIENTED_EDGE('',*,*,#11351,.F.);
#11367=EDGE_LOOP('',(#11363,#11364,#11365,#11366));
#11368=FACE_OUTER_BOUND('',#11367,.F.);
#11369=ADVANCED_FACE('',(#11368),#11362,.T.);
#11370=CARTESIAN_POINT('',(-4.295E0,2.5E0,0.E0));
#11371=DIRECTION('',(0.E0,0.E0,1.E0));
#11372=DIRECTION('',(0.E0,-1.E0,0.E0));
#11373=AXIS2_PLACEMENT_3D('',#11370,#11371,#11372);
#11374=PLANE('',#11373);
#11376=ORIENTED_EDGE('',*,*,#11375,.T.);
#11377=ORIENTED_EDGE('',*,*,#7204,.F.);
#11379=ORIENTED_EDGE('',*,*,#11378,.F.);
#11381=ORIENTED_EDGE('',*,*,#11380,.F.);
#11382=EDGE_LOOP('',(#11376,#11377,#11379,#11381));
#11383=FACE_OUTER_BOUND('',#11382,.F.);
#11384=ADVANCED_FACE('',(#11383),#11374,.T.);
#11385=CARTESIAN_POINT('',(-4.295E0,0.E0,0.E0));
#11386=DIRECTION('',(1.E0,0.E0,0.E0));
#11387=DIRECTION('',(0.E0,0.E0,-1.E0));
#11388=AXIS2_PLACEMENT_3D('',#11385,#11386,#11387);
#11389=PLANE('',#11388);
#11391=ORIENTED_EDGE('',*,*,#11390,.F.);
#11392=ORIENTED_EDGE('',*,*,#7035,.F.);
#11394=ORIENTED_EDGE('',*,*,#11393,.F.);
#11396=ORIENTED_EDGE('',*,*,#11395,.F.);
#11397=EDGE_LOOP('',(#11391,#11392,#11394,#11396));
#11398=FACE_OUTER_BOUND('',#11397,.F.);
#11399=ADVANCED_FACE('',(#11398),#11389,.T.);
#11400=CARTESIAN_POINT('',(-4.295E0,0.E0,0.E0));
#11401=DIRECTION('',(1.E0,0.E0,0.E0));
#11402=DIRECTION('',(0.E0,0.E0,-1.E0));
#11403=AXIS2_PLACEMENT_3D('',#11400,#11401,#11402);
#11404=PLANE('',#11403);
#11405=ORIENTED_EDGE('',*,*,#11375,.F.);
#11407=ORIENTED_EDGE('',*,*,#11406,.F.);
#11409=ORIENTED_EDGE('',*,*,#11408,.F.);
#11411=ORIENTED_EDGE('',*,*,#11410,.F.);
#11413=ORIENTED_EDGE('',*,*,#11412,.F.);
#11415=ORIENTED_EDGE('',*,*,#11414,.F.);
#11417=ORIENTED_EDGE('',*,*,#11416,.F.);
#11419=ORIENTED_EDGE('',*,*,#11418,.F.);
#11420=ORIENTED_EDGE('',*,*,#6932,.F.);
#11421=EDGE_LOOP('',(#11405,#11407,#11409,#11411,#11413,#11415,#11417,#11419,
#11420));
#11422=FACE_OUTER_BOUND('',#11421,.F.);
#11423=ADVANCED_FACE('',(#11422),#11404,.T.);
#11424=CARTESIAN_POINT('',(-4.295E0,0.E0,0.E0));
#11425=DIRECTION('',(1.E0,0.E0,0.E0));
#11426=DIRECTION('',(0.E0,0.E0,-1.E0));
#11427=AXIS2_PLACEMENT_3D('',#11424,#11425,#11426);
#11428=PLANE('',#11427);
#11430=ORIENTED_EDGE('',*,*,#11429,.F.);
#11432=ORIENTED_EDGE('',*,*,#11431,.F.);
#11433=ORIENTED_EDGE('',*,*,#6699,.T.);
#11435=ORIENTED_EDGE('',*,*,#11434,.F.);
#11436=EDGE_LOOP('',(#11430,#11432,#11433,#11435));
#11437=FACE_OUTER_BOUND('',#11436,.F.);
#11438=ADVANCED_FACE('',(#11437),#11428,.T.);
#11439=CARTESIAN_POINT('',(-4.295E0,-2.296E0,0.E0));
#11440=DIRECTION('',(0.E0,-1.E0,0.E0));
#11441=DIRECTION('',(0.E0,0.E0,-1.E0));
#11442=AXIS2_PLACEMENT_3D('',#11439,#11440,#11441);
#11443=PLANE('',#11442);
#11444=ORIENTED_EDGE('',*,*,#11390,.T.);
#11446=ORIENTED_EDGE('',*,*,#11445,.T.);
#11448=ORIENTED_EDGE('',*,*,#11447,.F.);
#11449=ORIENTED_EDGE('',*,*,#7037,.T.);
#11450=EDGE_LOOP('',(#11444,#11446,#11448,#11449));
#11451=FACE_OUTER_BOUND('',#11450,.F.);
#11452=ADVANCED_FACE('',(#11451),#11443,.T.);
#11453=CARTESIAN_POINT('',(-4.295E0,-2.296E0,-8.5E-1));
#11454=DIRECTION('',(0.E0,0.E0,-1.E0));
#11455=DIRECTION('',(0.E0,1.E0,0.E0));
#11456=AXIS2_PLACEMENT_3D('',#11453,#11454,#11455);
#11457=PLANE('',#11456);
#11458=ORIENTED_EDGE('',*,*,#11395,.T.);
#11460=ORIENTED_EDGE('',*,*,#11459,.T.);
#11462=ORIENTED_EDGE('',*,*,#11461,.F.);
#11463=ORIENTED_EDGE('',*,*,#11445,.F.);
#11464=EDGE_LOOP('',(#11458,#11460,#11462,#11463));
#11465=FACE_OUTER_BOUND('',#11464,.F.);
#11466=ADVANCED_FACE('',(#11465),#11457,.T.);
#11467=CARTESIAN_POINT('',(-4.295E0,-1.55E-1,-8.5E-1));
#11468=DIRECTION('',(0.E0,1.E0,0.E0));
#11469=DIRECTION('',(0.E0,0.E0,1.E0));
#11470=AXIS2_PLACEMENT_3D('',#11467,#11468,#11469);
#11471=PLANE('',#11470);
#11472=ORIENTED_EDGE('',*,*,#11393,.T.);
#11473=ORIENTED_EDGE('',*,*,#7041,.F.);
#11475=ORIENTED_EDGE('',*,*,#11474,.F.);
#11476=ORIENTED_EDGE('',*,*,#11459,.F.);
#11477=EDGE_LOOP('',(#11472,#11473,#11475,#11476));
#11478=FACE_OUTER_BOUND('',#11477,.F.);
#11479=ADVANCED_FACE('',(#11478),#11471,.T.);
#11480=CARTESIAN_POINT('',(-4.595E0,0.E0,0.E0));
#11481=DIRECTION('',(1.E0,0.E0,0.E0));
#11482=DIRECTION('',(0.E0,0.E0,-1.E0));
#11483=AXIS2_PLACEMENT_3D('',#11480,#11481,#11482);
#11484=PLANE('',#11483);
#11485=ORIENTED_EDGE('',*,*,#11447,.T.);
#11486=ORIENTED_EDGE('',*,*,#11461,.T.);
#11487=ORIENTED_EDGE('',*,*,#11474,.T.);
#11488=ORIENTED_EDGE('',*,*,#7039,.F.);
#11489=EDGE_LOOP('',(#11485,#11486,#11487,#11488));
#11490=FACE_OUTER_BOUND('',#11489,.F.);
#11491=ADVANCED_FACE('',(#11490),#11484,.F.);
#11492=CARTESIAN_POINT('',(-4.595E0,0.E0,0.E0));
#11493=DIRECTION('',(1.E0,0.E0,0.E0));
#11494=DIRECTION('',(0.E0,0.E0,-1.E0));
#11495=AXIS2_PLACEMENT_3D('',#11492,#11493,#11494);
#11496=PLANE('',#11495);
#11497=ORIENTED_EDGE('',*,*,#11378,.T.);
#11498=ORIENTED_EDGE('',*,*,#6936,.F.);
#11500=ORIENTED_EDGE('',*,*,#11499,.T.);
#11502=ORIENTED_EDGE('',*,*,#11501,.T.);
#11504=ORIENTED_EDGE('',*,*,#11503,.T.);
#11506=ORIENTED_EDGE('',*,*,#11505,.T.);
#11508=ORIENTED_EDGE('',*,*,#11507,.T.);
#11510=ORIENTED_EDGE('',*,*,#11509,.T.);
#11512=ORIENTED_EDGE('',*,*,#11511,.T.);
#11513=EDGE_LOOP('',(#11497,#11498,#11500,#11502,#11504,#11506,#11508,#11510,
#11512));
#11514=FACE_OUTER_BOUND('',#11513,.F.);
#11515=ADVANCED_FACE('',(#11514),#11496,.F.);
#11516=CARTESIAN_POINT('',(-4.595E0,0.E0,0.E0));
#11517=DIRECTION('',(1.E0,0.E0,0.E0));
#11518=DIRECTION('',(0.E0,0.E0,-1.E0));
#11519=AXIS2_PLACEMENT_3D('',#11516,#11517,#11518);
#11520=PLANE('',#11519);
#11522=ORIENTED_EDGE('',*,*,#11521,.F.);
#11524=ORIENTED_EDGE('',*,*,#11523,.T.);
#11525=ORIENTED_EDGE('',*,*,#6703,.F.);
#11527=ORIENTED_EDGE('',*,*,#11526,.T.);
#11528=EDGE_LOOP('',(#11522,#11524,#11525,#11527));
#11529=FACE_OUTER_BOUND('',#11528,.F.);
#11530=ADVANCED_FACE('',(#11529),#11520,.F.);
#11531=CARTESIAN_POINT('',(-4.295E0,1.55E-1,0.E0));
#11532=DIRECTION('',(0.E0,-1.E0,0.E0));
#11533=DIRECTION('',(0.E0,0.E0,-1.E0));
#11534=AXIS2_PLACEMENT_3D('',#11531,#11532,#11533);
#11535=PLANE('',#11534);
#11536=ORIENTED_EDGE('',*,*,#11418,.T.);
#11538=ORIENTED_EDGE('',*,*,#11537,.T.);
#11539=ORIENTED_EDGE('',*,*,#11499,.F.);
#11540=ORIENTED_EDGE('',*,*,#6934,.T.);
#11541=EDGE_LOOP('',(#11536,#11538,#11539,#11540));
#11542=FACE_OUTER_BOUND('',#11541,.F.);
#11543=ADVANCED_FACE('',(#11542),#11535,.T.);
#11544=CARTESIAN_POINT('',(-4.295E0,1.55E-1,-8.75E-1));
#11545=DIRECTION('',(0.E0,0.E0,-1.E0));
#11546=DIRECTION('',(0.E0,1.E0,0.E0));
#11547=AXIS2_PLACEMENT_3D('',#11544,#11545,#11546);
#11548=PLANE('',#11547);
#11549=ORIENTED_EDGE('',*,*,#11416,.T.);
#11551=ORIENTED_EDGE('',*,*,#11550,.T.);
#11552=ORIENTED_EDGE('',*,*,#11501,.F.);
#11553=ORIENTED_EDGE('',*,*,#11537,.F.);
#11554=EDGE_LOOP('',(#11549,#11551,#11552,#11553));
#11555=FACE_OUTER_BOUND('',#11554,.F.);
#11556=ADVANCED_FACE('',(#11555),#11548,.T.);
#11557=CARTESIAN_POINT('',(-4.295E0,1.75E0,-8.75E-1));
#11558=DIRECTION('',(0.E0,-1.E0,0.E0));
#11559=DIRECTION('',(0.E0,0.E0,-1.E0));
#11560=AXIS2_PLACEMENT_3D('',#11557,#11558,#11559);
#11561=PLANE('',#11560);
#11562=ORIENTED_EDGE('',*,*,#11414,.T.);
#11564=ORIENTED_EDGE('',*,*,#11563,.T.);
#11565=ORIENTED_EDGE('',*,*,#11503,.F.);
#11566=ORIENTED_EDGE('',*,*,#11550,.F.);
#11567=EDGE_LOOP('',(#11562,#11564,#11565,#11566));
#11568=FACE_OUTER_BOUND('',#11567,.F.);
#11569=ADVANCED_FACE('',(#11568),#11561,.T.);
#11570=CARTESIAN_POINT('',(-4.295E0,1.75E0,-1.075E0));
#11571=DIRECTION('',(0.E0,0.E0,-1.E0));
#11572=DIRECTION('',(0.E0,1.E0,0.E0));
#11573=AXIS2_PLACEMENT_3D('',#11570,#11571,#11572);
#11574=PLANE('',#11573);
#11575=ORIENTED_EDGE('',*,*,#11412,.T.);
#11577=ORIENTED_EDGE('',*,*,#11576,.T.);
#11578=ORIENTED_EDGE('',*,*,#11505,.F.);
#11579=ORIENTED_EDGE('',*,*,#11563,.F.);
#11580=EDGE_LOOP('',(#11575,#11577,#11578,#11579));
#11581=FACE_OUTER_BOUND('',#11580,.F.);
#11582=ADVANCED_FACE('',(#11581),#11574,.T.);
#11583=CARTESIAN_POINT('',(-4.295E0,3.45E0,-1.075E0));
#11584=DIRECTION('',(0.E0,1.E0,0.E0));
#11585=DIRECTION('',(0.E0,0.E0,1.E0));
#11586=AXIS2_PLACEMENT_3D('',#11583,#11584,#11585);
#11587=PLANE('',#11586);
#11588=ORIENTED_EDGE('',*,*,#11410,.T.);
#11590=ORIENTED_EDGE('',*,*,#11589,.T.);
#11591=ORIENTED_EDGE('',*,*,#11507,.F.);
#11592=ORIENTED_EDGE('',*,*,#11576,.F.);
#11593=EDGE_LOOP('',(#11588,#11590,#11591,#11592));
#11594=FACE_OUTER_BOUND('',#11593,.F.);
#11595=ADVANCED_FACE('',(#11594),#11587,.T.);
#11596=CARTESIAN_POINT('',(-4.295E0,3.45E0,-5.375E-1));
#11597=DIRECTION('',(0.E0,0.E0,1.E0));
#11598=DIRECTION('',(0.E0,-1.E0,0.E0));
#11599=AXIS2_PLACEMENT_3D('',#11596,#11597,#11598);
#11600=PLANE('',#11599);
#11601=ORIENTED_EDGE('',*,*,#11408,.T.);
#11603=ORIENTED_EDGE('',*,*,#11602,.T.);
#11604=ORIENTED_EDGE('',*,*,#11509,.F.);
#11605=ORIENTED_EDGE('',*,*,#11589,.F.);
#11606=EDGE_LOOP('',(#11601,#11603,#11604,#11605));
#11607=FACE_OUTER_BOUND('',#11606,.F.);
#11608=ADVANCED_FACE('',(#11607),#11600,.T.);
#11609=CARTESIAN_POINT('',(-4.295E0,2.5E0,-5.375E-1));
#11610=DIRECTION('',(0.E0,1.E0,0.E0));
#11611=DIRECTION('',(0.E0,0.E0,1.E0));
#11612=AXIS2_PLACEMENT_3D('',#11609,#11610,#11611);
#11613=PLANE('',#11612);
#11614=ORIENTED_EDGE('',*,*,#11406,.T.);
#11615=ORIENTED_EDGE('',*,*,#11380,.T.);
#11616=ORIENTED_EDGE('',*,*,#11511,.F.);
#11617=ORIENTED_EDGE('',*,*,#11602,.F.);
#11618=EDGE_LOOP('',(#11614,#11615,#11616,#11617));
#11619=FACE_OUTER_BOUND('',#11618,.F.);
#11620=ADVANCED_FACE('',(#11619),#11613,.T.);
#11621=CARTESIAN_POINT('',(-4.545E0,0.E0,3.85E0));
#11622=DIRECTION('',(-9.805806756909E-1,0.E0,1.961161351382E-1));
#11623=DIRECTION('',(1.961161351382E-1,0.E0,9.805806756909E-1));
#11624=AXIS2_PLACEMENT_3D('',#11621,#11622,#11623);
#11625=PLANE('',#11624);
#11627=ORIENTED_EDGE('',*,*,#11626,.T.);
#11629=ORIENTED_EDGE('',*,*,#11628,.F.);
#11631=ORIENTED_EDGE('',*,*,#11630,.T.);
#11632=ORIENTED_EDGE('',*,*,#11521,.T.);
#11633=EDGE_LOOP('',(#11627,#11629,#11631,#11632));
#11634=FACE_OUTER_BOUND('',#11633,.F.);
#11635=ADVANCED_FACE('',(#11634),#11625,.T.);
#11636=CARTESIAN_POINT('',(-4.295E0,8.25E-1,0.E0));
#11637=DIRECTION('',(0.E0,1.E0,0.E0));
#11638=DIRECTION('',(0.E0,0.E0,1.E0));
#11639=AXIS2_PLACEMENT_3D('',#11636,#11637,#11638);
#11640=PLANE('',#11639);
#11642=ORIENTED_EDGE('',*,*,#11641,.F.);
#11644=ORIENTED_EDGE('',*,*,#11643,.T.);
#11645=ORIENTED_EDGE('',*,*,#11626,.F.);
#11646=ORIENTED_EDGE('',*,*,#11526,.F.);
#11647=ORIENTED_EDGE('',*,*,#6701,.T.);
#11648=ORIENTED_EDGE('',*,*,#11431,.T.);
#11649=EDGE_LOOP('',(#11642,#11644,#11645,#11646,#11647,#11648));
#11650=FACE_OUTER_BOUND('',#11649,.F.);
#11651=ADVANCED_FACE('',(#11650),#11640,.T.);
#11652=CARTESIAN_POINT('',(-4.345E0,0.E0,3.85E0));
#11653=DIRECTION('',(9.805806756909E-1,0.E0,1.961161351382E-1));
#11654=DIRECTION('',(-1.961161351382E-1,0.E0,9.805806756909E-1));
#11655=AXIS2_PLACEMENT_3D('',#11652,#11653,#11654);
#11656=PLANE('',#11655);
#11658=ORIENTED_EDGE('',*,*,#11657,.T.);
#11660=ORIENTED_EDGE('',*,*,#11659,.F.);
#11661=ORIENTED_EDGE('',*,*,#11641,.T.);
#11662=ORIENTED_EDGE('',*,*,#11429,.T.);
#11663=EDGE_LOOP('',(#11658,#11660,#11661,#11662));
#11664=FACE_OUTER_BOUND('',#11663,.F.);
#11665=ADVANCED_FACE('',(#11664),#11656,.T.);
#11666=CARTESIAN_POINT('',(-4.295E0,-8.25E-1,4.1E0));
#11667=DIRECTION('',(0.E0,-1.E0,0.E0));
#11668=DIRECTION('',(0.E0,0.E0,-1.E0));
#11669=AXIS2_PLACEMENT_3D('',#11666,#11667,#11668);
#11670=PLANE('',#11669);
#11671=ORIENTED_EDGE('',*,*,#11657,.F.);
#11672=ORIENTED_EDGE('',*,*,#11434,.T.);
#11673=ORIENTED_EDGE('',*,*,#6705,.F.);
#11674=ORIENTED_EDGE('',*,*,#11523,.F.);
#11675=ORIENTED_EDGE('',*,*,#11630,.F.);
#11677=ORIENTED_EDGE('',*,*,#11676,.F.);
#11678=EDGE_LOOP('',(#11671,#11672,#11673,#11674,#11675,#11677));
#11679=FACE_OUTER_BOUND('',#11678,.F.);
#11680=ADVANCED_FACE('',(#11679),#11670,.T.);
#11681=CARTESIAN_POINT('',(-4.295E0,8.25E-1,4.1E0));
#11682=DIRECTION('',(0.E0,0.E0,1.E0));
#11683=DIRECTION('',(0.E0,-1.E0,0.E0));
#11684=AXIS2_PLACEMENT_3D('',#11681,#11682,#11683);
#11685=PLANE('',#11684);
#11686=ORIENTED_EDGE('',*,*,#11659,.T.);
#11687=ORIENTED_EDGE('',*,*,#11676,.T.);
#11688=ORIENTED_EDGE('',*,*,#11628,.T.);
#11689=ORIENTED_EDGE('',*,*,#11643,.F.);
#11690=EDGE_LOOP('',(#11686,#11687,#11688,#11689));
#11691=FACE_OUTER_BOUND('',#11690,.F.);
#11692=ADVANCED_FACE('',(#11691),#11685,.T.);
#11693=CARTESIAN_POINT('',(-1.755E0,2.5E0,0.E0));
#11694=DIRECTION('',(0.E0,0.E0,1.E0));
#11695=DIRECTION('',(0.E0,-1.E0,0.E0));
#11696=AXIS2_PLACEMENT_3D('',#11693,#11694,#11695);
#11697=PLANE('',#11696);
#11699=ORIENTED_EDGE('',*,*,#11698,.T.);
#11700=ORIENTED_EDGE('',*,*,#7210,.F.);
#11702=ORIENTED_EDGE('',*,*,#11701,.F.);
#11704=ORIENTED_EDGE('',*,*,#11703,.F.);
#11705=EDGE_LOOP('',(#11699,#11700,#11702,#11704));
#11706=FACE_OUTER_BOUND('',#11705,.F.);
#11707=ADVANCED_FACE('',(#11706),#11697,.T.);
#11708=CARTESIAN_POINT('',(-1.755E0,0.E0,0.E0));
#11709=DIRECTION('',(1.E0,0.E0,0.E0));
#11710=DIRECTION('',(0.E0,0.E0,-1.E0));
#11711=AXIS2_PLACEMENT_3D('',#11708,#11709,#11710);
#11712=PLANE('',#11711);
#11714=ORIENTED_EDGE('',*,*,#11713,.F.);
#11715=ORIENTED_EDGE('',*,*,#7045,.F.);
#11717=ORIENTED_EDGE('',*,*,#11716,.F.);
#11719=ORIENTED_EDGE('',*,*,#11718,.F.);
#11720=EDGE_LOOP('',(#11714,#11715,#11717,#11719));
#11721=FACE_OUTER_BOUND('',#11720,.F.);
#11722=ADVANCED_FACE('',(#11721),#11712,.T.);
#11723=CARTESIAN_POINT('',(-1.755E0,0.E0,0.E0));
#11724=DIRECTION('',(1.E0,0.E0,0.E0));
#11725=DIRECTION('',(0.E0,0.E0,-1.E0));
#11726=AXIS2_PLACEMENT_3D('',#11723,#11724,#11725);
#11727=PLANE('',#11726);
#11728=ORIENTED_EDGE('',*,*,#11698,.F.);
#11730=ORIENTED_EDGE('',*,*,#11729,.F.);
#11732=ORIENTED_EDGE('',*,*,#11731,.F.);
#11734=ORIENTED_EDGE('',*,*,#11733,.F.);
#11736=ORIENTED_EDGE('',*,*,#11735,.F.);
#11738=ORIENTED_EDGE('',*,*,#11737,.F.);
#11740=ORIENTED_EDGE('',*,*,#11739,.F.);
#11742=ORIENTED_EDGE('',*,*,#11741,.F.);
#11743=ORIENTED_EDGE('',*,*,#6916,.F.);
#11744=EDGE_LOOP('',(#11728,#11730,#11732,#11734,#11736,#11738,#11740,#11742,
#11743));
#11745=FACE_OUTER_BOUND('',#11744,.F.);
#11746=ADVANCED_FACE('',(#11745),#11727,.T.);
#11747=CARTESIAN_POINT('',(-1.755E0,0.E0,0.E0));
#11748=DIRECTION('',(1.E0,0.E0,0.E0));
#11749=DIRECTION('',(0.E0,0.E0,-1.E0));
#11750=AXIS2_PLACEMENT_3D('',#11747,#11748,#11749);
#11751=PLANE('',#11750);
#11753=ORIENTED_EDGE('',*,*,#11752,.F.);
#11755=ORIENTED_EDGE('',*,*,#11754,.F.);
#11756=ORIENTED_EDGE('',*,*,#6709,.T.);
#11758=ORIENTED_EDGE('',*,*,#11757,.F.);
#11759=EDGE_LOOP('',(#11753,#11755,#11756,#11758));
#11760=FACE_OUTER_BOUND('',#11759,.F.);
#11761=ADVANCED_FACE('',(#11760),#11751,.T.);
#11762=CARTESIAN_POINT('',(-1.755E0,-2.296E0,0.E0));
#11763=DIRECTION('',(0.E0,-1.E0,0.E0));
#11764=DIRECTION('',(0.E0,0.E0,-1.E0));
#11765=AXIS2_PLACEMENT_3D('',#11762,#11763,#11764);
#11766=PLANE('',#11765);
#11767=ORIENTED_EDGE('',*,*,#11713,.T.);
#11769=ORIENTED_EDGE('',*,*,#11768,.T.);
#11771=ORIENTED_EDGE('',*,*,#11770,.F.);
#11772=ORIENTED_EDGE('',*,*,#7047,.T.);
#11773=EDGE_LOOP('',(#11767,#11769,#11771,#11772));
#11774=FACE_OUTER_BOUND('',#11773,.F.);
#11775=ADVANCED_FACE('',(#11774),#11766,.T.);
#11776=CARTESIAN_POINT('',(-1.755E0,-2.296E0,-8.5E-1));
#11777=DIRECTION('',(0.E0,0.E0,-1.E0));
#11778=DIRECTION('',(0.E0,1.E0,0.E0));
#11779=AXIS2_PLACEMENT_3D('',#11776,#11777,#11778);
#11780=PLANE('',#11779);
#11781=ORIENTED_EDGE('',*,*,#11718,.T.);
#11783=ORIENTED_EDGE('',*,*,#11782,.T.);
#11785=ORIENTED_EDGE('',*,*,#11784,.F.);
#11786=ORIENTED_EDGE('',*,*,#11768,.F.);
#11787=EDGE_LOOP('',(#11781,#11783,#11785,#11786));
#11788=FACE_OUTER_BOUND('',#11787,.F.);
#11789=ADVANCED_FACE('',(#11788),#11780,.T.);
#11790=CARTESIAN_POINT('',(-1.755E0,-1.55E-1,-8.5E-1));
#11791=DIRECTION('',(0.E0,1.E0,0.E0));
#11792=DIRECTION('',(0.E0,0.E0,1.E0));
#11793=AXIS2_PLACEMENT_3D('',#11790,#11791,#11792);
#11794=PLANE('',#11793);
#11795=ORIENTED_EDGE('',*,*,#11716,.T.);
#11796=ORIENTED_EDGE('',*,*,#7051,.F.);
#11798=ORIENTED_EDGE('',*,*,#11797,.F.);
#11799=ORIENTED_EDGE('',*,*,#11782,.F.);
#11800=EDGE_LOOP('',(#11795,#11796,#11798,#11799));
#11801=FACE_OUTER_BOUND('',#11800,.F.);
#11802=ADVANCED_FACE('',(#11801),#11794,.T.);
#11803=CARTESIAN_POINT('',(-2.055E0,0.E0,0.E0));
#11804=DIRECTION('',(1.E0,0.E0,0.E0));
#11805=DIRECTION('',(0.E0,0.E0,-1.E0));
#11806=AXIS2_PLACEMENT_3D('',#11803,#11804,#11805);
#11807=PLANE('',#11806);
#11808=ORIENTED_EDGE('',*,*,#11770,.T.);
#11809=ORIENTED_EDGE('',*,*,#11784,.T.);
#11810=ORIENTED_EDGE('',*,*,#11797,.T.);
#11811=ORIENTED_EDGE('',*,*,#7049,.F.);
#11812=EDGE_LOOP('',(#11808,#11809,#11810,#11811));
#11813=FACE_OUTER_BOUND('',#11812,.F.);
#11814=ADVANCED_FACE('',(#11813),#11807,.F.);
#11815=CARTESIAN_POINT('',(-2.055E0,0.E0,0.E0));
#11816=DIRECTION('',(1.E0,0.E0,0.E0));
#11817=DIRECTION('',(0.E0,0.E0,-1.E0));
#11818=AXIS2_PLACEMENT_3D('',#11815,#11816,#11817);
#11819=PLANE('',#11818);
#11820=ORIENTED_EDGE('',*,*,#11701,.T.);
#11821=ORIENTED_EDGE('',*,*,#6920,.F.);
#11823=ORIENTED_EDGE('',*,*,#11822,.T.);
#11825=ORIENTED_EDGE('',*,*,#11824,.T.);
#11827=ORIENTED_EDGE('',*,*,#11826,.T.);
#11829=ORIENTED_EDGE('',*,*,#11828,.T.);
#11831=ORIENTED_EDGE('',*,*,#11830,.T.);
#11833=ORIENTED_EDGE('',*,*,#11832,.T.);
#11835=ORIENTED_EDGE('',*,*,#11834,.T.);
#11836=EDGE_LOOP('',(#11820,#11821,#11823,#11825,#11827,#11829,#11831,#11833,
#11835));
#11837=FACE_OUTER_BOUND('',#11836,.F.);
#11838=ADVANCED_FACE('',(#11837),#11819,.F.);
#11839=CARTESIAN_POINT('',(-2.055E0,0.E0,0.E0));
#11840=DIRECTION('',(1.E0,0.E0,0.E0));
#11841=DIRECTION('',(0.E0,0.E0,-1.E0));
#11842=AXIS2_PLACEMENT_3D('',#11839,#11840,#11841);
#11843=PLANE('',#11842);
#11845=ORIENTED_EDGE('',*,*,#11844,.F.);
#11847=ORIENTED_EDGE('',*,*,#11846,.T.);
#11848=ORIENTED_EDGE('',*,*,#6713,.F.);
#11850=ORIENTED_EDGE('',*,*,#11849,.T.);
#11851=EDGE_LOOP('',(#11845,#11847,#11848,#11850));
#11852=FACE_OUTER_BOUND('',#11851,.F.);
#11853=ADVANCED_FACE('',(#11852),#11843,.F.);
#11854=CARTESIAN_POINT('',(-1.755E0,1.55E-1,0.E0));
#11855=DIRECTION('',(0.E0,-1.E0,0.E0));
#11856=DIRECTION('',(0.E0,0.E0,-1.E0));
#11857=AXIS2_PLACEMENT_3D('',#11854,#11855,#11856);
#11858=PLANE('',#11857);
#11859=ORIENTED_EDGE('',*,*,#11741,.T.);
#11861=ORIENTED_EDGE('',*,*,#11860,.T.);
#11862=ORIENTED_EDGE('',*,*,#11822,.F.);
#11863=ORIENTED_EDGE('',*,*,#6918,.T.);
#11864=EDGE_LOOP('',(#11859,#11861,#11862,#11863));
#11865=FACE_OUTER_BOUND('',#11864,.F.);
#11866=ADVANCED_FACE('',(#11865),#11858,.T.);
#11867=CARTESIAN_POINT('',(-1.755E0,1.55E-1,-8.75E-1));
#11868=DIRECTION('',(0.E0,0.E0,-1.E0));
#11869=DIRECTION('',(0.E0,1.E0,0.E0));
#11870=AXIS2_PLACEMENT_3D('',#11867,#11868,#11869);
#11871=PLANE('',#11870);
#11872=ORIENTED_EDGE('',*,*,#11739,.T.);
#11874=ORIENTED_EDGE('',*,*,#11873,.T.);
#11875=ORIENTED_EDGE('',*,*,#11824,.F.);
#11876=ORIENTED_EDGE('',*,*,#11860,.F.);
#11877=EDGE_LOOP('',(#11872,#11874,#11875,#11876));
#11878=FACE_OUTER_BOUND('',#11877,.F.);
#11879=ADVANCED_FACE('',(#11878),#11871,.T.);
#11880=CARTESIAN_POINT('',(-1.755E0,1.75E0,-8.75E-1));
#11881=DIRECTION('',(0.E0,-1.E0,0.E0));
#11882=DIRECTION('',(0.E0,0.E0,-1.E0));
#11883=AXIS2_PLACEMENT_3D('',#11880,#11881,#11882);
#11884=PLANE('',#11883);
#11885=ORIENTED_EDGE('',*,*,#11737,.T.);
#11887=ORIENTED_EDGE('',*,*,#11886,.T.);
#11888=ORIENTED_EDGE('',*,*,#11826,.F.);
#11889=ORIENTED_EDGE('',*,*,#11873,.F.);
#11890=EDGE_LOOP('',(#11885,#11887,#11888,#11889));
#11891=FACE_OUTER_BOUND('',#11890,.F.);
#11892=ADVANCED_FACE('',(#11891),#11884,.T.);
#11893=CARTESIAN_POINT('',(-1.755E0,1.75E0,-1.075E0));
#11894=DIRECTION('',(0.E0,0.E0,-1.E0));
#11895=DIRECTION('',(0.E0,1.E0,0.E0));
#11896=AXIS2_PLACEMENT_3D('',#11893,#11894,#11895);
#11897=PLANE('',#11896);
#11898=ORIENTED_EDGE('',*,*,#11735,.T.);
#11900=ORIENTED_EDGE('',*,*,#11899,.T.);
#11901=ORIENTED_EDGE('',*,*,#11828,.F.);
#11902=ORIENTED_EDGE('',*,*,#11886,.F.);
#11903=EDGE_LOOP('',(#11898,#11900,#11901,#11902));
#11904=FACE_OUTER_BOUND('',#11903,.F.);
#11905=ADVANCED_FACE('',(#11904),#11897,.T.);
#11906=CARTESIAN_POINT('',(-1.755E0,3.45E0,-1.075E0));
#11907=DIRECTION('',(0.E0,1.E0,0.E0));
#11908=DIRECTION('',(0.E0,0.E0,1.E0));
#11909=AXIS2_PLACEMENT_3D('',#11906,#11907,#11908);
#11910=PLANE('',#11909);
#11911=ORIENTED_EDGE('',*,*,#11733,.T.);
#11913=ORIENTED_EDGE('',*,*,#11912,.T.);
#11914=ORIENTED_EDGE('',*,*,#11830,.F.);
#11915=ORIENTED_EDGE('',*,*,#11899,.F.);
#11916=EDGE_LOOP('',(#11911,#11913,#11914,#11915));
#11917=FACE_OUTER_BOUND('',#11916,.F.);
#11918=ADVANCED_FACE('',(#11917),#11910,.T.);
#11919=CARTESIAN_POINT('',(-1.755E0,3.45E0,-5.375E-1));
#11920=DIRECTION('',(0.E0,0.E0,1.E0));
#11921=DIRECTION('',(0.E0,-1.E0,0.E0));
#11922=AXIS2_PLACEMENT_3D('',#11919,#11920,#11921);
#11923=PLANE('',#11922);
#11924=ORIENTED_EDGE('',*,*,#11731,.T.);
#11926=ORIENTED_EDGE('',*,*,#11925,.T.);
#11927=ORIENTED_EDGE('',*,*,#11832,.F.);
#11928=ORIENTED_EDGE('',*,*,#11912,.F.);
#11929=EDGE_LOOP('',(#11924,#11926,#11927,#11928));
#11930=FACE_OUTER_BOUND('',#11929,.F.);
#11931=ADVANCED_FACE('',(#11930),#11923,.T.);
#11932=CARTESIAN_POINT('',(-1.755E0,2.5E0,-5.375E-1));
#11933=DIRECTION('',(0.E0,1.E0,0.E0));
#11934=DIRECTION('',(0.E0,0.E0,1.E0));
#11935=AXIS2_PLACEMENT_3D('',#11932,#11933,#11934);
#11936=PLANE('',#11935);
#11937=ORIENTED_EDGE('',*,*,#11729,.T.);
#11938=ORIENTED_EDGE('',*,*,#11703,.T.);
#11939=ORIENTED_EDGE('',*,*,#11834,.F.);
#11940=ORIENTED_EDGE('',*,*,#11925,.F.);
#11941=EDGE_LOOP('',(#11937,#11938,#11939,#11940));
#11942=FACE_OUTER_BOUND('',#11941,.F.);
#11943=ADVANCED_FACE('',(#11942),#11936,.T.);
#11944=CARTESIAN_POINT('',(-2.005E0,0.E0,3.85E0));
#11945=DIRECTION('',(-9.805806756909E-1,0.E0,1.961161351382E-1));
#11946=DIRECTION('',(1.961161351382E-1,0.E0,9.805806756909E-1));
#11947=AXIS2_PLACEMENT_3D('',#11944,#11945,#11946);
#11948=PLANE('',#11947);
#11950=ORIENTED_EDGE('',*,*,#11949,.T.);
#11952=ORIENTED_EDGE('',*,*,#11951,.F.);
#11954=ORIENTED_EDGE('',*,*,#11953,.T.);
#11955=ORIENTED_EDGE('',*,*,#11844,.T.);
#11956=EDGE_LOOP('',(#11950,#11952,#11954,#11955));
#11957=FACE_OUTER_BOUND('',#11956,.F.);
#11958=ADVANCED_FACE('',(#11957),#11948,.T.);
#11959=CARTESIAN_POINT('',(-1.755E0,8.25E-1,0.E0));
#11960=DIRECTION('',(0.E0,1.E0,0.E0));
#11961=DIRECTION('',(0.E0,0.E0,1.E0));
#11962=AXIS2_PLACEMENT_3D('',#11959,#11960,#11961);
#11963=PLANE('',#11962);
#11965=ORIENTED_EDGE('',*,*,#11964,.F.);
#11967=ORIENTED_EDGE('',*,*,#11966,.T.);
#11968=ORIENTED_EDGE('',*,*,#11949,.F.);
#11969=ORIENTED_EDGE('',*,*,#11849,.F.);
#11970=ORIENTED_EDGE('',*,*,#6711,.T.);
#11971=ORIENTED_EDGE('',*,*,#11754,.T.);
#11972=EDGE_LOOP('',(#11965,#11967,#11968,#11969,#11970,#11971));
#11973=FACE_OUTER_BOUND('',#11972,.F.);
#11974=ADVANCED_FACE('',(#11973),#11963,.T.);
#11975=CARTESIAN_POINT('',(-1.805E0,0.E0,3.85E0));
#11976=DIRECTION('',(9.805806756909E-1,0.E0,1.961161351382E-1));
#11977=DIRECTION('',(-1.961161351382E-1,0.E0,9.805806756909E-1));
#11978=AXIS2_PLACEMENT_3D('',#11975,#11976,#11977);
#11979=PLANE('',#11978);
#11981=ORIENTED_EDGE('',*,*,#11980,.T.);
#11983=ORIENTED_EDGE('',*,*,#11982,.F.);
#11984=ORIENTED_EDGE('',*,*,#11964,.T.);
#11985=ORIENTED_EDGE('',*,*,#11752,.T.);
#11986=EDGE_LOOP('',(#11981,#11983,#11984,#11985));
#11987=FACE_OUTER_BOUND('',#11986,.F.);
#11988=ADVANCED_FACE('',(#11987),#11979,.T.);
#11989=CARTESIAN_POINT('',(-1.755E0,-8.25E-1,4.1E0));
#11990=DIRECTION('',(0.E0,-1.E0,0.E0));
#11991=DIRECTION('',(0.E0,0.E0,-1.E0));
#11992=AXIS2_PLACEMENT_3D('',#11989,#11990,#11991);
#11993=PLANE('',#11992);
#11994=ORIENTED_EDGE('',*,*,#11980,.F.);
#11995=ORIENTED_EDGE('',*,*,#11757,.T.);
#11996=ORIENTED_EDGE('',*,*,#6715,.F.);
#11997=ORIENTED_EDGE('',*,*,#11846,.F.);
#11998=ORIENTED_EDGE('',*,*,#11953,.F.);
#12000=ORIENTED_EDGE('',*,*,#11999,.F.);
#12001=EDGE_LOOP('',(#11994,#11995,#11996,#11997,#11998,#12000));
#12002=FACE_OUTER_BOUND('',#12001,.F.);
#12003=ADVANCED_FACE('',(#12002),#11993,.T.);
#12004=CARTESIAN_POINT('',(-1.755E0,8.25E-1,4.1E0));
#12005=DIRECTION('',(0.E0,0.E0,1.E0));
#12006=DIRECTION('',(0.E0,-1.E0,0.E0));
#12007=AXIS2_PLACEMENT_3D('',#12004,#12005,#12006);
#12008=PLANE('',#12007);
#12009=ORIENTED_EDGE('',*,*,#11982,.T.);
#12010=ORIENTED_EDGE('',*,*,#11999,.T.);
#12011=ORIENTED_EDGE('',*,*,#11951,.T.);
#12012=ORIENTED_EDGE('',*,*,#11966,.F.);
#12013=EDGE_LOOP('',(#12009,#12010,#12011,#12012));
#12014=FACE_OUTER_BOUND('',#12013,.F.);
#12015=ADVANCED_FACE('',(#12014),#12008,.T.);
#12016=CARTESIAN_POINT('',(7.85E-1,2.5E0,0.E0));
#12017=DIRECTION('',(0.E0,0.E0,1.E0));
#12018=DIRECTION('',(0.E0,-1.E0,0.E0));
#12019=AXIS2_PLACEMENT_3D('',#12016,#12017,#12018);
#12020=PLANE('',#12019);
#12022=ORIENTED_EDGE('',*,*,#12021,.T.);
#12023=ORIENTED_EDGE('',*,*,#7216,.F.);
#12025=ORIENTED_EDGE('',*,*,#12024,.F.);
#12027=ORIENTED_EDGE('',*,*,#12026,.F.);
#12028=EDGE_LOOP('',(#12022,#12023,#12025,#12027));
#12029=FACE_OUTER_BOUND('',#12028,.F.);
#12030=ADVANCED_FACE('',(#12029),#12020,.T.);
#12031=CARTESIAN_POINT('',(7.85E-1,0.E0,0.E0));
#12032=DIRECTION('',(1.E0,0.E0,0.E0));
#12033=DIRECTION('',(0.E0,0.E0,-1.E0));
#12034=AXIS2_PLACEMENT_3D('',#12031,#12032,#12033);
#12035=PLANE('',#12034);
#12037=ORIENTED_EDGE('',*,*,#12036,.F.);
#12038=ORIENTED_EDGE('',*,*,#7055,.F.);
#12040=ORIENTED_EDGE('',*,*,#12039,.F.);
#12042=ORIENTED_EDGE('',*,*,#12041,.F.);
#12043=EDGE_LOOP('',(#12037,#12038,#12040,#12042));
#12044=FACE_OUTER_BOUND('',#12043,.F.);
#12045=ADVANCED_FACE('',(#12044),#12035,.T.);
#12046=CARTESIAN_POINT('',(7.85E-1,0.E0,0.E0));
#12047=DIRECTION('',(1.E0,0.E0,0.E0));
#12048=DIRECTION('',(0.E0,0.E0,-1.E0));
#12049=AXIS2_PLACEMENT_3D('',#12046,#12047,#12048);
#12050=PLANE('',#12049);
#12051=ORIENTED_EDGE('',*,*,#12021,.F.);
#12053=ORIENTED_EDGE('',*,*,#12052,.F.);
#12055=ORIENTED_EDGE('',*,*,#12054,.F.);
#12057=ORIENTED_EDGE('',*,*,#12056,.F.);
#12059=ORIENTED_EDGE('',*,*,#12058,.F.);
#12061=ORIENTED_EDGE('',*,*,#12060,.F.);
#12063=ORIENTED_EDGE('',*,*,#12062,.F.);
#12065=ORIENTED_EDGE('',*,*,#12064,.F.);
#12066=ORIENTED_EDGE('',*,*,#6900,.F.);
#12067=EDGE_LOOP('',(#12051,#12053,#12055,#12057,#12059,#12061,#12063,#12065,
#12066));
#12068=FACE_OUTER_BOUND('',#12067,.F.);
#12069=ADVANCED_FACE('',(#12068),#12050,.T.);
#12070=CARTESIAN_POINT('',(7.85E-1,0.E0,0.E0));
#12071=DIRECTION('',(1.E0,0.E0,0.E0));
#12072=DIRECTION('',(0.E0,0.E0,-1.E0));
#12073=AXIS2_PLACEMENT_3D('',#12070,#12071,#12072);
#12074=PLANE('',#12073);
#12076=ORIENTED_EDGE('',*,*,#12075,.F.);
#12078=ORIENTED_EDGE('',*,*,#12077,.F.);
#12079=ORIENTED_EDGE('',*,*,#6719,.T.);
#12081=ORIENTED_EDGE('',*,*,#12080,.F.);
#12082=EDGE_LOOP('',(#12076,#12078,#12079,#12081));
#12083=FACE_OUTER_BOUND('',#12082,.F.);
#12084=ADVANCED_FACE('',(#12083),#12074,.T.);
#12085=CARTESIAN_POINT('',(7.85E-1,-2.296E0,0.E0));
#12086=DIRECTION('',(0.E0,-1.E0,0.E0));
#12087=DIRECTION('',(0.E0,0.E0,-1.E0));
#12088=AXIS2_PLACEMENT_3D('',#12085,#12086,#12087);
#12089=PLANE('',#12088);
#12090=ORIENTED_EDGE('',*,*,#12036,.T.);
#12092=ORIENTED_EDGE('',*,*,#12091,.T.);
#12094=ORIENTED_EDGE('',*,*,#12093,.F.);
#12095=ORIENTED_EDGE('',*,*,#7057,.T.);
#12096=EDGE_LOOP('',(#12090,#12092,#12094,#12095));
#12097=FACE_OUTER_BOUND('',#12096,.F.);
#12098=ADVANCED_FACE('',(#12097),#12089,.T.);
#12099=CARTESIAN_POINT('',(7.85E-1,-2.296E0,-8.5E-1));
#12100=DIRECTION('',(0.E0,0.E0,-1.E0));
#12101=DIRECTION('',(0.E0,1.E0,0.E0));
#12102=AXIS2_PLACEMENT_3D('',#12099,#12100,#12101);
#12103=PLANE('',#12102);
#12104=ORIENTED_EDGE('',*,*,#12041,.T.);
#12106=ORIENTED_EDGE('',*,*,#12105,.T.);
#12108=ORIENTED_EDGE('',*,*,#12107,.F.);
#12109=ORIENTED_EDGE('',*,*,#12091,.F.);
#12110=EDGE_LOOP('',(#12104,#12106,#12108,#12109));
#12111=FACE_OUTER_BOUND('',#12110,.F.);
#12112=ADVANCED_FACE('',(#12111),#12103,.T.);
#12113=CARTESIAN_POINT('',(7.85E-1,-1.55E-1,-8.5E-1));
#12114=DIRECTION('',(0.E0,1.E0,0.E0));
#12115=DIRECTION('',(0.E0,0.E0,1.E0));
#12116=AXIS2_PLACEMENT_3D('',#12113,#12114,#12115);
#12117=PLANE('',#12116);
#12118=ORIENTED_EDGE('',*,*,#12039,.T.);
#12119=ORIENTED_EDGE('',*,*,#7061,.F.);
#12121=ORIENTED_EDGE('',*,*,#12120,.F.);
#12122=ORIENTED_EDGE('',*,*,#12105,.F.);
#12123=EDGE_LOOP('',(#12118,#12119,#12121,#12122));
#12124=FACE_OUTER_BOUND('',#12123,.F.);
#12125=ADVANCED_FACE('',(#12124),#12117,.T.);
#12126=CARTESIAN_POINT('',(4.85E-1,0.E0,0.E0));
#12127=DIRECTION('',(1.E0,0.E0,0.E0));
#12128=DIRECTION('',(0.E0,0.E0,-1.E0));
#12129=AXIS2_PLACEMENT_3D('',#12126,#12127,#12128);
#12130=PLANE('',#12129);
#12131=ORIENTED_EDGE('',*,*,#12093,.T.);
#12132=ORIENTED_EDGE('',*,*,#12107,.T.);
#12133=ORIENTED_EDGE('',*,*,#12120,.T.);
#12134=ORIENTED_EDGE('',*,*,#7059,.F.);
#12135=EDGE_LOOP('',(#12131,#12132,#12133,#12134));
#12136=FACE_OUTER_BOUND('',#12135,.F.);
#12137=ADVANCED_FACE('',(#12136),#12130,.F.);
#12138=CARTESIAN_POINT('',(4.85E-1,0.E0,0.E0));
#12139=DIRECTION('',(1.E0,0.E0,0.E0));
#12140=DIRECTION('',(0.E0,0.E0,-1.E0));
#12141=AXIS2_PLACEMENT_3D('',#12138,#12139,#12140);
#12142=PLANE('',#12141);
#12143=ORIENTED_EDGE('',*,*,#12024,.T.);
#12144=ORIENTED_EDGE('',*,*,#6904,.F.);
#12146=ORIENTED_EDGE('',*,*,#12145,.T.);
#12148=ORIENTED_EDGE('',*,*,#12147,.T.);
#12150=ORIENTED_EDGE('',*,*,#12149,.T.);
#12152=ORIENTED_EDGE('',*,*,#12151,.T.);
#12154=ORIENTED_EDGE('',*,*,#12153,.T.);
#12156=ORIENTED_EDGE('',*,*,#12155,.T.);
#12158=ORIENTED_EDGE('',*,*,#12157,.T.);
#12159=EDGE_LOOP('',(#12143,#12144,#12146,#12148,#12150,#12152,#12154,#12156,
#12158));
#12160=FACE_OUTER_BOUND('',#12159,.F.);
#12161=ADVANCED_FACE('',(#12160),#12142,.F.);
#12162=CARTESIAN_POINT('',(4.85E-1,0.E0,0.E0));
#12163=DIRECTION('',(1.E0,0.E0,0.E0));
#12164=DIRECTION('',(0.E0,0.E0,-1.E0));
#12165=AXIS2_PLACEMENT_3D('',#12162,#12163,#12164);
#12166=PLANE('',#12165);
#12168=ORIENTED_EDGE('',*,*,#12167,.F.);
#12170=ORIENTED_EDGE('',*,*,#12169,.T.);
#12171=ORIENTED_EDGE('',*,*,#6723,.F.);
#12173=ORIENTED_EDGE('',*,*,#12172,.T.);
#12174=EDGE_LOOP('',(#12168,#12170,#12171,#12173));
#12175=FACE_OUTER_BOUND('',#12174,.F.);
#12176=ADVANCED_FACE('',(#12175),#12166,.F.);
#12177=CARTESIAN_POINT('',(7.85E-1,1.55E-1,0.E0));
#12178=DIRECTION('',(0.E0,-1.E0,0.E0));
#12179=DIRECTION('',(0.E0,0.E0,-1.E0));
#12180=AXIS2_PLACEMENT_3D('',#12177,#12178,#12179);
#12181=PLANE('',#12180);
#12182=ORIENTED_EDGE('',*,*,#12064,.T.);
#12184=ORIENTED_EDGE('',*,*,#12183,.T.);
#12185=ORIENTED_EDGE('',*,*,#12145,.F.);
#12186=ORIENTED_EDGE('',*,*,#6902,.T.);
#12187=EDGE_LOOP('',(#12182,#12184,#12185,#12186));
#12188=FACE_OUTER_BOUND('',#12187,.F.);
#12189=ADVANCED_FACE('',(#12188),#12181,.T.);
#12190=CARTESIAN_POINT('',(7.85E-1,1.55E-1,-8.75E-1));
#12191=DIRECTION('',(0.E0,0.E0,-1.E0));
#12192=DIRECTION('',(0.E0,1.E0,0.E0));
#12193=AXIS2_PLACEMENT_3D('',#12190,#12191,#12192);
#12194=PLANE('',#12193);
#12195=ORIENTED_EDGE('',*,*,#12062,.T.);
#12197=ORIENTED_EDGE('',*,*,#12196,.T.);
#12198=ORIENTED_EDGE('',*,*,#12147,.F.);
#12199=ORIENTED_EDGE('',*,*,#12183,.F.);
#12200=EDGE_LOOP('',(#12195,#12197,#12198,#12199));
#12201=FACE_OUTER_BOUND('',#12200,.F.);
#12202=ADVANCED_FACE('',(#12201),#12194,.T.);
#12203=CARTESIAN_POINT('',(7.85E-1,1.75E0,-8.75E-1));
#12204=DIRECTION('',(0.E0,-1.E0,0.E0));
#12205=DIRECTION('',(0.E0,0.E0,-1.E0));
#12206=AXIS2_PLACEMENT_3D('',#12203,#12204,#12205);
#12207=PLANE('',#12206);
#12208=ORIENTED_EDGE('',*,*,#12060,.T.);
#12210=ORIENTED_EDGE('',*,*,#12209,.T.);
#12211=ORIENTED_EDGE('',*,*,#12149,.F.);
#12212=ORIENTED_EDGE('',*,*,#12196,.F.);
#12213=EDGE_LOOP('',(#12208,#12210,#12211,#12212));
#12214=FACE_OUTER_BOUND('',#12213,.F.);
#12215=ADVANCED_FACE('',(#12214),#12207,.T.);
#12216=CARTESIAN_POINT('',(7.85E-1,1.75E0,-1.075E0));
#12217=DIRECTION('',(0.E0,0.E0,-1.E0));
#12218=DIRECTION('',(0.E0,1.E0,0.E0));
#12219=AXIS2_PLACEMENT_3D('',#12216,#12217,#12218);
#12220=PLANE('',#12219);
#12221=ORIENTED_EDGE('',*,*,#12058,.T.);
#12223=ORIENTED_EDGE('',*,*,#12222,.T.);
#12224=ORIENTED_EDGE('',*,*,#12151,.F.);
#12225=ORIENTED_EDGE('',*,*,#12209,.F.);
#12226=EDGE_LOOP('',(#12221,#12223,#12224,#12225));
#12227=FACE_OUTER_BOUND('',#12226,.F.);
#12228=ADVANCED_FACE('',(#12227),#12220,.T.);
#12229=CARTESIAN_POINT('',(7.85E-1,3.45E0,-1.075E0));
#12230=DIRECTION('',(0.E0,1.E0,0.E0));
#12231=DIRECTION('',(0.E0,0.E0,1.E0));
#12232=AXIS2_PLACEMENT_3D('',#12229,#12230,#12231);
#12233=PLANE('',#12232);
#12234=ORIENTED_EDGE('',*,*,#12056,.T.);
#12236=ORIENTED_EDGE('',*,*,#12235,.T.);
#12237=ORIENTED_EDGE('',*,*,#12153,.F.);
#12238=ORIENTED_EDGE('',*,*,#12222,.F.);
#12239=EDGE_LOOP('',(#12234,#12236,#12237,#12238));
#12240=FACE_OUTER_BOUND('',#12239,.F.);
#12241=ADVANCED_FACE('',(#12240),#12233,.T.);
#12242=CARTESIAN_POINT('',(7.85E-1,3.45E0,-5.375E-1));
#12243=DIRECTION('',(0.E0,0.E0,1.E0));
#12244=DIRECTION('',(0.E0,-1.E0,0.E0));
#12245=AXIS2_PLACEMENT_3D('',#12242,#12243,#12244);
#12246=PLANE('',#12245);
#12247=ORIENTED_EDGE('',*,*,#12054,.T.);
#12249=ORIENTED_EDGE('',*,*,#12248,.T.);
#12250=ORIENTED_EDGE('',*,*,#12155,.F.);
#12251=ORIENTED_EDGE('',*,*,#12235,.F.);
#12252=EDGE_LOOP('',(#12247,#12249,#12250,#12251));
#12253=FACE_OUTER_BOUND('',#12252,.F.);
#12254=ADVANCED_FACE('',(#12253),#12246,.T.);
#12255=CARTESIAN_POINT('',(7.85E-1,2.5E0,-5.375E-1));
#12256=DIRECTION('',(0.E0,1.E0,0.E0));
#12257=DIRECTION('',(0.E0,0.E0,1.E0));
#12258=AXIS2_PLACEMENT_3D('',#12255,#12256,#12257);
#12259=PLANE('',#12258);
#12260=ORIENTED_EDGE('',*,*,#12052,.T.);
#12261=ORIENTED_EDGE('',*,*,#12026,.T.);
#12262=ORIENTED_EDGE('',*,*,#12157,.F.);
#12263=ORIENTED_EDGE('',*,*,#12248,.F.);
#12264=EDGE_LOOP('',(#12260,#12261,#12262,#12263));
#12265=FACE_OUTER_BOUND('',#12264,.F.);
#12266=ADVANCED_FACE('',(#12265),#12259,.T.);
#12267=CARTESIAN_POINT('',(5.35E-1,0.E0,3.85E0));
#12268=DIRECTION('',(-9.805806756909E-1,0.E0,1.961161351382E-1));
#12269=DIRECTION('',(1.961161351382E-1,0.E0,9.805806756909E-1));
#12270=AXIS2_PLACEMENT_3D('',#12267,#12268,#12269);
#12271=PLANE('',#12270);
#12273=ORIENTED_EDGE('',*,*,#12272,.T.);
#12275=ORIENTED_EDGE('',*,*,#12274,.F.);
#12277=ORIENTED_EDGE('',*,*,#12276,.T.);
#12278=ORIENTED_EDGE('',*,*,#12167,.T.);
#12279=EDGE_LOOP('',(#12273,#12275,#12277,#12278));
#12280=FACE_OUTER_BOUND('',#12279,.F.);
#12281=ADVANCED_FACE('',(#12280),#12271,.T.);
#12282=CARTESIAN_POINT('',(7.85E-1,8.25E-1,0.E0));
#12283=DIRECTION('',(0.E0,1.E0,0.E0));
#12284=DIRECTION('',(0.E0,0.E0,1.E0));
#12285=AXIS2_PLACEMENT_3D('',#12282,#12283,#12284);
#12286=PLANE('',#12285);
#12288=ORIENTED_EDGE('',*,*,#12287,.F.);
#12290=ORIENTED_EDGE('',*,*,#12289,.T.);
#12291=ORIENTED_EDGE('',*,*,#12272,.F.);
#12292=ORIENTED_EDGE('',*,*,#12172,.F.);
#12293=ORIENTED_EDGE('',*,*,#6721,.T.);
#12294=ORIENTED_EDGE('',*,*,#12077,.T.);
#12295=EDGE_LOOP('',(#12288,#12290,#12291,#12292,#12293,#12294));
#12296=FACE_OUTER_BOUND('',#12295,.F.);
#12297=ADVANCED_FACE('',(#12296),#12286,.T.);
#12298=CARTESIAN_POINT('',(7.35E-1,0.E0,3.85E0));
#12299=DIRECTION('',(9.805806756909E-1,0.E0,1.961161351382E-1));
#12300=DIRECTION('',(-1.961161351382E-1,0.E0,9.805806756909E-1));
#12301=AXIS2_PLACEMENT_3D('',#12298,#12299,#12300);
#12302=PLANE('',#12301);
#12304=ORIENTED_EDGE('',*,*,#12303,.T.);
#12306=ORIENTED_EDGE('',*,*,#12305,.F.);
#12307=ORIENTED_EDGE('',*,*,#12287,.T.);
#12308=ORIENTED_EDGE('',*,*,#12075,.T.);
#12309=EDGE_LOOP('',(#12304,#12306,#12307,#12308));
#12310=FACE_OUTER_BOUND('',#12309,.F.);
#12311=ADVANCED_FACE('',(#12310),#12302,.T.);
#12312=CARTESIAN_POINT('',(7.85E-1,-8.25E-1,4.1E0));
#12313=DIRECTION('',(0.E0,-1.E0,0.E0));
#12314=DIRECTION('',(0.E0,0.E0,-1.E0));
#12315=AXIS2_PLACEMENT_3D('',#12312,#12313,#12314);
#12316=PLANE('',#12315);
#12317=ORIENTED_EDGE('',*,*,#12303,.F.);
#12318=ORIENTED_EDGE('',*,*,#12080,.T.);
#12319=ORIENTED_EDGE('',*,*,#6725,.F.);
#12320=ORIENTED_EDGE('',*,*,#12169,.F.);
#12321=ORIENTED_EDGE('',*,*,#12276,.F.);
#12323=ORIENTED_EDGE('',*,*,#12322,.F.);
#12324=EDGE_LOOP('',(#12317,#12318,#12319,#12320,#12321,#12323));
#12325=FACE_OUTER_BOUND('',#12324,.F.);
#12326=ADVANCED_FACE('',(#12325),#12316,.T.);
#12327=CARTESIAN_POINT('',(7.85E-1,8.25E-1,4.1E0));
#12328=DIRECTION('',(0.E0,0.E0,1.E0));
#12329=DIRECTION('',(0.E0,-1.E0,0.E0));
#12330=AXIS2_PLACEMENT_3D('',#12327,#12328,#12329);
#12331=PLANE('',#12330);
#12332=ORIENTED_EDGE('',*,*,#12305,.T.);
#12333=ORIENTED_EDGE('',*,*,#12322,.T.);
#12334=ORIENTED_EDGE('',*,*,#12274,.T.);
#12335=ORIENTED_EDGE('',*,*,#12289,.F.);
#12336=EDGE_LOOP('',(#12332,#12333,#12334,#12335));
#12337=FACE_OUTER_BOUND('',#12336,.F.);
#12338=ADVANCED_FACE('',(#12337),#12331,.T.);
#12339=CARTESIAN_POINT('',(3.325E0,2.5E0,0.E0));
#12340=DIRECTION('',(0.E0,0.E0,1.E0));
#12341=DIRECTION('',(0.E0,-1.E0,0.E0));
#12342=AXIS2_PLACEMENT_3D('',#12339,#12340,#12341);
#12343=PLANE('',#12342);
#12345=ORIENTED_EDGE('',*,*,#12344,.T.);
#12346=ORIENTED_EDGE('',*,*,#7222,.F.);
#12348=ORIENTED_EDGE('',*,*,#12347,.F.);
#12350=ORIENTED_EDGE('',*,*,#12349,.F.);
#12351=EDGE_LOOP('',(#12345,#12346,#12348,#12350));
#12352=FACE_OUTER_BOUND('',#12351,.F.);
#12353=ADVANCED_FACE('',(#12352),#12343,.T.);
#12354=CARTESIAN_POINT('',(3.325E0,0.E0,0.E0));
#12355=DIRECTION('',(1.E0,0.E0,0.E0));
#12356=DIRECTION('',(0.E0,0.E0,-1.E0));
#12357=AXIS2_PLACEMENT_3D('',#12354,#12355,#12356);
#12358=PLANE('',#12357);
#12360=ORIENTED_EDGE('',*,*,#12359,.F.);
#12361=ORIENTED_EDGE('',*,*,#7065,.F.);
#12363=ORIENTED_EDGE('',*,*,#12362,.F.);
#12365=ORIENTED_EDGE('',*,*,#12364,.F.);
#12366=EDGE_LOOP('',(#12360,#12361,#12363,#12365));
#12367=FACE_OUTER_BOUND('',#12366,.F.);
#12368=ADVANCED_FACE('',(#12367),#12358,.T.);
#12369=CARTESIAN_POINT('',(3.325E0,0.E0,0.E0));
#12370=DIRECTION('',(1.E0,0.E0,0.E0));
#12371=DIRECTION('',(0.E0,0.E0,-1.E0));
#12372=AXIS2_PLACEMENT_3D('',#12369,#12370,#12371);
#12373=PLANE('',#12372);
#12374=ORIENTED_EDGE('',*,*,#12344,.F.);
#12376=ORIENTED_EDGE('',*,*,#12375,.F.);
#12378=ORIENTED_EDGE('',*,*,#12377,.F.);
#12380=ORIENTED_EDGE('',*,*,#12379,.F.);
#12382=ORIENTED_EDGE('',*,*,#12381,.F.);
#12384=ORIENTED_EDGE('',*,*,#12383,.F.);
#12386=ORIENTED_EDGE('',*,*,#12385,.F.);
#12388=ORIENTED_EDGE('',*,*,#12387,.F.);
#12389=ORIENTED_EDGE('',*,*,#6884,.F.);
#12390=EDGE_LOOP('',(#12374,#12376,#12378,#12380,#12382,#12384,#12386,#12388,
#12389));
#12391=FACE_OUTER_BOUND('',#12390,.F.);
#12392=ADVANCED_FACE('',(#12391),#12373,.T.);
#12393=CARTESIAN_POINT('',(3.325E0,0.E0,0.E0));
#12394=DIRECTION('',(1.E0,0.E0,0.E0));
#12395=DIRECTION('',(0.E0,0.E0,-1.E0));
#12396=AXIS2_PLACEMENT_3D('',#12393,#12394,#12395);
#12397=PLANE('',#12396);
#12399=ORIENTED_EDGE('',*,*,#12398,.F.);
#12401=ORIENTED_EDGE('',*,*,#12400,.F.);
#12402=ORIENTED_EDGE('',*,*,#6729,.T.);
#12404=ORIENTED_EDGE('',*,*,#12403,.F.);
#12405=EDGE_LOOP('',(#12399,#12401,#12402,#12404));
#12406=FACE_OUTER_BOUND('',#12405,.F.);
#12407=ADVANCED_FACE('',(#12406),#12397,.T.);
#12408=CARTESIAN_POINT('',(3.325E0,-2.296E0,0.E0));
#12409=DIRECTION('',(0.E0,-1.E0,0.E0));
#12410=DIRECTION('',(0.E0,0.E0,-1.E0));
#12411=AXIS2_PLACEMENT_3D('',#12408,#12409,#12410);
#12412=PLANE('',#12411);
#12413=ORIENTED_EDGE('',*,*,#12359,.T.);
#12415=ORIENTED_EDGE('',*,*,#12414,.T.);
#12417=ORIENTED_EDGE('',*,*,#12416,.F.);
#12418=ORIENTED_EDGE('',*,*,#7067,.T.);
#12419=EDGE_LOOP('',(#12413,#12415,#12417,#12418));
#12420=FACE_OUTER_BOUND('',#12419,.F.);
#12421=ADVANCED_FACE('',(#12420),#12412,.T.);
#12422=CARTESIAN_POINT('',(3.325E0,-2.296E0,-8.5E-1));
#12423=DIRECTION('',(0.E0,0.E0,-1.E0));
#12424=DIRECTION('',(0.E0,1.E0,0.E0));
#12425=AXIS2_PLACEMENT_3D('',#12422,#12423,#12424);
#12426=PLANE('',#12425);
#12427=ORIENTED_EDGE('',*,*,#12364,.T.);
#12429=ORIENTED_EDGE('',*,*,#12428,.T.);
#12431=ORIENTED_EDGE('',*,*,#12430,.F.);
#12432=ORIENTED_EDGE('',*,*,#12414,.F.);
#12433=EDGE_LOOP('',(#12427,#12429,#12431,#12432));
#12434=FACE_OUTER_BOUND('',#12433,.F.);
#12435=ADVANCED_FACE('',(#12434),#12426,.T.);
#12436=CARTESIAN_POINT('',(3.325E0,-1.55E-1,-8.5E-1));
#12437=DIRECTION('',(0.E0,1.E0,0.E0));
#12438=DIRECTION('',(0.E0,0.E0,1.E0));
#12439=AXIS2_PLACEMENT_3D('',#12436,#12437,#12438);
#12440=PLANE('',#12439);
#12441=ORIENTED_EDGE('',*,*,#12362,.T.);
#12442=ORIENTED_EDGE('',*,*,#7071,.F.);
#12444=ORIENTED_EDGE('',*,*,#12443,.F.);
#12445=ORIENTED_EDGE('',*,*,#12428,.F.);
#12446=EDGE_LOOP('',(#12441,#12442,#12444,#12445));
#12447=FACE_OUTER_BOUND('',#12446,.F.);
#12448=ADVANCED_FACE('',(#12447),#12440,.T.);
#12449=CARTESIAN_POINT('',(3.025E0,0.E0,0.E0));
#12450=DIRECTION('',(1.E0,0.E0,0.E0));
#12451=DIRECTION('',(0.E0,0.E0,-1.E0));
#12452=AXIS2_PLACEMENT_3D('',#12449,#12450,#12451);
#12453=PLANE('',#12452);
#12454=ORIENTED_EDGE('',*,*,#12416,.T.);
#12455=ORIENTED_EDGE('',*,*,#12430,.T.);
#12456=ORIENTED_EDGE('',*,*,#12443,.T.);
#12457=ORIENTED_EDGE('',*,*,#7069,.F.);
#12458=EDGE_LOOP('',(#12454,#12455,#12456,#12457));
#12459=FACE_OUTER_BOUND('',#12458,.F.);
#12460=ADVANCED_FACE('',(#12459),#12453,.F.);
#12461=CARTESIAN_POINT('',(3.025E0,0.E0,0.E0));
#12462=DIRECTION('',(1.E0,0.E0,0.E0));
#12463=DIRECTION('',(0.E0,0.E0,-1.E0));
#12464=AXIS2_PLACEMENT_3D('',#12461,#12462,#12463);
#12465=PLANE('',#12464);
#12466=ORIENTED_EDGE('',*,*,#12347,.T.);
#12467=ORIENTED_EDGE('',*,*,#6888,.F.);
#12469=ORIENTED_EDGE('',*,*,#12468,.T.);
#12471=ORIENTED_EDGE('',*,*,#12470,.T.);
#12473=ORIENTED_EDGE('',*,*,#12472,.T.);
#12475=ORIENTED_EDGE('',*,*,#12474,.T.);
#12477=ORIENTED_EDGE('',*,*,#12476,.T.);
#12479=ORIENTED_EDGE('',*,*,#12478,.T.);
#12481=ORIENTED_EDGE('',*,*,#12480,.T.);
#12482=EDGE_LOOP('',(#12466,#12467,#12469,#12471,#12473,#12475,#12477,#12479,
#12481));
#12483=FACE_OUTER_BOUND('',#12482,.F.);
#12484=ADVANCED_FACE('',(#12483),#12465,.F.);
#12485=CARTESIAN_POINT('',(3.025E0,0.E0,0.E0));
#12486=DIRECTION('',(1.E0,0.E0,0.E0));
#12487=DIRECTION('',(0.E0,0.E0,-1.E0));
#12488=AXIS2_PLACEMENT_3D('',#12485,#12486,#12487);
#12489=PLANE('',#12488);
#12491=ORIENTED_EDGE('',*,*,#12490,.F.);
#12493=ORIENTED_EDGE('',*,*,#12492,.T.);
#12494=ORIENTED_EDGE('',*,*,#6733,.F.);
#12496=ORIENTED_EDGE('',*,*,#12495,.T.);
#12497=EDGE_LOOP('',(#12491,#12493,#12494,#12496));
#12498=FACE_OUTER_BOUND('',#12497,.F.);
#12499=ADVANCED_FACE('',(#12498),#12489,.F.);
#12500=CARTESIAN_POINT('',(3.325E0,1.55E-1,0.E0));
#12501=DIRECTION('',(0.E0,-1.E0,0.E0));
#12502=DIRECTION('',(0.E0,0.E0,-1.E0));
#12503=AXIS2_PLACEMENT_3D('',#12500,#12501,#12502);
#12504=PLANE('',#12503);
#12505=ORIENTED_EDGE('',*,*,#12387,.T.);
#12507=ORIENTED_EDGE('',*,*,#12506,.T.);
#12508=ORIENTED_EDGE('',*,*,#12468,.F.);
#12509=ORIENTED_EDGE('',*,*,#6886,.T.);
#12510=EDGE_LOOP('',(#12505,#12507,#12508,#12509));
#12511=FACE_OUTER_BOUND('',#12510,.F.);
#12512=ADVANCED_FACE('',(#12511),#12504,.T.);
#12513=CARTESIAN_POINT('',(3.325E0,1.55E-1,-8.75E-1));
#12514=DIRECTION('',(0.E0,0.E0,-1.E0));
#12515=DIRECTION('',(0.E0,1.E0,0.E0));
#12516=AXIS2_PLACEMENT_3D('',#12513,#12514,#12515);
#12517=PLANE('',#12516);
#12518=ORIENTED_EDGE('',*,*,#12385,.T.);
#12520=ORIENTED_EDGE('',*,*,#12519,.T.);
#12521=ORIENTED_EDGE('',*,*,#12470,.F.);
#12522=ORIENTED_EDGE('',*,*,#12506,.F.);
#12523=EDGE_LOOP('',(#12518,#12520,#12521,#12522));
#12524=FACE_OUTER_BOUND('',#12523,.F.);
#12525=ADVANCED_FACE('',(#12524),#12517,.T.);
#12526=CARTESIAN_POINT('',(3.325E0,1.75E0,-8.75E-1));
#12527=DIRECTION('',(0.E0,-1.E0,0.E0));
#12528=DIRECTION('',(0.E0,0.E0,-1.E0));
#12529=AXIS2_PLACEMENT_3D('',#12526,#12527,#12528);
#12530=PLANE('',#12529);
#12531=ORIENTED_EDGE('',*,*,#12383,.T.);
#12533=ORIENTED_EDGE('',*,*,#12532,.T.);
#12534=ORIENTED_EDGE('',*,*,#12472,.F.);
#12535=ORIENTED_EDGE('',*,*,#12519,.F.);
#12536=EDGE_LOOP('',(#12531,#12533,#12534,#12535));
#12537=FACE_OUTER_BOUND('',#12536,.F.);
#12538=ADVANCED_FACE('',(#12537),#12530,.T.);
#12539=CARTESIAN_POINT('',(3.325E0,1.75E0,-1.075E0));
#12540=DIRECTION('',(0.E0,0.E0,-1.E0));
#12541=DIRECTION('',(0.E0,1.E0,0.E0));
#12542=AXIS2_PLACEMENT_3D('',#12539,#12540,#12541);
#12543=PLANE('',#12542);
#12544=ORIENTED_EDGE('',*,*,#12381,.T.);
#12546=ORIENTED_EDGE('',*,*,#12545,.T.);
#12547=ORIENTED_EDGE('',*,*,#12474,.F.);
#12548=ORIENTED_EDGE('',*,*,#12532,.F.);
#12549=EDGE_LOOP('',(#12544,#12546,#12547,#12548));
#12550=FACE_OUTER_BOUND('',#12549,.F.);
#12551=ADVANCED_FACE('',(#12550),#12543,.T.);
#12552=CARTESIAN_POINT('',(3.325E0,3.45E0,-1.075E0));
#12553=DIRECTION('',(0.E0,1.E0,0.E0));
#12554=DIRECTION('',(0.E0,0.E0,1.E0));
#12555=AXIS2_PLACEMENT_3D('',#12552,#12553,#12554);
#12556=PLANE('',#12555);
#12557=ORIENTED_EDGE('',*,*,#12379,.T.);
#12559=ORIENTED_EDGE('',*,*,#12558,.T.);
#12560=ORIENTED_EDGE('',*,*,#12476,.F.);
#12561=ORIENTED_EDGE('',*,*,#12545,.F.);
#12562=EDGE_LOOP('',(#12557,#12559,#12560,#12561));
#12563=FACE_OUTER_BOUND('',#12562,.F.);
#12564=ADVANCED_FACE('',(#12563),#12556,.T.);
#12565=CARTESIAN_POINT('',(3.325E0,3.45E0,-5.375E-1));
#12566=DIRECTION('',(0.E0,0.E0,1.E0));
#12567=DIRECTION('',(0.E0,-1.E0,0.E0));
#12568=AXIS2_PLACEMENT_3D('',#12565,#12566,#12567);
#12569=PLANE('',#12568);
#12570=ORIENTED_EDGE('',*,*,#12377,.T.);
#12572=ORIENTED_EDGE('',*,*,#12571,.T.);
#12573=ORIENTED_EDGE('',*,*,#12478,.F.);
#12574=ORIENTED_EDGE('',*,*,#12558,.F.);
#12575=EDGE_LOOP('',(#12570,#12572,#12573,#12574));
#12576=FACE_OUTER_BOUND('',#12575,.F.);
#12577=ADVANCED_FACE('',(#12576),#12569,.T.);
#12578=CARTESIAN_POINT('',(3.325E0,2.5E0,-5.375E-1));
#12579=DIRECTION('',(0.E0,1.E0,0.E0));
#12580=DIRECTION('',(0.E0,0.E0,1.E0));
#12581=AXIS2_PLACEMENT_3D('',#12578,#12579,#12580);
#12582=PLANE('',#12581);
#12583=ORIENTED_EDGE('',*,*,#12375,.T.);
#12584=ORIENTED_EDGE('',*,*,#12349,.T.);
#12585=ORIENTED_EDGE('',*,*,#12480,.F.);
#12586=ORIENTED_EDGE('',*,*,#12571,.F.);
#12587=EDGE_LOOP('',(#12583,#12584,#12585,#12586));
#12588=FACE_OUTER_BOUND('',#12587,.F.);
#12589=ADVANCED_FACE('',(#12588),#12582,.T.);
#12590=CARTESIAN_POINT('',(3.075E0,0.E0,3.85E0));
#12591=DIRECTION('',(-9.805806756909E-1,0.E0,1.961161351382E-1));
#12592=DIRECTION('',(1.961161351382E-1,0.E0,9.805806756909E-1));
#12593=AXIS2_PLACEMENT_3D('',#12590,#12591,#12592);
#12594=PLANE('',#12593);
#12596=ORIENTED_EDGE('',*,*,#12595,.T.);
#12598=ORIENTED_EDGE('',*,*,#12597,.F.);
#12600=ORIENTED_EDGE('',*,*,#12599,.T.);
#12601=ORIENTED_EDGE('',*,*,#12490,.T.);
#12602=EDGE_LOOP('',(#12596,#12598,#12600,#12601));
#12603=FACE_OUTER_BOUND('',#12602,.F.);
#12604=ADVANCED_FACE('',(#12603),#12594,.T.);
#12605=CARTESIAN_POINT('',(3.325E0,8.25E-1,0.E0));
#12606=DIRECTION('',(0.E0,1.E0,0.E0));
#12607=DIRECTION('',(0.E0,0.E0,1.E0));
#12608=AXIS2_PLACEMENT_3D('',#12605,#12606,#12607);
#12609=PLANE('',#12608);
#12611=ORIENTED_EDGE('',*,*,#12610,.F.);
#12613=ORIENTED_EDGE('',*,*,#12612,.T.);
#12614=ORIENTED_EDGE('',*,*,#12595,.F.);
#12615=ORIENTED_EDGE('',*,*,#12495,.F.);
#12616=ORIENTED_EDGE('',*,*,#6731,.T.);
#12617=ORIENTED_EDGE('',*,*,#12400,.T.);
#12618=EDGE_LOOP('',(#12611,#12613,#12614,#12615,#12616,#12617));
#12619=FACE_OUTER_BOUND('',#12618,.F.);
#12620=ADVANCED_FACE('',(#12619),#12609,.T.);
#12621=CARTESIAN_POINT('',(3.275E0,0.E0,3.85E0));
#12622=DIRECTION('',(9.805806756909E-1,0.E0,1.961161351382E-1));
#12623=DIRECTION('',(-1.961161351382E-1,0.E0,9.805806756909E-1));
#12624=AXIS2_PLACEMENT_3D('',#12621,#12622,#12623);
#12625=PLANE('',#12624);
#12627=ORIENTED_EDGE('',*,*,#12626,.T.);
#12629=ORIENTED_EDGE('',*,*,#12628,.F.);
#12630=ORIENTED_EDGE('',*,*,#12610,.T.);
#12631=ORIENTED_EDGE('',*,*,#12398,.T.);
#12632=EDGE_LOOP('',(#12627,#12629,#12630,#12631));
#12633=FACE_OUTER_BOUND('',#12632,.F.);
#12634=ADVANCED_FACE('',(#12633),#12625,.T.);
#12635=CARTESIAN_POINT('',(3.325E0,-8.25E-1,4.1E0));
#12636=DIRECTION('',(0.E0,-1.E0,0.E0));
#12637=DIRECTION('',(0.E0,0.E0,-1.E0));
#12638=AXIS2_PLACEMENT_3D('',#12635,#12636,#12637);
#12639=PLANE('',#12638);
#12640=ORIENTED_EDGE('',*,*,#12626,.F.);
#12641=ORIENTED_EDGE('',*,*,#12403,.T.);
#12642=ORIENTED_EDGE('',*,*,#6735,.F.);
#12643=ORIENTED_EDGE('',*,*,#12492,.F.);
#12644=ORIENTED_EDGE('',*,*,#12599,.F.);
#12646=ORIENTED_EDGE('',*,*,#12645,.F.);
#12647=EDGE_LOOP('',(#12640,#12641,#12642,#12643,#12644,#12646));
#12648=FACE_OUTER_BOUND('',#12647,.F.);
#12649=ADVANCED_FACE('',(#12648),#12639,.T.);
#12650=CARTESIAN_POINT('',(3.325E0,8.25E-1,4.1E0));
#12651=DIRECTION('',(0.E0,0.E0,1.E0));
#12652=DIRECTION('',(0.E0,-1.E0,0.E0));
#12653=AXIS2_PLACEMENT_3D('',#12650,#12651,#12652);
#12654=PLANE('',#12653);
#12655=ORIENTED_EDGE('',*,*,#12628,.T.);
#12656=ORIENTED_EDGE('',*,*,#12645,.T.);
#12657=ORIENTED_EDGE('',*,*,#12597,.T.);
#12658=ORIENTED_EDGE('',*,*,#12612,.F.);
#12659=EDGE_LOOP('',(#12655,#12656,#12657,#12658));
#12660=FACE_OUTER_BOUND('',#12659,.F.);
#12661=ADVANCED_FACE('',(#12660),#12654,.T.);
#12662=CARTESIAN_POINT('',(5.865E0,2.5E0,0.E0));
#12663=DIRECTION('',(0.E0,0.E0,1.E0));
#12664=DIRECTION('',(0.E0,-1.E0,0.E0));
#12665=AXIS2_PLACEMENT_3D('',#12662,#12663,#12664);
#12666=PLANE('',#12665);
#12668=ORIENTED_EDGE('',*,*,#12667,.T.);
#12669=ORIENTED_EDGE('',*,*,#7228,.F.);
#12671=ORIENTED_EDGE('',*,*,#12670,.F.);
#12673=ORIENTED_EDGE('',*,*,#12672,.F.);
#12674=EDGE_LOOP('',(#12668,#12669,#12671,#12673));
#12675=FACE_OUTER_BOUND('',#12674,.F.);
#12676=ADVANCED_FACE('',(#12675),#12666,.T.);
#12677=CARTESIAN_POINT('',(5.865E0,0.E0,0.E0));
#12678=DIRECTION('',(1.E0,0.E0,0.E0));
#12679=DIRECTION('',(0.E0,0.E0,-1.E0));
#12680=AXIS2_PLACEMENT_3D('',#12677,#12678,#12679);
#12681=PLANE('',#12680);
#12683=ORIENTED_EDGE('',*,*,#12682,.F.);
#12684=ORIENTED_EDGE('',*,*,#7075,.F.);
#12686=ORIENTED_EDGE('',*,*,#12685,.F.);
#12688=ORIENTED_EDGE('',*,*,#12687,.F.);
#12689=EDGE_LOOP('',(#12683,#12684,#12686,#12688));
#12690=FACE_OUTER_BOUND('',#12689,.F.);
#12691=ADVANCED_FACE('',(#12690),#12681,.T.);
#12692=CARTESIAN_POINT('',(5.865E0,0.E0,0.E0));
#12693=DIRECTION('',(1.E0,0.E0,0.E0));
#12694=DIRECTION('',(0.E0,0.E0,-1.E0));
#12695=AXIS2_PLACEMENT_3D('',#12692,#12693,#12694);
#12696=PLANE('',#12695);
#12697=ORIENTED_EDGE('',*,*,#12667,.F.);
#12699=ORIENTED_EDGE('',*,*,#12698,.F.);
#12701=ORIENTED_EDGE('',*,*,#12700,.F.);
#12703=ORIENTED_EDGE('',*,*,#12702,.F.);
#12705=ORIENTED_EDGE('',*,*,#12704,.F.);
#12707=ORIENTED_EDGE('',*,*,#12706,.F.);
#12709=ORIENTED_EDGE('',*,*,#12708,.F.);
#12711=ORIENTED_EDGE('',*,*,#12710,.F.);
#12712=ORIENTED_EDGE('',*,*,#6868,.F.);
#12713=EDGE_LOOP('',(#12697,#12699,#12701,#12703,#12705,#12707,#12709,#12711,
#12712));
#12714=FACE_OUTER_BOUND('',#12713,.F.);
#12715=ADVANCED_FACE('',(#12714),#12696,.T.);
#12716=CARTESIAN_POINT('',(5.865E0,0.E0,0.E0));
#12717=DIRECTION('',(1.E0,0.E0,0.E0));
#12718=DIRECTION('',(0.E0,0.E0,-1.E0));
#12719=AXIS2_PLACEMENT_3D('',#12716,#12717,#12718);
#12720=PLANE('',#12719);
#12722=ORIENTED_EDGE('',*,*,#12721,.F.);
#12724=ORIENTED_EDGE('',*,*,#12723,.F.);
#12725=ORIENTED_EDGE('',*,*,#6739,.T.);
#12727=ORIENTED_EDGE('',*,*,#12726,.F.);
#12728=EDGE_LOOP('',(#12722,#12724,#12725,#12727));
#12729=FACE_OUTER_BOUND('',#12728,.F.);
#12730=ADVANCED_FACE('',(#12729),#12720,.T.);
#12731=CARTESIAN_POINT('',(5.865E0,-2.296E0,0.E0));
#12732=DIRECTION('',(0.E0,-1.E0,0.E0));
#12733=DIRECTION('',(0.E0,0.E0,-1.E0));
#12734=AXIS2_PLACEMENT_3D('',#12731,#12732,#12733);
#12735=PLANE('',#12734);
#12736=ORIENTED_EDGE('',*,*,#12682,.T.);
#12738=ORIENTED_EDGE('',*,*,#12737,.T.);
#12740=ORIENTED_EDGE('',*,*,#12739,.F.);
#12741=ORIENTED_EDGE('',*,*,#7077,.T.);
#12742=EDGE_LOOP('',(#12736,#12738,#12740,#12741));
#12743=FACE_OUTER_BOUND('',#12742,.F.);
#12744=ADVANCED_FACE('',(#12743),#12735,.T.);
#12745=CARTESIAN_POINT('',(5.865E0,-2.296E0,-8.5E-1));
#12746=DIRECTION('',(0.E0,0.E0,-1.E0));
#12747=DIRECTION('',(0.E0,1.E0,0.E0));
#12748=AXIS2_PLACEMENT_3D('',#12745,#12746,#12747);
#12749=PLANE('',#12748);
#12750=ORIENTED_EDGE('',*,*,#12687,.T.);
#12752=ORIENTED_EDGE('',*,*,#12751,.T.);
#12754=ORIENTED_EDGE('',*,*,#12753,.F.);
#12755=ORIENTED_EDGE('',*,*,#12737,.F.);
#12756=EDGE_LOOP('',(#12750,#12752,#12754,#12755));
#12757=FACE_OUTER_BOUND('',#12756,.F.);
#12758=ADVANCED_FACE('',(#12757),#12749,.T.);
#12759=CARTESIAN_POINT('',(5.865E0,-1.55E-1,-8.5E-1));
#12760=DIRECTION('',(0.E0,1.E0,0.E0));
#12761=DIRECTION('',(0.E0,0.E0,1.E0));
#12762=AXIS2_PLACEMENT_3D('',#12759,#12760,#12761);
#12763=PLANE('',#12762);
#12764=ORIENTED_EDGE('',*,*,#12685,.T.);
#12765=ORIENTED_EDGE('',*,*,#7081,.F.);
#12767=ORIENTED_EDGE('',*,*,#12766,.F.);
#12768=ORIENTED_EDGE('',*,*,#12751,.F.);
#12769=EDGE_LOOP('',(#12764,#12765,#12767,#12768));
#12770=FACE_OUTER_BOUND('',#12769,.F.);
#12771=ADVANCED_FACE('',(#12770),#12763,.T.);
#12772=CARTESIAN_POINT('',(5.565E0,0.E0,0.E0));
#12773=DIRECTION('',(1.E0,0.E0,0.E0));
#12774=DIRECTION('',(0.E0,0.E0,-1.E0));
#12775=AXIS2_PLACEMENT_3D('',#12772,#12773,#12774);
#12776=PLANE('',#12775);
#12777=ORIENTED_EDGE('',*,*,#12739,.T.);
#12778=ORIENTED_EDGE('',*,*,#12753,.T.);
#12779=ORIENTED_EDGE('',*,*,#12766,.T.);
#12780=ORIENTED_EDGE('',*,*,#7079,.F.);
#12781=EDGE_LOOP('',(#12777,#12778,#12779,#12780));
#12782=FACE_OUTER_BOUND('',#12781,.F.);
#12783=ADVANCED_FACE('',(#12782),#12776,.F.);
#12784=CARTESIAN_POINT('',(5.565E0,0.E0,0.E0));
#12785=DIRECTION('',(1.E0,0.E0,0.E0));
#12786=DIRECTION('',(0.E0,0.E0,-1.E0));
#12787=AXIS2_PLACEMENT_3D('',#12784,#12785,#12786);
#12788=PLANE('',#12787);
#12789=ORIENTED_EDGE('',*,*,#12670,.T.);
#12790=ORIENTED_EDGE('',*,*,#6872,.F.);
#12792=ORIENTED_EDGE('',*,*,#12791,.T.);
#12794=ORIENTED_EDGE('',*,*,#12793,.T.);
#12796=ORIENTED_EDGE('',*,*,#12795,.T.);
#12798=ORIENTED_EDGE('',*,*,#12797,.T.);
#12800=ORIENTED_EDGE('',*,*,#12799,.T.);
#12802=ORIENTED_EDGE('',*,*,#12801,.T.);
#12804=ORIENTED_EDGE('',*,*,#12803,.T.);
#12805=EDGE_LOOP('',(#12789,#12790,#12792,#12794,#12796,#12798,#12800,#12802,
#12804));
#12806=FACE_OUTER_BOUND('',#12805,.F.);
#12807=ADVANCED_FACE('',(#12806),#12788,.F.);
#12808=CARTESIAN_POINT('',(5.565E0,0.E0,0.E0));
#12809=DIRECTION('',(1.E0,0.E0,0.E0));
#12810=DIRECTION('',(0.E0,0.E0,-1.E0));
#12811=AXIS2_PLACEMENT_3D('',#12808,#12809,#12810);
#12812=PLANE('',#12811);
#12814=ORIENTED_EDGE('',*,*,#12813,.F.);
#12816=ORIENTED_EDGE('',*,*,#12815,.T.);
#12817=ORIENTED_EDGE('',*,*,#6743,.F.);
#12819=ORIENTED_EDGE('',*,*,#12818,.T.);
#12820=EDGE_LOOP('',(#12814,#12816,#12817,#12819));
#12821=FACE_OUTER_BOUND('',#12820,.F.);
#12822=ADVANCED_FACE('',(#12821),#12812,.F.);
#12823=CARTESIAN_POINT('',(5.865E0,1.55E-1,0.E0));
#12824=DIRECTION('',(0.E0,-1.E0,0.E0));
#12825=DIRECTION('',(0.E0,0.E0,-1.E0));
#12826=AXIS2_PLACEMENT_3D('',#12823,#12824,#12825);
#12827=PLANE('',#12826);
#12828=ORIENTED_EDGE('',*,*,#12710,.T.);
#12830=ORIENTED_EDGE('',*,*,#12829,.T.);
#12831=ORIENTED_EDGE('',*,*,#12791,.F.);
#12832=ORIENTED_EDGE('',*,*,#6870,.T.);
#12833=EDGE_LOOP('',(#12828,#12830,#12831,#12832));
#12834=FACE_OUTER_BOUND('',#12833,.F.);
#12835=ADVANCED_FACE('',(#12834),#12827,.T.);
#12836=CARTESIAN_POINT('',(5.865E0,1.55E-1,-8.75E-1));
#12837=DIRECTION('',(0.E0,0.E0,-1.E0));
#12838=DIRECTION('',(0.E0,1.E0,0.E0));
#12839=AXIS2_PLACEMENT_3D('',#12836,#12837,#12838);
#12840=PLANE('',#12839);
#12841=ORIENTED_EDGE('',*,*,#12708,.T.);
#12843=ORIENTED_EDGE('',*,*,#12842,.T.);
#12844=ORIENTED_EDGE('',*,*,#12793,.F.);
#12845=ORIENTED_EDGE('',*,*,#12829,.F.);
#12846=EDGE_LOOP('',(#12841,#12843,#12844,#12845));
#12847=FACE_OUTER_BOUND('',#12846,.F.);
#12848=ADVANCED_FACE('',(#12847),#12840,.T.);
#12849=CARTESIAN_POINT('',(5.865E0,1.75E0,-8.75E-1));
#12850=DIRECTION('',(0.E0,-1.E0,0.E0));
#12851=DIRECTION('',(0.E0,0.E0,-1.E0));
#12852=AXIS2_PLACEMENT_3D('',#12849,#12850,#12851);
#12853=PLANE('',#12852);
#12854=ORIENTED_EDGE('',*,*,#12706,.T.);
#12856=ORIENTED_EDGE('',*,*,#12855,.T.);
#12857=ORIENTED_EDGE('',*,*,#12795,.F.);
#12858=ORIENTED_EDGE('',*,*,#12842,.F.);
#12859=EDGE_LOOP('',(#12854,#12856,#12857,#12858));
#12860=FACE_OUTER_BOUND('',#12859,.F.);
#12861=ADVANCED_FACE('',(#12860),#12853,.T.);
#12862=CARTESIAN_POINT('',(5.865E0,1.75E0,-1.075E0));
#12863=DIRECTION('',(0.E0,0.E0,-1.E0));
#12864=DIRECTION('',(0.E0,1.E0,0.E0));
#12865=AXIS2_PLACEMENT_3D('',#12862,#12863,#12864);
#12866=PLANE('',#12865);
#12867=ORIENTED_EDGE('',*,*,#12704,.T.);
#12869=ORIENTED_EDGE('',*,*,#12868,.T.);
#12870=ORIENTED_EDGE('',*,*,#12797,.F.);
#12871=ORIENTED_EDGE('',*,*,#12855,.F.);
#12872=EDGE_LOOP('',(#12867,#12869,#12870,#12871));
#12873=FACE_OUTER_BOUND('',#12872,.F.);
#12874=ADVANCED_FACE('',(#12873),#12866,.T.);
#12875=CARTESIAN_POINT('',(5.865E0,3.45E0,-1.075E0));
#12876=DIRECTION('',(0.E0,1.E0,0.E0));
#12877=DIRECTION('',(0.E0,0.E0,1.E0));
#12878=AXIS2_PLACEMENT_3D('',#12875,#12876,#12877);
#12879=PLANE('',#12878);
#12880=ORIENTED_EDGE('',*,*,#12702,.T.);
#12882=ORIENTED_EDGE('',*,*,#12881,.T.);
#12883=ORIENTED_EDGE('',*,*,#12799,.F.);
#12884=ORIENTED_EDGE('',*,*,#12868,.F.);
#12885=EDGE_LOOP('',(#12880,#12882,#12883,#12884));
#12886=FACE_OUTER_BOUND('',#12885,.F.);
#12887=ADVANCED_FACE('',(#12886),#12879,.T.);
#12888=CARTESIAN_POINT('',(5.865E0,3.45E0,-5.375E-1));
#12889=DIRECTION('',(0.E0,0.E0,1.E0));
#12890=DIRECTION('',(0.E0,-1.E0,0.E0));
#12891=AXIS2_PLACEMENT_3D('',#12888,#12889,#12890);
#12892=PLANE('',#12891);
#12893=ORIENTED_EDGE('',*,*,#12700,.T.);
#12895=ORIENTED_EDGE('',*,*,#12894,.T.);
#12896=ORIENTED_EDGE('',*,*,#12801,.F.);
#12897=ORIENTED_EDGE('',*,*,#12881,.F.);
#12898=EDGE_LOOP('',(#12893,#12895,#12896,#12897));
#12899=FACE_OUTER_BOUND('',#12898,.F.);
#12900=ADVANCED_FACE('',(#12899),#12892,.T.);
#12901=CARTESIAN_POINT('',(5.865E0,2.5E0,-5.375E-1));
#12902=DIRECTION('',(0.E0,1.E0,0.E0));
#12903=DIRECTION('',(0.E0,0.E0,1.E0));
#12904=AXIS2_PLACEMENT_3D('',#12901,#12902,#12903);
#12905=PLANE('',#12904);
#12906=ORIENTED_EDGE('',*,*,#12698,.T.);
#12907=ORIENTED_EDGE('',*,*,#12672,.T.);
#12908=ORIENTED_EDGE('',*,*,#12803,.F.);
#12909=ORIENTED_EDGE('',*,*,#12894,.F.);
#12910=EDGE_LOOP('',(#12906,#12907,#12908,#12909));
#12911=FACE_OUTER_BOUND('',#12910,.F.);
#12912=ADVANCED_FACE('',(#12911),#12905,.T.);
#12913=CARTESIAN_POINT('',(5.615E0,1.243449787580E-14,3.85E0));
#12914=DIRECTION('',(-9.805806756909E-1,0.E0,1.961161351382E-1));
#12915=DIRECTION('',(1.961161351382E-1,0.E0,9.805806756909E-1));
#12916=AXIS2_PLACEMENT_3D('',#12913,#12914,#12915);
#12917=PLANE('',#12916);
#12919=ORIENTED_EDGE('',*,*,#12918,.T.);
#12921=ORIENTED_EDGE('',*,*,#12920,.F.);
#12923=ORIENTED_EDGE('',*,*,#12922,.T.);
#12924=ORIENTED_EDGE('',*,*,#12813,.T.);
#12925=EDGE_LOOP('',(#12919,#12921,#12923,#12924));
#12926=FACE_OUTER_BOUND('',#12925,.F.);
#12927=ADVANCED_FACE('',(#12926),#12917,.T.);
#12928=CARTESIAN_POINT('',(5.865E0,8.25E-1,0.E0));
#12929=DIRECTION('',(0.E0,1.E0,0.E0));
#12930=DIRECTION('',(0.E0,0.E0,1.E0));
#12931=AXIS2_PLACEMENT_3D('',#12928,#12929,#12930);
#12932=PLANE('',#12931);
#12934=ORIENTED_EDGE('',*,*,#12933,.F.);
#12936=ORIENTED_EDGE('',*,*,#12935,.T.);
#12937=ORIENTED_EDGE('',*,*,#12918,.F.);
#12938=ORIENTED_EDGE('',*,*,#12818,.F.);
#12939=ORIENTED_EDGE('',*,*,#6741,.T.);
#12940=ORIENTED_EDGE('',*,*,#12723,.T.);
#12941=EDGE_LOOP('',(#12934,#12936,#12937,#12938,#12939,#12940));
#12942=FACE_OUTER_BOUND('',#12941,.F.);
#12943=ADVANCED_FACE('',(#12942),#12932,.T.);
#12944=CARTESIAN_POINT('',(5.815E0,1.243449787580E-14,3.85E0));
#12945=DIRECTION('',(9.805806756909E-1,0.E0,1.961161351382E-1));
#12946=DIRECTION('',(-1.961161351382E-1,0.E0,9.805806756909E-1));
#12947=AXIS2_PLACEMENT_3D('',#12944,#12945,#12946);
#12948=PLANE('',#12947);
#12950=ORIENTED_EDGE('',*,*,#12949,.T.);
#12952=ORIENTED_EDGE('',*,*,#12951,.F.);
#12953=ORIENTED_EDGE('',*,*,#12933,.T.);
#12954=ORIENTED_EDGE('',*,*,#12721,.T.);
#12955=EDGE_LOOP('',(#12950,#12952,#12953,#12954));
#12956=FACE_OUTER_BOUND('',#12955,.F.);
#12957=ADVANCED_FACE('',(#12956),#12948,.T.);
#12958=CARTESIAN_POINT('',(5.865E0,-8.25E-1,4.1E0));
#12959=DIRECTION('',(0.E0,-1.E0,0.E0));
#12960=DIRECTION('',(0.E0,0.E0,-1.E0));
#12961=AXIS2_PLACEMENT_3D('',#12958,#12959,#12960);
#12962=PLANE('',#12961);
#12963=ORIENTED_EDGE('',*,*,#12949,.F.);
#12964=ORIENTED_EDGE('',*,*,#12726,.T.);
#12965=ORIENTED_EDGE('',*,*,#6745,.F.);
#12966=ORIENTED_EDGE('',*,*,#12815,.F.);
#12967=ORIENTED_EDGE('',*,*,#12922,.F.);
#12969=ORIENTED_EDGE('',*,*,#12968,.F.);
#12970=EDGE_LOOP('',(#12963,#12964,#12965,#12966,#12967,#12969));
#12971=FACE_OUTER_BOUND('',#12970,.F.);
#12972=ADVANCED_FACE('',(#12971),#12962,.T.);
#12973=CARTESIAN_POINT('',(5.865E0,8.25E-1,4.1E0));
#12974=DIRECTION('',(0.E0,0.E0,1.E0));
#12975=DIRECTION('',(0.E0,-1.E0,0.E0));
#12976=AXIS2_PLACEMENT_3D('',#12973,#12974,#12975);
#12977=PLANE('',#12976);
#12978=ORIENTED_EDGE('',*,*,#12951,.T.);
#12979=ORIENTED_EDGE('',*,*,#12968,.T.);
#12980=ORIENTED_EDGE('',*,*,#12920,.T.);
#12981=ORIENTED_EDGE('',*,*,#12935,.F.);
#12982=EDGE_LOOP('',(#12978,#12979,#12980,#12981));
#12983=FACE_OUTER_BOUND('',#12982,.F.);
#12984=ADVANCED_FACE('',(#12983),#12977,.T.);
#12985=CARTESIAN_POINT('',(8.405E0,2.5E0,0.E0));
#12986=DIRECTION('',(0.E0,0.E0,1.E0));
#12987=DIRECTION('',(0.E0,-1.E0,0.E0));
#12988=AXIS2_PLACEMENT_3D('',#12985,#12986,#12987);
#12989=PLANE('',#12988);
#12991=ORIENTED_EDGE('',*,*,#12990,.T.);
#12992=ORIENTED_EDGE('',*,*,#7234,.F.);
#12994=ORIENTED_EDGE('',*,*,#12993,.F.);
#12996=ORIENTED_EDGE('',*,*,#12995,.F.);
#12997=EDGE_LOOP('',(#12991,#12992,#12994,#12996));
#12998=FACE_OUTER_BOUND('',#12997,.F.);
#12999=ADVANCED_FACE('',(#12998),#12989,.T.);
#13000=CARTESIAN_POINT('',(8.405E0,0.E0,0.E0));
#13001=DIRECTION('',(1.E0,0.E0,0.E0));
#13002=DIRECTION('',(0.E0,0.E0,-1.E0));
#13003=AXIS2_PLACEMENT_3D('',#13000,#13001,#13002);
#13004=PLANE('',#13003);
#13006=ORIENTED_EDGE('',*,*,#13005,.F.);
#13007=ORIENTED_EDGE('',*,*,#7085,.F.);
#13009=ORIENTED_EDGE('',*,*,#13008,.F.);
#13011=ORIENTED_EDGE('',*,*,#13010,.F.);
#13012=EDGE_LOOP('',(#13006,#13007,#13009,#13011));
#13013=FACE_OUTER_BOUND('',#13012,.F.);
#13014=ADVANCED_FACE('',(#13013),#13004,.T.);
#13015=CARTESIAN_POINT('',(8.405E0,0.E0,0.E0));
#13016=DIRECTION('',(1.E0,0.E0,0.E0));
#13017=DIRECTION('',(0.E0,0.E0,-1.E0));
#13018=AXIS2_PLACEMENT_3D('',#13015,#13016,#13017);
#13019=PLANE('',#13018);
#13020=ORIENTED_EDGE('',*,*,#12990,.F.);
#13022=ORIENTED_EDGE('',*,*,#13021,.F.);
#13024=ORIENTED_EDGE('',*,*,#13023,.F.);
#13026=ORIENTED_EDGE('',*,*,#13025,.F.);
#13028=ORIENTED_EDGE('',*,*,#13027,.F.);
#13030=ORIENTED_EDGE('',*,*,#13029,.F.);
#13032=ORIENTED_EDGE('',*,*,#13031,.F.);
#13034=ORIENTED_EDGE('',*,*,#13033,.F.);
#13035=ORIENTED_EDGE('',*,*,#6852,.F.);
#13036=EDGE_LOOP('',(#13020,#13022,#13024,#13026,#13028,#13030,#13032,#13034,
#13035));
#13037=FACE_OUTER_BOUND('',#13036,.F.);
#13038=ADVANCED_FACE('',(#13037),#13019,.T.);
#13039=CARTESIAN_POINT('',(8.405E0,0.E0,0.E0));
#13040=DIRECTION('',(1.E0,0.E0,0.E0));
#13041=DIRECTION('',(0.E0,0.E0,-1.E0));
#13042=AXIS2_PLACEMENT_3D('',#13039,#13040,#13041);
#13043=PLANE('',#13042);
#13045=ORIENTED_EDGE('',*,*,#13044,.F.);
#13047=ORIENTED_EDGE('',*,*,#13046,.F.);
#13048=ORIENTED_EDGE('',*,*,#6749,.T.);
#13050=ORIENTED_EDGE('',*,*,#13049,.F.);
#13051=EDGE_LOOP('',(#13045,#13047,#13048,#13050));
#13052=FACE_OUTER_BOUND('',#13051,.F.);
#13053=ADVANCED_FACE('',(#13052),#13043,.T.);
#13054=CARTESIAN_POINT('',(8.405E0,-2.296E0,0.E0));
#13055=DIRECTION('',(0.E0,-1.E0,0.E0));
#13056=DIRECTION('',(0.E0,0.E0,-1.E0));
#13057=AXIS2_PLACEMENT_3D('',#13054,#13055,#13056);
#13058=PLANE('',#13057);
#13059=ORIENTED_EDGE('',*,*,#13005,.T.);
#13061=ORIENTED_EDGE('',*,*,#13060,.T.);
#13063=ORIENTED_EDGE('',*,*,#13062,.F.);
#13064=ORIENTED_EDGE('',*,*,#7087,.T.);
#13065=EDGE_LOOP('',(#13059,#13061,#13063,#13064));
#13066=FACE_OUTER_BOUND('',#13065,.F.);
#13067=ADVANCED_FACE('',(#13066),#13058,.T.);
#13068=CARTESIAN_POINT('',(8.405E0,-2.296E0,-8.5E-1));
#13069=DIRECTION('',(0.E0,0.E0,-1.E0));
#13070=DIRECTION('',(0.E0,1.E0,0.E0));
#13071=AXIS2_PLACEMENT_3D('',#13068,#13069,#13070);
#13072=PLANE('',#13071);
#13073=ORIENTED_EDGE('',*,*,#13010,.T.);
#13075=ORIENTED_EDGE('',*,*,#13074,.T.);
#13077=ORIENTED_EDGE('',*,*,#13076,.F.);
#13078=ORIENTED_EDGE('',*,*,#13060,.F.);
#13079=EDGE_LOOP('',(#13073,#13075,#13077,#13078));
#13080=FACE_OUTER_BOUND('',#13079,.F.);
#13081=ADVANCED_FACE('',(#13080),#13072,.T.);
#13082=CARTESIAN_POINT('',(8.405E0,-1.55E-1,-8.5E-1));
#13083=DIRECTION('',(0.E0,1.E0,0.E0));
#13084=DIRECTION('',(0.E0,0.E0,1.E0));
#13085=AXIS2_PLACEMENT_3D('',#13082,#13083,#13084);
#13086=PLANE('',#13085);
#13087=ORIENTED_EDGE('',*,*,#13008,.T.);
#13088=ORIENTED_EDGE('',*,*,#7091,.F.);
#13090=ORIENTED_EDGE('',*,*,#13089,.F.);
#13091=ORIENTED_EDGE('',*,*,#13074,.F.);
#13092=EDGE_LOOP('',(#13087,#13088,#13090,#13091));
#13093=FACE_OUTER_BOUND('',#13092,.F.);
#13094=ADVANCED_FACE('',(#13093),#13086,.T.);
#13095=CARTESIAN_POINT('',(8.105E0,0.E0,0.E0));
#13096=DIRECTION('',(1.E0,0.E0,0.E0));
#13097=DIRECTION('',(0.E0,0.E0,-1.E0));
#13098=AXIS2_PLACEMENT_3D('',#13095,#13096,#13097);
#13099=PLANE('',#13098);
#13100=ORIENTED_EDGE('',*,*,#13062,.T.);
#13101=ORIENTED_EDGE('',*,*,#13076,.T.);
#13102=ORIENTED_EDGE('',*,*,#13089,.T.);
#13103=ORIENTED_EDGE('',*,*,#7089,.F.);
#13104=EDGE_LOOP('',(#13100,#13101,#13102,#13103));
#13105=FACE_OUTER_BOUND('',#13104,.F.);
#13106=ADVANCED_FACE('',(#13105),#13099,.F.);
#13107=CARTESIAN_POINT('',(8.105E0,0.E0,0.E0));
#13108=DIRECTION('',(1.E0,0.E0,0.E0));
#13109=DIRECTION('',(0.E0,0.E0,-1.E0));
#13110=AXIS2_PLACEMENT_3D('',#13107,#13108,#13109);
#13111=PLANE('',#13110);
#13112=ORIENTED_EDGE('',*,*,#12993,.T.);
#13113=ORIENTED_EDGE('',*,*,#6856,.F.);
#13115=ORIENTED_EDGE('',*,*,#13114,.T.);
#13117=ORIENTED_EDGE('',*,*,#13116,.T.);
#13119=ORIENTED_EDGE('',*,*,#13118,.T.);
#13121=ORIENTED_EDGE('',*,*,#13120,.T.);
#13123=ORIENTED_EDGE('',*,*,#13122,.T.);
#13125=ORIENTED_EDGE('',*,*,#13124,.T.);
#13127=ORIENTED_EDGE('',*,*,#13126,.T.);
#13128=EDGE_LOOP('',(#13112,#13113,#13115,#13117,#13119,#13121,#13123,#13125,
#13127));
#13129=FACE_OUTER_BOUND('',#13128,.F.);
#13130=ADVANCED_FACE('',(#13129),#13111,.F.);
#13131=CARTESIAN_POINT('',(8.105E0,0.E0,0.E0));
#13132=DIRECTION('',(1.E0,0.E0,0.E0));
#13133=DIRECTION('',(0.E0,0.E0,-1.E0));
#13134=AXIS2_PLACEMENT_3D('',#13131,#13132,#13133);
#13135=PLANE('',#13134);
#13137=ORIENTED_EDGE('',*,*,#13136,.F.);
#13139=ORIENTED_EDGE('',*,*,#13138,.T.);
#13140=ORIENTED_EDGE('',*,*,#6753,.F.);
#13142=ORIENTED_EDGE('',*,*,#13141,.T.);
#13143=EDGE_LOOP('',(#13137,#13139,#13140,#13142));
#13144=FACE_OUTER_BOUND('',#13143,.F.);
#13145=ADVANCED_FACE('',(#13144),#13135,.F.);
#13146=CARTESIAN_POINT('',(8.405E0,1.55E-1,0.E0));
#13147=DIRECTION('',(0.E0,-1.E0,0.E0));
#13148=DIRECTION('',(0.E0,0.E0,-1.E0));
#13149=AXIS2_PLACEMENT_3D('',#13146,#13147,#13148);
#13150=PLANE('',#13149);
#13151=ORIENTED_EDGE('',*,*,#13033,.T.);
#13153=ORIENTED_EDGE('',*,*,#13152,.T.);
#13154=ORIENTED_EDGE('',*,*,#13114,.F.);
#13155=ORIENTED_EDGE('',*,*,#6854,.T.);
#13156=EDGE_LOOP('',(#13151,#13153,#13154,#13155));
#13157=FACE_OUTER_BOUND('',#13156,.F.);
#13158=ADVANCED_FACE('',(#13157),#13150,.T.);
#13159=CARTESIAN_POINT('',(8.405E0,1.55E-1,-8.75E-1));
#13160=DIRECTION('',(0.E0,0.E0,-1.E0));
#13161=DIRECTION('',(0.E0,1.E0,0.E0));
#13162=AXIS2_PLACEMENT_3D('',#13159,#13160,#13161);
#13163=PLANE('',#13162);
#13164=ORIENTED_EDGE('',*,*,#13031,.T.);
#13166=ORIENTED_EDGE('',*,*,#13165,.T.);
#13167=ORIENTED_EDGE('',*,*,#13116,.F.);
#13168=ORIENTED_EDGE('',*,*,#13152,.F.);
#13169=EDGE_LOOP('',(#13164,#13166,#13167,#13168));
#13170=FACE_OUTER_BOUND('',#13169,.F.);
#13171=ADVANCED_FACE('',(#13170),#13163,.T.);
#13172=CARTESIAN_POINT('',(8.405E0,1.75E0,-8.75E-1));
#13173=DIRECTION('',(0.E0,-1.E0,0.E0));
#13174=DIRECTION('',(0.E0,0.E0,-1.E0));
#13175=AXIS2_PLACEMENT_3D('',#13172,#13173,#13174);
#13176=PLANE('',#13175);
#13177=ORIENTED_EDGE('',*,*,#13029,.T.);
#13179=ORIENTED_EDGE('',*,*,#13178,.T.);
#13180=ORIENTED_EDGE('',*,*,#13118,.F.);
#13181=ORIENTED_EDGE('',*,*,#13165,.F.);
#13182=EDGE_LOOP('',(#13177,#13179,#13180,#13181));
#13183=FACE_OUTER_BOUND('',#13182,.F.);
#13184=ADVANCED_FACE('',(#13183),#13176,.T.);
#13185=CARTESIAN_POINT('',(8.405E0,1.75E0,-1.075E0));
#13186=DIRECTION('',(0.E0,0.E0,-1.E0));
#13187=DIRECTION('',(0.E0,1.E0,0.E0));
#13188=AXIS2_PLACEMENT_3D('',#13185,#13186,#13187);
#13189=PLANE('',#13188);
#13190=ORIENTED_EDGE('',*,*,#13027,.T.);
#13192=ORIENTED_EDGE('',*,*,#13191,.T.);
#13193=ORIENTED_EDGE('',*,*,#13120,.F.);
#13194=ORIENTED_EDGE('',*,*,#13178,.F.);
#13195=EDGE_LOOP('',(#13190,#13192,#13193,#13194));
#13196=FACE_OUTER_BOUND('',#13195,.F.);
#13197=ADVANCED_FACE('',(#13196),#13189,.T.);
#13198=CARTESIAN_POINT('',(8.405E0,3.45E0,-1.075E0));
#13199=DIRECTION('',(0.E0,1.E0,0.E0));
#13200=DIRECTION('',(0.E0,0.E0,1.E0));
#13201=AXIS2_PLACEMENT_3D('',#13198,#13199,#13200);
#13202=PLANE('',#13201);
#13203=ORIENTED_EDGE('',*,*,#13025,.T.);
#13205=ORIENTED_EDGE('',*,*,#13204,.T.);
#13206=ORIENTED_EDGE('',*,*,#13122,.F.);
#13207=ORIENTED_EDGE('',*,*,#13191,.F.);
#13208=EDGE_LOOP('',(#13203,#13205,#13206,#13207));
#13209=FACE_OUTER_BOUND('',#13208,.F.);
#13210=ADVANCED_FACE('',(#13209),#13202,.T.);
#13211=CARTESIAN_POINT('',(8.405E0,3.45E0,-5.375E-1));
#13212=DIRECTION('',(0.E0,0.E0,1.E0));
#13213=DIRECTION('',(0.E0,-1.E0,0.E0));
#13214=AXIS2_PLACEMENT_3D('',#13211,#13212,#13213);
#13215=PLANE('',#13214);
#13216=ORIENTED_EDGE('',*,*,#13023,.T.);
#13218=ORIENTED_EDGE('',*,*,#13217,.T.);
#13219=ORIENTED_EDGE('',*,*,#13124,.F.);
#13220=ORIENTED_EDGE('',*,*,#13204,.F.);
#13221=EDGE_LOOP('',(#13216,#13218,#13219,#13220));
#13222=FACE_OUTER_BOUND('',#13221,.F.);
#13223=ADVANCED_FACE('',(#13222),#13215,.T.);
#13224=CARTESIAN_POINT('',(8.405E0,2.5E0,-5.375E-1));
#13225=DIRECTION('',(0.E0,1.E0,0.E0));
#13226=DIRECTION('',(0.E0,0.E0,1.E0));
#13227=AXIS2_PLACEMENT_3D('',#13224,#13225,#13226);
#13228=PLANE('',#13227);
#13229=ORIENTED_EDGE('',*,*,#13021,.T.);
#13230=ORIENTED_EDGE('',*,*,#12995,.T.);
#13231=ORIENTED_EDGE('',*,*,#13126,.F.);
#13232=ORIENTED_EDGE('',*,*,#13217,.F.);
#13233=EDGE_LOOP('',(#13229,#13230,#13231,#13232));
#13234=FACE_OUTER_BOUND('',#13233,.F.);
#13235=ADVANCED_FACE('',(#13234),#13228,.T.);
#13236=CARTESIAN_POINT('',(8.155E0,0.E0,3.85E0));
#13237=DIRECTION('',(-9.805806756909E-1,0.E0,1.961161351382E-1));
#13238=DIRECTION('',(1.961161351382E-1,0.E0,9.805806756909E-1));
#13239=AXIS2_PLACEMENT_3D('',#13236,#13237,#13238);
#13240=PLANE('',#13239);
#13242=ORIENTED_EDGE('',*,*,#13241,.T.);
#13244=ORIENTED_EDGE('',*,*,#13243,.F.);
#13246=ORIENTED_EDGE('',*,*,#13245,.T.);
#13247=ORIENTED_EDGE('',*,*,#13136,.T.);
#13248=EDGE_LOOP('',(#13242,#13244,#13246,#13247));
#13249=FACE_OUTER_BOUND('',#13248,.F.);
#13250=ADVANCED_FACE('',(#13249),#13240,.T.);
#13251=CARTESIAN_POINT('',(8.405E0,8.25E-1,0.E0));
#13252=DIRECTION('',(0.E0,1.E0,0.E0));
#13253=DIRECTION('',(0.E0,0.E0,1.E0));
#13254=AXIS2_PLACEMENT_3D('',#13251,#13252,#13253);
#13255=PLANE('',#13254);
#13257=ORIENTED_EDGE('',*,*,#13256,.F.);
#13259=ORIENTED_EDGE('',*,*,#13258,.T.);
#13260=ORIENTED_EDGE('',*,*,#13241,.F.);
#13261=ORIENTED_EDGE('',*,*,#13141,.F.);
#13262=ORIENTED_EDGE('',*,*,#6751,.T.);
#13263=ORIENTED_EDGE('',*,*,#13046,.T.);
#13264=EDGE_LOOP('',(#13257,#13259,#13260,#13261,#13262,#13263));
#13265=FACE_OUTER_BOUND('',#13264,.F.);
#13266=ADVANCED_FACE('',(#13265),#13255,.T.);
#13267=CARTESIAN_POINT('',(8.355E0,0.E0,3.85E0));
#13268=DIRECTION('',(9.805806756909E-1,0.E0,1.961161351382E-1));
#13269=DIRECTION('',(-1.961161351382E-1,0.E0,9.805806756909E-1));
#13270=AXIS2_PLACEMENT_3D('',#13267,#13268,#13269);
#13271=PLANE('',#13270);
#13273=ORIENTED_EDGE('',*,*,#13272,.T.);
#13275=ORIENTED_EDGE('',*,*,#13274,.F.);
#13276=ORIENTED_EDGE('',*,*,#13256,.T.);
#13277=ORIENTED_EDGE('',*,*,#13044,.T.);
#13278=EDGE_LOOP('',(#13273,#13275,#13276,#13277));
#13279=FACE_OUTER_BOUND('',#13278,.F.);
#13280=ADVANCED_FACE('',(#13279),#13271,.T.);
#13281=CARTESIAN_POINT('',(8.405E0,-8.25E-1,4.1E0));
#13282=DIRECTION('',(0.E0,-1.E0,0.E0));
#13283=DIRECTION('',(0.E0,0.E0,-1.E0));
#13284=AXIS2_PLACEMENT_3D('',#13281,#13282,#13283);
#13285=PLANE('',#13284);
#13286=ORIENTED_EDGE('',*,*,#13272,.F.);
#13287=ORIENTED_EDGE('',*,*,#13049,.T.);
#13288=ORIENTED_EDGE('',*,*,#6755,.F.);
#13289=ORIENTED_EDGE('',*,*,#13138,.F.);
#13290=ORIENTED_EDGE('',*,*,#13245,.F.);
#13292=ORIENTED_EDGE('',*,*,#13291,.F.);
#13293=EDGE_LOOP('',(#13286,#13287,#13288,#13289,#13290,#13292));
#13294=FACE_OUTER_BOUND('',#13293,.F.);
#13295=ADVANCED_FACE('',(#13294),#13285,.T.);
#13296=CARTESIAN_POINT('',(8.405E0,8.25E-1,4.1E0));
#13297=DIRECTION('',(0.E0,0.E0,1.E0));
#13298=DIRECTION('',(0.E0,-1.E0,0.E0));
#13299=AXIS2_PLACEMENT_3D('',#13296,#13297,#13298);
#13300=PLANE('',#13299);
#13301=ORIENTED_EDGE('',*,*,#13274,.T.);
#13302=ORIENTED_EDGE('',*,*,#13291,.T.);
#13303=ORIENTED_EDGE('',*,*,#13243,.T.);
#13304=ORIENTED_EDGE('',*,*,#13258,.F.);
#13305=EDGE_LOOP('',(#13301,#13302,#13303,#13304));
#13306=FACE_OUTER_BOUND('',#13305,.F.);
#13307=ADVANCED_FACE('',(#13306),#13300,.T.);
#13308=CARTESIAN_POINT('',(-7.135E0,0.E0,0.E0));
#13309=DIRECTION('',(1.E0,0.E0,0.E0));
#13310=DIRECTION('',(0.E0,0.E0,-1.E0));
#13311=AXIS2_PLACEMENT_3D('',#13308,#13309,#13310);
#13312=PLANE('',#13311);
#13313=ORIENTED_EDGE('',*,*,#6952,.F.);
#13315=ORIENTED_EDGE('',*,*,#13314,.T.);
#13317=ORIENTED_EDGE('',*,*,#13316,.T.);
#13319=ORIENTED_EDGE('',*,*,#13318,.T.);
#13321=ORIENTED_EDGE('',*,*,#13320,.T.);
#13323=ORIENTED_EDGE('',*,*,#13322,.T.);
#13325=ORIENTED_EDGE('',*,*,#13324,.T.);
#13327=ORIENTED_EDGE('',*,*,#13326,.T.);
#13328=ORIENTED_EDGE('',*,*,#7168,.T.);
#13329=EDGE_LOOP('',(#13313,#13315,#13317,#13319,#13321,#13323,#13325,#13327,
#13328));
#13330=FACE_OUTER_BOUND('',#13329,.F.);
#13331=ADVANCED_FACE('',(#13330),#13312,.F.);
#13332=CARTESIAN_POINT('',(-7.135E0,0.E0,0.E0));
#13333=DIRECTION('',(1.E0,0.E0,0.E0));
#13334=DIRECTION('',(0.E0,0.E0,-1.E0));
#13335=AXIS2_PLACEMENT_3D('',#13332,#13333,#13334);
#13336=PLANE('',#13335);
#13337=ORIENTED_EDGE('',*,*,#7099,.F.);
#13339=ORIENTED_EDGE('',*,*,#13338,.T.);
#13341=ORIENTED_EDGE('',*,*,#13340,.T.);
#13343=ORIENTED_EDGE('',*,*,#13342,.T.);
#13344=EDGE_LOOP('',(#13337,#13339,#13341,#13343));
#13345=FACE_OUTER_BOUND('',#13344,.F.);
#13346=ADVANCED_FACE('',(#13345),#13336,.F.);
#13347=CARTESIAN_POINT('',(-7.135E0,0.E0,0.E0));
#13348=DIRECTION('',(1.E0,0.E0,0.E0));
#13349=DIRECTION('',(0.E0,0.E0,-1.E0));
#13350=AXIS2_PLACEMENT_3D('',#13347,#13348,#13349);
#13351=PLANE('',#13350);
#13353=ORIENTED_EDGE('',*,*,#13352,.F.);
#13355=ORIENTED_EDGE('',*,*,#13354,.T.);
#13356=ORIENTED_EDGE('',*,*,#6693,.F.);
#13358=ORIENTED_EDGE('',*,*,#13357,.T.);
#13359=EDGE_LOOP('',(#13353,#13355,#13356,#13358));
#13360=FACE_OUTER_BOUND('',#13359,.F.);
#13361=ADVANCED_FACE('',(#13360),#13351,.F.);
#13362=CARTESIAN_POINT('',(-6.835E0,1.55E-1,0.E0));
#13363=DIRECTION('',(0.E0,-1.E0,0.E0));
#13364=DIRECTION('',(0.E0,0.E0,-1.E0));
#13365=AXIS2_PLACEMENT_3D('',#13362,#13363,#13364);
#13366=PLANE('',#13365);
#13367=ORIENTED_EDGE('',*,*,#6950,.T.);
#13368=ORIENTED_EDGE('',*,*,#7126,.T.);
#13370=ORIENTED_EDGE('',*,*,#13369,.T.);
#13371=ORIENTED_EDGE('',*,*,#13314,.F.);
#13372=EDGE_LOOP('',(#13367,#13368,#13370,#13371));
#13373=FACE_OUTER_BOUND('',#13372,.F.);
#13374=ADVANCED_FACE('',(#13373),#13366,.T.);
#13375=CARTESIAN_POINT('',(-6.835E0,1.55E-1,-8.75E-1));
#13376=DIRECTION('',(0.E0,0.E0,-1.E0));
#13377=DIRECTION('',(0.E0,1.E0,0.E0));
#13378=AXIS2_PLACEMENT_3D('',#13375,#13376,#13377);
#13379=PLANE('',#13378);
#13380=ORIENTED_EDGE('',*,*,#7124,.T.);
#13382=ORIENTED_EDGE('',*,*,#13381,.T.);
#13383=ORIENTED_EDGE('',*,*,#13316,.F.);
#13384=ORIENTED_EDGE('',*,*,#13369,.F.);
#13385=EDGE_LOOP('',(#13380,#13382,#13383,#13384));
#13386=FACE_OUTER_BOUND('',#13385,.F.);
#13387=ADVANCED_FACE('',(#13386),#13379,.T.);
#13388=CARTESIAN_POINT('',(-6.835E0,1.75E0,-8.75E-1));
#13389=DIRECTION('',(0.E0,-1.E0,0.E0));
#13390=DIRECTION('',(0.E0,0.E0,-1.E0));
#13391=AXIS2_PLACEMENT_3D('',#13388,#13389,#13390);
#13392=PLANE('',#13391);
#13393=ORIENTED_EDGE('',*,*,#7122,.T.);
#13395=ORIENTED_EDGE('',*,*,#13394,.T.);
#13396=ORIENTED_EDGE('',*,*,#13318,.F.);
#13397=ORIENTED_EDGE('',*,*,#13381,.F.);
#13398=EDGE_LOOP('',(#13393,#13395,#13396,#13397));
#13399=FACE_OUTER_BOUND('',#13398,.F.);
#13400=ADVANCED_FACE('',(#13399),#13392,.T.);
#13401=CARTESIAN_POINT('',(-6.835E0,1.75E0,-1.075E0));
#13402=DIRECTION('',(0.E0,0.E0,-1.E0));
#13403=DIRECTION('',(0.E0,1.E0,0.E0));
#13404=AXIS2_PLACEMENT_3D('',#13401,#13402,#13403);
#13405=PLANE('',#13404);
#13406=ORIENTED_EDGE('',*,*,#7120,.T.);
#13408=ORIENTED_EDGE('',*,*,#13407,.T.);
#13409=ORIENTED_EDGE('',*,*,#13320,.F.);
#13410=ORIENTED_EDGE('',*,*,#13394,.F.);
#13411=EDGE_LOOP('',(#13406,#13408,#13409,#13410));
#13412=FACE_OUTER_BOUND('',#13411,.F.);
#13413=ADVANCED_FACE('',(#13412),#13405,.T.);
#13414=CARTESIAN_POINT('',(-6.835E0,3.45E0,-1.075E0));
#13415=DIRECTION('',(0.E0,1.E0,0.E0));
#13416=DIRECTION('',(0.E0,0.E0,1.E0));
#13417=AXIS2_PLACEMENT_3D('',#13414,#13415,#13416);
#13418=PLANE('',#13417);
#13419=ORIENTED_EDGE('',*,*,#7118,.T.);
#13421=ORIENTED_EDGE('',*,*,#13420,.T.);
#13422=ORIENTED_EDGE('',*,*,#13322,.F.);
#13423=ORIENTED_EDGE('',*,*,#13407,.F.);
#13424=EDGE_LOOP('',(#13419,#13421,#13422,#13423));
#13425=FACE_OUTER_BOUND('',#13424,.F.);
#13426=ADVANCED_FACE('',(#13425),#13418,.T.);
#13427=CARTESIAN_POINT('',(-6.835E0,3.45E0,-5.375E-1));
#13428=DIRECTION('',(0.E0,0.E0,1.E0));
#13429=DIRECTION('',(0.E0,-1.E0,0.E0));
#13430=AXIS2_PLACEMENT_3D('',#13427,#13428,#13429);
#13431=PLANE('',#13430);
#13432=ORIENTED_EDGE('',*,*,#7116,.T.);
#13434=ORIENTED_EDGE('',*,*,#13433,.T.);
#13435=ORIENTED_EDGE('',*,*,#13324,.F.);
#13436=ORIENTED_EDGE('',*,*,#13420,.F.);
#13437=EDGE_LOOP('',(#13432,#13434,#13435,#13436));
#13438=FACE_OUTER_BOUND('',#13437,.F.);
#13439=ADVANCED_FACE('',(#13438),#13431,.T.);
#13440=CARTESIAN_POINT('',(-6.835E0,2.5E0,-5.375E-1));
#13441=DIRECTION('',(0.E0,1.E0,0.E0));
#13442=DIRECTION('',(0.E0,0.E0,1.E0));
#13443=AXIS2_PLACEMENT_3D('',#13440,#13441,#13442);
#13444=PLANE('',#13443);
#13445=ORIENTED_EDGE('',*,*,#7114,.T.);
#13446=ORIENTED_EDGE('',*,*,#7170,.T.);
#13447=ORIENTED_EDGE('',*,*,#13326,.F.);
#13448=ORIENTED_EDGE('',*,*,#13433,.F.);
#13449=EDGE_LOOP('',(#13445,#13446,#13447,#13448));
#13450=FACE_OUTER_BOUND('',#13449,.F.);
#13451=ADVANCED_FACE('',(#13450),#13444,.T.);
#13452=CARTESIAN_POINT('',(-6.835E0,-2.296E0,0.E0));
#13453=DIRECTION('',(0.E0,-1.E0,0.E0));
#13454=DIRECTION('',(0.E0,0.E0,-1.E0));
#13455=AXIS2_PLACEMENT_3D('',#13452,#13453,#13454);
#13456=PLANE('',#13455);
#13457=ORIENTED_EDGE('',*,*,#7097,.T.);
#13458=ORIENTED_EDGE('',*,*,#7141,.T.);
#13460=ORIENTED_EDGE('',*,*,#13459,.T.);
#13461=ORIENTED_EDGE('',*,*,#13338,.F.);
#13462=EDGE_LOOP('',(#13457,#13458,#13460,#13461));
#13463=FACE_OUTER_BOUND('',#13462,.F.);
#13464=ADVANCED_FACE('',(#13463),#13456,.T.);
#13465=CARTESIAN_POINT('',(-6.835E0,-2.296E0,-8.5E-1));
#13466=DIRECTION('',(0.E0,0.E0,-1.E0));
#13467=DIRECTION('',(0.E0,1.E0,0.E0));
#13468=AXIS2_PLACEMENT_3D('',#13465,#13466,#13467);
#13469=PLANE('',#13468);
#13470=ORIENTED_EDGE('',*,*,#7139,.T.);
#13472=ORIENTED_EDGE('',*,*,#13471,.T.);
#13473=ORIENTED_EDGE('',*,*,#13340,.F.);
#13474=ORIENTED_EDGE('',*,*,#13459,.F.);
#13475=EDGE_LOOP('',(#13470,#13472,#13473,#13474));
#13476=FACE_OUTER_BOUND('',#13475,.F.);
#13477=ADVANCED_FACE('',(#13476),#13469,.T.);
#13478=CARTESIAN_POINT('',(-6.835E0,-1.55E-1,-8.5E-1));
#13479=DIRECTION('',(0.E0,1.E0,0.E0));
#13480=DIRECTION('',(0.E0,0.E0,1.E0));
#13481=AXIS2_PLACEMENT_3D('',#13478,#13479,#13480);
#13482=PLANE('',#13481);
#13483=ORIENTED_EDGE('',*,*,#7101,.F.);
#13484=ORIENTED_EDGE('',*,*,#13342,.F.);
#13485=ORIENTED_EDGE('',*,*,#13471,.F.);
#13486=ORIENTED_EDGE('',*,*,#7137,.T.);
#13487=EDGE_LOOP('',(#13483,#13484,#13485,#13486));
#13488=FACE_OUTER_BOUND('',#13487,.F.);
#13489=ADVANCED_FACE('',(#13488),#13482,.T.);
#13490=CARTESIAN_POINT('',(-7.085E0,0.E0,3.85E0));
#13491=DIRECTION('',(-9.805806756909E-1,0.E0,1.961161351382E-1));
#13492=DIRECTION('',(1.961161351382E-1,0.E0,9.805806756909E-1));
#13493=AXIS2_PLACEMENT_3D('',#13490,#13491,#13492);
#13494=PLANE('',#13493);
#13496=ORIENTED_EDGE('',*,*,#13495,.T.);
#13498=ORIENTED_EDGE('',*,*,#13497,.F.);
#13500=ORIENTED_EDGE('',*,*,#13499,.T.);
#13501=ORIENTED_EDGE('',*,*,#13352,.T.);
#13502=EDGE_LOOP('',(#13496,#13498,#13500,#13501));
#13503=FACE_OUTER_BOUND('',#13502,.F.);
#13504=ADVANCED_FACE('',(#13503),#13494,.T.);
#13505=CARTESIAN_POINT('',(-6.835E0,8.25E-1,0.E0));
#13506=DIRECTION('',(0.E0,1.E0,0.E0));
#13507=DIRECTION('',(0.E0,0.E0,1.E0));
#13508=AXIS2_PLACEMENT_3D('',#13505,#13506,#13507);
#13509=PLANE('',#13508);
#13511=ORIENTED_EDGE('',*,*,#13510,.F.);
#13513=ORIENTED_EDGE('',*,*,#13512,.T.);
#13514=ORIENTED_EDGE('',*,*,#13495,.F.);
#13515=ORIENTED_EDGE('',*,*,#13357,.F.);
#13516=ORIENTED_EDGE('',*,*,#6691,.T.);
#13517=ORIENTED_EDGE('',*,*,#7153,.T.);
#13518=EDGE_LOOP('',(#13511,#13513,#13514,#13515,#13516,#13517));
#13519=FACE_OUTER_BOUND('',#13518,.F.);
#13520=ADVANCED_FACE('',(#13519),#13509,.T.);
#13521=CARTESIAN_POINT('',(-6.885E0,0.E0,3.85E0));
#13522=DIRECTION('',(9.805806756909E-1,0.E0,1.961161351382E-1));
#13523=DIRECTION('',(-1.961161351382E-1,0.E0,9.805806756909E-1));
#13524=AXIS2_PLACEMENT_3D('',#13521,#13522,#13523);
#13525=PLANE('',#13524);
#13527=ORIENTED_EDGE('',*,*,#13526,.T.);
#13529=ORIENTED_EDGE('',*,*,#13528,.F.);
#13530=ORIENTED_EDGE('',*,*,#13510,.T.);
#13531=ORIENTED_EDGE('',*,*,#7151,.T.);
#13532=EDGE_LOOP('',(#13527,#13529,#13530,#13531));
#13533=FACE_OUTER_BOUND('',#13532,.F.);
#13534=ADVANCED_FACE('',(#13533),#13525,.T.);
#13535=CARTESIAN_POINT('',(-6.835E0,-8.25E-1,4.1E0));
#13536=DIRECTION('',(0.E0,-1.E0,0.E0));
#13537=DIRECTION('',(0.E0,0.E0,-1.E0));
#13538=AXIS2_PLACEMENT_3D('',#13535,#13536,#13537);
#13539=PLANE('',#13538);
#13540=ORIENTED_EDGE('',*,*,#13526,.F.);
#13541=ORIENTED_EDGE('',*,*,#7156,.T.);
#13542=ORIENTED_EDGE('',*,*,#6695,.F.);
#13543=ORIENTED_EDGE('',*,*,#13354,.F.);
#13544=ORIENTED_EDGE('',*,*,#13499,.F.);
#13546=ORIENTED_EDGE('',*,*,#13545,.F.);
#13547=EDGE_LOOP('',(#13540,#13541,#13542,#13543,#13544,#13546));
#13548=FACE_OUTER_BOUND('',#13547,.F.);
#13549=ADVANCED_FACE('',(#13548),#13539,.T.);
#13550=CARTESIAN_POINT('',(-6.835E0,8.25E-1,4.1E0));
#13551=DIRECTION('',(0.E0,0.E0,1.E0));
#13552=DIRECTION('',(0.E0,-1.E0,0.E0));
#13553=AXIS2_PLACEMENT_3D('',#13550,#13551,#13552);
#13554=PLANE('',#13553);
#13555=ORIENTED_EDGE('',*,*,#13528,.T.);
#13556=ORIENTED_EDGE('',*,*,#13545,.T.);
#13557=ORIENTED_EDGE('',*,*,#13497,.T.);
#13558=ORIENTED_EDGE('',*,*,#13512,.F.);
#13559=EDGE_LOOP('',(#13555,#13556,#13557,#13558));
#13560=FACE_OUTER_BOUND('',#13559,.F.);
#13561=ADVANCED_FACE('',(#13560),#13554,.T.);
#13562=CLOSED_SHELL('',(#6434,#6449,#6467,#6484,#6759,#6773,#6797,#6815,#6830,
#7105,#7130,#7145,#7160,#7175,#7238,#7252,#7266,#7302,#7317,#7330,#7344,#7364,
#7379,#7394,#7408,#7422,#7437,#7452,#7510,#7532,#7555,#7568,#7581,#7593,#7607,
#7629,#7643,#7658,#7671,#7683,#7697,#7714,#7729,#7743,#7759,#7774,#7791,#7805,
#7820,#7834,#7846,#7860,#7872,#7884,#7900,#7914,#7929,#7942,#7954,#7970,#7984,
#7999,#8012,#8024,#8040,#8054,#8069,#8082,#8094,#8110,#8124,#8139,#8152,#8164,
#8180,#8194,#8209,#8222,#8234,#8247,#8260,#8272,#8285,#8300,#8315,#8446,#8461,
#8483,#8497,#8511,#8525,#8537,#8551,#8572,#8584,#8598,#8614,#8629,#8641,#8664,
#8678,#8700,#8713,#8726,#8739,#8752,#8764,#8778,#8793,#8806,#8818,#8832,#8846,
#8859,#8871,#8886,#8899,#8912,#8924,#8941,#8963,#8978,#8992,#9008,#9030,#9045,
#9058,#9071,#9083,#9096,#9109,#9122,#9135,#9148,#9160,#9175,#9191,#9205,#9220,
#9232,#9249,#9271,#9286,#9300,#9316,#9338,#9353,#9366,#9379,#9391,#9404,#9417,
#9430,#9443,#9456,#9468,#9483,#9499,#9513,#9528,#9540,#9557,#9579,#9594,#9608,
#9624,#9646,#9661,#9674,#9687,#9699,#9712,#9725,#9738,#9751,#9764,#9776,#9791,
#9807,#9821,#9836,#9848,#9865,#9887,#9902,#9916,#9932,#9954,#9969,#9982,#9995,
#10007,#10020,#10033,#10046,#10059,#10072,#10084,#10099,#10115,#10129,#10144,
#10156,#10173,#10195,#10210,#10224,#10240,#10262,#10277,#10290,#10303,#10315,
#10328,#10341,#10354,#10367,#10380,#10392,#10407,#10423,#10437,#10452,#10464,
#10481,#10503,#10518,#10532,#10548,#10570,#10585,#10598,#10611,#10623,#10636,
#10649,#10662,#10675,#10688,#10700,#10715,#10731,#10745,#10760,#10772,#10794,
#10811,#10826,#10839,#10852,#10865,#10878,#10891,#10903,#10916,#10929,#10942,
#10954,#10969,#10985,#10999,#11014,#11026,#11042,#11056,#11071,#11084,#11096,
#11112,#11126,#11141,#11154,#11166,#11182,#11196,#11211,#11224,#11236,#11252,
#11266,#11281,#11294,#11306,#11318,#11332,#11344,#11357,#11369,#11384,#11399,
#11423,#11438,#11452,#11466,#11479,#11491,#11515,#11530,#11543,#11556,#11569,
#11582,#11595,#11608,#11620,#11635,#11651,#11665,#11680,#11692,#11707,#11722,
#11746,#11761,#11775,#11789,#11802,#11814,#11838,#11853,#11866,#11879,#11892,
#11905,#11918,#11931,#11943,#11958,#11974,#11988,#12003,#12015,#12030,#12045,
#12069,#12084,#12098,#12112,#12125,#12137,#12161,#12176,#12189,#12202,#12215,
#12228,#12241,#12254,#12266,#12281,#12297,#12311,#12326,#12338,#12353,#12368,
#12392,#12407,#12421,#12435,#12448,#12460,#12484,#12499,#12512,#12525,#12538,
#12551,#12564,#12577,#12589,#12604,#12620,#12634,#12649,#12661,#12676,#12691,
#12715,#12730,#12744,#12758,#12771,#12783,#12807,#12822,#12835,#12848,#12861,
#12874,#12887,#12900,#12912,#12927,#12943,#12957,#12972,#12984,#12999,#13014,
#13038,#13053,#13067,#13081,#13094,#13106,#13130,#13145,#13158,#13171,#13184,
#13197,#13210,#13223,#13235,#13250,#13266,#13280,#13295,#13307,#13331,#13346,
#13361,#13374,#13387,#13400,#13413,#13426,#13439,#13451,#13464,#13477,#13489,
#13504,#13520,#13534,#13549,#13561));
#13563=MANIFOLD_SOLID_BREP('',#13562);
#13564=CARTESIAN_POINT('',(0.E0,0.E0,0.E0));
#13565=DIRECTION('',(0.E0,0.E0,1.E0));
#13566=DIRECTION('',(1.E0,0.E0,0.E0));
#13567=AXIS2_PLACEMENT_3D('CSYS',#13564,#13565,#13566);
#13568=DIRECTION('',(1.E0,0.E0,0.E0));
#13569=VECTOR('',#13568,1.2E0);
#13570=CARTESIAN_POINT('',(-8.855E0,-2.E0,-1.075E0));
#13571=LINE('',#13570,#13569);
#13574=DIRECTION('',(0.E0,-1.E0,0.E0));
#13575=VECTOR('',#13574,2.E0);
#13576=CARTESIAN_POINT('',(-7.655E0,-2.E0,-1.075E0));
#13577=LINE('',#13576,#13575);
#13580=DIRECTION('',(-1.E0,0.E0,0.E0));
#13581=VECTOR('',#13580,1.2E0);
#13582=CARTESIAN_POINT('',(-7.655E0,-4.E0,-1.075E0));
#13583=LINE('',#13582,#13581);
#13586=DIRECTION('',(0.E0,1.E0,0.E0));
#13587=VECTOR('',#13586,2.E0);
#13588=CARTESIAN_POINT('',(-8.855E0,-4.E0,-1.075E0));
#13589=LINE('',#13588,#13587);
#13594=DIRECTION('',(1.E0,0.E0,0.E0));
#13595=VECTOR('',#13594,1.2E0);
#13596=CARTESIAN_POINT('',(-6.315E0,-2.E0,-1.075E0));
#13597=LINE('',#13596,#13595);
#13600=DIRECTION('',(0.E0,-1.E0,0.E0));
#13601=VECTOR('',#13600,2.E0);
#13602=CARTESIAN_POINT('',(-5.115E0,-2.E0,-1.075E0));
#13603=LINE('',#13602,#13601);
#13606=DIRECTION('',(-1.E0,0.E0,0.E0));
#13607=VECTOR('',#13606,1.2E0);
#13608=CARTESIAN_POINT('',(-5.115E0,-4.E0,-1.075E0));
#13609=LINE('',#13608,#13607);
#13612=DIRECTION('',(0.E0,1.E0,0.E0));
#13613=VECTOR('',#13612,2.E0);
#13614=CARTESIAN_POINT('',(-6.315E0,-4.E0,-1.075E0));
#13615=LINE('',#13614,#13613);
#13619=DIRECTION('',(1.E0,0.E0,0.E0));
#13620=VECTOR('',#13619,1.2E0);
#13621=CARTESIAN_POINT('',(-3.775E0,-2.E0,-1.075E0));
#13622=LINE('',#13621,#13620);
#13625=DIRECTION('',(0.E0,-1.E0,0.E0));
#13626=VECTOR('',#13625,2.E0);
#13627=CARTESIAN_POINT('',(-2.575E0,-2.E0,-1.075E0));
#13628=LINE('',#13627,#13626);
#13631=DIRECTION('',(-1.E0,0.E0,0.E0));
#13632=VECTOR('',#13631,1.2E0);
#13633=CARTESIAN_POINT('',(-2.575E0,-4.E0,-1.075E0));
#13634=LINE('',#13633,#13632);
#13637=DIRECTION('',(0.E0,1.E0,0.E0));
#13638=VECTOR('',#13637,2.E0);
#13639=CARTESIAN_POINT('',(-3.775E0,-4.E0,-1.075E0));
#13640=LINE('',#13639,#13638);
#13644=DIRECTION('',(1.E0,0.E0,0.E0));
#13645=VECTOR('',#13644,1.2E0);
#13646=CARTESIAN_POINT('',(-1.235E0,-2.E0,-1.075E0));
#13647=LINE('',#13646,#13645);
#13650=DIRECTION('',(0.E0,-1.E0,0.E0));
#13651=VECTOR('',#13650,2.E0);
#13652=CARTESIAN_POINT('',(-3.5E-2,-2.E0,-1.075E0));
#13653=LINE('',#13652,#13651);
#13656=DIRECTION('',(-1.E0,0.E0,0.E0));
#13657=VECTOR('',#13656,1.2E0);
#13658=CARTESIAN_POINT('',(-3.5E-2,-4.E0,-1.075E0));
#13659=LINE('',#13658,#13657);
#13662=DIRECTION('',(0.E0,1.E0,0.E0));
#13663=VECTOR('',#13662,2.E0);
#13664=CARTESIAN_POINT('',(-1.235E0,-4.E0,-1.075E0));
#13665=LINE('',#13664,#13663);
#13669=DIRECTION('',(1.E0,0.E0,0.E0));
#13670=VECTOR('',#13669,1.2E0);
#13671=CARTESIAN_POINT('',(1.305E0,-2.E0,-1.075E0));
#13672=LINE('',#13671,#13670);
#13675=DIRECTION('',(0.E0,-1.E0,0.E0));
#13676=VECTOR('',#13675,2.E0);
#13677=CARTESIAN_POINT('',(2.505E0,-2.E0,-1.075E0));
#13678=LINE('',#13677,#13676);
#13681=DIRECTION('',(-1.E0,0.E0,0.E0));
#13682=VECTOR('',#13681,1.2E0);
#13683=CARTESIAN_POINT('',(2.505E0,-4.E0,-1.075E0));
#13684=LINE('',#13683,#13682);
#13687=DIRECTION('',(0.E0,1.E0,0.E0));
#13688=VECTOR('',#13687,2.E0);
#13689=CARTESIAN_POINT('',(1.305E0,-4.E0,-1.075E0));
#13690=LINE('',#13689,#13688);
#13694=DIRECTION('',(1.E0,0.E0,0.E0));
#13695=VECTOR('',#13694,1.2E0);
#13696=CARTESIAN_POINT('',(3.845E0,-2.E0,-1.075E0));
#13697=LINE('',#13696,#13695);
#13700=DIRECTION('',(0.E0,-1.E0,0.E0));
#13701=VECTOR('',#13700,2.E0);
#13702=CARTESIAN_POINT('',(5.045E0,-2.E0,-1.075E0));
#13703=LINE('',#13702,#13701);
#13706=DIRECTION('',(-1.E0,0.E0,0.E0));
#13707=VECTOR('',#13706,1.2E0);
#13708=CARTESIAN_POINT('',(5.045E0,-4.E0,-1.075E0));
#13709=LINE('',#13708,#13707);
#13712=DIRECTION('',(0.E0,1.E0,0.E0));
#13713=VECTOR('',#13712,2.E0);
#13714=CARTESIAN_POINT('',(3.845E0,-4.E0,-1.075E0));
#13715=LINE('',#13714,#13713);
#13719=DIRECTION('',(1.E0,0.E0,0.E0));
#13720=VECTOR('',#13719,1.2E0);
#13721=CARTESIAN_POINT('',(6.385E0,-2.E0,-1.075E0));
#13722=LINE('',#13721,#13720);
#13725=DIRECTION('',(0.E0,-1.E0,0.E0));
#13726=VECTOR('',#13725,2.E0);
#13727=CARTESIAN_POINT('',(7.585E0,-2.E0,-1.075E0));
#13728=LINE('',#13727,#13726);
#13731=DIRECTION('',(-1.E0,0.E0,0.E0));
#13732=VECTOR('',#13731,1.2E0);
#13733=CARTESIAN_POINT('',(7.585E0,-4.E0,-1.075E0));
#13734=LINE('',#13733,#13732);
#13737=DIRECTION('',(0.E0,1.E0,0.E0));
#13738=VECTOR('',#13737,2.E0);
#13739=CARTESIAN_POINT('',(6.385E0,-4.E0,-1.075E0));
#13740=LINE('',#13739,#13738);
#13744=DIRECTION('',(0.E0,1.E0,0.E0));
#13745=VECTOR('',#13744,2.E0);
#13746=CARTESIAN_POINT('',(-7.585E0,2.E0,-1.075E0));
#13747=LINE('',#13746,#13745);
#13750=DIRECTION('',(1.E0,0.E0,0.E0));
#13751=VECTOR('',#13750,1.2E0);
#13752=CARTESIAN_POINT('',(-7.585E0,4.E0,-1.075E0));
#13753=LINE('',#13752,#13751);
#13756=DIRECTION('',(0.E0,-1.E0,0.E0));
#13757=VECTOR('',#13756,2.E0);
#13758=CARTESIAN_POINT('',(-6.385E0,4.E0,-1.075E0));
#13759=LINE('',#13758,#13757);
#13762=DIRECTION('',(-1.E0,0.E0,0.E0));
#13763=VECTOR('',#13762,1.2E0);
#13764=CARTESIAN_POINT('',(-6.385E0,2.E0,-1.075E0));
#13765=LINE('',#13764,#13763);
#13769=DIRECTION('',(0.E0,1.E0,0.E0));
#13770=VECTOR('',#13769,2.E0);
#13771=CARTESIAN_POINT('',(-5.045E0,2.E0,-1.075E0));
#13772=LINE('',#13771,#13770);
#13775=DIRECTION('',(1.E0,0.E0,0.E0));
#13776=VECTOR('',#13775,1.2E0);
#13777=CARTESIAN_POINT('',(-5.045E0,4.E0,-1.075E0));
#13778=LINE('',#13777,#13776);
#13781=DIRECTION('',(0.E0,-1.E0,0.E0));
#13782=VECTOR('',#13781,2.E0);
#13783=CARTESIAN_POINT('',(-3.845E0,4.E0,-1.075E0));
#13784=LINE('',#13783,#13782);
#13787=DIRECTION('',(-1.E0,0.E0,0.E0));
#13788=VECTOR('',#13787,1.2E0);
#13789=CARTESIAN_POINT('',(-3.845E0,2.E0,-1.075E0));
#13790=LINE('',#13789,#13788);
#13794=DIRECTION('',(0.E0,1.E0,0.E0));
#13795=VECTOR('',#13794,2.E0);
#13796=CARTESIAN_POINT('',(-2.505E0,2.E0,-1.075E0));
#13797=LINE('',#13796,#13795);
#13800=DIRECTION('',(1.E0,0.E0,0.E0));
#13801=VECTOR('',#13800,1.2E0);
#13802=CARTESIAN_POINT('',(-2.505E0,4.E0,-1.075E0));
#13803=LINE('',#13802,#13801);
#13806=DIRECTION('',(0.E0,-1.E0,0.E0));
#13807=VECTOR('',#13806,2.E0);
#13808=CARTESIAN_POINT('',(-1.305E0,4.E0,-1.075E0));
#13809=LINE('',#13808,#13807);
#13812=DIRECTION('',(-1.E0,0.E0,0.E0));
#13813=VECTOR('',#13812,1.2E0);
#13814=CARTESIAN_POINT('',(-1.305E0,2.E0,-1.075E0));
#13815=LINE('',#13814,#13813);
#13819=DIRECTION('',(0.E0,1.E0,0.E0));
#13820=VECTOR('',#13819,2.E0);
#13821=CARTESIAN_POINT('',(3.5E-2,2.E0,-1.075E0));
#13822=LINE('',#13821,#13820);
#13825=DIRECTION('',(1.E0,0.E0,0.E0));
#13826=VECTOR('',#13825,1.2E0);
#13827=CARTESIAN_POINT('',(3.5E-2,4.E0,-1.075E0));
#13828=LINE('',#13827,#13826);
#13831=DIRECTION('',(0.E0,-1.E0,0.E0));
#13832=VECTOR('',#13831,2.E0);
#13833=CARTESIAN_POINT('',(1.235E0,4.E0,-1.075E0));
#13834=LINE('',#13833,#13832);
#13837=DIRECTION('',(-1.E0,0.E0,0.E0));
#13838=VECTOR('',#13837,1.2E0);
#13839=CARTESIAN_POINT('',(1.235E0,2.E0,-1.075E0));
#13840=LINE('',#13839,#13838);
#13844=DIRECTION('',(0.E0,1.E0,0.E0));
#13845=VECTOR('',#13844,2.E0);
#13846=CARTESIAN_POINT('',(2.575E0,2.E0,-1.075E0));
#13847=LINE('',#13846,#13845);
#13850=DIRECTION('',(1.E0,0.E0,0.E0));
#13851=VECTOR('',#13850,1.2E0);
#13852=CARTESIAN_POINT('',(2.575E0,4.E0,-1.075E0));
#13853=LINE('',#13852,#13851);
#13856=DIRECTION('',(0.E0,-1.E0,0.E0));
#13857=VECTOR('',#13856,2.E0);
#13858=CARTESIAN_POINT('',(3.775E0,4.E0,-1.075E0));
#13859=LINE('',#13858,#13857);
#13862=DIRECTION('',(-1.E0,0.E0,0.E0));
#13863=VECTOR('',#13862,1.2E0);
#13864=CARTESIAN_POINT('',(3.775E0,2.E0,-1.075E0));
#13865=LINE('',#13864,#13863);
#13869=DIRECTION('',(0.E0,1.E0,0.E0));
#13870=VECTOR('',#13869,2.E0);
#13871=CARTESIAN_POINT('',(5.115E0,2.E0,-1.075E0));
#13872=LINE('',#13871,#13870);
#13875=DIRECTION('',(1.E0,0.E0,0.E0));
#13876=VECTOR('',#13875,1.2E0);
#13877=CARTESIAN_POINT('',(5.115E0,4.E0,-1.075E0));
#13878=LINE('',#13877,#13876);
#13881=DIRECTION('',(0.E0,-1.E0,0.E0));
#13882=VECTOR('',#13881,2.E0);
#13883=CARTESIAN_POINT('',(6.315E0,4.E0,-1.075E0));
#13884=LINE('',#13883,#13882);
#13887=DIRECTION('',(-1.E0,0.E0,0.E0));
#13888=VECTOR('',#13887,1.2E0);
#13889=CARTESIAN_POINT('',(6.315E0,2.E0,-1.075E0));
#13890=LINE('',#13889,#13888);
#13894=DIRECTION('',(0.E0,1.E0,0.E0));
#13895=VECTOR('',#13894,2.E0);
#13896=CARTESIAN_POINT('',(7.655E0,2.E0,-1.075E0));
#13897=LINE('',#13896,#13895);
#13900=DIRECTION('',(1.E0,0.E0,0.E0));
#13901=VECTOR('',#13900,1.2E0);
#13902=CARTESIAN_POINT('',(7.655E0,4.E0,-1.075E0));
#13903=LINE('',#13902,#13901);
#13906=DIRECTION('',(0.E0,-1.E0,0.E0));
#13907=VECTOR('',#13906,2.E0);
#13908=CARTESIAN_POINT('',(8.855E0,4.E0,-1.075E0));
#13909=LINE('',#13908,#13907);
#13912=DIRECTION('',(-1.E0,0.E0,0.E0));
#13913=VECTOR('',#13912,1.2E0);
#13914=CARTESIAN_POINT('',(8.855E0,2.E0,-1.075E0));
#13915=LINE('',#13914,#13913);
#13919=CARTESIAN_POINT('',(-8.405E0,-3.45E0,-1.075E0));
#13920=DIRECTION('',(0.E0,1.E0,0.E0));
#13921=DIRECTION('',(0.E0,0.E0,-1.E0));
#13922=AXIS2_PLACEMENT_3D('PIN_1',#13919,#13920,#13921);
#13924=DIMENSIONAL_EXPONENTS(0.E0,0.E0,0.E0,0.E0,0.E0,0.E0,0.E0);
#13926=PLANE_ANGLE_MEASURE_WITH_UNIT(PLANE_ANGLE_MEASURE(1.745329251994E-2),
#13925);
#13927=(CONVERSION_BASED_UNIT('DEGREE',#13926)NAMED_UNIT(*)PLANE_ANGLE_UNIT());
#13929=UNCERTAINTY_MEASURE_WITH_UNIT(LENGTH_MEASURE(1.E-3),#13923,'closure',
'Maximum model space distance between geometric entities at asserted connectivities');
#13930=(GEOMETRIC_REPRESENTATION_CONTEXT(3)GLOBAL_UNCERTAINTY_ASSIGNED_CONTEXT((
#13929))GLOBAL_UNIT_ASSIGNED_CONTEXT((#13923,#13927,#13928))REPRESENTATION_CONTEXT('ID1','3'));
#13593=GEOMETRIC_SET('',(#13592,#13618,#13643,#13668,#13693,#13718,#13743,
#13768,#13793,#13818,#13843,#13868,#13893,#13918));
#13934=SHAPE_REPRESENTATION_RELATIONSHIP('','',#13933,#13931);
#13935=SHAPE_REPRESENTATION_RELATIONSHIP('','',#13933,#13932);
#13936=APPLICATION_CONTEXT(
'CONFIGURATION CONTROLLED 3D DESIGNS OF MECHANICAL PARTS AND ASSEMBLIES');
#13937=APPLICATION_PROTOCOL_DEFINITION('international standard',
'config_control_design',1994,#13936);
#13938=DESIGN_CONTEXT('',#13936,'design');
#13939=MECHANICAL_CONTEXT('',#13936,'mechanical');
#13940=PRODUCT('908140714','908140714','NOT SPECIFIED',(#13939));
#13941=PRODUCT_DEFINITION_FORMATION_WITH_SPECIFIED_SOURCE('6','LAST_VERSION',
#13940,.MADE.);
#13945=PRODUCT_CATEGORY('part','');
#13946=PRODUCT_RELATED_PRODUCT_CATEGORY('detail','',(#13940));
#13947=PRODUCT_CATEGORY_RELATIONSHIP('','',#13945,#13946);
#13948=SECURITY_CLASSIFICATION_LEVEL('unclassified');
#13949=SECURITY_CLASSIFICATION('','',#13948);
#13950=CC_DESIGN_SECURITY_CLASSIFICATION(#13949,(#13941));
#13951=APPROVAL_STATUS('approved');
#13952=APPROVAL(#13951,'');
#13953=CC_DESIGN_APPROVAL(#13952,(#13949,#13941,#13942));
#13954=CALENDAR_DATE(121,27,5);
#13955=COORDINATED_UNIVERSAL_TIME_OFFSET(5,30,.AHEAD.);
#13956=LOCAL_TIME(16,25,1.3E1,#13955);
#13957=DATE_AND_TIME(#13954,#13956);
#13958=APPROVAL_DATE_TIME(#13957,#13952);
#13959=DATE_TIME_ROLE('creation_date');
#13960=CC_DESIGN_DATE_AND_TIME_ASSIGNMENT(#13957,#13959,(#13942));
#13961=DATE_TIME_ROLE('classification_date');
#13962=CC_DESIGN_DATE_AND_TIME_ASSIGNMENT(#13957,#13961,(#13949));
#13963=PERSON('UNSPECIFIED','UNSPECIFIED',$,$,$,$);
#13964=ORGANIZATION('UNSPECIFIED','UNSPECIFIED','UNSPECIFIED');
#13965=PERSON_AND_ORGANIZATION(#13963,#13964);
#13966=APPROVAL_ROLE('approver');
#13967=APPROVAL_PERSON_ORGANIZATION(#13965,#13952,#13966);
#13968=PERSON_AND_ORGANIZATION_ROLE('creator');
#13969=CC_DESIGN_PERSON_AND_ORGANIZATION_ASSIGNMENT(#13965,#13968,(#13941,
#13942));
#13970=PERSON_AND_ORGANIZATION_ROLE('design_supplier');
#13971=CC_DESIGN_PERSON_AND_ORGANIZATION_ASSIGNMENT(#13965,#13970,(#13941));
#13972=PERSON_AND_ORGANIZATION_ROLE('classification_officer');
#13973=CC_DESIGN_PERSON_AND_ORGANIZATION_ASSIGNMENT(#13965,#13972,(#13949));
#13974=PERSON_AND_ORGANIZATION_ROLE('design_owner');
#13975=CC_DESIGN_PERSON_AND_ORGANIZATION_ASSIGNMENT(#13965,#13974,(#13940));
#6406=EDGE_CURVE('',#5440,#5391,#44,.T.);
#6408=EDGE_CURVE('',#5443,#5440,#60,.T.);
#6410=EDGE_CURVE('',#5443,#4823,#4,.T.);
#6412=EDGE_CURVE('',#4823,#4824,#8,.T.);
#6414=EDGE_CURVE('',#4824,#5180,#12,.T.);
#6416=EDGE_CURVE('',#5180,#5166,#16,.T.);
#6418=EDGE_CURVE('',#5166,#5161,#3588,.T.);
#6420=EDGE_CURVE('',#5161,#4827,#20,.T.);
#6422=EDGE_CURVE('',#4827,#4828,#24,.T.);
#6424=EDGE_CURVE('',#4828,#5380,#28,.T.);
#6426=EDGE_CURVE('',#5379,#5380,#32,.T.);
#6428=EDGE_CURVE('',#5379,#5392,#1316,.T.);
#6430=EDGE_CURVE('',#5391,#5392,#36,.T.);
#6440=EDGE_CURVE('',#5440,#5437,#40,.T.);
#6443=EDGE_CURVE('',#5391,#5388,#48,.T.);
#6445=EDGE_CURVE('',#5437,#5388,#1820,.T.);
#6456=EDGE_CURVE('',#5437,#5429,#64,.T.);
#6458=EDGE_CURVE('',#5429,#5430,#52,.T.);
#6460=EDGE_CURVE('',#5430,#5444,#56,.T.);
#6462=EDGE_CURVE('',#5443,#5444,#512,.T.);
#6473=EDGE_CURVE('',#5433,#5434,#296,.T.);
#6475=EDGE_CURVE('',#5433,#5429,#2088,.T.);
#6478=EDGE_CURVE('',#5437,#5438,#1816,.T.);
#6480=EDGE_CURVE('',#5438,#5434,#68,.T.);
#6491=EDGE_CURVE('',#5434,#4868,#300,.T.);
#6493=EDGE_CURVE('',#4868,#4874,#304,.T.);
#6495=EDGE_CURVE('',#4874,#4872,#308,.T.);
#6497=EDGE_CURVE('',#4871,#4872,#312,.T.);
#6499=EDGE_CURVE('',#4871,#4938,#316,.T.);
#6501=EDGE_CURVE('',#4938,#4942,#320,.T.);
#6503=EDGE_CURVE('',#4942,#4940,#324,.T.);
#6505=EDGE_CURVE('',#4934,#4940,#328,.T.);
#6507=EDGE_CURVE('',#4934,#4958,#332,.T.);
#6509=EDGE_CURVE('',#4958,#4962,#336,.T.);
#6511=EDGE_CURVE('',#4962,#4960,#340,.T.);
#6513=EDGE_CURVE('',#4954,#4960,#344,.T.);
#6515=EDGE_CURVE('',#4954,#4978,#348,.T.);
#6517=EDGE_CURVE('',#4978,#4982,#352,.T.);
#6519=EDGE_CURVE('',#4982,#4980,#356,.T.);
#6521=EDGE_CURVE('',#4974,#4980,#360,.T.);
#6523=EDGE_CURVE('',#4974,#5223,#364,.T.);
#6525=EDGE_CURVE('',#5223,#5228,#368,.T.);
#6527=EDGE_CURVE('',#5228,#5226,#372,.T.);
#6529=EDGE_CURVE('',#5219,#5226,#376,.T.);
#6531=EDGE_CURVE('',#5219,#5263,#380,.T.);
#6533=EDGE_CURVE('',#5263,#5268,#384,.T.);
#6535=EDGE_CURVE('',#5268,#5266,#388,.T.);
#6537=EDGE_CURVE('',#5259,#5266,#392,.T.);
#6539=EDGE_CURVE('',#5259,#5297,#396,.T.);
#6541=EDGE_CURVE('',#5297,#5304,#400,.T.);
#6543=EDGE_CURVE('',#5304,#5302,#404,.T.);
#6545=EDGE_CURVE('',#5301,#5302,#408,.T.);
#6547=EDGE_CURVE('',#5301,#5319,#412,.T.);
#6549=EDGE_CURVE('',#5319,#5320,#416,.T.);
#6551=EDGE_CURVE('',#5043,#5320,#1508,.T.);
#6553=EDGE_CURVE('',#5043,#5451,#1208,.T.);
#6555=EDGE_CURVE('',#5451,#5452,#420,.T.);
#6557=EDGE_CURVE('',#5452,#5454,#424,.T.);
#6559=EDGE_CURVE('',#5312,#5454,#2160,.T.);
#6561=EDGE_CURVE('',#5311,#5312,#428,.T.);
#6563=EDGE_CURVE('',#5283,#5311,#1856,.T.);
#6565=EDGE_CURVE('',#5283,#5284,#432,.T.);
#6567=EDGE_CURVE('',#5286,#5284,#436,.T.);
#6569=EDGE_CURVE('',#5280,#5286,#440,.T.);
#6571=EDGE_CURVE('',#5240,#5280,#1976,.T.);
#6573=EDGE_CURVE('',#5240,#5246,#444,.T.);
#6575=EDGE_CURVE('',#5248,#5246,#448,.T.);
#6577=EDGE_CURVE('',#5244,#5248,#452,.T.);
#6579=EDGE_CURVE('',#5200,#5244,#1960,.T.);
#6581=EDGE_CURVE('',#5200,#5206,#456,.T.);
#6583=EDGE_CURVE('',#5208,#5206,#460,.T.);
#6585=EDGE_CURVE('',#5204,#5208,#464,.T.);
#6587=EDGE_CURVE('',#5032,#5204,#1944,.T.);
#6589=EDGE_CURVE('',#5032,#5038,#468,.T.);
#6591=EDGE_CURVE('',#5040,#5038,#472,.T.);
#6593=EDGE_CURVE('',#5036,#5040,#476,.T.);
#6595=EDGE_CURVE('',#5012,#5036,#1928,.T.);
#6597=EDGE_CURVE('',#5012,#5018,#480,.T.);
#6599=EDGE_CURVE('',#5020,#5018,#484,.T.);
#6601=EDGE_CURVE('',#5016,#5020,#488,.T.);
#6603=EDGE_CURVE('',#4994,#5016,#1912,.T.);
#6605=EDGE_CURVE('',#4994,#4996,#492,.T.);
#6607=EDGE_CURVE('',#5000,#4996,#496,.T.);
#6609=EDGE_CURVE('',#4999,#5000,#500,.T.);
#6611=EDGE_CURVE('',#4855,#4999,#1844,.T.);
#6613=EDGE_CURVE('',#4855,#4856,#504,.T.);
#6615=EDGE_CURVE('',#5433,#4856,#508,.T.);
#6619=EDGE_CURVE('',#4835,#4836,#72,.T.);
#6621=EDGE_CURVE('',#4835,#4839,#76,.T.);
#6623=EDGE_CURVE('',#4839,#4840,#80,.T.);
#6625=EDGE_CURVE('',#4836,#4840,#84,.T.);
#6629=EDGE_CURVE('',#5511,#5512,#88,.T.);
#6631=EDGE_CURVE('',#5511,#5515,#92,.T.);
#6633=EDGE_CURVE('',#5515,#5516,#96,.T.);
#6635=EDGE_CURVE('',#5512,#5516,#100,.T.);
#6639=EDGE_CURVE('',#5631,#5632,#104,.T.);
#6641=EDGE_CURVE('',#5631,#5635,#108,.T.);
#6643=EDGE_CURVE('',#5635,#5636,#112,.T.);
#6645=EDGE_CURVE('',#5632,#5636,#116,.T.);
#6649=EDGE_CURVE('',#6003,#6004,#120,.T.);
#6651=EDGE_CURVE('',#6003,#6007,#124,.T.);
#6653=EDGE_CURVE('',#6007,#6008,#128,.T.);
#6655=EDGE_CURVE('',#6004,#6008,#132,.T.);
#6659=EDGE_CURVE('',#6011,#6012,#136,.T.);
#6661=EDGE_CURVE('',#6011,#6015,#140,.T.);
#6663=EDGE_CURVE('',#6015,#6016,#144,.T.);
#6665=EDGE_CURVE('',#6012,#6016,#148,.T.);
#6669=EDGE_CURVE('',#6019,#6020,#152,.T.);
#6671=EDGE_CURVE('',#6019,#6023,#156,.T.);
#6673=EDGE_CURVE('',#6023,#6024,#160,.T.);
#6675=EDGE_CURVE('',#6020,#6024,#164,.T.);
#6679=EDGE_CURVE('',#6027,#6028,#168,.T.);
#6681=EDGE_CURVE('',#6027,#6031,#172,.T.);
#6683=EDGE_CURVE('',#6031,#6032,#176,.T.);
#6685=EDGE_CURVE('',#6028,#6032,#180,.T.);
#6689=EDGE_CURVE('',#4917,#4918,#184,.T.);
#6691=EDGE_CURVE('',#4921,#4917,#188,.T.);
#6693=EDGE_CURVE('',#4921,#4922,#192,.T.);
#6695=EDGE_CURVE('',#4922,#4918,#196,.T.);
#6699=EDGE_CURVE('',#5571,#5572,#200,.T.);
#6701=EDGE_CURVE('',#5575,#5571,#204,.T.);
#6703=EDGE_CURVE('',#5575,#5576,#208,.T.);
#6705=EDGE_CURVE('',#5576,#5572,#212,.T.);
#6709=EDGE_CURVE('',#5691,#5692,#216,.T.);
#6711=EDGE_CURVE('',#5695,#5691,#220,.T.);
#6713=EDGE_CURVE('',#5695,#5696,#224,.T.);
#6715=EDGE_CURVE('',#5696,#5692,#228,.T.);
#6719=EDGE_CURVE('',#6243,#6244,#232,.T.);
#6721=EDGE_CURVE('',#6247,#6243,#236,.T.);
#6723=EDGE_CURVE('',#6247,#6248,#240,.T.);
#6725=EDGE_CURVE('',#6248,#6244,#244,.T.);
#6729=EDGE_CURVE('',#6251,#6252,#248,.T.);
#6731=EDGE_CURVE('',#6255,#6251,#252,.T.);
#6733=EDGE_CURVE('',#6255,#6256,#256,.T.);
#6735=EDGE_CURVE('',#6256,#6252,#260,.T.);
#6739=EDGE_CURVE('',#6259,#6260,#264,.T.);
#6741=EDGE_CURVE('',#6263,#6259,#268,.T.);
#6743=EDGE_CURVE('',#6263,#6264,#272,.T.);
#6745=EDGE_CURVE('',#6264,#6260,#276,.T.);
#6749=EDGE_CURVE('',#6267,#6268,#280,.T.);
#6751=EDGE_CURVE('',#6271,#6267,#284,.T.);
#6753=EDGE_CURVE('',#6271,#6272,#288,.T.);
#6755=EDGE_CURVE('',#6272,#6268,#292,.T.);
#6766=EDGE_CURVE('',#4852,#5444,#516,.T.);
#6768=EDGE_CURVE('',#4823,#4852,#1880,.T.);
#6779=EDGE_CURVE('',#4897,#4898,#908,.T.);
#6781=EDGE_CURVE('',#4897,#5074,#520,.T.);
#6783=EDGE_CURVE('',#5074,#4877,#524,.T.);
#6785=EDGE_CURVE('',#4877,#4878,#528,.T.);
#6787=EDGE_CURVE('',#4878,#4880,#532,.T.);
#6789=EDGE_CURVE('',#4880,#5076,#536,.T.);
#6791=EDGE_CURVE('',#5076,#5078,#540,.T.);
#6793=EDGE_CURVE('',#5078,#4898,#544,.T.);
#6803=EDGE_CURVE('',#5090,#4905,#876,.T.);
#6805=EDGE_CURVE('',#5090,#5080,#548,.T.);
#6807=EDGE_CURVE('',#5080,#4883,#552,.T.);
#6809=EDGE_CURVE('',#4883,#4884,#556,.T.);
#6811=EDGE_CURVE('',#4884,#4905,#560,.T.);
#6821=EDGE_CURVE('',#5712,#5707,#564,.T.);
#6823=EDGE_CURVE('',#5712,#4835,#568,.T.);
#6826=EDGE_CURVE('',#4836,#5707,#572,.T.);
#6836=EDGE_CURVE('',#5331,#5332,#688,.T.);
#6838=EDGE_CURVE('',#5332,#5334,#692,.T.);
#6840=EDGE_CURVE('',#5360,#5334,#696,.T.);
#6842=EDGE_CURVE('',#5360,#5188,#700,.T.);
#6844=EDGE_CURVE('',#5188,#5183,#1236,.T.);
#6846=EDGE_CURVE('',#5183,#5184,#704,.T.);
#6848=EDGE_CURVE('',#5186,#5184,#708,.T.);
#6850=EDGE_CURVE('',#6228,#5186,#1080,.T.);
#6852=EDGE_CURVE('',#6228,#6236,#712,.T.);
#6854=EDGE_CURVE('',#6240,#6236,#716,.T.);
#6856=EDGE_CURVE('',#6240,#6232,#720,.T.);
#6858=EDGE_CURVE('',#5972,#6232,#1192,.T.);
#6860=EDGE_CURVE('',#5972,#6000,#724,.T.);
#6862=EDGE_CURVE('',#5996,#6000,#728,.T.);
#6864=EDGE_CURVE('',#5996,#5970,#732,.T.);
#6866=EDGE_CURVE('',#6176,#5970,#1184,.T.);
#6868=EDGE_CURVE('',#6176,#6184,#736,.T.);
#6870=EDGE_CURVE('',#6188,#6184,#740,.T.);
#6872=EDGE_CURVE('',#6188,#6180,#744,.T.);
#6874=EDGE_CURVE('',#5920,#6180,#1176,.T.);
#6876=EDGE_CURVE('',#5920,#5948,#748,.T.);
#6878=EDGE_CURVE('',#5944,#5948,#752,.T.);
#6880=EDGE_CURVE('',#5944,#5918,#756,.T.);
#6882=EDGE_CURVE('',#6124,#5918,#1168,.T.);
#6884=EDGE_CURVE('',#6124,#6132,#760,.T.);
#6886=EDGE_CURVE('',#6136,#6132,#764,.T.);
#6888=EDGE_CURVE('',#6136,#6128,#768,.T.);
#6890=EDGE_CURVE('',#5868,#6128,#1160,.T.);
#6892=EDGE_CURVE('',#5868,#5896,#772,.T.);
#6894=EDGE_CURVE('',#5892,#5896,#776,.T.);
#6896=EDGE_CURVE('',#5892,#5866,#780,.T.);
#6898=EDGE_CURVE('',#6072,#5866,#1152,.T.);
#6900=EDGE_CURVE('',#6072,#6080,#784,.T.);
#6902=EDGE_CURVE('',#6084,#6080,#788,.T.);
#6904=EDGE_CURVE('',#6084,#6076,#792,.T.);
#6906=EDGE_CURVE('',#5816,#6076,#1144,.T.);
#6908=EDGE_CURVE('',#5816,#5844,#796,.T.);
#6910=EDGE_CURVE('',#5840,#5844,#800,.T.);
#6912=EDGE_CURVE('',#5840,#5814,#804,.T.);
#6914=EDGE_CURVE('',#5676,#5814,#1136,.T.);
#6916=EDGE_CURVE('',#5676,#5684,#808,.T.);
#6918=EDGE_CURVE('',#5688,#5684,#812,.T.);
#6920=EDGE_CURVE('',#5688,#5680,#816,.T.);
#6922=EDGE_CURVE('',#5600,#5680,#1128,.T.);
#6924=EDGE_CURVE('',#5600,#5628,#820,.T.);
#6926=EDGE_CURVE('',#5624,#5628,#824,.T.);
#6928=EDGE_CURVE('',#5624,#5598,#828,.T.);
#6930=EDGE_CURVE('',#5556,#5598,#1120,.T.);
#6932=EDGE_CURVE('',#5556,#5564,#832,.T.);
#6934=EDGE_CURVE('',#5568,#5564,#836,.T.);
#6936=EDGE_CURVE('',#5568,#5560,#840,.T.);
#6938=EDGE_CURVE('',#5480,#5560,#1112,.T.);
#6940=EDGE_CURVE('',#5480,#5508,#844,.T.);
#6942=EDGE_CURVE('',#5504,#5508,#848,.T.);
#6944=EDGE_CURVE('',#5504,#5478,#852,.T.);
#6946=EDGE_CURVE('',#4909,#5478,#1104,.T.);
#6948=EDGE_CURVE('',#4909,#4910,#856,.T.);
#6950=EDGE_CURVE('',#4913,#4910,#860,.T.);
#6952=EDGE_CURVE('',#4913,#4914,#864,.T.);
#6954=EDGE_CURVE('',#4906,#4914,#1096,.T.);
#6956=EDGE_CURVE('',#4906,#5092,#868,.T.);
#6958=EDGE_CURVE('',#5090,#5092,#872,.T.);
#6961=EDGE_CURVE('',#5177,#4905,#1088,.T.);
#6963=EDGE_CURVE('',#5177,#5178,#880,.T.);
#6965=EDGE_CURVE('',#5180,#5178,#884,.T.);
#6968=EDGE_CURVE('',#4824,#5362,#888,.T.);
#6970=EDGE_CURVE('',#5362,#5375,#892,.T.);
#6972=EDGE_CURVE('',#5375,#5376,#896,.T.);
#6974=EDGE_CURVE('',#5364,#5376,#900,.T.);
#6976=EDGE_CURVE('',#5364,#4897,#904,.T.);
#6979=EDGE_CURVE('',#4898,#4901,#912,.T.);
#6981=EDGE_CURVE('',#4901,#4902,#916,.T.);
#6983=EDGE_CURVE('',#4902,#5498,#920,.T.);
#6985=EDGE_CURVE('',#5498,#5502,#924,.T.);
#6987=EDGE_CURVE('',#5502,#5506,#928,.T.);
#6989=EDGE_CURVE('',#5506,#5500,#932,.T.);
#6991=EDGE_CURVE('',#5500,#5618,#936,.T.);
#6993=EDGE_CURVE('',#5618,#5622,#940,.T.);
#6995=EDGE_CURVE('',#5622,#5626,#944,.T.);
#6997=EDGE_CURVE('',#5626,#5620,#948,.T.);
#6999=EDGE_CURVE('',#5620,#5834,#952,.T.);
#7001=EDGE_CURVE('',#5834,#5838,#956,.T.);
#7003=EDGE_CURVE('',#5838,#5842,#960,.T.);
#7005=EDGE_CURVE('',#5842,#5836,#964,.T.);
#7007=EDGE_CURVE('',#5836,#5886,#968,.T.);
#7009=EDGE_CURVE('',#5886,#5890,#972,.T.);
#7011=EDGE_CURVE('',#5890,#5894,#976,.T.);
#7013=EDGE_CURVE('',#5894,#5888,#980,.T.);
#7015=EDGE_CURVE('',#5888,#5938,#984,.T.);
#7017=EDGE_CURVE('',#5938,#5942,#988,.T.);
#7019=EDGE_CURVE('',#5942,#5946,#992,.T.);
#7021=EDGE_CURVE('',#5946,#5940,#996,.T.);
#7023=EDGE_CURVE('',#5940,#5990,#1000,.T.);
#7025=EDGE_CURVE('',#5990,#5994,#1004,.T.);
#7027=EDGE_CURVE('',#5994,#5998,#1008,.T.);
#7029=EDGE_CURVE('',#5998,#5992,#1012,.T.);
#7031=EDGE_CURVE('',#5992,#5331,#1016,.T.);
#7035=EDGE_CURVE('',#5562,#5554,#592,.T.);
#7037=EDGE_CURVE('',#5558,#5554,#596,.T.);
#7039=EDGE_CURVE('',#5558,#5566,#600,.T.);
#7041=EDGE_CURVE('',#5566,#5562,#604,.T.);
#7045=EDGE_CURVE('',#5682,#5674,#608,.T.);
#7047=EDGE_CURVE('',#5678,#5674,#612,.T.);
#7049=EDGE_CURVE('',#5678,#5686,#616,.T.);
#7051=EDGE_CURVE('',#5686,#5682,#620,.T.);
#7055=EDGE_CURVE('',#6078,#6070,#624,.T.);
#7057=EDGE_CURVE('',#6074,#6070,#628,.T.);
#7059=EDGE_CURVE('',#6074,#6082,#632,.T.);
#7061=EDGE_CURVE('',#6082,#6078,#636,.T.);
#7065=EDGE_CURVE('',#6130,#6122,#640,.T.);
#7067=EDGE_CURVE('',#6126,#6122,#644,.T.);
#7069=EDGE_CURVE('',#6126,#6134,#648,.T.);
#7071=EDGE_CURVE('',#6134,#6130,#652,.T.);
#7075=EDGE_CURVE('',#6182,#6174,#656,.T.);
#7077=EDGE_CURVE('',#6178,#6174,#660,.T.);
#7079=EDGE_CURVE('',#6178,#6186,#664,.T.);
#7081=EDGE_CURVE('',#6186,#6182,#668,.T.);
#7085=EDGE_CURVE('',#6234,#6226,#672,.T.);
#7087=EDGE_CURVE('',#6230,#6226,#676,.T.);
#7089=EDGE_CURVE('',#6230,#6238,#680,.T.);
#7091=EDGE_CURVE('',#6238,#6234,#684,.T.);
#7095=EDGE_CURVE('',#5131,#5132,#576,.T.);
#7097=EDGE_CURVE('',#5135,#5132,#580,.T.);
#7099=EDGE_CURVE('',#5135,#5136,#584,.T.);
#7101=EDGE_CURVE('',#5136,#5131,#588,.T.);
#7112=EDGE_CURVE('',#5110,#4909,#1020,.T.);
#7114=EDGE_CURVE('',#5108,#5110,#1024,.T.);
#7116=EDGE_CURVE('',#5106,#5108,#1028,.T.);
#7118=EDGE_CURVE('',#5104,#5106,#1032,.T.);
#7120=EDGE_CURVE('',#5103,#5104,#1036,.T.);
#7122=EDGE_CURVE('',#5100,#5103,#1040,.T.);
#7124=EDGE_CURVE('',#5099,#5100,#1044,.T.);
#7126=EDGE_CURVE('',#4910,#5099,#1048,.T.);
#7137=EDGE_CURVE('',#5096,#5131,#1052,.T.);
#7139=EDGE_CURVE('',#5095,#5096,#1056,.T.);
#7141=EDGE_CURVE('',#5132,#5095,#1060,.T.);
#7151=EDGE_CURVE('',#5720,#5715,#1064,.T.);
#7153=EDGE_CURVE('',#4917,#5720,#1068,.T.);
#7156=EDGE_CURVE('',#5715,#4918,#1072,.T.);
#7166=EDGE_CURVE('',#4914,#4909,#1100,.T.);
#7168=EDGE_CURVE('',#5128,#4914,#4732,.T.);
#7170=EDGE_CURVE('',#5110,#5128,#1076,.T.);
#7182=EDGE_CURVE('',#5186,#5174,#1084,.T.);
#7184=EDGE_CURVE('',#5174,#5169,#3604,.T.);
#7186=EDGE_CURVE('',#4831,#5169,#1232,.T.);
#7188=EDGE_CURVE('',#4827,#4831,#1560,.T.);
#7191=EDGE_CURVE('',#5161,#5162,#3584,.T.);
#7193=EDGE_CURVE('',#5177,#5162,#3620,.T.);
#7196=EDGE_CURVE('',#4905,#4906,#1092,.T.);
#7201=EDGE_CURVE('',#5478,#5480,#1108,.T.);
#7204=EDGE_CURVE('',#5560,#5556,#1116,.T.);
#7207=EDGE_CURVE('',#5598,#5600,#1124,.T.);
#7210=EDGE_CURVE('',#5680,#5676,#1132,.T.);
#7213=EDGE_CURVE('',#5814,#5816,#1140,.T.);
#7216=EDGE_CURVE('',#6076,#6072,#1148,.T.);
#7219=EDGE_CURVE('',#5866,#5868,#1156,.T.);
#7222=EDGE_CURVE('',#6128,#6124,#1164,.T.);
#7225=EDGE_CURVE('',#5918,#5920,#1172,.T.);
#7228=EDGE_CURVE('',#6180,#6176,#1180,.T.);
#7231=EDGE_CURVE('',#5970,#5972,#1188,.T.);
#7234=EDGE_CURVE('',#6232,#6228,#1196,.T.);
#7245=EDGE_CURVE('',#5184,#5172,#1200,.T.);
#7247=EDGE_CURVE('',#5172,#5174,#3608,.T.);
#7259=EDGE_CURVE('',#5183,#5170,#1204,.T.);
#7261=EDGE_CURVE('',#5170,#5172,#3612,.T.);
#7272=EDGE_CURVE('',#5447,#5407,#1256,.T.);
#7274=EDGE_CURVE('',#5451,#5447,#1264,.T.);
#7277=EDGE_CURVE('',#5043,#5044,#1212,.T.);
#7279=EDGE_CURVE('',#5044,#5046,#1216,.T.);
#7281=EDGE_CURVE('',#5048,#5046,#1220,.T.);
#7283=EDGE_CURVE('',#4832,#5048,#1224,.T.);
#7285=EDGE_CURVE('',#4831,#4832,#1228,.T.);
#7288=EDGE_CURVE('',#5169,#5170,#3600,.T.);
#7292=EDGE_CURVE('',#5188,#5396,#1240,.T.);
#7294=EDGE_CURVE('',#5395,#5396,#1244,.T.);
#7296=EDGE_CURVE('',#5395,#5408,#1332,.T.);
#7298=EDGE_CURVE('',#5407,#5408,#1248,.T.);
#7308=EDGE_CURVE('',#5447,#5448,#1252,.T.);
#7311=EDGE_CURVE('',#5407,#5404,#1260,.T.);
#7313=EDGE_CURVE('',#5448,#5404,#1280,.T.);
#7324=EDGE_CURVE('',#5448,#5452,#1268,.T.);
#7338=EDGE_CURVE('',#5448,#5456,#1276,.T.);
#7340=EDGE_CURVE('',#5456,#5454,#1272,.T.);
#7352=EDGE_CURVE('',#5404,#5398,#1284,.T.);
#7354=EDGE_CURVE('',#5398,#5158,#1288,.T.);
#7356=EDGE_CURVE('',#5072,#5158,#1292,.T.);
#7358=EDGE_CURVE('',#5071,#5072,#1296,.T.);
#7360=EDGE_CURVE('',#5456,#5071,#2164,.T.);
#7370=EDGE_CURVE('',#5402,#5400,#1324,.T.);
#7372=EDGE_CURVE('',#5400,#5398,#1832,.T.);
#7375=EDGE_CURVE('',#5402,#5404,#1300,.T.);
#7385=EDGE_CURVE('',#5384,#5379,#1304,.T.);
#7387=EDGE_CURVE('',#5386,#5384,#1308,.T.);
#7389=EDGE_CURVE('',#5392,#5386,#1312,.T.);
#7400=EDGE_CURVE('',#5400,#5395,#1320,.T.);
#7403=EDGE_CURVE('',#5408,#5402,#1328,.T.);
#7415=EDGE_CURVE('',#5382,#5380,#1452,.T.);
#7417=EDGE_CURVE('',#5384,#5382,#1336,.T.);
#7428=EDGE_CURVE('',#5055,#5056,#1340,.T.);
#7430=EDGE_CURVE('',#5055,#4832,#1344,.T.);
#7433=EDGE_CURVE('',#5056,#5048,#1496,.T.);
#7443=EDGE_CURVE('',#5059,#5060,#1348,.T.);
#7445=EDGE_CURVE('',#5319,#5059,#1352,.T.);
#7448=EDGE_CURVE('',#5301,#5060,#1356,.T.);
#7458=EDGE_CURVE('',#5345,#5346,#1360,.T.);
#7460=EDGE_CURVE('',#5345,#5051,#1364,.T.);
#7462=EDGE_CURVE('',#5051,#5052,#1368,.T.);
#7464=EDGE_CURVE('',#5298,#5052,#1372,.T.);
#7466=EDGE_CURVE('',#5297,#5298,#1376,.T.);
#7469=EDGE_CURVE('',#5259,#5260,#1380,.T.);
#7471=EDGE_CURVE('',#5264,#5260,#1384,.T.);
#7473=EDGE_CURVE('',#5263,#5264,#1388,.T.);
#7476=EDGE_CURVE('',#5219,#5220,#1392,.T.);
#7478=EDGE_CURVE('',#5224,#5220,#1396,.T.);
#7480=EDGE_CURVE('',#5223,#5224,#1400,.T.);
#7483=EDGE_CURVE('',#4973,#4974,#1404,.T.);
#7485=EDGE_CURVE('',#4977,#4973,#1408,.T.);
#7487=EDGE_CURVE('',#4977,#4978,#1412,.T.);
#7490=EDGE_CURVE('',#4953,#4954,#1416,.T.);
#7492=EDGE_CURVE('',#4957,#4953,#1420,.T.);
#7494=EDGE_CURVE('',#4957,#4958,#1424,.T.);
#7497=EDGE_CURVE('',#4933,#4934,#1428,.T.);
#7499=EDGE_CURVE('',#4937,#4933,#1432,.T.);
#7501=EDGE_CURVE('',#4937,#4938,#1436,.T.);
#7504=EDGE_CURVE('',#5352,#4871,#1440,.T.);
#7506=EDGE_CURVE('',#5346,#5352,#1444,.T.);
#7518=EDGE_CURVE('',#5438,#5382,#1448,.T.);
#7522=EDGE_CURVE('',#4828,#5349,#1456,.T.);
#7524=EDGE_CURVE('',#5349,#5350,#1460,.T.);
#7526=EDGE_CURVE('',#4867,#5350,#1464,.T.);
#7528=EDGE_CURVE('',#4867,#4868,#1468,.T.);
#7539=EDGE_CURVE('',#5316,#5056,#1472,.T.);
#7541=EDGE_CURVE('',#5315,#5316,#1476,.T.);
#7543=EDGE_CURVE('',#5320,#5315,#1480,.T.);
#7547=EDGE_CURVE('',#5059,#5066,#1484,.T.);
#7549=EDGE_CURVE('',#5066,#5068,#1488,.T.);
#7551=EDGE_CURVE('',#5068,#5055,#1492,.T.);
#7564=EDGE_CURVE('',#5046,#5316,#1500,.T.);
#7574=EDGE_CURVE('',#5044,#5315,#1504,.T.);
#7600=EDGE_CURVE('',#5060,#5062,#1512,.T.);
#7602=EDGE_CURVE('',#5062,#5066,#1652,.T.);
#7616=EDGE_CURVE('',#5302,#5289,#1516,.T.);
#7618=EDGE_CURVE('',#5289,#5290,#1520,.T.);
#7620=EDGE_CURVE('',#5290,#5052,#1524,.T.);
#7623=EDGE_CURVE('',#5064,#5051,#1528,.T.);
#7625=EDGE_CURVE('',#5062,#5064,#1532,.T.);
#7636=EDGE_CURVE('',#5304,#5293,#1544,.T.);
#7638=EDGE_CURVE('',#5289,#5293,#1552,.T.);
#7650=EDGE_CURVE('',#5294,#5298,#1536,.T.);
#7652=EDGE_CURVE('',#5293,#5294,#1540,.T.);
#7666=EDGE_CURVE('',#5290,#5294,#1548,.T.);
#7690=EDGE_CURVE('',#5055,#5051,#1564,.T.);
#7693=EDGE_CURVE('',#5064,#5068,#1556,.T.);
#7710=EDGE_CURVE('',#5345,#5349,#1568,.T.);
#7721=EDGE_CURVE('',#5420,#5345,#1584,.T.);
#7723=EDGE_CURVE('',#5420,#5426,#1572,.T.);
#7725=EDGE_CURVE('',#5426,#5349,#1632,.T.);
#7736=EDGE_CURVE('',#5346,#5419,#1576,.T.);
#7738=EDGE_CURVE('',#5419,#5420,#1580,.T.);
#7750=EDGE_CURVE('',#5352,#5423,#1588,.T.);
#7752=EDGE_CURVE('',#5423,#5424,#1640,.T.);
#7754=EDGE_CURVE('',#5419,#5424,#1648,.T.);
#7765=EDGE_CURVE('',#5354,#5352,#1604,.T.);
#7767=EDGE_CURVE('',#5354,#5350,#1620,.T.);
#7769=EDGE_CURVE('',#5350,#5423,#1644,.T.);
#7782=EDGE_CURVE('',#4872,#4859,#1592,.T.);
#7784=EDGE_CURVE('',#4859,#4860,#1596,.T.);
#7786=EDGE_CURVE('',#4860,#5354,#1600,.T.);
#7798=EDGE_CURVE('',#4874,#4863,#1616,.T.);
#7800=EDGE_CURVE('',#4859,#4863,#1628,.T.);
#7812=EDGE_CURVE('',#4864,#4867,#1608,.T.);
#7814=EDGE_CURVE('',#4863,#4864,#1612,.T.);
#7829=EDGE_CURVE('',#4860,#4864,#1624,.T.);
#7854=EDGE_CURVE('',#5424,#5426,#1636,.T.);
#7892=EDGE_CURVE('',#5266,#5251,#1656,.T.);
#7894=EDGE_CURVE('',#5251,#5252,#1660,.T.);
#7896=EDGE_CURVE('',#5252,#5260,#1664,.T.);
#7907=EDGE_CURVE('',#5268,#5255,#1676,.T.);
#7909=EDGE_CURVE('',#5251,#5255,#1684,.T.);
#7921=EDGE_CURVE('',#5256,#5264,#1668,.T.);
#7923=EDGE_CURVE('',#5255,#5256,#1672,.T.);
#7937=EDGE_CURVE('',#5252,#5256,#1680,.T.);
#7962=EDGE_CURVE('',#5226,#5211,#1688,.T.);
#7964=EDGE_CURVE('',#5211,#5212,#1692,.T.);
#7966=EDGE_CURVE('',#5212,#5220,#1696,.T.);
#7977=EDGE_CURVE('',#5228,#5215,#1708,.T.);
#7979=EDGE_CURVE('',#5211,#5215,#1716,.T.);
#7991=EDGE_CURVE('',#5216,#5224,#1700,.T.);
#7993=EDGE_CURVE('',#5215,#5216,#1704,.T.);
#8007=EDGE_CURVE('',#5212,#5216,#1712,.T.);
#8032=EDGE_CURVE('',#4980,#4965,#1720,.T.);
#8034=EDGE_CURVE('',#4965,#4966,#1724,.T.);
#8036=EDGE_CURVE('',#4966,#4973,#1728,.T.);
#8047=EDGE_CURVE('',#4982,#4969,#1740,.T.);
#8049=EDGE_CURVE('',#4965,#4969,#1748,.T.);
#8061=EDGE_CURVE('',#4970,#4977,#1732,.T.);
#8063=EDGE_CURVE('',#4969,#4970,#1736,.T.);
#8077=EDGE_CURVE('',#4966,#4970,#1744,.T.);
#8102=EDGE_CURVE('',#4960,#4945,#1752,.T.);
#8104=EDGE_CURVE('',#4945,#4946,#1756,.T.);
#8106=EDGE_CURVE('',#4946,#4953,#1760,.T.);
#8117=EDGE_CURVE('',#4962,#4949,#1772,.T.);
#8119=EDGE_CURVE('',#4945,#4949,#1780,.T.);
#8131=EDGE_CURVE('',#4950,#4957,#1764,.T.);
#8133=EDGE_CURVE('',#4949,#4950,#1768,.T.);
#8147=EDGE_CURVE('',#4946,#4950,#1776,.T.);
#8172=EDGE_CURVE('',#4940,#4925,#1784,.T.);
#8174=EDGE_CURVE('',#4925,#4926,#1788,.T.);
#8176=EDGE_CURVE('',#4926,#4933,#1792,.T.);
#8187=EDGE_CURVE('',#4942,#4929,#1804,.T.);
#8189=EDGE_CURVE('',#4925,#4929,#1812,.T.);
#8201=EDGE_CURVE('',#4930,#4937,#1796,.T.);
#8203=EDGE_CURVE('',#4929,#4930,#1800,.T.);
#8217=EDGE_CURVE('',#4926,#4930,#1808,.T.);
#8242=EDGE_CURVE('',#5388,#5382,#1824,.T.);
#8256=EDGE_CURVE('',#5386,#5388,#1828,.T.);
#8279=EDGE_CURVE('',#5398,#5396,#1868,.T.);
#8291=EDGE_CURVE('',#5151,#5152,#1836,.T.);
#8293=EDGE_CURVE('',#5151,#4855,#1840,.T.);
#8296=EDGE_CURVE('',#5152,#4999,#1848,.T.);
#8306=EDGE_CURVE('',#5356,#5283,#1852,.T.);
#8309=EDGE_CURVE('',#5358,#5311,#1860,.T.);
#8311=EDGE_CURVE('',#5356,#5358,#1864,.T.);
#8324=EDGE_CURVE('',#5360,#5328,#1872,.T.);
#8326=EDGE_CURVE('',#5328,#5323,#2212,.T.);
#8328=EDGE_CURVE('',#5331,#5323,#2204,.T.);
#8331=EDGE_CURVE('',#5992,#5982,#2268,.T.);
#8333=EDGE_CURVE('',#5974,#5982,#2376,.T.);
#8335=EDGE_CURVE('',#5990,#5974,#2328,.T.);
#8338=EDGE_CURVE('',#5940,#5930,#2448,.T.);
#8340=EDGE_CURVE('',#5922,#5930,#2556,.T.);
#8342=EDGE_CURVE('',#5938,#5922,#2508,.T.);
#8345=EDGE_CURVE('',#5888,#5878,#2628,.T.);
#8347=EDGE_CURVE('',#5870,#5878,#2736,.T.);
#8349=EDGE_CURVE('',#5886,#5870,#2688,.T.);
#8352=EDGE_CURVE('',#5836,#5826,#2808,.T.);
#8354=EDGE_CURVE('',#5818,#5826,#2916,.T.);
#8356=EDGE_CURVE('',#5834,#5818,#2868,.T.);
#8359=EDGE_CURVE('',#5620,#5610,#2988,.T.);
#8361=EDGE_CURVE('',#5602,#5610,#3096,.T.);
#8363=EDGE_CURVE('',#5618,#5602,#3048,.T.);
#8366=EDGE_CURVE('',#5500,#5490,#3168,.T.);
#8368=EDGE_CURVE('',#5482,#5490,#3276,.T.);
#8370=EDGE_CURVE('',#5498,#5482,#3228,.T.);
#8373=EDGE_CURVE('',#4902,#5082,#3356,.T.);
#8375=EDGE_CURVE('',#5074,#5082,#3408,.T.);
#8379=EDGE_CURVE('',#5364,#5367,#1876,.T.);
#8381=EDGE_CURVE('',#5367,#5368,#2224,.T.);
#8383=EDGE_CURVE('',#5362,#5368,#2248,.T.);
#8388=EDGE_CURVE('',#4851,#4852,#1884,.T.);
#8390=EDGE_CURVE('',#4851,#5140,#1888,.T.);
#8392=EDGE_CURVE('',#5139,#5140,#1892,.T.);
#8394=EDGE_CURVE('',#5139,#5143,#1896,.T.);
#8396=EDGE_CURVE('',#5143,#5144,#1900,.T.);
#8398=EDGE_CURVE('',#5144,#4993,#1904,.T.);
#8400=EDGE_CURVE('',#4993,#4994,#1908,.T.);
#8403=EDGE_CURVE('',#5015,#5016,#1916,.T.);
#8405=EDGE_CURVE('',#5015,#5011,#1920,.T.);
#8407=EDGE_CURVE('',#5011,#5012,#1924,.T.);
#8410=EDGE_CURVE('',#5035,#5036,#1932,.T.);
#8412=EDGE_CURVE('',#5035,#5031,#1936,.T.);
#8414=EDGE_CURVE('',#5031,#5032,#1940,.T.);
#8417=EDGE_CURVE('',#5203,#5204,#1948,.T.);
#8419=EDGE_CURVE('',#5203,#5199,#1952,.T.);
#8421=EDGE_CURVE('',#5199,#5200,#1956,.T.);
#8424=EDGE_CURVE('',#5243,#5244,#1964,.T.);
#8426=EDGE_CURVE('',#5243,#5239,#1968,.T.);
#8428=EDGE_CURVE('',#5239,#5240,#1972,.T.);
#8431=EDGE_CURVE('',#5279,#5280,#1980,.T.);
#8433=EDGE_CURVE('',#5279,#5338,#1984,.T.);
#8435=EDGE_CURVE('',#5337,#5338,#1988,.T.);
#8437=EDGE_CURVE('',#5337,#5341,#1992,.T.);
#8439=EDGE_CURVE('',#5341,#5342,#1996,.T.);
#8441=EDGE_CURVE('',#5158,#5342,#2152,.T.);
#8453=EDGE_CURVE('',#5152,#5156,#2012,.T.);
#8455=EDGE_CURVE('',#5154,#5156,#2072,.T.);
#8457=EDGE_CURVE('',#5151,#5154,#2048,.T.);
#8467=EDGE_CURVE('',#5144,#4989,#2000,.T.);
#8470=EDGE_CURVE('',#5148,#5143,#2004,.T.);
#8472=EDGE_CURVE('',#5156,#5148,#2008,.T.);
#8477=EDGE_CURVE('',#4990,#5000,#2016,.T.);
#8479=EDGE_CURVE('',#4989,#4990,#2020,.T.);
#8491=EDGE_CURVE('',#4985,#4989,#2024,.T.);
#8493=EDGE_CURVE('',#4993,#4985,#2028,.T.);
#8503=EDGE_CURVE('',#4985,#4986,#2032,.T.);
#8507=EDGE_CURVE('',#4986,#4990,#2040,.T.);
#8520=EDGE_CURVE('',#4986,#4996,#2036,.T.);
#8544=EDGE_CURVE('',#5146,#5139,#2056,.T.);
#8546=EDGE_CURVE('',#5146,#5148,#2044,.T.);
#8559=EDGE_CURVE('',#5154,#5146,#2052,.T.);
#8563=EDGE_CURVE('',#5140,#4843,#2060,.T.);
#8565=EDGE_CURVE('',#4843,#4844,#2064,.T.);
#8567=EDGE_CURVE('',#4844,#4856,#2068,.T.);
#8591=EDGE_CURVE('',#4851,#4847,#2080,.T.);
#8593=EDGE_CURVE('',#4843,#4847,#2096,.T.);
#8606=EDGE_CURVE('',#4848,#5430,#2084,.T.);
#8608=EDGE_CURVE('',#4847,#4848,#2076,.T.);
#8625=EDGE_CURVE('',#4844,#4848,#2092,.T.);
#8648=EDGE_CURVE('',#5356,#5411,#2100,.T.);
#8650=EDGE_CURVE('',#5411,#5412,#2104,.T.);
#8652=EDGE_CURVE('',#5412,#5337,#2108,.T.);
#8655=EDGE_CURVE('',#5338,#5271,#2112,.T.);
#8657=EDGE_CURVE('',#5271,#5272,#2116,.T.);
#8659=EDGE_CURVE('',#5272,#5284,#2120,.T.);
#8671=EDGE_CURVE('',#5358,#5415,#2136,.T.);
#8673=EDGE_CURVE('',#5411,#5415,#2172,.T.);
#8684=EDGE_CURVE('',#5342,#5307,#2124,.T.);
#8687=EDGE_CURVE('',#5416,#5341,#2128,.T.);
#8689=EDGE_CURVE('',#5415,#5416,#2132,.T.);
#8694=EDGE_CURVE('',#5308,#5312,#2140,.T.);
#8696=EDGE_CURVE('',#5307,#5308,#2144,.T.);
#8707=EDGE_CURVE('',#5307,#5072,#2148,.T.);
#8721=EDGE_CURVE('',#5308,#5071,#2156,.T.);
#8747=EDGE_CURVE('',#5412,#5416,#2168,.T.);
#8771=EDGE_CURVE('',#5279,#5275,#2184,.T.);
#8773=EDGE_CURVE('',#5271,#5275,#2192,.T.);
#8786=EDGE_CURVE('',#5276,#5286,#2176,.T.);
#8788=EDGE_CURVE('',#5275,#5276,#2180,.T.);
#8801=EDGE_CURVE('',#5272,#5276,#2188,.T.);
#8825=EDGE_CURVE('',#5334,#5326,#2196,.T.);
#8827=EDGE_CURVE('',#5326,#5328,#2216,.T.);
#8839=EDGE_CURVE('',#5332,#5324,#2200,.T.);
#8841=EDGE_CURVE('',#5324,#5326,#2220,.T.);
#8854=EDGE_CURVE('',#5323,#5324,#2208,.T.);
#8878=EDGE_CURVE('',#5372,#5367,#2228,.T.);
#8880=EDGE_CURVE('',#5370,#5372,#2232,.T.);
#8882=EDGE_CURVE('',#5368,#5370,#2236,.T.);
#8893=EDGE_CURVE('',#5376,#5372,#2240,.T.);
#8906=EDGE_CURVE('',#5375,#5370,#2244,.T.);
#8930=EDGE_CURVE('',#5968,#5972,#2252,.T.);
#8932=EDGE_CURVE('',#5967,#5968,#2256,.T.);
#8934=EDGE_CURVE('',#5988,#5967,#2260,.T.);
#8936=EDGE_CURVE('',#6000,#5988,#2264,.T.);
#8949=EDGE_CURVE('',#5986,#5998,#2272,.T.);
#8951=EDGE_CURVE('',#5984,#5986,#2276,.T.);
#8953=EDGE_CURVE('',#5964,#5984,#2280,.T.);
#8955=EDGE_CURVE('',#5962,#5964,#2284,.T.);
#8957=EDGE_CURVE('',#5961,#5962,#2288,.T.);
#8959=EDGE_CURVE('',#5982,#5961,#2292,.T.);
#8969=EDGE_CURVE('',#6328,#6323,#2296,.T.);
#8971=EDGE_CURVE('',#6032,#6328,#2300,.T.);
#8974=EDGE_CURVE('',#6323,#6031,#2304,.T.);
#8984=EDGE_CURVE('',#5958,#5970,#2312,.T.);
#8986=EDGE_CURVE('',#5958,#5968,#2308,.T.);
#9000=EDGE_CURVE('',#5996,#5980,#2316,.T.);
#9002=EDGE_CURVE('',#5980,#5957,#2320,.T.);
#9004=EDGE_CURVE('',#5957,#5958,#2324,.T.);
#9015=EDGE_CURVE('',#5974,#5951,#2332,.T.);
#9017=EDGE_CURVE('',#5951,#5952,#2336,.T.);
#9019=EDGE_CURVE('',#5952,#5954,#2340,.T.);
#9021=EDGE_CURVE('',#5954,#5976,#2344,.T.);
#9023=EDGE_CURVE('',#5976,#5978,#2348,.T.);
#9025=EDGE_CURVE('',#5978,#5994,#2352,.T.);
#9036=EDGE_CURVE('',#6336,#6331,#2356,.T.);
#9038=EDGE_CURVE('',#6336,#6027,#2360,.T.);
#9041=EDGE_CURVE('',#6028,#6331,#2364,.T.);
#9054=EDGE_CURVE('',#5980,#5988,#2368,.T.);
#9067=EDGE_CURVE('',#5957,#5967,#2372,.T.);
#9092=EDGE_CURVE('',#5951,#5961,#2380,.T.);
#9105=EDGE_CURVE('',#5952,#5962,#2384,.T.);
#9118=EDGE_CURVE('',#5954,#5964,#2388,.T.);
#9131=EDGE_CURVE('',#5976,#5984,#2392,.T.);
#9144=EDGE_CURVE('',#5978,#5986,#2396,.T.);
#9166=EDGE_CURVE('',#6331,#6332,#2404,.T.);
#9168=EDGE_CURVE('',#6334,#6332,#2424,.T.);
#9170=EDGE_CURVE('',#6334,#6336,#2412,.T.);
#9181=EDGE_CURVE('',#6326,#6328,#2400,.T.);
#9183=EDGE_CURVE('',#6332,#6326,#2428,.T.);
#9197=EDGE_CURVE('',#6323,#6324,#2408,.T.);
#9199=EDGE_CURVE('',#6326,#6324,#2420,.T.);
#9216=EDGE_CURVE('',#6334,#6324,#2416,.T.);
#9238=EDGE_CURVE('',#5916,#5920,#2432,.T.);
#9240=EDGE_CURVE('',#5915,#5916,#2436,.T.);
#9242=EDGE_CURVE('',#5936,#5915,#2440,.T.);
#9244=EDGE_CURVE('',#5948,#5936,#2444,.T.);
#9257=EDGE_CURVE('',#5934,#5946,#2452,.T.);
#9259=EDGE_CURVE('',#5932,#5934,#2456,.T.);
#9261=EDGE_CURVE('',#5912,#5932,#2460,.T.);
#9263=EDGE_CURVE('',#5910,#5912,#2464,.T.);
#9265=EDGE_CURVE('',#5909,#5910,#2468,.T.);
#9267=EDGE_CURVE('',#5930,#5909,#2472,.T.);
#9277=EDGE_CURVE('',#6312,#6307,#2476,.T.);
#9279=EDGE_CURVE('',#6024,#6312,#2480,.T.);
#9282=EDGE_CURVE('',#6307,#6023,#2484,.T.);
#9292=EDGE_CURVE('',#5906,#5918,#2492,.T.);
#9294=EDGE_CURVE('',#5906,#5916,#2488,.T.);
#9308=EDGE_CURVE('',#5944,#5928,#2496,.T.);
#9310=EDGE_CURVE('',#5928,#5905,#2500,.T.);
#9312=EDGE_CURVE('',#5905,#5906,#2504,.T.);
#9323=EDGE_CURVE('',#5922,#5899,#2512,.T.);
#9325=EDGE_CURVE('',#5899,#5900,#2516,.T.);
#9327=EDGE_CURVE('',#5900,#5902,#2520,.T.);
#9329=EDGE_CURVE('',#5902,#5924,#2524,.T.);
#9331=EDGE_CURVE('',#5924,#5926,#2528,.T.);
#9333=EDGE_CURVE('',#5926,#5942,#2532,.T.);
#9344=EDGE_CURVE('',#6320,#6315,#2536,.T.);
#9346=EDGE_CURVE('',#6320,#6019,#2540,.T.);
#9349=EDGE_CURVE('',#6020,#6315,#2544,.T.);
#9362=EDGE_CURVE('',#5928,#5936,#2548,.T.);
#9375=EDGE_CURVE('',#5905,#5915,#2552,.T.);
#9400=EDGE_CURVE('',#5899,#5909,#2560,.T.);
#9413=EDGE_CURVE('',#5900,#5910,#2564,.T.);
#9426=EDGE_CURVE('',#5902,#5912,#2568,.T.);
#9439=EDGE_CURVE('',#5924,#5932,#2572,.T.);
#9452=EDGE_CURVE('',#5926,#5934,#2576,.T.);
#9474=EDGE_CURVE('',#6315,#6316,#2584,.T.);
#9476=EDGE_CURVE('',#6318,#6316,#2604,.T.);
#9478=EDGE_CURVE('',#6318,#6320,#2592,.T.);
#9489=EDGE_CURVE('',#6310,#6312,#2580,.T.);
#9491=EDGE_CURVE('',#6316,#6310,#2608,.T.);
#9505=EDGE_CURVE('',#6307,#6308,#2588,.T.);
#9507=EDGE_CURVE('',#6310,#6308,#2600,.T.);
#9524=EDGE_CURVE('',#6318,#6308,#2596,.T.);
#9546=EDGE_CURVE('',#5864,#5868,#2612,.T.);
#9548=EDGE_CURVE('',#5863,#5864,#2616,.T.);
#9550=EDGE_CURVE('',#5884,#5863,#2620,.T.);
#9552=EDGE_CURVE('',#5896,#5884,#2624,.T.);
#9565=EDGE_CURVE('',#5882,#5894,#2632,.T.);
#9567=EDGE_CURVE('',#5880,#5882,#2636,.T.);
#9569=EDGE_CURVE('',#5860,#5880,#2640,.T.);
#9571=EDGE_CURVE('',#5858,#5860,#2644,.T.);
#9573=EDGE_CURVE('',#5857,#5858,#2648,.T.);
#9575=EDGE_CURVE('',#5878,#5857,#2652,.T.);
#9585=EDGE_CURVE('',#6296,#6291,#2656,.T.);
#9587=EDGE_CURVE('',#6016,#6296,#2660,.T.);
#9590=EDGE_CURVE('',#6291,#6015,#2664,.T.);
#9600=EDGE_CURVE('',#5854,#5866,#2672,.T.);
#9602=EDGE_CURVE('',#5854,#5864,#2668,.T.);
#9616=EDGE_CURVE('',#5892,#5876,#2676,.T.);
#9618=EDGE_CURVE('',#5876,#5853,#2680,.T.);
#9620=EDGE_CURVE('',#5853,#5854,#2684,.T.);
#9631=EDGE_CURVE('',#5870,#5847,#2692,.T.);
#9633=EDGE_CURVE('',#5847,#5848,#2696,.T.);
#9635=EDGE_CURVE('',#5848,#5850,#2700,.T.);
#9637=EDGE_CURVE('',#5850,#5872,#2704,.T.);
#9639=EDGE_CURVE('',#5872,#5874,#2708,.T.);
#9641=EDGE_CURVE('',#5874,#5890,#2712,.T.);
#9652=EDGE_CURVE('',#6304,#6299,#2716,.T.);
#9654=EDGE_CURVE('',#6304,#6011,#2720,.T.);
#9657=EDGE_CURVE('',#6012,#6299,#2724,.T.);
#9670=EDGE_CURVE('',#5876,#5884,#2728,.T.);
#9683=EDGE_CURVE('',#5853,#5863,#2732,.T.);
#9708=EDGE_CURVE('',#5847,#5857,#2740,.T.);
#9721=EDGE_CURVE('',#5848,#5858,#2744,.T.);
#9734=EDGE_CURVE('',#5850,#5860,#2748,.T.);
#9747=EDGE_CURVE('',#5872,#5880,#2752,.T.);
#9760=EDGE_CURVE('',#5874,#5882,#2756,.T.);
#9782=EDGE_CURVE('',#6299,#6300,#2764,.T.);
#9784=EDGE_CURVE('',#6302,#6300,#2784,.T.);
#9786=EDGE_CURVE('',#6302,#6304,#2772,.T.);
#9797=EDGE_CURVE('',#6294,#6296,#2760,.T.);
#9799=EDGE_CURVE('',#6300,#6294,#2788,.T.);
#9813=EDGE_CURVE('',#6291,#6292,#2768,.T.);
#9815=EDGE_CURVE('',#6294,#6292,#2780,.T.);
#9832=EDGE_CURVE('',#6302,#6292,#2776,.T.);
#9854=EDGE_CURVE('',#5812,#5816,#2792,.T.);
#9856=EDGE_CURVE('',#5811,#5812,#2796,.T.);
#9858=EDGE_CURVE('',#5832,#5811,#2800,.T.);
#9860=EDGE_CURVE('',#5844,#5832,#2804,.T.);
#9873=EDGE_CURVE('',#5830,#5842,#2812,.T.);
#9875=EDGE_CURVE('',#5828,#5830,#2816,.T.);
#9877=EDGE_CURVE('',#5808,#5828,#2820,.T.);
#9879=EDGE_CURVE('',#5806,#5808,#2824,.T.);
#9881=EDGE_CURVE('',#5805,#5806,#2828,.T.);
#9883=EDGE_CURVE('',#5826,#5805,#2832,.T.);
#9893=EDGE_CURVE('',#6280,#6275,#2836,.T.);
#9895=EDGE_CURVE('',#6008,#6280,#2840,.T.);
#9898=EDGE_CURVE('',#6275,#6007,#2844,.T.);
#9908=EDGE_CURVE('',#5802,#5814,#2852,.T.);
#9910=EDGE_CURVE('',#5802,#5812,#2848,.T.);
#9924=EDGE_CURVE('',#5840,#5824,#2856,.T.);
#9926=EDGE_CURVE('',#5824,#5801,#2860,.T.);
#9928=EDGE_CURVE('',#5801,#5802,#2864,.T.);
#9939=EDGE_CURVE('',#5818,#5795,#2872,.T.);
#9941=EDGE_CURVE('',#5795,#5796,#2876,.T.);
#9943=EDGE_CURVE('',#5796,#5798,#2880,.T.);
#9945=EDGE_CURVE('',#5798,#5820,#2884,.T.);
#9947=EDGE_CURVE('',#5820,#5822,#2888,.T.);
#9949=EDGE_CURVE('',#5822,#5838,#2892,.T.);
#9960=EDGE_CURVE('',#6288,#6283,#2896,.T.);
#9962=EDGE_CURVE('',#6288,#6003,#2900,.T.);
#9965=EDGE_CURVE('',#6004,#6283,#2904,.T.);
#9978=EDGE_CURVE('',#5824,#5832,#2908,.T.);
#9991=EDGE_CURVE('',#5801,#5811,#2912,.T.);
#10016=EDGE_CURVE('',#5795,#5805,#2920,.T.);
#10029=EDGE_CURVE('',#5796,#5806,#2924,.T.);
#10042=EDGE_CURVE('',#5798,#5808,#2928,.T.);
#10055=EDGE_CURVE('',#5820,#5828,#2932,.T.);
#10068=EDGE_CURVE('',#5822,#5830,#2936,.T.);
#10090=EDGE_CURVE('',#6283,#6284,#2944,.T.);
#10092=EDGE_CURVE('',#6286,#6284,#2964,.T.);
#10094=EDGE_CURVE('',#6286,#6288,#2952,.T.);
#10105=EDGE_CURVE('',#6278,#6280,#2940,.T.);
#10107=EDGE_CURVE('',#6284,#6278,#2968,.T.);
#10121=EDGE_CURVE('',#6275,#6276,#2948,.T.);
#10123=EDGE_CURVE('',#6278,#6276,#2960,.T.);
#10140=EDGE_CURVE('',#6286,#6276,#2956,.T.);
#10162=EDGE_CURVE('',#5596,#5600,#2972,.T.);
#10164=EDGE_CURVE('',#5595,#5596,#2976,.T.);
#10166=EDGE_CURVE('',#5616,#5595,#2980,.T.);
#10168=EDGE_CURVE('',#5628,#5616,#2984,.T.);
#10181=EDGE_CURVE('',#5614,#5626,#2992,.T.);
#10183=EDGE_CURVE('',#5612,#5614,#2996,.T.);
#10185=EDGE_CURVE('',#5592,#5612,#3000,.T.);
#10187=EDGE_CURVE('',#5590,#5592,#3004,.T.);
#10189=EDGE_CURVE('',#5589,#5590,#3008,.T.);
#10191=EDGE_CURVE('',#5610,#5589,#3012,.T.);
#10201=EDGE_CURVE('',#5752,#5747,#3016,.T.);
#10203=EDGE_CURVE('',#5636,#5752,#3020,.T.);
#10206=EDGE_CURVE('',#5747,#5635,#3024,.T.);
#10216=EDGE_CURVE('',#5586,#5598,#3032,.T.);
#10218=EDGE_CURVE('',#5586,#5596,#3028,.T.);
#10232=EDGE_CURVE('',#5624,#5608,#3036,.T.);
#10234=EDGE_CURVE('',#5608,#5585,#3040,.T.);
#10236=EDGE_CURVE('',#5585,#5586,#3044,.T.);
#10247=EDGE_CURVE('',#5602,#5579,#3052,.T.);
#10249=EDGE_CURVE('',#5579,#5580,#3056,.T.);
#10251=EDGE_CURVE('',#5580,#5582,#3060,.T.);
#10253=EDGE_CURVE('',#5582,#5604,#3064,.T.);
#10255=EDGE_CURVE('',#5604,#5606,#3068,.T.);
#10257=EDGE_CURVE('',#5606,#5622,#3072,.T.);
#10268=EDGE_CURVE('',#5760,#5755,#3076,.T.);
#10270=EDGE_CURVE('',#5760,#5631,#3080,.T.);
#10273=EDGE_CURVE('',#5632,#5755,#3084,.T.);
#10286=EDGE_CURVE('',#5608,#5616,#3088,.T.);
#10299=EDGE_CURVE('',#5585,#5595,#3092,.T.);
#10324=EDGE_CURVE('',#5579,#5589,#3100,.T.);
#10337=EDGE_CURVE('',#5580,#5590,#3104,.T.);
#10350=EDGE_CURVE('',#5582,#5592,#3108,.T.);
#10363=EDGE_CURVE('',#5604,#5612,#3112,.T.);
#10376=EDGE_CURVE('',#5606,#5614,#3116,.T.);
#10398=EDGE_CURVE('',#5755,#5756,#3124,.T.);
#10400=EDGE_CURVE('',#5758,#5756,#3144,.T.);
#10402=EDGE_CURVE('',#5758,#5760,#3132,.T.);
#10413=EDGE_CURVE('',#5750,#5752,#3120,.T.);
#10415=EDGE_CURVE('',#5756,#5750,#3148,.T.);
#10429=EDGE_CURVE('',#5747,#5748,#3128,.T.);
#10431=EDGE_CURVE('',#5750,#5748,#3140,.T.);
#10448=EDGE_CURVE('',#5758,#5748,#3136,.T.);
#10470=EDGE_CURVE('',#5476,#5480,#3152,.T.);
#10472=EDGE_CURVE('',#5475,#5476,#3156,.T.);
#10474=EDGE_CURVE('',#5496,#5475,#3160,.T.);
#10476=EDGE_CURVE('',#5508,#5496,#3164,.T.);
#10489=EDGE_CURVE('',#5494,#5506,#3172,.T.);
#10491=EDGE_CURVE('',#5492,#5494,#3176,.T.);
#10493=EDGE_CURVE('',#5472,#5492,#3180,.T.);
#10495=EDGE_CURVE('',#5470,#5472,#3184,.T.);
#10497=EDGE_CURVE('',#5469,#5470,#3188,.T.);
#10499=EDGE_CURVE('',#5490,#5469,#3192,.T.);
#10509=EDGE_CURVE('',#5736,#5731,#3196,.T.);
#10511=EDGE_CURVE('',#5516,#5736,#3200,.T.);
#10514=EDGE_CURVE('',#5731,#5515,#3204,.T.);
#10524=EDGE_CURVE('',#5466,#5478,#3212,.T.);
#10526=EDGE_CURVE('',#5466,#5476,#3208,.T.);
#10540=EDGE_CURVE('',#5504,#5488,#3216,.T.);
#10542=EDGE_CURVE('',#5488,#5465,#3220,.T.);
#10544=EDGE_CURVE('',#5465,#5466,#3224,.T.);
#10555=EDGE_CURVE('',#5482,#5459,#3232,.T.);
#10557=EDGE_CURVE('',#5459,#5460,#3236,.T.);
#10559=EDGE_CURVE('',#5460,#5462,#3240,.T.);
#10561=EDGE_CURVE('',#5462,#5484,#3244,.T.);
#10563=EDGE_CURVE('',#5484,#5486,#3248,.T.);
#10565=EDGE_CURVE('',#5486,#5502,#3252,.T.);
#10576=EDGE_CURVE('',#5744,#5739,#3256,.T.);
#10578=EDGE_CURVE('',#5744,#5511,#3260,.T.);
#10581=EDGE_CURVE('',#5512,#5739,#3264,.T.);
#10594=EDGE_CURVE('',#5488,#5496,#3268,.T.);
#10607=EDGE_CURVE('',#5465,#5475,#3272,.T.);
#10632=EDGE_CURVE('',#5459,#5469,#3280,.T.);
#10645=EDGE_CURVE('',#5460,#5470,#3284,.T.);
#10658=EDGE_CURVE('',#5462,#5472,#3288,.T.);
#10671=EDGE_CURVE('',#5484,#5492,#3292,.T.);
#10684=EDGE_CURVE('',#5486,#5494,#3296,.T.);
#10706=EDGE_CURVE('',#5739,#5740,#3304,.T.);
#10708=EDGE_CURVE('',#5742,#5740,#3324,.T.);
#10710=EDGE_CURVE('',#5742,#5744,#3312,.T.);
#10721=EDGE_CURVE('',#5734,#5736,#3300,.T.);
#10723=EDGE_CURVE('',#5740,#5734,#3328,.T.);
#10737=EDGE_CURVE('',#5731,#5732,#3308,.T.);
#10739=EDGE_CURVE('',#5734,#5732,#3320,.T.);
#10756=EDGE_CURVE('',#5742,#5732,#3316,.T.);
#10779=EDGE_CURVE('',#5086,#4901,#3332,.T.);
#10781=EDGE_CURVE('',#5084,#5086,#3336,.T.);
#10783=EDGE_CURVE('',#4890,#5084,#3340,.T.);
#10785=EDGE_CURVE('',#4888,#4890,#3344,.T.);
#10787=EDGE_CURVE('',#4887,#4888,#3348,.T.);
#10789=EDGE_CURVE('',#5082,#4887,#3352,.T.);
#10801=EDGE_CURVE('',#4894,#4906,#3360,.T.);
#10803=EDGE_CURVE('',#4893,#4894,#3364,.T.);
#10805=EDGE_CURVE('',#5088,#4893,#3368,.T.);
#10807=EDGE_CURVE('',#5092,#5088,#3372,.T.);
#10817=EDGE_CURVE('',#5704,#5699,#3376,.T.);
#10819=EDGE_CURVE('',#4840,#5704,#3380,.T.);
#10822=EDGE_CURVE('',#5699,#4839,#3384,.T.);
#10834=EDGE_CURVE('',#5078,#5086,#3388,.T.);
#10846=EDGE_CURVE('',#5076,#5084,#3392,.T.);
#10859=EDGE_CURVE('',#4880,#4890,#3396,.T.);
#10872=EDGE_CURVE('',#4878,#4888,#3400,.T.);
#10885=EDGE_CURVE('',#4877,#4887,#3404,.T.);
#10911=EDGE_CURVE('',#4884,#4894,#3412,.T.);
#10923=EDGE_CURVE('',#4883,#4893,#3416,.T.);
#10936=EDGE_CURVE('',#5080,#5088,#3420,.T.);
#10960=EDGE_CURVE('',#5699,#5700,#3424,.T.);
#10962=EDGE_CURVE('',#5702,#5700,#3444,.T.);
#10964=EDGE_CURVE('',#5702,#5704,#3436,.T.);
#10979=EDGE_CURVE('',#5710,#5712,#3428,.T.);
#10981=EDGE_CURVE('',#5710,#5700,#3432,.T.);
#10991=EDGE_CURVE('',#5707,#5708,#3440,.T.);
#10993=EDGE_CURVE('',#5710,#5708,#3448,.T.);
#11006=EDGE_CURVE('',#5708,#5702,#3452,.T.);
#11034=EDGE_CURVE('',#5008,#5020,#3456,.T.);
#11036=EDGE_CURVE('',#5007,#5008,#3460,.T.);
#11038=EDGE_CURVE('',#5015,#5007,#3464,.T.);
#11049=EDGE_CURVE('',#5004,#5018,#3480,.T.);
#11051=EDGE_CURVE('',#5004,#5008,#3468,.T.);
#11063=EDGE_CURVE('',#5011,#5003,#3472,.T.);
#11065=EDGE_CURVE('',#5003,#5004,#3476,.T.);
#11079=EDGE_CURVE('',#5003,#5007,#3484,.T.);
#11104=EDGE_CURVE('',#5028,#5040,#3488,.T.);
#11106=EDGE_CURVE('',#5027,#5028,#3492,.T.);
#11108=EDGE_CURVE('',#5035,#5027,#3496,.T.);
#11119=EDGE_CURVE('',#5024,#5038,#3512,.T.);
#11121=EDGE_CURVE('',#5024,#5028,#3500,.T.);
#11133=EDGE_CURVE('',#5031,#5023,#3504,.T.);
#11135=EDGE_CURVE('',#5023,#5024,#3508,.T.);
#11149=EDGE_CURVE('',#5023,#5027,#3516,.T.);
#11174=EDGE_CURVE('',#5196,#5208,#3520,.T.);
#11176=EDGE_CURVE('',#5195,#5196,#3524,.T.);
#11178=EDGE_CURVE('',#5203,#5195,#3528,.T.);
#11189=EDGE_CURVE('',#5192,#5206,#3544,.T.);
#11191=EDGE_CURVE('',#5192,#5196,#3532,.T.);
#11203=EDGE_CURVE('',#5199,#5191,#3536,.T.);
#11205=EDGE_CURVE('',#5191,#5192,#3540,.T.);
#11219=EDGE_CURVE('',#5191,#5195,#3548,.T.);
#11244=EDGE_CURVE('',#5236,#5248,#3552,.T.);
#11246=EDGE_CURVE('',#5235,#5236,#3556,.T.);
#11248=EDGE_CURVE('',#5243,#5235,#3560,.T.);
#11259=EDGE_CURVE('',#5232,#5246,#3576,.T.);
#11261=EDGE_CURVE('',#5232,#5236,#3564,.T.);
#11273=EDGE_CURVE('',#5239,#5231,#3568,.T.);
#11275=EDGE_CURVE('',#5231,#5232,#3572,.T.);
#11289=EDGE_CURVE('',#5231,#5235,#3580,.T.);
#11326=EDGE_CURVE('',#5164,#5166,#3592,.T.);
#11328=EDGE_CURVE('',#5162,#5164,#3596,.T.);
#11351=EDGE_CURVE('',#5178,#5164,#3616,.T.);
#11375=EDGE_CURVE('',#5534,#5556,#3640,.T.);
#11378=EDGE_CURVE('',#5552,#5560,#3704,.T.);
#11380=EDGE_CURVE('',#5534,#5552,#3624,.T.);
#11390=EDGE_CURVE('',#5554,#5519,#3628,.T.);
#11393=EDGE_CURVE('',#5520,#5562,#3632,.T.);
#11395=EDGE_CURVE('',#5519,#5520,#3636,.T.);
#11406=EDGE_CURVE('',#5532,#5534,#3644,.T.);
#11408=EDGE_CURVE('',#5530,#5532,#3648,.T.);
#11410=EDGE_CURVE('',#5528,#5530,#3652,.T.);
#11412=EDGE_CURVE('',#5527,#5528,#3656,.T.);
#11414=EDGE_CURVE('',#5524,#5527,#3660,.T.);
#11416=EDGE_CURVE('',#5523,#5524,#3664,.T.);
#11418=EDGE_CURVE('',#5564,#5523,#3668,.T.);
#11429=EDGE_CURVE('',#5768,#5763,#3672,.T.);
#11431=EDGE_CURVE('',#5571,#5768,#3676,.T.);
#11434=EDGE_CURVE('',#5763,#5572,#3680,.T.);
#11445=EDGE_CURVE('',#5519,#5537,#3684,.T.);
#11447=EDGE_CURVE('',#5558,#5537,#3692,.T.);
#11459=EDGE_CURVE('',#5520,#5538,#3688,.T.);
#11461=EDGE_CURVE('',#5537,#5538,#3696,.T.);
#11474=EDGE_CURVE('',#5538,#5566,#3700,.T.);
#11499=EDGE_CURVE('',#5568,#5541,#3708,.T.);
#11501=EDGE_CURVE('',#5541,#5542,#3712,.T.);
#11503=EDGE_CURVE('',#5542,#5545,#3716,.T.);
#11505=EDGE_CURVE('',#5545,#5546,#3720,.T.);
#11507=EDGE_CURVE('',#5546,#5548,#3724,.T.);
#11509=EDGE_CURVE('',#5548,#5550,#3728,.T.);
#11511=EDGE_CURVE('',#5550,#5552,#3732,.T.);
#11521=EDGE_CURVE('',#5776,#5771,#3736,.T.);
#11523=EDGE_CURVE('',#5776,#5576,#3740,.T.);
#11526=EDGE_CURVE('',#5575,#5771,#3744,.T.);
#11537=EDGE_CURVE('',#5523,#5541,#3748,.T.);
#11550=EDGE_CURVE('',#5524,#5542,#3752,.T.);
#11563=EDGE_CURVE('',#5527,#5545,#3756,.T.);
#11576=EDGE_CURVE('',#5528,#5546,#3760,.T.);
#11589=EDGE_CURVE('',#5530,#5548,#3764,.T.);
#11602=EDGE_CURVE('',#5532,#5550,#3768,.T.);
#11626=EDGE_CURVE('',#5771,#5772,#3776,.T.);
#11628=EDGE_CURVE('',#5774,#5772,#3796,.T.);
#11630=EDGE_CURVE('',#5774,#5776,#3784,.T.);
#11641=EDGE_CURVE('',#5766,#5768,#3772,.T.);
#11643=EDGE_CURVE('',#5766,#5772,#3800,.T.);
#11657=EDGE_CURVE('',#5763,#5764,#3780,.T.);
#11659=EDGE_CURVE('',#5766,#5764,#3792,.T.);
#11676=EDGE_CURVE('',#5764,#5774,#3788,.T.);
#11698=EDGE_CURVE('',#5654,#5676,#3820,.T.);
#11701=EDGE_CURVE('',#5672,#5680,#3884,.T.);
#11703=EDGE_CURVE('',#5654,#5672,#3804,.T.);
#11713=EDGE_CURVE('',#5674,#5639,#3808,.T.);
#11716=EDGE_CURVE('',#5640,#5682,#3812,.T.);
#11718=EDGE_CURVE('',#5639,#5640,#3816,.T.);
#11729=EDGE_CURVE('',#5652,#5654,#3824,.T.);
#11731=EDGE_CURVE('',#5650,#5652,#3828,.T.);
#11733=EDGE_CURVE('',#5648,#5650,#3832,.T.);
#11735=EDGE_CURVE('',#5647,#5648,#3836,.T.);
#11737=EDGE_CURVE('',#5644,#5647,#3840,.T.);
#11739=EDGE_CURVE('',#5643,#5644,#3844,.T.);
#11741=EDGE_CURVE('',#5684,#5643,#3848,.T.);
#11752=EDGE_CURVE('',#5784,#5779,#3852,.T.);
#11754=EDGE_CURVE('',#5691,#5784,#3856,.T.);
#11757=EDGE_CURVE('',#5779,#5692,#3860,.T.);
#11768=EDGE_CURVE('',#5639,#5657,#3864,.T.);
#11770=EDGE_CURVE('',#5678,#5657,#3872,.T.);
#11782=EDGE_CURVE('',#5640,#5658,#3868,.T.);
#11784=EDGE_CURVE('',#5657,#5658,#3876,.T.);
#11797=EDGE_CURVE('',#5658,#5686,#3880,.T.);
#11822=EDGE_CURVE('',#5688,#5661,#3888,.T.);
#11824=EDGE_CURVE('',#5661,#5662,#3892,.T.);
#11826=EDGE_CURVE('',#5662,#5665,#3896,.T.);
#11828=EDGE_CURVE('',#5665,#5666,#3900,.T.);
#11830=EDGE_CURVE('',#5666,#5668,#3904,.T.);
#11832=EDGE_CURVE('',#5668,#5670,#3908,.T.);
#11834=EDGE_CURVE('',#5670,#5672,#3912,.T.);
#11844=EDGE_CURVE('',#5792,#5787,#3916,.T.);
#11846=EDGE_CURVE('',#5792,#5696,#3920,.T.);
#11849=EDGE_CURVE('',#5695,#5787,#3924,.T.);
#11860=EDGE_CURVE('',#5643,#5661,#3928,.T.);
#11873=EDGE_CURVE('',#5644,#5662,#3932,.T.);
#11886=EDGE_CURVE('',#5647,#5665,#3936,.T.);
#11899=EDGE_CURVE('',#5648,#5666,#3940,.T.);
#11912=EDGE_CURVE('',#5650,#5668,#3944,.T.);
#11925=EDGE_CURVE('',#5652,#5670,#3948,.T.);
#11949=EDGE_CURVE('',#5787,#5788,#3956,.T.);
#11951=EDGE_CURVE('',#5790,#5788,#3976,.T.);
#11953=EDGE_CURVE('',#5790,#5792,#3964,.T.);
#11964=EDGE_CURVE('',#5782,#5784,#3952,.T.);
#11966=EDGE_CURVE('',#5782,#5788,#3980,.T.);
#11980=EDGE_CURVE('',#5779,#5780,#3960,.T.);
#11982=EDGE_CURVE('',#5782,#5780,#3972,.T.);
#11999=EDGE_CURVE('',#5780,#5790,#3968,.T.);
#12021=EDGE_CURVE('',#6050,#6072,#4000,.T.);
#12024=EDGE_CURVE('',#6068,#6076,#4064,.T.);
#12026=EDGE_CURVE('',#6050,#6068,#3984,.T.);
#12036=EDGE_CURVE('',#6070,#6035,#3988,.T.);
#12039=EDGE_CURVE('',#6036,#6078,#3992,.T.);
#12041=EDGE_CURVE('',#6035,#6036,#3996,.T.);
#12052=EDGE_CURVE('',#6048,#6050,#4004,.T.);
#12054=EDGE_CURVE('',#6046,#6048,#4008,.T.);
#12056=EDGE_CURVE('',#6044,#6046,#4012,.T.);
#12058=EDGE_CURVE('',#6043,#6044,#4016,.T.);
#12060=EDGE_CURVE('',#6040,#6043,#4020,.T.);
#12062=EDGE_CURVE('',#6039,#6040,#4024,.T.);
#12064=EDGE_CURVE('',#6080,#6039,#4028,.T.);
#12075=EDGE_CURVE('',#6344,#6339,#4032,.T.);
#12077=EDGE_CURVE('',#6243,#6344,#4036,.T.);
#12080=EDGE_CURVE('',#6339,#6244,#4040,.T.);
#12091=EDGE_CURVE('',#6035,#6053,#4044,.T.);
#12093=EDGE_CURVE('',#6074,#6053,#4052,.T.);
#12105=EDGE_CURVE('',#6036,#6054,#4048,.T.);
#12107=EDGE_CURVE('',#6053,#6054,#4056,.T.);
#12120=EDGE_CURVE('',#6054,#6082,#4060,.T.);
#12145=EDGE_CURVE('',#6084,#6057,#4068,.T.);
#12147=EDGE_CURVE('',#6057,#6058,#4072,.T.);
#12149=EDGE_CURVE('',#6058,#6061,#4076,.T.);
#12151=EDGE_CURVE('',#6061,#6062,#4080,.T.);
#12153=EDGE_CURVE('',#6062,#6064,#4084,.T.);
#12155=EDGE_CURVE('',#6064,#6066,#4088,.T.);
#12157=EDGE_CURVE('',#6066,#6068,#4092,.T.);
#12167=EDGE_CURVE('',#6352,#6347,#4096,.T.);
#12169=EDGE_CURVE('',#6352,#6248,#4100,.T.);
#12172=EDGE_CURVE('',#6247,#6347,#4104,.T.);
#12183=EDGE_CURVE('',#6039,#6057,#4108,.T.);
#12196=EDGE_CURVE('',#6040,#6058,#4112,.T.);
#12209=EDGE_CURVE('',#6043,#6061,#4116,.T.);
#12222=EDGE_CURVE('',#6044,#6062,#4120,.T.);
#12235=EDGE_CURVE('',#6046,#6064,#4124,.T.);
#12248=EDGE_CURVE('',#6048,#6066,#4128,.T.);
#12272=EDGE_CURVE('',#6347,#6348,#4136,.T.);
#12274=EDGE_CURVE('',#6350,#6348,#4156,.T.);
#12276=EDGE_CURVE('',#6350,#6352,#4144,.T.);
#12287=EDGE_CURVE('',#6342,#6344,#4132,.T.);
#12289=EDGE_CURVE('',#6342,#6348,#4160,.T.);
#12303=EDGE_CURVE('',#6339,#6340,#4140,.T.);
#12305=EDGE_CURVE('',#6342,#6340,#4152,.T.);
#12322=EDGE_CURVE('',#6340,#6350,#4148,.T.);
#12344=EDGE_CURVE('',#6102,#6124,#4180,.T.);
#12347=EDGE_CURVE('',#6120,#6128,#4244,.T.);
#12349=EDGE_CURVE('',#6102,#6120,#4164,.T.);
#12359=EDGE_CURVE('',#6122,#6087,#4168,.T.);
#12362=EDGE_CURVE('',#6088,#6130,#4172,.T.);
#12364=EDGE_CURVE('',#6087,#6088,#4176,.T.);
#12375=EDGE_CURVE('',#6100,#6102,#4184,.T.);
#12377=EDGE_CURVE('',#6098,#6100,#4188,.T.);
#12379=EDGE_CURVE('',#6096,#6098,#4192,.T.);
#12381=EDGE_CURVE('',#6095,#6096,#4196,.T.);
#12383=EDGE_CURVE('',#6092,#6095,#4200,.T.);
#12385=EDGE_CURVE('',#6091,#6092,#4204,.T.);
#12387=EDGE_CURVE('',#6132,#6091,#4208,.T.);
#12398=EDGE_CURVE('',#6360,#6355,#4212,.T.);
#12400=EDGE_CURVE('',#6251,#6360,#4216,.T.);
#12403=EDGE_CURVE('',#6355,#6252,#4220,.T.);
#12414=EDGE_CURVE('',#6087,#6105,#4224,.T.);
#12416=EDGE_CURVE('',#6126,#6105,#4232,.T.);
#12428=EDGE_CURVE('',#6088,#6106,#4228,.T.);
#12430=EDGE_CURVE('',#6105,#6106,#4236,.T.);
#12443=EDGE_CURVE('',#6106,#6134,#4240,.T.);
#12468=EDGE_CURVE('',#6136,#6109,#4248,.T.);
#12470=EDGE_CURVE('',#6109,#6110,#4252,.T.);
#12472=EDGE_CURVE('',#6110,#6113,#4256,.T.);
#12474=EDGE_CURVE('',#6113,#6114,#4260,.T.);
#12476=EDGE_CURVE('',#6114,#6116,#4264,.T.);
#12478=EDGE_CURVE('',#6116,#6118,#4268,.T.);
#12480=EDGE_CURVE('',#6118,#6120,#4272,.T.);
#12490=EDGE_CURVE('',#6368,#6363,#4276,.T.);
#12492=EDGE_CURVE('',#6368,#6256,#4280,.T.);
#12495=EDGE_CURVE('',#6255,#6363,#4284,.T.);
#12506=EDGE_CURVE('',#6091,#6109,#4288,.T.);
#12519=EDGE_CURVE('',#6092,#6110,#4292,.T.);
#12532=EDGE_CURVE('',#6095,#6113,#4296,.T.);
#12545=EDGE_CURVE('',#6096,#6114,#4300,.T.);
#12558=EDGE_CURVE('',#6098,#6116,#4304,.T.);
#12571=EDGE_CURVE('',#6100,#6118,#4308,.T.);
#12595=EDGE_CURVE('',#6363,#6364,#4316,.T.);
#12597=EDGE_CURVE('',#6366,#6364,#4336,.T.);
#12599=EDGE_CURVE('',#6366,#6368,#4324,.T.);
#12610=EDGE_CURVE('',#6358,#6360,#4312,.T.);
#12612=EDGE_CURVE('',#6358,#6364,#4340,.T.);
#12626=EDGE_CURVE('',#6355,#6356,#4320,.T.);
#12628=EDGE_CURVE('',#6358,#6356,#4332,.T.);
#12645=EDGE_CURVE('',#6356,#6366,#4328,.T.);
#12667=EDGE_CURVE('',#6154,#6176,#4360,.T.);
#12670=EDGE_CURVE('',#6172,#6180,#4424,.T.);
#12672=EDGE_CURVE('',#6154,#6172,#4344,.T.);
#12682=EDGE_CURVE('',#6174,#6139,#4348,.T.);
#12685=EDGE_CURVE('',#6140,#6182,#4352,.T.);
#12687=EDGE_CURVE('',#6139,#6140,#4356,.T.);
#12698=EDGE_CURVE('',#6152,#6154,#4364,.T.);
#12700=EDGE_CURVE('',#6150,#6152,#4368,.T.);
#12702=EDGE_CURVE('',#6148,#6150,#4372,.T.);
#12704=EDGE_CURVE('',#6147,#6148,#4376,.T.);
#12706=EDGE_CURVE('',#6144,#6147,#4380,.T.);
#12708=EDGE_CURVE('',#6143,#6144,#4384,.T.);
#12710=EDGE_CURVE('',#6184,#6143,#4388,.T.);
#12721=EDGE_CURVE('',#6376,#6371,#4392,.T.);
#12723=EDGE_CURVE('',#6259,#6376,#4396,.T.);
#12726=EDGE_CURVE('',#6371,#6260,#4400,.T.);
#12737=EDGE_CURVE('',#6139,#6157,#4404,.T.);
#12739=EDGE_CURVE('',#6178,#6157,#4412,.T.);
#12751=EDGE_CURVE('',#6140,#6158,#4408,.T.);
#12753=EDGE_CURVE('',#6157,#6158,#4416,.T.);
#12766=EDGE_CURVE('',#6158,#6186,#4420,.T.);
#12791=EDGE_CURVE('',#6188,#6161,#4428,.T.);
#12793=EDGE_CURVE('',#6161,#6162,#4432,.T.);
#12795=EDGE_CURVE('',#6162,#6165,#4436,.T.);
#12797=EDGE_CURVE('',#6165,#6166,#4440,.T.);
#12799=EDGE_CURVE('',#6166,#6168,#4444,.T.);
#12801=EDGE_CURVE('',#6168,#6170,#4448,.T.);
#12803=EDGE_CURVE('',#6170,#6172,#4452,.T.);
#12813=EDGE_CURVE('',#6384,#6379,#4456,.T.);
#12815=EDGE_CURVE('',#6384,#6264,#4460,.T.);
#12818=EDGE_CURVE('',#6263,#6379,#4464,.T.);
#12829=EDGE_CURVE('',#6143,#6161,#4468,.T.);
#12842=EDGE_CURVE('',#6144,#6162,#4472,.T.);
#12855=EDGE_CURVE('',#6147,#6165,#4476,.T.);
#12868=EDGE_CURVE('',#6148,#6166,#4480,.T.);
#12881=EDGE_CURVE('',#6150,#6168,#4484,.T.);
#12894=EDGE_CURVE('',#6152,#6170,#4488,.T.);
#12918=EDGE_CURVE('',#6379,#6380,#4496,.T.);
#12920=EDGE_CURVE('',#6382,#6380,#4516,.T.);
#12922=EDGE_CURVE('',#6382,#6384,#4504,.T.);
#12933=EDGE_CURVE('',#6374,#6376,#4492,.T.);
#12935=EDGE_CURVE('',#6374,#6380,#4520,.T.);
#12949=EDGE_CURVE('',#6371,#6372,#4500,.T.);
#12951=EDGE_CURVE('',#6374,#6372,#4512,.T.);
#12968=EDGE_CURVE('',#6372,#6382,#4508,.T.);
#12990=EDGE_CURVE('',#6206,#6228,#4540,.T.);
#12993=EDGE_CURVE('',#6224,#6232,#4604,.T.);
#12995=EDGE_CURVE('',#6206,#6224,#4524,.T.);
#13005=EDGE_CURVE('',#6226,#6191,#4528,.T.);
#13008=EDGE_CURVE('',#6192,#6234,#4532,.T.);
#13010=EDGE_CURVE('',#6191,#6192,#4536,.T.);
#13021=EDGE_CURVE('',#6204,#6206,#4544,.T.);
#13023=EDGE_CURVE('',#6202,#6204,#4548,.T.);
#13025=EDGE_CURVE('',#6200,#6202,#4552,.T.);
#13027=EDGE_CURVE('',#6199,#6200,#4556,.T.);
#13029=EDGE_CURVE('',#6196,#6199,#4560,.T.);
#13031=EDGE_CURVE('',#6195,#6196,#4564,.T.);
#13033=EDGE_CURVE('',#6236,#6195,#4568,.T.);
#13044=EDGE_CURVE('',#6392,#6387,#4572,.T.);
#13046=EDGE_CURVE('',#6267,#6392,#4576,.T.);
#13049=EDGE_CURVE('',#6387,#6268,#4580,.T.);
#13060=EDGE_CURVE('',#6191,#6209,#4584,.T.);
#13062=EDGE_CURVE('',#6230,#6209,#4592,.T.);
#13074=EDGE_CURVE('',#6192,#6210,#4588,.T.);
#13076=EDGE_CURVE('',#6209,#6210,#4596,.T.);
#13089=EDGE_CURVE('',#6210,#6238,#4600,.T.);
#13114=EDGE_CURVE('',#6240,#6213,#4608,.T.);
#13116=EDGE_CURVE('',#6213,#6214,#4612,.T.);
#13118=EDGE_CURVE('',#6214,#6217,#4616,.T.);
#13120=EDGE_CURVE('',#6217,#6218,#4620,.T.);
#13122=EDGE_CURVE('',#6218,#6220,#4624,.T.);
#13124=EDGE_CURVE('',#6220,#6222,#4628,.T.);
#13126=EDGE_CURVE('',#6222,#6224,#4632,.T.);
#13136=EDGE_CURVE('',#6400,#6395,#4636,.T.);
#13138=EDGE_CURVE('',#6400,#6272,#4640,.T.);
#13141=EDGE_CURVE('',#6271,#6395,#4644,.T.);
#13152=EDGE_CURVE('',#6195,#6213,#4648,.T.);
#13165=EDGE_CURVE('',#6196,#6214,#4652,.T.);
#13178=EDGE_CURVE('',#6199,#6217,#4656,.T.);
#13191=EDGE_CURVE('',#6200,#6218,#4660,.T.);
#13204=EDGE_CURVE('',#6202,#6220,#4664,.T.);
#13217=EDGE_CURVE('',#6204,#6222,#4668,.T.);
#13241=EDGE_CURVE('',#6395,#6396,#4676,.T.);
#13243=EDGE_CURVE('',#6398,#6396,#4696,.T.);
#13245=EDGE_CURVE('',#6398,#6400,#4684,.T.);
#13256=EDGE_CURVE('',#6390,#6392,#4672,.T.);
#13258=EDGE_CURVE('',#6390,#6396,#4700,.T.);
#13272=EDGE_CURVE('',#6387,#6388,#4680,.T.);
#13274=EDGE_CURVE('',#6390,#6388,#4692,.T.);
#13291=EDGE_CURVE('',#6388,#6398,#4688,.T.);
#13314=EDGE_CURVE('',#4913,#5117,#4704,.T.);
#13316=EDGE_CURVE('',#5117,#5118,#4708,.T.);
#13318=EDGE_CURVE('',#5118,#5121,#4712,.T.);
#13320=EDGE_CURVE('',#5121,#5122,#4716,.T.);
#13322=EDGE_CURVE('',#5122,#5124,#4720,.T.);
#13324=EDGE_CURVE('',#5124,#5126,#4724,.T.);
#13326=EDGE_CURVE('',#5126,#5128,#4728,.T.);
#13338=EDGE_CURVE('',#5135,#5113,#4736,.T.);
#13340=EDGE_CURVE('',#5113,#5114,#4740,.T.);
#13342=EDGE_CURVE('',#5114,#5136,#4744,.T.);
#13352=EDGE_CURVE('',#5728,#5723,#4748,.T.);
#13354=EDGE_CURVE('',#5728,#4922,#4752,.T.);
#13357=EDGE_CURVE('',#4921,#5723,#4756,.T.);
#13369=EDGE_CURVE('',#5099,#5117,#4760,.T.);
#13381=EDGE_CURVE('',#5100,#5118,#4764,.T.);
#13394=EDGE_CURVE('',#5103,#5121,#4768,.T.);
#13407=EDGE_CURVE('',#5104,#5122,#4772,.T.);
#13420=EDGE_CURVE('',#5106,#5124,#4776,.T.);
#13433=EDGE_CURVE('',#5108,#5126,#4780,.T.);
#13459=EDGE_CURVE('',#5095,#5113,#4784,.T.);
#13471=EDGE_CURVE('',#5096,#5114,#4788,.T.);
#13495=EDGE_CURVE('',#5723,#5724,#4796,.T.);
#13497=EDGE_CURVE('',#5726,#5724,#4816,.T.);
#13499=EDGE_CURVE('',#5726,#5728,#4804,.T.);
#13510=EDGE_CURVE('',#5718,#5720,#4792,.T.);
#13512=EDGE_CURVE('',#5718,#5724,#4820,.T.);
#13526=EDGE_CURVE('',#5715,#5716,#4800,.T.);
#13528=EDGE_CURVE('',#5718,#5716,#4812,.T.);
#13545=EDGE_CURVE('',#5716,#5726,#4808,.T.);
#13572=TRIMMED_CURVE('',#13571,(PARAMETER_VALUE(0.E0)),(PARAMETER_VALUE(1.E0)),
.T.,.UNSPECIFIED.);
#13573=COMPOSITE_CURVE_SEGMENT(.CONTINUOUS.,.T.,#13572);
#13578=TRIMMED_CURVE('',#13577,(PARAMETER_VALUE(0.E0)),(PARAMETER_VALUE(1.E0)),
.T.,.UNSPECIFIED.);
#13579=COMPOSITE_CURVE_SEGMENT(.CONTINUOUS.,.T.,#13578);
#13584=TRIMMED_CURVE('',#13583,(PARAMETER_VALUE(0.E0)),(PARAMETER_VALUE(1.E0)),
.T.,.UNSPECIFIED.);
#13585=COMPOSITE_CURVE_SEGMENT(.CONTINUOUS.,.T.,#13584);
#13590=TRIMMED_CURVE('',#13589,(PARAMETER_VALUE(0.E0)),(PARAMETER_VALUE(1.E0)),
.T.,.UNSPECIFIED.);
#13591=COMPOSITE_CURVE_SEGMENT(.CONTINUOUS.,.T.,#13590);
#13592=COMPOSITE_CURVE('',(#13573,#13579,#13585,#13591),.F.);
#13598=TRIMMED_CURVE('',#13597,(PARAMETER_VALUE(0.E0)),(PARAMETER_VALUE(1.E0)),
.T.,.UNSPECIFIED.);
#13599=COMPOSITE_CURVE_SEGMENT(.CONTINUOUS.,.T.,#13598);
#13604=TRIMMED_CURVE('',#13603,(PARAMETER_VALUE(0.E0)),(PARAMETER_VALUE(1.E0)),
.T.,.UNSPECIFIED.);
#13605=COMPOSITE_CURVE_SEGMENT(.CONTINUOUS.,.T.,#13604);
#13610=TRIMMED_CURVE('',#13609,(PARAMETER_VALUE(0.E0)),(PARAMETER_VALUE(1.E0)),
.T.,.UNSPECIFIED.);
#13611=COMPOSITE_CURVE_SEGMENT(.CONTINUOUS.,.T.,#13610);
#13616=TRIMMED_CURVE('',#13615,(PARAMETER_VALUE(0.E0)),(PARAMETER_VALUE(1.E0)),
.T.,.UNSPECIFIED.);
#13617=COMPOSITE_CURVE_SEGMENT(.CONTINUOUS.,.T.,#13616);
#13618=COMPOSITE_CURVE('',(#13599,#13605,#13611,#13617),.F.);
#13623=TRIMMED_CURVE('',#13622,(PARAMETER_VALUE(0.E0)),(PARAMETER_VALUE(1.E0)),
.T.,.UNSPECIFIED.);
#13624=COMPOSITE_CURVE_SEGMENT(.CONTINUOUS.,.T.,#13623);
#13629=TRIMMED_CURVE('',#13628,(PARAMETER_VALUE(0.E0)),(PARAMETER_VALUE(1.E0)),
.T.,.UNSPECIFIED.);
#13630=COMPOSITE_CURVE_SEGMENT(.CONTINUOUS.,.T.,#13629);
#13635=TRIMMED_CURVE('',#13634,(PARAMETER_VALUE(0.E0)),(PARAMETER_VALUE(1.E0)),
.T.,.UNSPECIFIED.);
#13636=COMPOSITE_CURVE_SEGMENT(.CONTINUOUS.,.T.,#13635);
#13641=TRIMMED_CURVE('',#13640,(PARAMETER_VALUE(0.E0)),(PARAMETER_VALUE(1.E0)),
.T.,.UNSPECIFIED.);
#13642=COMPOSITE_CURVE_SEGMENT(.CONTINUOUS.,.T.,#13641);
#13643=COMPOSITE_CURVE('',(#13624,#13630,#13636,#13642),.F.);
#13648=TRIMMED_CURVE('',#13647,(PARAMETER_VALUE(0.E0)),(PARAMETER_VALUE(1.E0)),
.T.,.UNSPECIFIED.);
#13649=COMPOSITE_CURVE_SEGMENT(.CONTINUOUS.,.T.,#13648);
#13654=TRIMMED_CURVE('',#13653,(PARAMETER_VALUE(0.E0)),(PARAMETER_VALUE(1.E0)),
.T.,.UNSPECIFIED.);
#13655=COMPOSITE_CURVE_SEGMENT(.CONTINUOUS.,.T.,#13654);
#13660=TRIMMED_CURVE('',#13659,(PARAMETER_VALUE(0.E0)),(PARAMETER_VALUE(1.E0)),
.T.,.UNSPECIFIED.);
#13661=COMPOSITE_CURVE_SEGMENT(.CONTINUOUS.,.T.,#13660);
#13666=TRIMMED_CURVE('',#13665,(PARAMETER_VALUE(0.E0)),(PARAMETER_VALUE(1.E0)),
.T.,.UNSPECIFIED.);
#13667=COMPOSITE_CURVE_SEGMENT(.CONTINUOUS.,.T.,#13666);
#13668=COMPOSITE_CURVE('',(#13649,#13655,#13661,#13667),.F.);
#13673=TRIMMED_CURVE('',#13672,(PARAMETER_VALUE(0.E0)),(PARAMETER_VALUE(1.E0)),
.T.,.UNSPECIFIED.);
#13674=COMPOSITE_CURVE_SEGMENT(.CONTINUOUS.,.T.,#13673);
#13679=TRIMMED_CURVE('',#13678,(PARAMETER_VALUE(0.E0)),(PARAMETER_VALUE(1.E0)),
.T.,.UNSPECIFIED.);
#13680=COMPOSITE_CURVE_SEGMENT(.CONTINUOUS.,.T.,#13679);
#13685=TRIMMED_CURVE('',#13684,(PARAMETER_VALUE(0.E0)),(PARAMETER_VALUE(1.E0)),
.T.,.UNSPECIFIED.);
#13686=COMPOSITE_CURVE_SEGMENT(.CONTINUOUS.,.T.,#13685);
#13691=TRIMMED_CURVE('',#13690,(PARAMETER_VALUE(0.E0)),(PARAMETER_VALUE(1.E0)),
.T.,.UNSPECIFIED.);
#13692=COMPOSITE_CURVE_SEGMENT(.CONTINUOUS.,.T.,#13691);
#13693=COMPOSITE_CURVE('',(#13674,#13680,#13686,#13692),.F.);
#13698=TRIMMED_CURVE('',#13697,(PARAMETER_VALUE(0.E0)),(PARAMETER_VALUE(1.E0)),
.T.,.UNSPECIFIED.);
#13699=COMPOSITE_CURVE_SEGMENT(.CONTINUOUS.,.T.,#13698);
#13704=TRIMMED_CURVE('',#13703,(PARAMETER_VALUE(0.E0)),(PARAMETER_VALUE(1.E0)),
.T.,.UNSPECIFIED.);
#13705=COMPOSITE_CURVE_SEGMENT(.CONTINUOUS.,.T.,#13704);
#13710=TRIMMED_CURVE('',#13709,(PARAMETER_VALUE(0.E0)),(PARAMETER_VALUE(1.E0)),
.T.,.UNSPECIFIED.);
#13711=COMPOSITE_CURVE_SEGMENT(.CONTINUOUS.,.T.,#13710);
#13716=TRIMMED_CURVE('',#13715,(PARAMETER_VALUE(0.E0)),(PARAMETER_VALUE(1.E0)),
.T.,.UNSPECIFIED.);
#13717=COMPOSITE_CURVE_SEGMENT(.CONTINUOUS.,.T.,#13716);
#13718=COMPOSITE_CURVE('',(#13699,#13705,#13711,#13717),.F.);
#13723=TRIMMED_CURVE('',#13722,(PARAMETER_VALUE(0.E0)),(PARAMETER_VALUE(1.E0)),
.T.,.UNSPECIFIED.);
#13724=COMPOSITE_CURVE_SEGMENT(.CONTINUOUS.,.T.,#13723);
#13729=TRIMMED_CURVE('',#13728,(PARAMETER_VALUE(0.E0)),(PARAMETER_VALUE(1.E0)),
.T.,.UNSPECIFIED.);
#13730=COMPOSITE_CURVE_SEGMENT(.CONTINUOUS.,.T.,#13729);
#13735=TRIMMED_CURVE('',#13734,(PARAMETER_VALUE(0.E0)),(PARAMETER_VALUE(1.E0)),
.T.,.UNSPECIFIED.);
#13736=COMPOSITE_CURVE_SEGMENT(.CONTINUOUS.,.T.,#13735);
#13741=TRIMMED_CURVE('',#13740,(PARAMETER_VALUE(0.E0)),(PARAMETER_VALUE(1.E0)),
.T.,.UNSPECIFIED.);
#13742=COMPOSITE_CURVE_SEGMENT(.CONTINUOUS.,.T.,#13741);
#13743=COMPOSITE_CURVE('',(#13724,#13730,#13736,#13742),.F.);
#13748=TRIMMED_CURVE('',#13747,(PARAMETER_VALUE(0.E0)),(PARAMETER_VALUE(1.E0)),
.T.,.UNSPECIFIED.);
#13749=COMPOSITE_CURVE_SEGMENT(.CONTINUOUS.,.T.,#13748);
#13754=TRIMMED_CURVE('',#13753,(PARAMETER_VALUE(0.E0)),(PARAMETER_VALUE(1.E0)),
.T.,.UNSPECIFIED.);
#13755=COMPOSITE_CURVE_SEGMENT(.CONTINUOUS.,.T.,#13754);
#13760=TRIMMED_CURVE('',#13759,(PARAMETER_VALUE(0.E0)),(PARAMETER_VALUE(1.E0)),
.T.,.UNSPECIFIED.);
#13761=COMPOSITE_CURVE_SEGMENT(.CONTINUOUS.,.T.,#13760);
#13766=TRIMMED_CURVE('',#13765,(PARAMETER_VALUE(0.E0)),(PARAMETER_VALUE(1.E0)),
.T.,.UNSPECIFIED.);
#13767=COMPOSITE_CURVE_SEGMENT(.CONTINUOUS.,.T.,#13766);
#13768=COMPOSITE_CURVE('',(#13749,#13755,#13761,#13767),.F.);
#13773=TRIMMED_CURVE('',#13772,(PARAMETER_VALUE(0.E0)),(PARAMETER_VALUE(1.E0)),
.T.,.UNSPECIFIED.);
#13774=COMPOSITE_CURVE_SEGMENT(.CONTINUOUS.,.T.,#13773);
#13779=TRIMMED_CURVE('',#13778,(PARAMETER_VALUE(0.E0)),(PARAMETER_VALUE(1.E0)),
.T.,.UNSPECIFIED.);
#13780=COMPOSITE_CURVE_SEGMENT(.CONTINUOUS.,.T.,#13779);
#13785=TRIMMED_CURVE('',#13784,(PARAMETER_VALUE(0.E0)),(PARAMETER_VALUE(1.E0)),
.T.,.UNSPECIFIED.);
#13786=COMPOSITE_CURVE_SEGMENT(.CONTINUOUS.,.T.,#13785);
#13791=TRIMMED_CURVE('',#13790,(PARAMETER_VALUE(0.E0)),(PARAMETER_VALUE(1.E0)),
.T.,.UNSPECIFIED.);
#13792=COMPOSITE_CURVE_SEGMENT(.CONTINUOUS.,.T.,#13791);
#13793=COMPOSITE_CURVE('',(#13774,#13780,#13786,#13792),.F.);
#13798=TRIMMED_CURVE('',#13797,(PARAMETER_VALUE(0.E0)),(PARAMETER_VALUE(1.E0)),
.T.,.UNSPECIFIED.);
#13799=COMPOSITE_CURVE_SEGMENT(.CONTINUOUS.,.T.,#13798);
#13804=TRIMMED_CURVE('',#13803,(PARAMETER_VALUE(0.E0)),(PARAMETER_VALUE(1.E0)),
.T.,.UNSPECIFIED.);
#13805=COMPOSITE_CURVE_SEGMENT(.CONTINUOUS.,.T.,#13804);
#13810=TRIMMED_CURVE('',#13809,(PARAMETER_VALUE(0.E0)),(PARAMETER_VALUE(1.E0)),
.T.,.UNSPECIFIED.);
#13811=COMPOSITE_CURVE_SEGMENT(.CONTINUOUS.,.T.,#13810);
#13816=TRIMMED_CURVE('',#13815,(PARAMETER_VALUE(0.E0)),(PARAMETER_VALUE(1.E0)),
.T.,.UNSPECIFIED.);
#13817=COMPOSITE_CURVE_SEGMENT(.CONTINUOUS.,.T.,#13816);
#13818=COMPOSITE_CURVE('',(#13799,#13805,#13811,#13817),.F.);
#13823=TRIMMED_CURVE('',#13822,(PARAMETER_VALUE(0.E0)),(PARAMETER_VALUE(1.E0)),
.T.,.UNSPECIFIED.);
#13824=COMPOSITE_CURVE_SEGMENT(.CONTINUOUS.,.T.,#13823);
#13829=TRIMMED_CURVE('',#13828,(PARAMETER_VALUE(0.E0)),(PARAMETER_VALUE(1.E0)),
.T.,.UNSPECIFIED.);
#13830=COMPOSITE_CURVE_SEGMENT(.CONTINUOUS.,.T.,#13829);
#13835=TRIMMED_CURVE('',#13834,(PARAMETER_VALUE(0.E0)),(PARAMETER_VALUE(1.E0)),
.T.,.UNSPECIFIED.);
#13836=COMPOSITE_CURVE_SEGMENT(.CONTINUOUS.,.T.,#13835);
#13841=TRIMMED_CURVE('',#13840,(PARAMETER_VALUE(0.E0)),(PARAMETER_VALUE(1.E0)),
.T.,.UNSPECIFIED.);
#13842=COMPOSITE_CURVE_SEGMENT(.CONTINUOUS.,.T.,#13841);
#13843=COMPOSITE_CURVE('',(#13824,#13830,#13836,#13842),.F.);
#13848=TRIMMED_CURVE('',#13847,(PARAMETER_VALUE(0.E0)),(PARAMETER_VALUE(1.E0)),
.T.,.UNSPECIFIED.);
#13849=COMPOSITE_CURVE_SEGMENT(.CONTINUOUS.,.T.,#13848);
#13854=TRIMMED_CURVE('',#13853,(PARAMETER_VALUE(0.E0)),(PARAMETER_VALUE(1.E0)),
.T.,.UNSPECIFIED.);
#13855=COMPOSITE_CURVE_SEGMENT(.CONTINUOUS.,.T.,#13854);
#13860=TRIMMED_CURVE('',#13859,(PARAMETER_VALUE(0.E0)),(PARAMETER_VALUE(1.E0)),
.T.,.UNSPECIFIED.);
#13861=COMPOSITE_CURVE_SEGMENT(.CONTINUOUS.,.T.,#13860);
#13866=TRIMMED_CURVE('',#13865,(PARAMETER_VALUE(0.E0)),(PARAMETER_VALUE(1.E0)),
.T.,.UNSPECIFIED.);
#13867=COMPOSITE_CURVE_SEGMENT(.CONTINUOUS.,.T.,#13866);
#13868=COMPOSITE_CURVE('',(#13849,#13855,#13861,#13867),.F.);
#13873=TRIMMED_CURVE('',#13872,(PARAMETER_VALUE(0.E0)),(PARAMETER_VALUE(1.E0)),
.T.,.UNSPECIFIED.);
#13874=COMPOSITE_CURVE_SEGMENT(.CONTINUOUS.,.T.,#13873);
#13879=TRIMMED_CURVE('',#13878,(PARAMETER_VALUE(0.E0)),(PARAMETER_VALUE(1.E0)),
.T.,.UNSPECIFIED.);
#13880=COMPOSITE_CURVE_SEGMENT(.CONTINUOUS.,.T.,#13879);
#13885=TRIMMED_CURVE('',#13884,(PARAMETER_VALUE(0.E0)),(PARAMETER_VALUE(1.E0)),
.T.,.UNSPECIFIED.);
#13886=COMPOSITE_CURVE_SEGMENT(.CONTINUOUS.,.T.,#13885);
#13891=TRIMMED_CURVE('',#13890,(PARAMETER_VALUE(0.E0)),(PARAMETER_VALUE(1.E0)),
.T.,.UNSPECIFIED.);
#13892=COMPOSITE_CURVE_SEGMENT(.CONTINUOUS.,.T.,#13891);
#13893=COMPOSITE_CURVE('',(#13874,#13880,#13886,#13892),.F.);
#13898=TRIMMED_CURVE('',#13897,(PARAMETER_VALUE(0.E0)),(PARAMETER_VALUE(1.E0)),
.T.,.UNSPECIFIED.);
#13899=COMPOSITE_CURVE_SEGMENT(.CONTINUOUS.,.T.,#13898);
#13904=TRIMMED_CURVE('',#13903,(PARAMETER_VALUE(0.E0)),(PARAMETER_VALUE(1.E0)),
.T.,.UNSPECIFIED.);
#13905=COMPOSITE_CURVE_SEGMENT(.CONTINUOUS.,.T.,#13904);
#13910=TRIMMED_CURVE('',#13909,(PARAMETER_VALUE(0.E0)),(PARAMETER_VALUE(1.E0)),
.T.,.UNSPECIFIED.);
#13911=COMPOSITE_CURVE_SEGMENT(.CONTINUOUS.,.T.,#13910);
#13916=TRIMMED_CURVE('',#13915,(PARAMETER_VALUE(0.E0)),(PARAMETER_VALUE(1.E0)),
.T.,.UNSPECIFIED.);
#13917=COMPOSITE_CURVE_SEGMENT(.CONTINUOUS.,.T.,#13916);
#13918=COMPOSITE_CURVE('',(#13899,#13905,#13911,#13917),.F.);
#13923=(LENGTH_UNIT()NAMED_UNIT(*)SI_UNIT(.MILLI.,.METRE.));
#13925=(NAMED_UNIT(*)PLANE_ANGLE_UNIT()SI_UNIT($,.RADIAN.));
#13928=(NAMED_UNIT(*)SI_UNIT($,.STERADIAN.)SOLID_ANGLE_UNIT());
#13931=ADVANCED_BREP_SHAPE_REPRESENTATION('',(#13563),#13930);
#13932=GEOMETRICALLY_BOUNDED_SURFACE_SHAPE_REPRESENTATION('',(#13593),#13930);
#13933=SHAPE_REPRESENTATION('',(#13567,#13922),#13930);
#13942=PRODUCT_DEFINITION('design','',#13941,#13938);
#13943=PRODUCT_DEFINITION_SHAPE('','SHAPE FOR 908140714.',#13942);
#13944=SHAPE_DEFINITION_REPRESENTATION(#13943,#13933);
ENDSEC;
END-ISO-10303-21;
