#VRML V2.0 utf8
# META "generator" "CAD Exchanger 3.8.1 (cadexchanger.com)"
DEF __1 Transform {
  children [
    DEF _4650073R Group {
      children [
        DEF _4650073R_1 Shape {
          appearance DEF __4 Appearance {
            material DEF __5 Material {
              ambientIntensity 0.22488284111
              diffuseColor 0.996078431606 0.870588243008 0.760784327984
              shininess 0
            }
          }
          geometry DEF __6 IndexedFaceSet {
            solid FALSE
            coord Coordinate {
              point [
                -0.00125 -0.00015 -8.67361737988e-19,
                -8.67361737988e-19 -0.00015 0.00125,
                -8.67361737988e-19 0 0.0014,
                -6.95911186108e-19 0 -0.0014,
                -7.14280888095e-19 -0.00015 -0.00125,
                -3.77664425514e-19 -0.002293125 0.00125,
                -2.17967569635e-08 -0.00225343842186 0.00124999999981,
                7.45195188953e-10 -0.00241220502054 -0.00125,
                -1.04583994758e-18 -0.002451875 -0.00125,
                -3.77664425514e-19 -0.001975625 0.00125,
                -1.56858445469e-09 -0.00193593756554 0.00125,
                1.29216578332e-11 -0.00209468780518 -0.00125,
                -1.04583994758e-18 -0.002134375 -0.00125,
                -3.77664425514e-19 -0.001658125 0.00125,
                4.98418684107e-12 -0.0016184373232 0.00125,
                -7.38416528219e-09 -0.00177701265356 -0.00124999999996,
                -1.04583994758e-18 -0.001816875 -0.00125,
                -3.77664425514e-19 -0.001340625 0.00125,
                6.49373395729e-09 -0.00130093716599 0.00124999999998,
                6.2539968193e-10 -0.00145970216805 -0.00125,
                -1.04583994758e-18 -0.001499375 -0.00125,
                -3.77664425514e-19 -0.001023125 0.00125,
                -3.50834125798e-09 -0.0009834377069 0.00125,
                -1.5010947223e-10 -0.00114218396509 -0.00125,
                -1.04583994758e-18 -0.001181875 -0.00125,
                -3.77664425514e-19 -0.000705625 0.00125,
                -1.27492382564e-10 -0.000665937681263 0.00125,
                -2.33780799564e-09 -0.000824633186249 -0.00125,
                -1.04583994758e-18 -0.000864375 -0.00125,
                -1.30729993447e-18 -0.000388125 0.00125,
                -0.00125 -0.000427812499133 -8.67361737988e-19,
                2.69323729512e-11 -0.000507188136762 -0.00125,
                -1.04583994758e-18 -0.000546875 -0.00125,
                -9.29635508959e-19 -0.000229375 -0.00125,
                -0.00107814808469 -0.000249218749566 -8.67361737988e-19,
                -0.000914578974267 -0.0025 -0.000570919076878,
                0.00101252249336 -0.00249994694999 -0.000732720540719,
                -0.000575380733661 -0.0025 0.000911778648492,
                -0.00107814808469 -0.000328593749566 -8.67361737988e-19,
                0.0012306689641 -0.0025 0.000218983791156,
                -0.000565 -0.0025 -0.00237,
                -0.000565 -0.0025 -0.0035,
                0.000565 -0.0025 -0.00237,
                0.000565 -0.0025 -0.0035,
                0.00237 -0.0025 -0.0035,
                0.00237 -0.0025 -0.00237,
                0.0035 -0.0025 -0.00237,
                0.0035 -0.0025 -0.000565,
                0.00237 -0.0025 -0.000565,
                0.00237 -0.0025 0.000565,
                0.0035 -0.0025 0.000565,
                0.0035 -0.0025 0.00237,
                0.00237 -0.0025 0.00237,
                0.00237 -0.0025 0.0035,
                0.000565 -0.0025 0.0035,
                0.000565 -0.0025 0.00237,
                -0.000565 -0.0025 0.00237,
                -0.000565 -0.0025 0.0035,
                -0.00237 -0.0025 0.0035,
                -0.00237 -0.0025 0.00237,
                -0.0035 -0.0025 0.00237,
                -0.0035 -0.0025 0.000565,
                -0.00237 -0.0025 0.000565,
                -0.00237 -0.0025 -0.000565,
                -0.0035 -0.0025 -0.000565,
                -0.0035 -0.0025 -0.00237,
                -0.00237 -0.0025 -0.00237,
                -0.00237 -0.0025 -0.0035,
                0.0035 -0.004935 -0.00237,
                0.0035 -0.004935 -0.0035,
                0.0035 0 -0.0035,
                0.0035 0 0.0035,
                0.0035 -0.004935 0.0035,
                0.0035 -0.004935 0.00237,
                0.0035 -0.003 0.000565,
                0.0035 -0.003 -0.000565,
                0.00237 -0.004935 0.0035,
                -0.0035 0 0.0035,
                -0.0035 -0.004935 0.0035,
                -0.00237 -0.004935 0.0035,
                -0.000565 -0.003 0.0035,
                0.000565 -0.003 0.0035,
                -0.0035 -0.004935 -0.0035,
                -0.0035 0 -0.0035,
                -0.0035 -0.004935 -0.00237,
                -0.0035 -0.003 -0.000565,
                -0.0035 -0.003 0.000565,
                -0.0035 -0.004935 0.00237,
                -0.00237 -0.004935 -0.0035,
                0.00237 -0.004935 -0.0035,
                0.000565 -0.003 -0.0035,
                -0.000565 -0.003 -0.0035,
                -0.00237 -0.004935 0.00237,
                -0.00237 -0.004935 -0.00237,
                0.00237 -0.004935 -0.00237,
                0.00237 -0.004935 0.00237,
                -0.000565 -0.003 0.00237,
                0.000565 -0.003 0.00237,
                0.00237 -0.003 0.000565,
                0.00237 -0.003 -0.000565,
                -0.00237 -0.003 -0.000565,
                -0.00237 -0.003 0.000565,
                -0.000565 -0.003 -0.00237,
                0.000565 -0.003 -0.00237,
                -0.002935 -0.0055 -0.002935,
                0.002935 -0.0055 -0.002935,
                0.002935 -0.0055 0.002935,
                -0.002935 -0.0055 0.002935,
                -0.00123100969127 -0.00015 0.000217060222084,
                -0.00117461577598 -0.00015 0.000427525179157,
                -0.00108253175473 -0.00015 0.000625,
                -0.000957555553899 -0.00015 0.000803484512108,
                -0.000803484512108 -0.00015 0.000957555553899,
                -0.000625 -0.00015 0.00108253175473,
                -0.000427525179157 -0.00015 0.00117461577598,
                -0.000217060222084 -0.00015 0.00123100969127,
                -0.000243107448734 0 0.00137873085422,
                -0.000478828200656 0 0.0013155696691,
                -0.0007 0 0.0012124355653,
                -0.000899902653561 0 0.00107246222037,
                -0.00107246222037 0 0.000899902653561,
                -0.0012124355653 0 0.0007,
                -0.0013155696691 0 0.000478828200656,
                -0.00137873085422 0 0.000243107448734,
                -0.0014 0 -7.81636462048e-19,
                -0.00137873085422 0 -0.000243107448734,
                -0.0013155696691 0 -0.000478828200656,
                -0.0012124355653 0 -0.0007,
                -0.00107246222037 0 -0.000899902653561,
                -0.000899902653561 0 -0.00107246222037,
                -0.0007 0 -0.0012124355653,
                -0.000478828200656 0 -0.0013155696691,
                -0.000243107448734 0 -0.00137873085422,
                -0.000217060222084 -0.00015 -0.00123100969127,
                -0.000427525179157 -0.00015 -0.00117461577598,
                -0.000625 -0.00015 -0.00108253175473,
                -0.000803484512108 -0.00015 -0.000957555553899,
                -0.000957555553899 -0.00015 -0.000803484512108,
                -0.00108253175473 -0.00015 -0.000625,
                -0.00117461577598 -0.00015 -0.000427525179157,
                -0.00123100969127 -0.00015 -0.000217060222084,
                -0.000166736251493 -0.00226049600045 0.00123882969872,
                -0.000329040984613 -0.00226736690081 0.00120591543254,
                -0.00048290722389 -0.00227388057161 0.00115295299692,
                -0.000625 -0.00227989583247 0.00108253175473,
                -0.000757037140617 -0.00228591129783 0.000994683249947,
                -0.000879840512024 -0.00229242520136 0.000887908032063,
                -0.000989499808782 -0.00229929634729 0.000763799796034,
                -0.00108253175473 -0.0023063541658 0.000625,
                -0.00115621993116 -0.00231341198431 0.000475032073428,
                -0.001208871168 -0.00232028313024 0.00031801021866,
                -0.00123993953348 -0.00232679703376 0.000158271770409,
                -0.00125 -0.00233281249913 -8.67361737988e-19,
                -0.00123993953348 -0.0023388279645 -0.000158271770409,
                -0.001208871168 -0.00234534186803 -0.00031801021866,
                -0.00115621993116 -0.00235221301395 -0.000475032073428,
                -0.00108253175473 -0.00235927083247 -0.000625,
                -0.000989499808782 -0.00236632865098 -0.000763799796034,
                -0.000879840512024 -0.0023731997969 -0.000887908032063,
                -0.000757037140617 -0.00237971370043 -0.000994683249947,
                -0.000625 -0.0023857291658 -0.00108253175473,
                -0.000482902109278 -0.00239174569386 -0.00115295515758,
                -0.000329030135546 -0.0023982628521 -0.00120591844184,
                -0.000166719439024 -0.00240513950365 -0.00123883201666,
                -0.00016672012238 -0.00230018281851 0.00123883186946,
                -0.000329030655979 -0.00230705396444 0.00120591825072,
                -0.000482902392865 -0.00231356786796 0.00115295502036,
                -0.000625 -0.00231958333333 0.00108253175473,
                -0.000757037140617 -0.0023255987987 0.000994683249947,
                -0.000879840512024 -0.00233211270223 0.000887908032063,
                -0.000989499808782 -0.00233898384815 0.000763799796034,
                -0.00108253175473 -0.00234604166667 0.000625,
                -0.00115621993116 -0.00235309948518 0.000475032073428,
                -0.001208871168 -0.0023599706311 0.00031801021866,
                -0.00123993953348 -0.00236648453463 0.000158271770409,
                -0.00125 -0.0023725 -8.67361737988e-19,
                -0.00123993953348 -0.00237851546537 -0.000158271770409,
                -0.001208871168 -0.0023850293689 -0.00031801021866,
                -0.00115621993116 -0.00239190051482 -0.000475032073428,
                -0.00108253175473 -0.00239895833333 -0.000625,
                -0.000989499808782 -0.00240601615185 -0.000763799796034,
                -0.000879840512024 -0.00241288729777 -0.000887908032063,
                -0.000757037140617 -0.0024194012013 -0.000994683249947,
                -0.000625 -0.00242541666667 -0.00108253175473,
                -0.000482902392865 -0.00243143213204 -0.00115295502036,
                -0.000329030655979 -0.00243794603556 -0.00120591825072,
                -0.00016672012238 -0.00244481718149 -0.00123883186946,
                -0.000166721283099 -0.00194299536678 0.00123883171325,
                -0.000329031399271 -0.00194986649504 0.00120591804792,
                -0.000482902740526 -0.00195638038182 0.00115295487474,
                -0.000625 -0.00196239583247 0.00108253175473,
                -0.000757037140617 -0.00196841129783 0.000994683249947,
                -0.000879840512024 -0.00197492520136 0.000887908032063,
                -0.000989499808782 -0.00198179634729 0.000763799796034,
                -0.00108253175473 -0.0019888541658 0.000625,
                -0.00115621993116 -0.00199591198431 0.000475032073428,
                -0.001208871168 -0.00200278313024 0.00031801021866,
                -0.00123993953348 -0.00200929703376 0.000158271770409,
                -0.00125 -0.00201531249913 -8.67361737988e-19,
                -0.00123993953348 -0.0020213279645 -0.000158271770409,
                -0.001208871168 -0.00202784186803 -0.00031801021866,
                -0.00115621993116 -0.00203471301395 -0.000475032073428,
                -0.00108253175473 -0.00204177083247 -0.000625,
                -0.000989499808782 -0.00204882865098 -0.000763799796034,
                -0.000879840512024 -0.0020556997969 -0.000887908032063,
                -0.000757037140617 -0.00206221370043 -0.000994683249947,
                -0.000625 -0.0020682291658 -0.00108253175473,
                -0.000482902387917 -0.00207424464973 -0.00115295502275,
                -0.000329030646912 -0.00208075861011 -0.00120591825406,
                -0.000166720110497 -0.0020876298522 -0.00123883187203,
                -0.00016672012238 -0.00198268281851 0.00123883186946,
                -0.000329030655979 -0.00198955396444 0.00120591825072,
                -0.000482902392865 -0.00199606786796 0.00115295502036,
                -0.000625 -0.00200208333333 0.00108253175473,
                -0.000757037140617 -0.0020080987987 0.000994683249947,
                -0.000879840512024 -0.00201461270223 0.000887908032063,
                -0.000989499808782 -0.00202148384815 0.000763799796034,
                -0.00108253175473 -0.00202854166667 0.000625,
                -0.00115621993116 -0.00203559948518 0.000475032073428,
                -0.001208871168 -0.0020424706311 0.00031801021866,
                -0.00123993953348 -0.00204898453463 0.000158271770409,
                -0.00125 -0.002055 -8.67361737988e-19,
                -0.00123993953348 -0.00206101546537 -0.000158271770409,
                -0.001208871168 -0.0020675293689 -0.00031801021866,
                -0.00115621993116 -0.00207440051482 -0.000475032073428,
                -0.00108253175473 -0.00208145833333 -0.000625,
                -0.000989499808782 -0.00208851615185 -0.000763799796034,
                -0.000879840512024 -0.00209538729777 -0.000887908032063,
                -0.000757037140617 -0.0021019012013 -0.000994683249947,
                -0.000625 -0.00210791666667 -0.00108253175473,
                -0.000482902392865 -0.00211393213204 -0.00115295502036,
                -0.000329030655979 -0.00212044603556 -0.00120591825072,
                -0.00016672012238 -0.00212731718149 -0.00123883186946,
                -0.000166720117355 -0.00162549521903 0.0012388318707,
                -0.000329030651922 -0.00163236642024 0.00120591825233,
                -0.00048290239056 -0.00163888035644 0.00115295502151,
                -0.000625 -0.00164489583247 0.00108253175473,
                -0.000757037140617 -0.00165091129783 0.000994683249947,
                -0.000879840512024 -0.00165742520136 0.000887908032063,
                -0.000989499808782 -0.00166429634729 0.000763799796034,
                -0.00108253175473 -0.0016713541658 0.000625,
                -0.00115621993116 -0.00167841198431 0.000475032073428,
                -0.001208871168 -0.00168528313024 0.00031801021866,
                -0.00123993953348 -0.00169179703376 0.000158271770409,
                -0.00125 -0.00169781249913 -8.67361737988e-19,
                -0.00123993953348 -0.0017038279645 -0.000158271770409,
                -0.001208871168 -0.00171034186803 -0.00031801021866,
                -0.00115621993116 -0.00171721301395 -0.000475032073428,
                -0.00108253175473 -0.00172427083247 -0.000625,
                -0.000989499808782 -0.00173132865098 -0.000763799796034,
                -0.000879840512024 -0.0017381997969 -0.000887908032063,
                -0.000757037140617 -0.00174471370043 -0.000994683249947,
                -0.000625 -0.0017507291658 -0.00108253175473,
                -0.0004829052277 -0.00175673402629 -0.00115295364641,
                -0.000329035847952 -0.00176321545106 -0.00120591633715,
                -0.000166726921356 -0.00177003165662 -0.00123883039554,
                -0.00016672012238 -0.00166518281851 0.00123883186946,
                -0.000329030655979 -0.00167205396444 0.00120591825072,
                -0.000482902392865 -0.00167856786796 0.00115295502036,
                -0.000625 -0.00168458333333 0.00108253175473,
                -0.000757037140617 -0.0016905987987 0.000994683249947,
                -0.000879840512024 -0.00169711270223 0.000887908032063,
                -0.000989499808782 -0.00170398384815 0.000763799796034,
                -0.00108253175473 -0.00171104166667 0.000625,
                -0.00115621993116 -0.00171809948518 0.000475032073428,
                -0.001208871168 -0.0017249706311 0.00031801021866,
                -0.00123993953348 -0.00173148453463 0.000158271770409,
                -0.00125 -0.0017375 -8.67361737988e-19,
                -0.00123993953348 -0.00174351546537 -0.000158271770409,
                -0.001208871168 -0.0017500293689 -0.00031801021866,
                -0.00115621993116 -0.00175690051482 -0.000475032073428,
                -0.00108253175473 -0.00176395833333 -0.000625,
                -0.000989499808782 -0.00177101615185 -0.000763799796034,
                -0.000879840512024 -0.00177788729777 -0.000887908032063,
                -0.000757037140617 -0.0017844012013 -0.000994683249947,
                -0.000625 -0.00179041666667 -0.00108253175473,
                -0.000482902392865 -0.00179643213204 -0.00115295502036,
                -0.000329030655979 -0.00180294603556 -0.00120591825072,
                -0.00016672012238 -0.00180981718149 -0.00123883186946,
                -0.000166715316711 -0.00130799508159 0.00123883251638,
                -0.000329027578283 -0.00131486631898 0.00120591909062,
                -0.000482900953196 -0.00132138030265 0.00115295562341,
                -0.000625 -0.00132739583247 0.00108253175473,
                -0.000757037140617 -0.00133341129783 0.000994683249947,
                -0.000879840512024 -0.00133992520136 0.000887908032063,
                -0.000989499808782 -0.00134679634729 0.000763799796034,
                -0.00108253175473 -0.0013538541658 0.000625,
                -0.00115621993116 -0.00136091198431 0.000475032073428,
                -0.001208871168 -0.00136778313024 0.00031801021866,
                -0.00123993953348 -0.00137429703376 0.000158271770409,
                -0.00125 -0.00138031249913 -8.67361737988e-19,
                -0.00123993953348 -0.0013863279645 -0.000158271770409,
                -0.001208871168 -0.00139284186803 -0.00031801021866,
                -0.00115621993116 -0.00139971301395 -0.000475032073428,
                -0.00108253175473 -0.00140677083247 -0.000625,
                -0.000989499808782 -0.00141382865098 -0.000763799796034,
                -0.000879840512024 -0.0014206997969 -0.000887908032063,
                -0.000757037140617 -0.00142721370043 -0.000994683249947,
                -0.000625 -0.0014332291658 -0.00108253175473,
                -0.000482902155355 -0.00143924552085 -0.00115295513524,
                -0.0003290302199 -0.00144576214922 -0.00120591841072,
                -0.000166719549423 -0.00145263790446 -0.0012388319927,
                -0.00016672012238 -0.00134768281851 0.00123883186946,
                -0.000329030655979 -0.00135455396444 0.00120591825072,
                -0.000482902392865 -0.00136106786796 0.00115295502036,
                -0.000625 -0.00136708333333 0.00108253175473,
                -0.000757037140617 -0.0013730987987 0.000994683249947,
                -0.000879840512024 -0.00137961270223 0.000887908032063,
                -0.000989499808782 -0.00138648384815 0.000763799796034,
                -0.00108253175473 -0.00139354166667 0.000625,
                -0.00115621993116 -0.00140059948518 0.000475032073428,
                -0.001208871168 -0.0014074706311 0.00031801021866,
                -0.00123993953348 -0.00141398453463 0.000158271770409,
                -0.00125 -0.00142 -8.67361737988e-19,
                -0.00123993953348 -0.00142601546537 -0.000158271770409,
                -0.001208871168 -0.0014325293689 -0.00031801021866,
                -0.00115621993116 -0.00143940051482 -0.000475032073428,
                -0.00108253175473 -0.00144645833333 -0.000625,
                -0.000989499808782 -0.00145351615185 -0.000763799796034,
                -0.000879840512024 -0.00146038729777 -0.000887908032063,
                -0.000757037140617 -0.0014669012013 -0.000994683249947,
                -0.000625 -0.00147291666667 -0.00108253175473,
                -0.000482902392865 -0.00147893213204 -0.00115295502036,
                -0.000329030655979 -0.00148544603556 -0.00120591825072,
                -0.00016672012238 -0.00149231718149 -0.00123883186946,
                -0.000166722718927 -0.000990495460745 0.00123883151983,
                -0.000329032319019 -0.000997366548522 0.0012059177968,
                -0.000482903170857 -0.00100388040359 0.00115295469444,
                -0.000625 -0.00100989583247 0.00108253175473,
                -0.000757037140617 -0.00101591129783 0.000994683249947,
                -0.000879840512024 -0.00102242520136 0.000887908032063,
                -0.000989499808782 -0.00102929634729 0.000763799796034,
                -0.00108253175473 -0.0010363541658 0.000625,
                -0.00115621993116 -0.00104341198431 0.000475032073428,
                -0.001208871168 -0.00105028313024 0.00031801021866,
                -0.00123993953348 -0.00105679703376 0.000158271770409,
                -0.00125 -0.00106281249913 -8.67361737988e-19,
                -0.00123993953348 -0.0010688279645 -0.000158271770409,
                -0.001208871168 -0.00107534186803 -0.00031801021866,
                -0.00115621993116 -0.00108221301395 -0.000475032073428,
                -0.00108253175473 -0.00108927083247 -0.000625,
                -0.000989499808782 -0.00109632865098 -0.000763799796034,
                -0.000879840512024 -0.0011031997969 -0.000887908032063,
                -0.000757037140617 -0.00110971370043 -0.000994683249947,
                -0.000625 -0.0011157291658 -0.00108253175473,
                -0.000482902450052 -0.00112174441683 -0.00115295499268,
                -0.000329030760902 -0.00112825766388 -0.00120591821218,
                -0.000166720260102 -0.00113512769933 -0.00123883183977,
                -0.00016672012238 -0.00103018281851 0.00123883186946,
                -0.000329030655979 -0.00103705396444 0.00120591825072,
                -0.000482902392865 -0.00104356786796 0.00115295502036,
                -0.000625 -0.00104958333333 0.00108253175473,
                -0.000757037140617 -0.0010555987987 0.000994683249947,
                -0.000879840512024 -0.00106211270223 0.000887908032063,
                -0.000989499808782 -0.00106898384815 0.000763799796034,
                -0.00108253175473 -0.00107604166667 0.000625,
                -0.00115621993116 -0.00108309948518 0.000475032073428,
                -0.001208871168 -0.0010899706311 0.00031801021866,
                -0.00123993953348 -0.00109648453463 0.000158271770409,
                -0.00125 -0.0011025 -8.67361737988e-19,
                -0.00123993953348 -0.00110851546537 -0.000158271770409,
                -0.001208871168 -0.0011150293689 -0.00031801021866,
                -0.00115621993116 -0.00112190051482 -0.000475032073428,
                -0.00108253175473 -0.00112895833333 -0.000625,
                -0.000989499808782 -0.00113601615185 -0.000763799796034,
                -0.000879840512024 -0.00114288729777 -0.000887908032063,
                -0.000757037140617 -0.0011494012013 -0.000994683249947,
                -0.000625 -0.00115541666667 -0.00108253175473,
                -0.000482902392865 -0.00116143213204 -0.00115295502036,
                -0.000329030655979 -0.00116794603556 -0.00120591825072,
                -0.00016672012238 -0.00117481718149 -0.00123883186946,
                -0.000166720218223 -0.000672995420673 0.00123883185593,
                -0.000329030718297 -0.000679866509612 0.00120591823316,
                -0.00048290242247 -0.000686380378968 0.00115295500775,
                -0.000625 -0.000692395832466 0.00108253175473,
                -0.000757037140617 -0.000698411297835 0.000994683249947,
                -0.000879840512024 -0.000704925201363 0.000887908032063,
                -0.000989499808782 -0.000711796347285 0.000763799796034,
                -0.00108253175473 -0.0007188541658 0.000625,
                -0.00115621993116 -0.000725911984314 0.000475032073428,
                -0.001208871168 -0.000732783130236 0.00031801021866,
                -0.00123993953348 -0.000739297033764 0.000158271770409,
                -0.00125 -0.000745312499133 -8.67361737988e-19,
                -0.00123993953348 -0.000751327964502 -0.000158271770409,
                -0.001208871168 -0.00075784186803 -0.00031801021866,
                -0.00115621993116 -0.000764713013952 -0.000475032073428,
                -0.00108253175473 -0.000771770832466 -0.000625,
                -0.000989499808782 -0.00077882865098 -0.000763799796034,
                -0.000879840512024 -0.000785699796903 -0.000887908032063,
                -0.000757037140617 -0.000792213700431 -0.000994683249947,
                -0.000625 -0.0007982291658 -0.00108253175473,
                -0.000482903273586 -0.000804241337045 -0.00115295459501,
                -0.000329032276036 -0.000810745151623 -0.00120591765832,
                -0.000166722256225 -0.000817599231194 -0.00123883141317,
                -0.00016672012238 -0.000712682818514 0.00123883186946,
                -0.000329030655979 -0.000719553964436 0.00120591825072,
                -0.000482902392865 -0.000726067867965 0.00115295502036,
                -0.000625 -0.000732083333333 0.00108253175473,
                -0.000757037140617 -0.000738098798702 0.000994683249947,
                -0.000879840512024 -0.00074461270223 0.000887908032063,
                -0.000989499808782 -0.000751483848153 0.000763799796034,
                -0.00108253175473 -0.000758541666667 0.000625,
                -0.00115621993116 -0.000765599485181 0.000475032073428,
                -0.001208871168 -0.000772470631103 0.00031801021866,
                -0.00123993953348 -0.000778984534631 0.000158271770409,
                -0.00125 -0.000785 -8.67361737988e-19,
                -0.00123993953348 -0.000791015465369 -0.000158271770409,
                -0.001208871168 -0.000797529368897 -0.00031801021866,
                -0.00115621993116 -0.000804400514819 -0.000475032073428,
                -0.00108253175473 -0.000811458333333 -0.000625,
                -0.000989499808782 -0.000818516151847 -0.000763799796034,
                -0.000879840512024 -0.00082538729777 -0.000887908032063,
                -0.000757037140617 -0.000831901201298 -0.000994683249947,
                -0.000625 -0.000837916666667 -0.00108253175473,
                -0.000482902392865 -0.000843932132035 -0.00115295502036,
                -0.000329030655979 -0.000850446035564 -0.00120591825072,
                -0.00016672012238 -0.000857317181486 -0.00123883186946,
                -0.00123993953348 -0.000433827964502 -0.000158271770409,
                -0.001208871168 -0.00044034186803 -0.00031801021866,
                -0.00115621993116 -0.000447213013952 -0.000475032073428,
                -0.00108253175473 -0.000454270832466 -0.000625,
                -0.000989499808782 -0.00046132865098 -0.000763799796034,
                -0.000879840512024 -0.000468199796903 -0.000887908032063,
                -0.000757037140617 -0.000474713700431 -0.000994683249947,
                -0.000625 -0.0004807291658 -0.00108253175473,
                -0.000482902382556 -0.000486744669841 -0.00115295502535,
                -0.000329030637085 -0.000493258691813 -0.00120591825768,
                -0.000166720097616 -0.000500130038093 -0.00123883187482,
                -0.00016672012238 -0.000395182818514 0.00123883186946,
                -0.000329030655979 -0.000402053964436 0.00120591825072,
                -0.000482902392865 -0.000408567867965 0.00115295502036,
                -0.000625 -0.000414583333333 0.00108253175473,
                -0.000757037140617 -0.000420598798702 0.000994683249947,
                -0.000879840512024 -0.00042711270223 0.000887908032063,
                -0.000989499808782 -0.000433983848153 0.000763799796034,
                -0.00108253175473 -0.000441041666667 0.000625,
                -0.00115621993116 -0.000448099485181 0.000475032073428,
                -0.001208871168 -0.000454970631103 0.00031801021866,
                -0.00123993953348 -0.000461484534631 0.000158271770409,
                -0.00125 -0.0004675 -8.67361737988e-19,
                -0.00123993953348 -0.000473515465369 -0.000158271770409,
                -0.001208871168 -0.000480029368897 -0.00031801021866,
                -0.00115621993116 -0.000486900514819 -0.000475032073428,
                -0.00108253175473 -0.000493958333333 -0.000625,
                -0.000989499808782 -0.000501016151847 -0.000763799796034,
                -0.000879840512024 -0.00050788729777 -0.000887908032063,
                -0.000757037140617 -0.000514401201298 -0.000994683249947,
                -0.000625 -0.000520416666667 -0.00108253175473,
                -0.000482902392865 -0.000526432132035 -0.00115295502036,
                -0.000329030655979 -0.000532946035564 -0.00120591825072,
                -0.00016672012238 -0.000539817181486 -0.00123883186946,
                -0.00123993953348 -0.000156015465369 -0.000158271770409,
                -0.001208871168 -0.000162529368897 -0.00031801021866,
                -0.00115621993116 -0.000169400514819 -0.000475032073428,
                -0.00108253175473 -0.000176458333333 -0.000625,
                -0.000989499808782 -0.000183516151847 -0.000763799796034,
                -0.000879840512024 -0.00019038729777 -0.000887908032063,
                -0.000757037140617 -0.000196901201298 -0.000994683249947,
                -0.000625 -0.000202916666667 -0.00108253175473,
                -0.000482902392865 -0.000208932132035 -0.00115295502036,
                -0.000329030655979 -0.000215446035564 -0.00120591825072,
                -0.00016672012238 -0.000222317181486 -0.00123883186946,
                0.00016672012238 -0.00214143281851 -0.00123883186946,
                0.000329030655979 -0.00214830396444 -0.00120591825072,
                0.000482902392865 -0.00215481786796 -0.00115295502036,
                0.000625 -0.00216083333333 -0.00108253175473,
                0.000757037140617 -0.0021668487987 -0.000994683249947,
                0.000879840512024 -0.00217336270223 -0.000887908032063,
                0.000989499808782 -0.00218023384815 -0.000763799796034,
                0.00108253175473 -0.00218729166667 -0.000625,
                0.00115621993116 -0.00219434948518 -0.000475032073428,
                0.001208871168 -0.0022012206311 -0.00031801021866,
                0.00123993953348 -0.00220773453463 -0.000158271770409,
                0.00125 -0.00221375 -1.02044258788e-18,
                0.00123993953348 -0.00221976546537 0.000158271770409,
                0.001208871168 -0.0022262793689 0.00031801021866,
                0.00115621993116 -0.00223315051482 0.000475032073428,
                0.00108253175473 -0.00224020833333 0.000625,
                0.000989499808782 -0.00224726615185 0.000763799796034,
                0.000879840512024 -0.00225413729777 0.000887908032063,
                0.000757037140617 -0.0022606512013 0.000994683249947,
                0.000625 -0.00226666666667 0.00108253175473,
                0.000482902392865 -0.00227268213204 0.00115295502036,
                0.000329030655979 -0.00227919603556 0.00120591825072,
                0.00016672012238 -0.00228606718149 0.00123883186946,
                0.000166720134263 -0.00210174548923 -0.00123883186689,
                0.000329030665046 -0.00210861653898 -0.00120591824738,
                0.000482902397812 -0.00211513038566 -0.00115295501796,
                0.000625 -0.00212114583247 -0.00108253175473,
                0.000757037140617 -0.00212716129783 -0.000994683249947,
                0.000879840512024 -0.00213367520136 -0.000887908032063,
                0.000989499808782 -0.00214054634729 -0.000763799796034,
                0.00108253175473 -0.0021476041658 -0.000625,
                0.00115621993116 -0.00215466198431 -0.000475032073428,
                0.001208871168 -0.00216153313024 -0.00031801021866,
                0.00123993953348 -0.00216804703376 -0.000158271770409,
                0.00125 -0.00217406249913 -1.02044258788e-18,
                0.00123993953348 -0.0021800779645 0.000158271770409,
                0.001208871168 -0.00218659186803 0.00031801021866,
                0.00115621993116 -0.00219346301395 0.000475032073428,
                0.00108253175473 -0.00220052083247 0.000625,
                0.000989499808782 -0.00220757865098 0.000763799796034,
                0.000879840512024 -0.0022144497969 0.000887908032063,
                0.000757037140617 -0.00222096370043 0.000994683249947,
                0.000625 -0.0022269791658 0.00108253175473,
                0.000482897561827 -0.00223299483568 0.00115295704377,
                0.000329020327309 -0.00223950897194 0.00120592106882,
                0.000166703993225 -0.00224638036342 0.00123883403999,
                0.000166713323389 -0.00178414729354 -0.00123883334334,
                0.000329025463993 -0.00179107337987 -0.00120592016428,
                0.000482899558024 -0.00179761976221 -0.0011529563943,
                0.000625 -0.00180364583247 -0.00108253175473,
                0.000757037140617 -0.00180966129783 -0.000994683249947,
                0.000879840512024 -0.00181617520136 -0.000887908032063,
                0.000989499808782 -0.00182304634729 -0.000763799796034,
                0.00108253175473 -0.0018301041658 -0.000625,
                0.00115621993116 -0.00183716198431 -0.000475032073428,
                0.001208871168 -0.00184403313024 -0.00031801021866,
                0.00123993953348 -0.00185054703376 -0.000158271770409,
                0.00125 -0.00185656249913 -1.02044258788e-18,
                0.00123993953348 -0.0018625779645 0.000158271770409,
                0.001208871168 -0.00186909186803 0.00031801021866,
                0.00115621993116 -0.00187596301395 0.000475032073428,
                0.00108253175473 -0.00188302083247 0.000625,
                0.000989499808782 -0.00189007865098 0.000763799796034,
                0.000879840512024 -0.0018969497969 0.000887908032063,
                0.000757037140617 -0.00190346370043 0.000994683249947,
                0.000625 -0.0019094791658 0.00108253175473,
                0.000482902045204 -0.00191549464589 0.00115295516597,
                0.000329029912687 -0.00192200856616 0.00120591845353,
                0.000166718961661 -0.00192887972976 0.00123883202567,
                0.00016672012238 -0.00182393281851 -0.00123883186946,
                0.000329030655979 -0.00183080396444 -0.00120591825072,
                0.000482902392865 -0.00183731786796 -0.00115295502036,
                0.000625 -0.00184333333333 -0.00108253175473,
                0.000757037140617 -0.0018493487987 -0.000994683249947,
                0.000879840512024 -0.00185586270223 -0.000887908032063,
                0.000989499808782 -0.00186273384815 -0.000763799796034,
                0.00108253175473 -0.00186979166667 -0.000625,
                0.00115621993116 -0.00187684948518 -0.000475032073428,
                0.001208871168 -0.0018837206311 -0.00031801021866,
                0.00123993953348 -0.00189023453463 -0.000158271770409,
                0.00125 -0.00189625 -1.02044258788e-18,
                0.00123993953348 -0.00190226546537 0.000158271770409,
                0.001208871168 -0.0019087793689 0.00031801021866,
                0.00115621993116 -0.00191565051482 0.000475032073428,
                0.00108253175473 -0.00192270833333 0.000625,
                0.000989499808782 -0.00192976615185 0.000763799796034,
                0.000879840512024 -0.00193663729777 0.000887908032063,
                0.000757037140617 -0.0019431512013 0.000994683249947,
                0.000625 -0.00194916666667 0.00108253175473,
                0.000482902392865 -0.00195518213204 0.00115295502036,
                0.000329030655979 -0.00196169603556 0.00120591825072,
                0.00016672012238 -0.00196856718149 0.00123883186946,
                0.00016672012238 -0.00150643281851 -0.00123883186946,
                0.000329030655979 -0.00151330396444 -0.00120591825072,
                0.000482902392865 -0.00151981786796 -0.00115295502036,
                0.000625 -0.00152583333333 -0.00108253175473,
                0.000757037140617 -0.0015318487987 -0.000994683249947,
                0.000879840512024 -0.00153836270223 -0.000887908032063,
                0.000989499808782 -0.00154523384815 -0.000763799796034,
                0.00108253175473 -0.00155229166667 -0.000625,
                0.00115621993116 -0.00155934948518 -0.000475032073428,
                0.001208871168 -0.0015662206311 -0.00031801021866,
                0.00123993953348 -0.00157273453463 -0.000158271770409,
                0.00125 -0.00157875 -1.02044258788e-18,
                0.00123993953348 -0.00158476546537 0.000158271770409,
                0.001208871168 -0.0015912793689 0.00031801021866,
                0.00115621993116 -0.00159815051482 0.000475032073428,
                0.00108253175473 -0.00160520833333 0.000625,
                0.000989499808782 -0.00161226615185 0.000763799796034,
                0.000879840512024 -0.00161913729777 0.000887908032063,
                0.000757037140617 -0.0016256512013 0.000994683249947,
                0.000625 -0.00163166666667 0.00108253175473,
                0.000482902392865 -0.00163768213204 0.00115295502036,
                0.000329030655979 -0.00164419603556 0.00120591825072,
                0.00016672012238 -0.00165106718149 0.00123883186946,
                0.000166720695337 -0.00146675354148 -0.00123883174622,
                0.000329031092058 -0.00147362007809 -0.00120591809072,
                0.000482902630374 -0.00148013125678 -0.00115295490548,
                0.000625 -0.00148614583247 -0.00108253175473,
                0.000757037140617 -0.00149216129783 -0.000994683249947,
                0.000879840512024 -0.00149867520136 -0.000887908032063,
                0.000989499808782 -0.00150554634729 -0.000763799796034,
                0.00108253175473 -0.0015126041658 -0.000625,
                0.00115621993116 -0.00151966198431 -0.000475032073428,
                0.001208871168 -0.00152653313024 -0.00031801021866,
                0.00123993953348 -0.00153304703376 -0.000158271770409,
                0.00125 -0.00153906249913 -1.02044258788e-18,
                0.00123993953348 -0.0015450779645 0.000158271770409,
                0.001208871168 -0.00155159186803 0.00031801021866,
                0.00115621993116 -0.00155846301395 0.000475032073428,
                0.00108253175473 -0.00156552083247 0.000625,
                0.000989499808782 -0.00157257865098 0.000763799796034,
                0.000879840512024 -0.0015794497969 0.000887908032063,
                0.000757037140617 -0.00158596370043 0.000994683249947,
                0.000625 -0.0015919791658 0.00108253175473,
                0.000482902395169 -0.00159799462051 0.0011529550192,
                0.000329030660036 -0.00160450849137 0.00120591824912,
                0.000166720127405 -0.001611379582 0.00123883186823,
                0.00016672012238 -0.00118893281851 -0.00123883186946,
                0.000329030655979 -0.00119580396444 -0.00120591825072,
                0.000482902392865 -0.00120231786796 -0.00115295502036,
                0.000625 -0.00120833333333 -0.00108253175473,
                0.000757037140617 -0.0012143487987 -0.000994683249947,
                0.000879840512024 -0.00122086270223 -0.000887908032063,
                0.000989499808782 -0.00122773384815 -0.000763799796034,
                0.00108253175473 -0.00123479166667 -0.000625,
                0.00115621993116 -0.00124184948518 -0.000475032073428,
                0.001208871168 -0.0012487206311 -0.00031801021866,
                0.00123993953348 -0.00125523453463 -0.000158271770409,
                0.00125 -0.00126125 -1.02044258788e-18,
                0.00123993953348 -0.00126726546537 0.000158271770409,
                0.001208871168 -0.0012737793689 0.00031801021866,
                0.00115621993116 -0.00128065051482 0.000475032073428,
                0.00108253175473 -0.00128770833333 0.000625,
                0.000989499808782 -0.00129476615185 0.000763799796034,
                0.000879840512024 -0.00130163729777 0.000887908032063,
                0.000757037140617 -0.0013081512013 0.000994683249947,
                0.000625 -0.00131416666667 0.00108253175473,
                0.000482902392865 -0.00132018213204 0.00115295502036,
                0.000329030655979 -0.00132669603556 0.00120591825072,
                0.00016672012238 -0.00133356718149 0.00123883186946,
                0.000166719984657 -0.00114924333636 -0.00123883189915,
                0.000329030551056 -0.00115611559276 -0.00120591828927,
                0.000482902335677 -0.00116263015275 -0.00115295504803,
                0.000625 -0.00116864583247 -0.00108253175473,
                0.000757037140617 -0.00117466129783 -0.000994683249947,
                0.000879840512024 -0.00118117520136 -0.000887908032063,
                0.000989499808782 -0.00118804634729 -0.000763799796034,
                0.00108253175473 -0.0011951041658 -0.000625,
                0.00115621993116 -0.00120216198431 -0.000475032073428,
                0.001208871168 -0.00120903313024 -0.00031801021866,
                0.00123993953348 -0.00121554703376 -0.000158271770409,
                0.00125 -0.00122156249913 -1.02044258788e-18,
                0.00123993953348 -0.0012275779645 0.000158271770409,
                0.001208871168 -0.00123409186803 0.00031801021866,
                0.00115621993116 -0.00124096301395 0.000475032073428,
                0.00108253175473 -0.00124802083247 0.000625,
                0.000989499808782 -0.00125507865098 0.000763799796034,
                0.000879840512024 -0.0012619497969 0.000887908032063,
                0.000757037140617 -0.00126846370043 0.000994683249947,
                0.000625 -0.0012744791658 0.00108253175473,
                0.000482903832532 -0.00128049456672 0.0011529544173,
                0.000329033733672 -0.0012870083901 0.00120591741082,
                0.000166724928045 -0.00129387944457 0.00123883122253,
                0.00016672012238 -0.000871432818514 -0.00123883186946,
                0.000329030655979 -0.000878303964436 -0.00120591825072,
                0.000482902392865 -0.000884817867965 -0.00115295502036,
                0.000625 -0.000890833333333 -0.00108253175473,
                0.000757037140617 -0.000896848798702 -0.000994683249947,
                0.000879840512024 -0.00090336270223 -0.000887908032063,
                0.000989499808782 -0.000910233848153 -0.000763799796034,
                0.00108253175473 -0.000917291666667 -0.000625,
                0.00115621993116 -0.000924349485181 -0.000475032073428,
                0.001208871168 -0.000931220631103 -0.00031801021866,
                0.00123993953348 -0.000937734534631 -0.000158271770409,
                0.00125 -0.00094375 -1.02044258788e-18,
                0.00123993953348 -0.000949765465369 0.000158271770409,
                0.001208871168 -0.000956279368897 0.00031801021866,
                0.00115621993116 -0.000963150514819 0.000475032073428,
                0.00108253175473 -0.000970208333333 0.000625,
                0.000989499808782 -0.000977266151847 0.000763799796034,
                0.000879840512024 -0.00098413729777 0.000887908032063,
                0.000757037140617 -0.000990651201298 0.000994683249947,
                0.000625 -0.000996666666667 0.00108253175473,
                0.000482902392865 -0.00100268213204 0.00115295502036,
                0.000329030655979 -0.00100919603556 0.00120591825072,
                0.00016672012238 -0.00101606718149 0.00123883186946,
                0.000166717988533 -0.000831714868211 -0.00123883232575,
                0.00032902903592 -0.000838603080489 -0.00120591884312,
                0.000482901512143 -0.000845127072973 -0.0011529554457,
                0.000625 -0.000851145832466 -0.00108253175473,
                0.000757037140617 -0.000857161297835 -0.000994683249947,
                0.000879840512024 -0.000863675201363 -0.000887908032063,
                0.000989499808782 -0.000870546347285 -0.000763799796034,
                0.00108253175473 -0.0008776041658 -0.000625,
                0.00115621993116 -0.000884661984314 -0.000475032073428,
                0.001208871168 -0.000891533130236 -0.00031801021866,
                0.00123993953348 -0.000898047033764 -0.000158271770409,
                0.00125 -0.000904062499133 -1.02044258788e-18,
                0.00123993953348 -0.000910077964502 0.000158271770409,
                0.001208871168 -0.00091659186803 0.00031801021866,
                0.00115621993116 -0.000923463013952 0.000475032073428,
                0.00108253175473 -0.000930520832466 0.000625,
                0.000989499808782 -0.00093757865098 0.000763799796034,
                0.000879840512024 -0.000944449796903 0.000887908032063,
                0.000757037140617 -0.000950963700431 0.000994683249947,
                0.000625 -0.0009569791658 0.00108253175473,
                0.000482901614871 -0.000962994667663 0.00115295534627,
                0.000329028992938 -0.000969508619649 0.00120591870464,
                0.000166717525831 -0.000976379823717 0.00123883221909,
                0.00016672012238 -0.000553932818514 -0.00123883186946,
                0.000329030655979 -0.000560803964436 -0.00120591825072,
                0.000482902392865 -0.000567317867965 -0.00115295502036,
                0.000625 -0.000573333333333 -0.00108253175473,
                0.000757037140617 -0.000579348798702 -0.000994683249947,
                0.000879840512024 -0.00058586270223 -0.000887908032063,
                0.000989499808782 -0.000592733848153 -0.000763799796034,
                0.00108253175473 -0.000599791666667 -0.000625,
                0.00115621993116 -0.000606849485181 -0.000475032073428,
                0.001208871168 -0.000613720631103 -0.00031801021866,
                0.00123993953348 -0.000620234534631 -0.000158271770409,
                0.00125 -0.00062625 -1.02044258788e-18,
                0.00123993953348 -0.000632265465369 0.000158271770409,
                0.001208871168 -0.000638779368897 0.00031801021866,
                0.00115621993116 -0.000645650514819 0.000475032073428,
                0.00108253175473 -0.000652708333333 0.000625,
                0.000989499808782 -0.000659766151847 0.000763799796034,
                0.000879840512024 -0.00066663729777 0.000887908032063,
                0.000757037140617 -0.000673151201298 0.000994683249947,
                0.000625 -0.000679166666667 0.00108253175473,
                0.000482902392865 -0.000685182132035 0.00115295502036,
                0.000329030655979 -0.000691696035564 0.00120591825072,
                0.00016672012238 -0.000698567181486 0.00123883186946,
                0.000166720147144 -0.000514245675121 -0.0012388318641,
                0.000329030674873 -0.000521116620686 -0.00120591824377,
                0.000482902403174 -0.00052763040577 -0.00115295501536,
                0.000625 -0.000533645832466 -0.00108253175473,
                0.000757037140617 -0.000539661297835 -0.000994683249947,
                0.000879840512024 -0.000546175201363 -0.000887908032063,
                0.000989499808782 -0.000553046347285 -0.000763799796034,
                0.00108253175473 -0.0005601041658 -0.000625,
                0.00115621993116 -0.000567161984314 -0.000475032073428,
                0.001208871168 -0.000574033130236 -0.00031801021866,
                0.00123993953348 -0.000580547033764 -0.000158271770409,
                0.00125 -0.000586562499133 -1.02044258788e-18,
                0.00123993953348 -0.000592577964502 0.000158271770409,
                0.001208871168 -0.00059909186803 0.00031801021866,
                0.00115621993116 -0.000605963013952 0.000475032073428,
                0.00108253175473 -0.000613020832466 0.000625,
                0.000989499808782 -0.00062007865098 0.000763799796034,
                0.000879840512024 -0.000626949796903 0.000887908032063,
                0.000757037140617 -0.000633463700431 0.000994683249947,
                0.000625 -0.0006394791658 0.00108253175473,
                0.00048290236326 -0.000645494643039 0.00115295503297,
                0.000329030593661 -0.000652008580739 0.00120591826828,
                0.000166720026537 -0.000658879783644 0.00123883188299,
                0.00016672012238 -0.000236432818514 -0.00123883186946,
                0.000329030655979 -0.000243303964436 -0.00120591825072,
                0.000482902392865 -0.000249817867965 -0.00115295502036,
                0.000625 -0.000255833333333 -0.00108253175473,
                0.000757037140617 -0.000261848798702 -0.000994683249947,
                0.000879840512024 -0.00026836270223 -0.000887908032063,
                0.000989499808782 -0.000275233848153 -0.000763799796034,
                0.00108253175473 -0.000282291666667 -0.000625,
                0.00115621993116 -0.000289349485181 -0.000475032073428,
                0.001208871168 -0.000296220631103 -0.00031801021866,
                0.00123993953348 -0.000302734534631 -0.000158271770409,
                0.00125 -0.00030875 -1.02044258788e-18,
                0.00123993953348 -0.000314765465369 0.000158271770409,
                0.001208871168 -0.000321279368897 0.00031801021866,
                0.00115621993116 -0.000328150514819 0.000475032073428,
                0.00108253175473 -0.000335208333333 0.000625,
                0.000989499808782 -0.000342266151847 0.000763799796034,
                0.000879840512024 -0.00034913729777 0.000887908032063,
                0.000757037140617 -0.000355651201298 0.000994683249947,
                0.000625 -0.000361666666667 0.00108253175473,
                0.000482902392865 -0.000367682132035 0.00115295502036,
                0.000329030655979 -0.000374196035564 0.00120591825072,
                0.00016672012238 -0.000381067181486 0.00123883186946,
                0.000217060222084 -0.00015 0.00123100969127,
                0.000427525179157 -0.00015 0.00117461577598,
                0.000625 -0.00015 0.00108253175473,
                0.000803484512108 -0.00015 0.000957555553899,
                0.000957555553899 -0.00015 0.000803484512108,
                0.00108253175473 -0.00015 0.000625,
                0.00117461577598 -0.00015 0.000427525179157,
                0.00123100969127 -0.00015 0.000217060222084,
                0.00125 -0.00015 -7.90821313042e-19,
                0.00123100969127 -0.00015 -0.000217060222084,
                0.00117461577598 -0.00015 -0.000427525179157,
                0.00108253175473 -0.00015 -0.000625,
                0.000957555553899 -0.00015 -0.000803484512108,
                0.000803484512108 -0.00015 -0.000957555553899,
                0.000625 -0.00015 -0.00108253175473,
                0.000427525179157 -0.00015 -0.00117461577598,
                0.000217060222084 -0.00015 -0.00123100969127,
                -0.00106947074652 -0.000255234214935 -0.000136512324901,
                -0.00104267370753 -0.000261748118463 -0.000274289686527,
                -0.000997261043407 -0.000268619264386 -0.000409723936105,
                -0.000933703630381 -0.0002756770829 -0.000539074042344,
                -0.000853461858909 -0.000282734901414 -0.000658791429743,
                -0.000758878690295 -0.000289606047336 -0.000765837075318,
                -0.000652958514555 -0.000296119950864 -0.000857932672641,
                -0.000539074042344 -0.000302135416233 -0.000933703630381,
                -0.000416512231966 -0.000308150881602 -0.000994444997543,
                -0.000283795017238 -0.00031466478513 -0.00104012676185,
                -0.000143799184498 -0.000321535931052 -0.00106851536585,
                -8.62701752314e-19 -0.000328593749566 -0.00107814808469,
                0.000143799184498 -0.00033565156808 -0.00106851536585,
                0.000283795017238 -0.000342522714003 -0.00104012676185,
                0.000416512231966 -0.000349036617531 -0.000994444997543,
                0.000539074042344 -0.0003550520829 -0.000933703630381,
                0.000652958514555 -0.000361067548268 -0.000857932672641,
                0.000758878690295 -0.000367581451797 -0.000765837075318,
                0.000853461858909 -0.000374452597719 -0.000658791429743,
                0.000933703630381 -0.000381510416233 -0.000539074042344,
                0.000997261043407 -0.000388568234747 -0.000409723936105,
                0.00104267370753 -0.00039543938067 -0.000274289686527,
                0.00106947074652 -0.000401953284198 -0.000136512324901,
                0.00107814808469 -0.000407968749566 -9.9939679808e-19,
                0.00106947074652 -0.000413984214935 0.000136512324901,
                0.00104267370753 -0.000420498118463 0.000274289686527,
                0.000997261043407 -0.000427369264386 0.000409723936105,
                0.000933703630381 -0.0004344270829 0.000539074042344,
                0.000853461858909 -0.000441484901414 0.000658791429743,
                0.000758878690295 -0.000448356047336 0.000765837075318,
                0.000652958514555 -0.000454869950864 0.000857932672641,
                0.000539074042344 -0.000460885416233 0.000933703630381,
                0.000416512231966 -0.000466900881602 0.000994444997543,
                0.000283795017238 -0.00047341478513 0.00104012676185,
                0.000143799184498 -0.000480285931052 0.00106851536585,
                -4.462250443e-19 -0.000487343749566 0.00107814808469,
                -0.000143799184498 -0.00049440156808 0.00106851536585,
                -0.000283795017238 -0.000501272714003 0.00104012676185,
                -0.000416512231966 -0.000507786617531 0.000994444997543,
                -0.000539074042344 -0.0005138020829 0.000933703630381,
                -0.000652958514555 -0.000519817548268 0.000857932672641,
                -0.000758878690295 -0.000526331451797 0.000765837075318,
                -0.000853461858909 -0.000533202597719 0.000658791429743,
                -0.000933703630381 -0.000540260416233 0.000539074042344,
                -0.000997261043407 -0.000547318234747 0.000409723936105,
                -0.00104267370753 -0.00055418938067 0.000274289686527,
                -0.00106947074652 -0.000560703284198 0.000136512324901,
                -0.00107814808469 -0.000566718749566 -8.67361737988e-19,
                -0.00106947074652 -0.000572734214935 -0.000136512324901,
                -0.00104267370753 -0.000579248118463 -0.000274289686527,
                -0.000997261043407 -0.000586119264386 -0.000409723936105,
                -0.000933703630381 -0.0005931770829 -0.000539074042344,
                -0.000853461858909 -0.000600234901414 -0.000658791429743,
                -0.000758878690295 -0.000607106047336 -0.000765837075318,
                -0.000652958514555 -0.000613619950864 -0.000857932672641,
                -0.000539074042344 -0.000619635416233 -0.000933703630381,
                -0.000416512231966 -0.000625650881602 -0.000994444997543,
                -0.000283795017238 -0.00063216478513 -0.00104012676185,
                -0.000143799184498 -0.000639035931052 -0.00106851536585,
                -2.6773502658e-19 -0.000646093749566 -0.00107814808469,
                0.000143799184498 -0.00065315156808 -0.00106851536585,
                0.000283795017238 -0.000660022714003 -0.00104012676185,
                0.000416512231966 -0.000666536617531 -0.000994444997543,
                0.000539074042344 -0.0006725520829 -0.000933703630381,
                0.000652958514555 -0.000678567548268 -0.000857932672641,
                0.000758878690295 -0.000685081451797 -0.000765837075318,
                0.000853461858909 -0.000691952597719 -0.000658791429743,
                0.000933703630381 -0.000699010416233 -0.000539074042344,
                0.000997261043407 -0.000706068234747 -0.000409723936105,
                0.00104267370753 -0.00071293938067 -0.000274289686527,
                0.00106947074652 -0.000719453284198 -0.000136512324901,
                0.00107814808469 -0.000725468749566 -9.9939679808e-19,
                0.00106947074652 -0.000731484214935 0.000136512324901,
                0.00104267370753 -0.000737998118463 0.000274289686527,
                0.000997261043407 -0.000744869264386 0.000409723936105,
                0.000933703630381 -0.0007519270829 0.000539074042344,
                0.000853461858909 -0.000758984901414 0.000658791429743,
                0.000758878690295 -0.000765856047336 0.000765837075318,
                0.000652958514555 -0.000772369950864 0.000857932672641,
                0.000539074042344 -0.000778385416233 0.000933703630381,
                0.000416512231966 -0.000784400881602 0.000994444997543,
                0.000283795017238 -0.00079091478513 0.00104012676185,
                0.000143799184498 -0.000797785931052 0.00106851536585,
                2.6773502658e-19 -0.000804843749566 0.00107814808469,
                -0.000143799184498 -0.00081190156808 0.00106851536585,
                -0.000283795017238 -0.000818772714003 0.00104012676185,
                -0.000416512231966 -0.000825286617531 0.000994444997543,
                -0.000539074042344 -0.0008313020829 0.000933703630381,
                -0.000652958514555 -0.000837317548268 0.000857932672641,
                -0.000758878690295 -0.000843831451797 0.000765837075318,
                -0.000853461858909 -0.000850702597719 0.000658791429743,
                -0.000933703630381 -0.000857760416233 0.000539074042344,
                -0.000997261043407 -0.000864818234747 0.000409723936105,
                -0.00104267370753 -0.00087168938067 0.000274289686527,
                -0.00106947074652 -0.000878203284198 0.000136512324901,
                -0.00107814808469 -0.000884218749566 -8.67361737988e-19,
                -0.00106947074652 -0.000890234214935 -0.000136512324901,
                -0.00104267370753 -0.000896748118463 -0.000274289686527,
                -0.000997261043407 -0.000903619264386 -0.000409723936105,
                -0.000933703630381 -0.0009106770829 -0.000539074042344,
                -0.000853461858909 -0.000917734901414 -0.000658791429743,
                -0.000758878690295 -0.000924606047336 -0.000765837075318,
                -0.000652958514555 -0.000931119950864 -0.000857932672641,
                -0.000539074042344 -0.000937135416233 -0.000933703630381,
                -0.000416512231966 -0.000943150881602 -0.000994444997543,
                -0.000283795017238 -0.00094966478513 -0.00104012676185,
                -0.000143799184498 -0.000956535931052 -0.00106851536585,
                5.65218389447e-19 -0.000963593749566 -0.00107814808469,
                0.000143799184498 -0.00097065156808 -0.00106851536585,
                0.000283795017238 -0.000977522714003 -0.00104012676185,
                0.000416512231966 -0.000984036617531 -0.000994444997543,
                0.000539074042344 -0.0009900520829 -0.000933703630381,
                0.000652958514555 -0.000996067548268 -0.000857932672641,
                0.000758878690295 -0.0010025814518 -0.000765837075318,
                0.000853461858909 -0.00100945259772 -0.000658791429743,
                0.000933703630381 -0.00101651041623 -0.000539074042344,
                0.000997261043407 -0.00102356823475 -0.000409723936105,
                0.00104267370753 -0.00103043938067 -0.000274289686527,
                0.00106947074652 -0.0010369532842 -0.000136512324901,
                0.00107814808469 -0.00104296874957 -9.9939679808e-19,
                0.00106947074652 -0.00104898421494 0.000136512324901,
                0.00104267370753 -0.00105549811846 0.000274289686527,
                0.000997261043407 -0.00106236926439 0.000409723936105,
                0.000933703630381 -0.0010694270829 0.000539074042344,
                0.000853461858909 -0.00107648490141 0.000658791429743,
                0.000758878690295 -0.00108335604734 0.000765837075318,
                0.000652958514555 -0.00108986995086 0.000857932672641,
                0.000539074042344 -0.00109588541623 0.000933703630381,
                0.000416512231966 -0.0011019008816 0.000994444997543,
                0.000283795017238 -0.00110841478513 0.00104012676185,
                0.000143799184498 -0.00111528593105 0.00106851536585,
                -4.462250443e-19 -0.00112234374957 0.00107814808469,
                -0.000143799184498 -0.00112940156808 0.00106851536585,
                -0.000283795017238 -0.001136272714 0.00104012676185,
                -0.000416512231966 -0.00114278661753 0.000994444997543,
                -0.000539074042344 -0.0011488020829 0.000933703630381,
                -0.000652958514555 -0.00115481754827 0.000857932672641,
                -0.000758878690295 -0.0011613314518 0.000765837075318,
                -0.000853461858909 -0.00116820259772 0.000658791429743,
                -0.000933703630381 -0.00117526041623 0.000539074042344,
                -0.000997261043407 -0.00118231823475 0.000409723936105,
                -0.00104267370753 -0.00118918938067 0.000274289686527,
                -0.00106947074652 -0.0011957032842 0.000136512324901,
                -0.00107814808469 -0.00120171874957 -8.67361737988e-19,
                -0.00106947074652 -0.00120773421494 -0.000136512324901,
                -0.00104267370753 -0.00121424811846 -0.000274289686527,
                -0.000997261043407 -0.00122111926439 -0.000409723936105,
                -0.000933703630381 -0.0012281770829 -0.000539074042344,
                -0.000853461858909 -0.00123523490141 -0.000658791429743,
                -0.000758878690295 -0.00124210604734 -0.000765837075318,
                -0.000652958514555 -0.00124861995086 -0.000857932672641,
                -0.000539074042344 -0.00125463541623 -0.000933703630381,
                -0.000416512231966 -0.0012606508816 -0.000994444997543,
                -0.000283795017238 -0.00126716478513 -0.00104012676185,
                -0.000143799184498 -0.00127403593105 -0.00106851536585,
                -9.8169509746e-19 -0.00128109374957 -0.00107814808469,
                0.000143799184498 -0.00128815156808 -0.00106851536585,
                0.000283795017238 -0.001295022714 -0.00104012676185,
                0.000416512231966 -0.00130153661753 -0.000994444997543,
                0.000539074042344 -0.0013075520829 -0.000933703630381,
                0.000652958514555 -0.00131356754827 -0.000857932672641,
                0.000758878690295 -0.0013200814518 -0.000765837075318,
                0.000853461858909 -0.00132695259772 -0.000658791429743,
                0.000933703630381 -0.00133401041623 -0.000539074042344,
                0.000997261043407 -0.00134106823475 -0.000409723936105,
                0.00104267370753 -0.00134793938067 -0.000274289686527,
                0.00106947074652 -0.0013544532842 -0.000136512324901,
                0.00107814808469 -0.00136046874957 -9.9939679808e-19,
                0.00106947074652 -0.00136648421494 0.000136512324901,
                0.00104267370753 -0.00137299811846 0.000274289686527,
                0.000997261043407 -0.00137986926439 0.000409723936105,
                0.000933703630381 -0.0013869270829 0.000539074042344,
                0.000853461858909 -0.00139398490141 0.000658791429743,
                0.000758878690295 -0.00140085604734 0.000765837075318,
                0.000652958514555 -0.00140736995086 0.000857932672641,
                0.000539074042344 -0.00141338541623 0.000933703630381,
                0.000416512231966 -0.0014194008816 0.000994444997543,
                0.000283795017238 -0.00142591478513 0.00104012676185,
                0.000143799184498 -0.00143278593105 0.00106851536585,
                1.10068844261e-18 -0.00143984374957 0.00107814808469,
                -0.000143799184498 -0.00144690156808 0.00106851536585,
                -0.000283795017238 -0.001453772714 0.00104012676185,
                -0.000416512231966 -0.00146028661753 0.000994444997543,
                -0.000539074042344 -0.0014663020829 0.000933703630381,
                -0.000652958514555 -0.00147231754827 0.000857932672641,
                -0.000758878690295 -0.0014788314518 0.000765837075318,
                -0.000853461858909 -0.00148570259772 0.000658791429743,
                -0.000933703630381 -0.00149276041623 0.000539074042344,
                -0.000997261043407 -0.00149981823475 0.000409723936105,
                -0.00104267370753 -0.00150668938067 0.000274289686527,
                -0.00106947074652 -0.0015132032842 0.000136512324901,
                -0.00107814808469 -0.00151921874957 -8.67361737988e-19,
                -0.00106947074652 -0.00152523421494 -0.000136512324901,
                -0.00104267370753 -0.00153174811846 -0.000274289686527,
                -0.000997261043407 -0.00153861926439 -0.000409723936105,
                -0.000933703630381 -0.0015456770829 -0.000539074042344,
                -0.000853461858909 -0.00155273490141 -0.000658791429743,
                -0.000758878690295 -0.00155960604734 -0.000765837075318,
                -0.000652958514555 -0.00156611995086 -0.000857932672641,
                -0.000539074042344 -0.00157213541623 -0.000933703630381,
                -0.000416512231966 -0.0015781508816 -0.000994444997543,
                -0.000283795017238 -0.00158466478513 -0.00104012676185,
                -0.000143799184498 -0.00159153593105 -0.00106851536585,
                -9.8169509746e-19 -0.00159859374957 -0.00107814808469,
                0.000143799184498 -0.00160565156808 -0.00106851536585,
                0.000283795017238 -0.001612522714 -0.00104012676185,
                0.000416512231966 -0.00161903661753 -0.000994444997543,
                0.000539074042344 -0.0016250520829 -0.000933703630381,
                0.000652958514555 -0.00163106754827 -0.000857932672641,
                0.000758878690295 -0.0016375814518 -0.000765837075318,
                0.000853461858909 -0.00164445259772 -0.000658791429743,
                0.000933703630381 -0.00165151041623 -0.000539074042344,
                0.000997261043407 -0.00165856823475 -0.000409723936105,
                0.00104267370753 -0.00166543938067 -0.000274289686527,
                0.00106947074652 -0.0016719532842 -0.000136512324901,
                0.00107814808469 -0.00167796874957 -9.9939679808e-19,
                0.00106947074652 -0.00168398421494 0.000136512324901,
                0.00104267370753 -0.00169049811846 0.000274289686527,
                0.000997261043407 -0.00169736926439 0.000409723936105,
                0.000933703630381 -0.0017044270829 0.000539074042344,
                0.000853461858909 -0.00171148490141 0.000658791429743,
                0.000758878690295 -0.00171835604734 0.000765837075318,
                0.000652958514555 -0.00172486995086 0.000857932672641,
                0.000539074042344 -0.00173088541623 0.000933703630381,
                0.000416512231966 -0.0017369008816 0.000994444997543,
                0.000283795017238 -0.00174341478513 0.00104012676185,
                0.000143799184498 -0.00175028593105 0.00106851536585,
                -3.54005201811e-18 -0.00175734374957 0.00107814808469,
                -0.000143799184498 -0.00176440156808 0.00106851536585,
                -0.000283795017238 -0.001771272714 0.00104012676185,
                -0.000416512231966 -0.00177778661753 0.000994444997543,
                -0.000539074042344 -0.0017838020829 0.000933703630381,
                -0.000652958514555 -0.00178981754827 0.000857932672641,
                -0.000758878690295 -0.0017963314518 0.000765837075318,
                -0.000853461858909 -0.00180320259772 0.000658791429743,
                -0.000933703630381 -0.00181026041623 0.000539074042344,
                -0.000997261043407 -0.00181731823475 0.000409723936105,
                -0.00104267370753 -0.00182418938067 0.000274289686527,
                -0.00106947074652 -0.0018307032842 0.000136512324901,
                -0.00107814808469 -0.00183671874957 -8.67361737988e-19,
                -0.00106947074652 -0.00184273421494 -0.000136512324901,
                -0.00104267370753 -0.00184924811846 -0.000274289686527,
                -0.000997261043407 -0.00185611926439 -0.000409723936105,
                -0.000933703630381 -0.0018631770829 -0.000539074042344,
                -0.000853461858909 -0.00187023490141 -0.000658791429743,
                -0.000758878690295 -0.00187710604734 -0.000765837075318,
                -0.000652958514555 -0.00188361995086 -0.000857932672641,
                -0.000539074042344 -0.00188963541623 -0.000933703630381,
                -0.000416512231966 -0.0018956508816 -0.000994444997543,
                -0.000283795017238 -0.00190216478513 -0.00104012676185,
                -0.000143799184498 -0.00190903593105 -0.00106851536585,
                -9.8169509746e-19 -0.00191609374957 -0.00107814808469,
                0.000143799184498 -0.00192315156808 -0.00106851536585,
                0.000283795017238 -0.001930022714 -0.00104012676185,
                0.000416512231966 -0.00193653661753 -0.000994444997543,
                0.000539074042344 -0.0019425520829 -0.000933703630381,
                0.000652958514555 -0.00194856754827 -0.000857932672641,
                0.000758878690295 -0.0019550814518 -0.000765837075318,
                0.000853461858909 -0.00196195259772 -0.000658791429743,
                0.000933703630381 -0.00196901041623 -0.000539074042344,
                0.000997261043407 -0.00197606823475 -0.000409723936105,
                0.00104267370753 -0.00198293938067 -0.000274289686527,
                0.00106947074652 -0.0019894532842 -0.000136512324901,
                0.00107814808469 -0.00199546874957 -9.9939679808e-19,
                0.00106947074652 -0.00200148421494 0.000136512324901,
                0.00104267370753 -0.00200799811846 0.000274289686527,
                0.000997261043407 -0.00201486926439 0.000409723936105,
                0.000933703630381 -0.0020219270829 0.000539074042344,
                0.000853461858909 -0.00202898490141 0.000658791429743,
                0.000758878690295 -0.00203585604734 0.000765837075318,
                0.000652958514555 -0.00204236995086 0.000857932672641,
                0.000539074042344 -0.00204838541623 0.000933703630381,
                0.000416512231966 -0.0020544008816 0.000994444997543,
                0.000283795017238 -0.00206091478513 0.00104012676185,
                0.000143799184498 -0.00206778593105 0.00106851536585,
                -4.462250443e-19 -0.00207484374957 0.00107814808469,
                -0.000143799184498 -0.00208190156808 0.00106851536585,
                -0.000283795017238 -0.002088772714 0.00104012676185,
                -0.000416512231966 -0.00209528661753 0.000994444997543,
                -0.000539074042344 -0.0021013020829 0.000933703630381,
                -0.000652958514555 -0.00210731754827 0.000857932672641,
                -0.000758878690295 -0.0021138314518 0.000765837075318,
                -0.000853461858909 -0.00212070259772 0.000658791429743,
                -0.000933703630381 -0.00212776041623 0.000539074042344,
                -0.000997261043407 -0.00213481823475 0.000409723936105,
                -0.00104267370753 -0.00214168938067 0.000274289686527,
                -0.00106947074652 -0.0021482032842 0.000136512324901,
                -0.00107814808469 -0.00215421874957 -8.67361737988e-19,
                -0.00106947074652 -0.00216023421494 -0.000136512324901,
                -0.00104267370753 -0.00216674811846 -0.000274289686527,
                -0.000997261043407 -0.00217361926439 -0.000409723936105,
                -0.000933703630381 -0.0021806770829 -0.000539074042344,
                -0.000853461858909 -0.00218773490141 -0.000658791429743,
                -0.000758878690295 -0.00219460604734 -0.000765837075318,
                -0.000652958514555 -0.00220111995086 -0.000857932672641,
                -0.000539074042344 -0.00220713541623 -0.000933703630381,
                -0.000416512231966 -0.0022131508816 -0.000994444997543,
                -0.000283795017238 -0.00221966478513 -0.00104012676185,
                -0.000143799184498 -0.00222653593105 -0.00106851536585,
                -9.8169509746e-19 -0.00223359374957 -0.00107814808469,
                0.000143799184498 -0.00224065156808 -0.00106851536585,
                0.000283795017238 -0.002247522714 -0.00104012676185,
                0.000416512231966 -0.00225403661753 -0.000994444997543,
                0.000539074042344 -0.0022600520829 -0.000933703630381,
                0.000652958514555 -0.00226606754827 -0.000857932672641,
                0.000758878690295 -0.0022725814518 -0.000765837075318,
                0.000853461858909 -0.00227945259772 -0.000658791429743,
                0.000933703630381 -0.00228651041623 -0.000539074042344,
                0.000997261043407 -0.00229356823475 -0.000409723936105,
                0.00104267370753 -0.00230043938067 -0.000274289686527,
                0.00106947074652 -0.0023069532842 -0.000136512324901,
                0.00107814808469 -0.00231296874957 -9.9939679808e-19,
                0.00106947074652 -0.00231898421494 0.000136512324901,
                0.00104267370753 -0.00232549811846 0.000274289686527,
                0.000997261043407 -0.00233236926439 0.000409723936105,
                0.000933703630381 -0.0023394270829 0.000539074042344,
                0.000853461858909 -0.00234648490141 0.000658791429743,
                0.000758878690295 -0.00235335604734 0.000765837075318,
                0.000652958514555 -0.00235986995086 0.000857932672641,
                0.000539074042344 -0.00236588541623 0.000933703630381,
                0.000416512231966 -0.0023719008816 0.000994444997543,
                0.000283795017238 -0.00237841478513 0.00104012676185,
                0.000143799184498 -0.00238528593105 0.00106851536585,
                -4.462250443e-19 -0.00239234374957 0.00107814808469,
                -0.000143799184498 -0.00239940156808 0.00106851536585,
                -0.000283795017238 -0.002406272714 0.00104012676185,
                -0.000416512231966 -0.00241278661753 0.000994444997543,
                -0.000539074042344 -0.0024188020829 0.000933703630381,
                -0.000652958514555 -0.00242481754827 0.000857932672641,
                -0.000758878690295 -0.0024313314518 0.000765837075318,
                -0.000853461858909 -0.00243820259772 0.000658791429743,
                -0.000933703630381 -0.00244526041623 0.000539074042344,
                -0.000997261043407 -0.00245231823475 0.000409723936105,
                -0.00104267370753 -0.00245918938067 0.000274289686527,
                -0.00106947074652 -0.0024657032842 0.000136512324901,
                -0.00107814808469 -0.00247171874957 -8.67361737988e-19,
                -0.00106830272988 -0.00247813939766 -0.000145370457261,
                -0.00103787653882 -0.00248511510407 -0.000291917081878,
                -0.000986381384812 -0.00249247186412 -0.000435264352103,
                0.00016672012238 -0.00245893281851 -0.00123883186946,
                0.000329030655979 -0.00246580396444 -0.00120591825072,
                0.000482902392865 -0.00247231786796 -0.00115295502036,
                0.000625 -0.00247833333333 -0.00108253175473,
                0.000732267525574 -0.00248318644757 -0.00101304570087,
                0.000833990483464 -0.00248845369927 -0.000931054796682,
                0.000928068031201 -0.00249406836775 -0.000837234236467,
                0.00091711876944 -0.00249999336875 -0.000833068100207,
                0.000812303187353 -0.0025 -0.000922311213849,
                0.000693438501484 -0.0025 -0.00100266557101,
                0.000566268947827 -0.0025 -0.00106881288975,
                0.000432645075542 -0.0025 -0.00111883377186,
                0.000293615973161 -0.0025 -0.0011522229277,
                0.000151444477615 -0.0025 -0.0011685223204,
                8.39342583147e-06 -0.0025 -0.00116727391311,
                -0.000133538746334 -0.0025 -0.00114817207879,
                -0.000272342180205 -0.0025 -0.0011117054595,
                -0.00040573690462 -0.0025 -0.00105860742204,
                -0.000531442948414 -0.0025 -0.000989611333202,
                -0.000647043760958 -0.0025 -0.000905228136561,
                -0.000750538070924 -0.0025 -0.000806399113064,
                -0.000840268826097 -0.0025 -0.000694503135555,
                -0.00096623421493 -0.0025 -0.000478308557522,
                -0.00100840934539 -0.0025 -0.00038142456972,
                -0.00104086469436 -0.0025 -0.000281046510697,
                -0.00106336059055 -0.0025 -0.000177953777677,
                -0.00107567544241 -0.0025 -7.33394774151e-05,
                -0.0010777252924 -0.0025 3.17294364848e-05,
                -0.00106947692015 -0.0025 0.000136662796526,
                -0.00105089710531 -0.0025 0.000240870435213,
                -0.00102222793174 -0.0025 0.000342779401975,
                -0.00098393765006 -0.0025 0.000440848544318,
                -0.000936332290068 -0.0025 0.00053453539186,
                -0.000879717881568 -0.0025 0.000623297474216,
                -0.000814706513531 -0.0025 0.000706172868853,
                -0.000742009727296 -0.0025 0.000782219748133,
                -0.000662082731221 -0.0025 0.000850925784024,
                -0.00106947074652 -0.000334609214935 -0.000136512324901,
                -0.00104267370753 -0.000341123118463 -0.000274289686527,
                -0.000997261043407 -0.000347994264386 -0.000409723936105,
                -0.000933703630381 -0.0003550520829 -0.000539074042344,
                -0.000853461858909 -0.000362109901414 -0.000658791429743,
                -0.000758878690295 -0.000368981047336 -0.000765837075318,
                -0.000652958514555 -0.000375494950864 -0.000857932672641,
                -0.000539074042344 -0.000381510416233 -0.000933703630381,
                -0.000416512231966 -0.000387525881602 -0.000994444997543,
                -0.000283795017238 -0.00039403978513 -0.00104012676185,
                -0.000143799184498 -0.000400910931052 -0.00106851536585,
                -8.62701752314e-19 -0.000407968749566 -0.00107814808469,
                0.000143799184498 -0.00041502656808 -0.00106851536585,
                0.000283795017238 -0.000421897714003 -0.00104012676185,
                0.000416512231966 -0.000428411617531 -0.000994444997543,
                0.000539074042344 -0.0004344270829 -0.000933703630381,
                0.000652958514555 -0.000440442548268 -0.000857932672641,
                0.000758878690295 -0.000446956451797 -0.000765837075318,
                0.000853461858909 -0.000453827597719 -0.000658791429743,
                0.000933703630381 -0.000460885416233 -0.000539074042344,
                0.000997261043407 -0.000467943234747 -0.000409723936105,
                0.00104267370753 -0.00047481438067 -0.000274289686527,
                0.00106947074652 -0.000481328284198 -0.000136512324901,
                0.00107814808469 -0.000487343749566 -9.9939679808e-19,
                0.00106947074652 -0.000493359214935 0.000136512324901,
                0.00104267370753 -0.000499873118463 0.000274289686527,
                0.000997261043407 -0.000506744264386 0.000409723936105,
                0.000933703630381 -0.0005138020829 0.000539074042344,
                0.000853461858909 -0.000520859901414 0.000658791429743,
                0.000758878690295 -0.000527731047336 0.000765837075318,
                0.000652958514555 -0.000534244950864 0.000857932672641,
                0.000539074042344 -0.000540260416233 0.000933703630381,
                0.000416512231966 -0.000546275881602 0.000994444997543,
                0.000283795017238 -0.00055278978513 0.00104012676185,
                0.000143799184498 -0.000559660931052 0.00106851536585,
                -4.462250443e-19 -0.000566718749566 0.00107814808469,
                -0.000143799184498 -0.00057377656808 0.00106851536585,
                -0.000283795017238 -0.000580647714003 0.00104012676185,
                -0.000416512231966 -0.000587161617531 0.000994444997543,
                -0.000539074042344 -0.0005931770829 0.000933703630381,
                -0.000652958514555 -0.000599192548268 0.000857932672641,
                -0.000758878690295 -0.000605706451797 0.000765837075318,
                -0.000853461858909 -0.000612577597719 0.000658791429743,
                -0.000933703630381 -0.000619635416233 0.000539074042344,
                -0.000997261043407 -0.000626693234747 0.000409723936105,
                -0.00104267370753 -0.00063356438067 0.000274289686527,
                -0.00106947074652 -0.000640078284198 0.000136512324901,
                -0.00107814808469 -0.000646093749566 -8.67361737988e-19,
                -0.00106947074652 -0.000652109214935 -0.000136512324901,
                -0.00104267370753 -0.000658623118463 -0.000274289686527,
                -0.000997261043407 -0.000665494264386 -0.000409723936105,
                -0.000933703630381 -0.0006725520829 -0.000539074042344,
                -0.000853461858909 -0.000679609901414 -0.000658791429743,
                -0.000758878690295 -0.000686481047336 -0.000765837075318,
                -0.000652958514555 -0.000692994950864 -0.000857932672641,
                -0.000539074042344 -0.000699010416233 -0.000933703630381,
                -0.000416512231966 -0.000705025881602 -0.000994444997543,
                -0.000283795017238 -0.00071153978513 -0.00104012676185,
                -0.000143799184498 -0.000718410931052 -0.00106851536585,
                -9.8169509746e-19 -0.000725468749566 -0.00107814808469,
                0.000143799184498 -0.00073252656808 -0.00106851536585,
                0.000283795017238 -0.000739397714003 -0.00104012676185,
                0.000416512231966 -0.000745911617531 -0.000994444997543,
                0.000539074042344 -0.0007519270829 -0.000933703630381,
                0.000652958514555 -0.000757942548268 -0.000857932672641,
                0.000758878690295 -0.000764456451797 -0.000765837075318,
                0.000853461858909 -0.000771327597719 -0.000658791429743,
                0.000933703630381 -0.000778385416233 -0.000539074042344,
                0.000997261043407 -0.000785443234747 -0.000409723936105,
                0.00104267370753 -0.00079231438067 -0.000274289686527,
                0.00106947074652 -0.000798828284198 -0.000136512324901,
                0.00107814808469 -0.000804843749566 -9.9939679808e-19,
                0.00106947074652 -0.000810859214935 0.000136512324901,
                0.00104267370753 -0.000817373118463 0.000274289686527,
                0.000997261043407 -0.000824244264386 0.000409723936105,
                0.000933703630381 -0.0008313020829 0.000539074042344,
                0.000853461858909 -0.000838359901414 0.000658791429743,
                0.000758878690295 -0.000845231047336 0.000765837075318,
                0.000652958514555 -0.000851744950864 0.000857932672641,
                0.000539074042344 -0.000857760416233 0.000933703630381,
                0.000416512231966 -0.000863775881602 0.000994444997543,
                0.000283795017238 -0.00087028978513 0.00104012676185,
                0.000143799184498 -0.000877160931052 0.00106851536585,
                -4.462250443e-19 -0.000884218749566 0.00107814808469,
                -0.000143799184498 -0.00089127656808 0.00106851536585,
                -0.000283795017238 -0.000898147714003 0.00104012676185,
                -0.000416512231966 -0.000904661617531 0.000994444997543,
                -0.000539074042344 -0.0009106770829 0.000933703630381,
                -0.000652958514555 -0.000916692548268 0.000857932672641,
                -0.000758878690295 -0.000923206451797 0.000765837075318,
                -0.000853461858909 -0.000930077597719 0.000658791429743,
                -0.000933703630381 -0.000937135416233 0.000539074042344,
                -0.000997261043407 -0.000944193234747 0.000409723936105,
                -0.00104267370753 -0.00095106438067 0.000274289686527,
                -0.00106947074652 -0.000957578284198 0.000136512324901,
                -0.00107814808469 -0.000963593749566 -8.67361737988e-19,
                -0.00106947074652 -0.000969609214935 -0.000136512324901,
                -0.00104267370753 -0.000976123118463 -0.000274289686527,
                -0.000997261043407 -0.000982994264386 -0.000409723936105,
                -0.000933703630381 -0.0009900520829 -0.000539074042344,
                -0.000853461858909 -0.000997109901414 -0.000658791429743,
                -0.000758878690295 -0.00100398104734 -0.000765837075318,
                -0.000652958514555 -0.00101049495086 -0.000857932672641,
                -0.000539074042344 -0.00101651041623 -0.000933703630381,
                -0.000416512231966 -0.0010225258816 -0.000994444997543,
                -0.000283795017238 -0.00102903978513 -0.00104012676185,
                -0.000143799184498 -0.00103591093105 -0.00106851536585,
                -9.8169509746e-19 -0.00104296874957 -0.00107814808469,
                0.000143799184498 -0.00105002656808 -0.00106851536585,
                0.000283795017238 -0.001056897714 -0.00104012676185,
                0.000416512231966 -0.00106341161753 -0.000994444997543,
                0.000539074042344 -0.0010694270829 -0.000933703630381,
                0.000652958514555 -0.00107544254827 -0.000857932672641,
                0.000758878690295 -0.0010819564518 -0.000765837075318,
                0.000853461858909 -0.00108882759772 -0.000658791429743,
                0.000933703630381 -0.00109588541623 -0.000539074042344,
                0.000997261043407 -0.00110294323475 -0.000409723936105,
                0.00104267370753 -0.00110981438067 -0.000274289686527,
                0.00106947074652 -0.0011163282842 -0.000136512324901,
                0.00107814808469 -0.00112234374957 -9.9939679808e-19,
                0.00106947074652 -0.00112835921494 0.000136512324901,
                0.00104267370753 -0.00113487311846 0.000274289686527,
                0.000997261043407 -0.00114174426439 0.000409723936105,
                0.000933703630381 -0.0011488020829 0.000539074042344,
                0.000853461858909 -0.00115585990141 0.000658791429743,
                0.000758878690295 -0.00116273104734 0.000765837075318,
                0.000652958514555 -0.00116924495086 0.000857932672641,
                0.000539074042344 -0.00117526041623 0.000933703630381,
                0.000416512231966 -0.0011812758816 0.000994444997543,
                0.000283795017238 -0.00118778978513 0.00104012676185,
                0.000143799184498 -0.00119466093105 0.00106851536585,
                -4.462250443e-19 -0.00120171874957 0.00107814808469,
                -0.000143799184498 -0.00120877656808 0.00106851536585,
                -0.000283795017238 -0.001215647714 0.00104012676185,
                -0.000416512231966 -0.00122216161753 0.000994444997543,
                -0.000539074042344 -0.0012281770829 0.000933703630381,
                -0.000652958514555 -0.00123419254827 0.000857932672641,
                -0.000758878690295 -0.0012407064518 0.000765837075318,
                -0.000853461858909 -0.00124757759772 0.000658791429743,
                -0.000933703630381 -0.00125463541623 0.000539074042344,
                -0.000997261043407 -0.00126169323475 0.000409723936105,
                -0.00104267370753 -0.00126856438067 0.000274289686527,
                -0.00106947074652 -0.0012750782842 0.000136512324901,
                -0.00107814808469 -0.00128109374957 -8.67361737988e-19,
                -0.00106947074652 -0.00128710921494 -0.000136512324901,
                -0.00104267370753 -0.00129362311846 -0.000274289686527,
                -0.000997261043407 -0.00130049426439 -0.000409723936105,
                -0.000933703630381 -0.0013075520829 -0.000539074042344,
                -0.000853461858909 -0.00131460990141 -0.000658791429743,
                -0.000758878690295 -0.00132148104734 -0.000765837075318,
                -0.000652958514555 -0.00132799495086 -0.000857932672641,
                -0.000539074042344 -0.00133401041623 -0.000933703630381,
                -0.000416512231966 -0.0013400258816 -0.000994444997543,
                -0.000283795017238 -0.00134653978513 -0.00104012676185,
                -0.000143799184498 -0.00135341093105 -0.00106851536585,
                -9.8169509746e-19 -0.00136046874957 -0.00107814808469,
                0.000143799184498 -0.00136752656808 -0.00106851536585,
                0.000283795017238 -0.001374397714 -0.00104012676185,
                0.000416512231966 -0.00138091161753 -0.000994444997543,
                0.000539074042344 -0.0013869270829 -0.000933703630381,
                0.000652958514555 -0.00139294254827 -0.000857932672641,
                0.000758878690295 -0.0013994564518 -0.000765837075318,
                0.000853461858909 -0.00140632759772 -0.000658791429743,
                0.000933703630381 -0.00141338541623 -0.000539074042344,
                0.000997261043407 -0.00142044323475 -0.000409723936105,
                0.00104267370753 -0.00142731438067 -0.000274289686527,
                0.00106947074652 -0.0014338282842 -0.000136512324901,
                0.00107814808469 -0.00143984374957 -9.9939679808e-19,
                0.00106947074652 -0.00144585921494 0.000136512324901,
                0.00104267370753 -0.00145237311846 0.000274289686527,
                0.000997261043407 -0.00145924426439 0.000409723936105,
                0.000933703630381 -0.0014663020829 0.000539074042344,
                0.000853461858909 -0.00147335990141 0.000658791429743,
                0.000758878690295 -0.00148023104734 0.000765837075318,
                0.000652958514555 -0.00148674495086 0.000857932672641,
                0.000539074042344 -0.00149276041623 0.000933703630381,
                0.000416512231966 -0.0014987758816 0.000994444997543,
                0.000283795017238 -0.00150528978513 0.00104012676185,
                0.000143799184498 -0.00151216093105 0.00106851536585,
                -4.462250443e-19 -0.00151921874957 0.00107814808469,
                -0.000143799184498 -0.00152627656808 0.00106851536585,
                -0.000283795017238 -0.001533147714 0.00104012676185,
                -0.000416512231966 -0.00153966161753 0.000994444997543,
                -0.000539074042344 -0.0015456770829 0.000933703630381,
                -0.000652958514555 -0.00155169254827 0.000857932672641,
                -0.000758878690295 -0.0015582064518 0.000765837075318,
                -0.000853461858909 -0.00156507759772 0.000658791429743,
                -0.000933703630381 -0.00157213541623 0.000539074042344,
                -0.000997261043407 -0.00157919323475 0.000409723936105,
                -0.00104267370753 -0.00158606438067 0.000274289686527,
                -0.00106947074652 -0.0015925782842 0.000136512324901,
                -0.00107814808469 -0.00159859374957 -8.67361737988e-19,
                -0.00106947074652 -0.00160460921494 -0.000136512324901,
                -0.00104267370753 -0.00161112311846 -0.000274289686527,
                -0.000997261043407 -0.00161799426439 -0.000409723936105,
                -0.000933703630381 -0.0016250520829 -0.000539074042344,
                -0.000853461858909 -0.00163210990141 -0.000658791429743,
                -0.000758878690295 -0.00163898104734 -0.000765837075318,
                -0.000652958514555 -0.00164549495086 -0.000857932672641,
                -0.000539074042344 -0.00165151041623 -0.000933703630381,
                -0.000416512231966 -0.0016575258816 -0.000994444997543,
                -0.000283795017238 -0.00166403978513 -0.00104012676185,
                -0.000143799184498 -0.00167091093105 -0.00106851536585,
                -9.8169509746e-19 -0.00167796874957 -0.00107814808469,
                0.000143799184498 -0.00168502656808 -0.00106851536585,
                0.000283795017238 -0.001691897714 -0.00104012676185,
                0.000416512231966 -0.00169841161753 -0.000994444997543,
                0.000539074042344 -0.0017044270829 -0.000933703630381,
                0.000652958514555 -0.00171044254827 -0.000857932672641,
                0.000758878690295 -0.0017169564518 -0.000765837075318,
                0.000853461858909 -0.00172382759772 -0.000658791429743,
                0.000933703630381 -0.00173088541623 -0.000539074042344,
                0.000997261043407 -0.00173794323475 -0.000409723936105,
                0.00104267370753 -0.00174481438067 -0.000274289686527,
                0.00106947074652 -0.0017513282842 -0.000136512324901,
                0.00107814808469 -0.00175734374957 -9.9939679808e-19,
                0.00106947074652 -0.00176335921494 0.000136512324901,
                0.00104267370753 -0.00176987311846 0.000274289686527,
                0.000997261043407 -0.00177674426439 0.000409723936105,
                0.000933703630381 -0.0017838020829 0.000539074042344,
                0.000853461858909 -0.00179085990141 0.000658791429743,
                0.000758878690295 -0.00179773104734 0.000765837075318,
                0.000652958514555 -0.00180424495086 0.000857932672641,
                0.000539074042344 -0.00181026041623 0.000933703630381,
                0.000416512231966 -0.0018162758816 0.000994444997543,
                0.000283795017238 -0.00182278978513 0.00104012676185,
                0.000143799184498 -0.00182966093105 0.00106851536585,
                -3.54005201811e-18 -0.00183671874957 0.00107814808469,
                -0.000143799184498 -0.00184377656808 0.00106851536585,
                -0.000283795017238 -0.001850647714 0.00104012676185,
                -0.000416512231966 -0.00185716161753 0.000994444997543,
                -0.000539074042344 -0.0018631770829 0.000933703630381,
                -0.000652958514555 -0.00186919254827 0.000857932672641,
                -0.000758878690295 -0.0018757064518 0.000765837075318,
                -0.000853461858909 -0.00188257759772 0.000658791429743,
                -0.000933703630381 -0.00188963541623 0.000539074042344,
                -0.000997261043407 -0.00189669323475 0.000409723936105,
                -0.00104267370753 -0.00190356438067 0.000274289686527,
                -0.00106947074652 -0.0019100782842 0.000136512324901,
                -0.00107814808469 -0.00191609374957 -8.67361737988e-19,
                -0.00106947074652 -0.00192210921494 -0.000136512324901,
                -0.00104267370753 -0.00192862311846 -0.000274289686527,
                -0.000997261043407 -0.00193549426439 -0.000409723936105,
                -0.000933703630381 -0.0019425520829 -0.000539074042344,
                -0.000853461858909 -0.00194960990141 -0.000658791429743,
                -0.000758878690295 -0.00195648104734 -0.000765837075318,
                -0.000652958514555 -0.00196299495086 -0.000857932672641,
                -0.000539074042344 -0.00196901041623 -0.000933703630381,
                -0.000416512231966 -0.0019750258816 -0.000994444997543,
                -0.000283795017238 -0.00198153978513 -0.00104012676185,
                -0.000143799184498 -0.00198841093105 -0.00106851536585,
                -9.8169509746e-19 -0.00199546874957 -0.00107814808469,
                0.000143799184498 -0.00200252656808 -0.00106851536585,
                0.000283795017238 -0.002009397714 -0.00104012676185,
                0.000416512231966 -0.00201591161753 -0.000994444997543,
                0.000539074042344 -0.0020219270829 -0.000933703630381,
                0.000652958514555 -0.00202794254827 -0.000857932672641,
                0.000758878690295 -0.0020344564518 -0.000765837075318,
                0.000853461858909 -0.00204132759772 -0.000658791429743,
                0.000933703630381 -0.00204838541623 -0.000539074042344,
                0.000997261043407 -0.00205544323475 -0.000409723936105,
                0.00104267370753 -0.00206231438067 -0.000274289686527,
                0.00106947074652 -0.0020688282842 -0.000136512324901,
                0.00107814808469 -0.00207484374957 -9.9939679808e-19,
                0.00106947074652 -0.00208085921494 0.000136512324901,
                0.00104267370753 -0.00208737311846 0.000274289686527,
                0.000997261043407 -0.00209424426439 0.000409723936105,
                0.000933703630381 -0.0021013020829 0.000539074042344,
                0.000853461858909 -0.00210835990141 0.000658791429743,
                0.000758878690295 -0.00211523104734 0.000765837075318,
                0.000652958514555 -0.00212174495086 0.000857932672641,
                0.000539074042344 -0.00212776041623 0.000933703630381,
                0.000416512231966 -0.0021337758816 0.000994444997543,
                0.000283795017238 -0.00214028978513 0.00104012676185,
                0.000143799184498 -0.00214716093105 0.00106851536585,
                -4.462250443e-19 -0.00215421874957 0.00107814808469,
                -0.000143799184498 -0.00216127656808 0.00106851536585,
                -0.000283795017238 -0.002168147714 0.00104012676185,
                -0.000416512231966 -0.00217466161753 0.000994444997543,
                -0.000539074042344 -0.0021806770829 0.000933703630381,
                -0.000652958514555 -0.00218669254827 0.000857932672641,
                -0.000758878690295 -0.0021932064518 0.000765837075318,
                -0.000853461858909 -0.00220007759772 0.000658791429743,
                -0.000933703630381 -0.00220713541623 0.000539074042344,
                -0.000997261043407 -0.00221419323475 0.000409723936105,
                -0.00104267370753 -0.00222106438067 0.000274289686527,
                -0.00106947074652 -0.0022275782842 0.000136512324901,
                -0.00107814808469 -0.00223359374957 -8.67361737988e-19,
                -0.00106947074652 -0.00223960921494 -0.000136512324901,
                -0.00104267370753 -0.00224612311846 -0.000274289686527,
                -0.000997261043407 -0.00225299426439 -0.000409723936105,
                -0.000933703630381 -0.0022600520829 -0.000539074042344,
                -0.000853461858909 -0.00226710990141 -0.000658791429743,
                -0.000758878690295 -0.00227398104734 -0.000765837075318,
                -0.000652958514555 -0.00228049495086 -0.000857932672641,
                -0.000539074042344 -0.00228651041623 -0.000933703630381,
                -0.000416512231966 -0.0022925258816 -0.000994444997543,
                -0.000283795017238 -0.00229903978513 -0.00104012676185,
                -0.000143799184498 -0.00230591093105 -0.00106851536585,
                -9.8169509746e-19 -0.00231296874957 -0.00107814808469,
                0.000143799184498 -0.00232002656808 -0.00106851536585,
                0.000283795017238 -0.002326897714 -0.00104012676185,
                0.000416512231966 -0.00233341161753 -0.000994444997543,
                0.000539074042344 -0.0023394270829 -0.000933703630381,
                0.000652958514555 -0.00234544254827 -0.000857932672641,
                0.000758878690295 -0.0023519564518 -0.000765837075318,
                0.000853461858909 -0.00235882759772 -0.000658791429743,
                0.000933703630381 -0.00236588541623 -0.000539074042344,
                0.000997261043407 -0.00237294323475 -0.000409723936105,
                0.00104267370753 -0.00237981438067 -0.000274289686527,
                0.00106947074652 -0.0023863282842 -0.000136512324901,
                0.00107814808469 -0.00239234374957 -9.9939679808e-19,
                0.00106947074652 -0.00239835921494 0.000136512324901,
                0.00104267370753 -0.00240487311846 0.000274289686527,
                0.000997261043407 -0.00241174426439 0.000409723936105,
                0.000933703630381 -0.0024188020829 0.000539074042344,
                0.000853461858909 -0.00242585990141 0.000658791429743,
                0.000758878690295 -0.00243273104734 0.000765837075318,
                0.000652958514555 -0.00243924495086 0.000857932672641,
                0.000539074042344 -0.00244526041623 0.000933703630381,
                0.000416512231966 -0.0024512758816 0.000994444997543,
                0.000283795017238 -0.00245778978513 0.00104012676185,
                0.000143799184498 -0.00246466093105 0.00106851536585,
                -4.462250443e-19 -0.00247171874957 0.00107814808469,
                -0.000143799184498 -0.00247877656808 0.00106851536585,
                -0.000283795017238 -0.002485647714 0.00104012676185,
                -0.000416512231966 -0.00249216161753 0.000994444997543,
                -0.000539074042344 -0.0024981770829 0.000933703630381,
                0.000166720805735 -0.00241925514067 -0.00123883172226,
                0.000329031176412 -0.00242612078097 -0.00120591805961,
                0.000482902676452 -0.00243263142979 -0.00115295488314,
                0.000625 -0.00243864583247 -0.00108253175473,
                0.000757037140617 -0.00244466129783 -0.000994683249947,
                0.000879840512024 -0.00245117520136 -0.000887908032063,
                0.000989499808782 -0.00245804634729 -0.000763799796034,
                0.00108253175473 -0.0024651041658 -0.000625,
                0.00115621993116 -0.00247216198431 -0.000475032073428,
                0.001208871168 -0.00247903313024 -0.00031801021866,
                0.00123993953348 -0.00248554703376 -0.000158271770409,
                0.00125 -0.00249156249913 -1.02044258788e-18,
                0.00124525180678 -0.00249565356838 0.000108848232471,
                -0.00045528900674 -0.0025 0.000989186506911,
                -0.00032688732422 -0.0025 0.00105019493061,
                -0.000191074974451 -0.0025 0.00109477946347,
                -5.098332941e-05 -0.0025 0.00112181357691,
                9.15015901291e-05 -0.0025 0.00113077379974,
                0.000234118807938 -0.0025 0.00112168699777,
                0.00037375329744 -0.0025 0.00109471767299,
                0.000509484588731 -0.0025 0.00105006936951,
                0.000638438967179 -0.0025 0.00098888668404,
                0.000758754292099 -0.0025 0.000912879581785,
                0.0008698954508 -0.0025 0.000822966552151,
                0.000969494098003 -0.0025 0.000720980847173,
                0.00105645477546 -0.0025 0.000607920191321,
                0.00112979121373 -0.0025 0.000485202637657,
                0.00118795911833 -0.0025 0.00035536653964,
                0.00124984808008 -0.0025 1.94878610797e-05,
                0.0012368979297 -0.0025 -0.000180509034426,
                0.00119215141649 -0.0025 -0.000375865667696,
                0.00111675881838 -0.0025 -0.000561560096142,
                0.000243107448734 0 -0.00137873085422,
                0.000478828200656 0 -0.0013155696691,
                0.0007 0 -0.0012124355653,
                0.000899902653561 0 -0.00107246222037,
                0.00107246222037 0 -0.000899902653561,
                0.0012124355653 0 -0.0007,
                0.0013155696691 0 -0.000478828200656,
                0.00137873085422 0 -0.000243107448734,
                0.0014 0 -1.12453756581e-18,
                0.00137873085422 0 0.000243107448734,
                0.0013155696691 0 0.000478828200656,
                0.0012124355653 0 0.0007,
                0.00107246222037 0 0.000899902653561,
                0.000899902653561 0 0.00107246222037,
                0.0007 0 0.0012124355653,
                0.000478828200656 0 0.0013155696691,
                0.000243107448734 0 0.00137873085422

              ]
            }
            normal Normal {
              vector [
                0.70710677 0.70710677 1.298934e-16,
                0.69636422 0.70710677 -0.1227878,
                0.66446304 0.70710677 -0.24184476,
                0.61237246 0.70710677 -0.35355338,
                0.54167521 0.70710677 -0.45451948,
                0.45451948 0.70710677 -0.54167521,
                0.35355338 0.70710677 -0.61237246,
                0.24184476 0.70710677 -0.66446304,
                0.1227878 0.70710677 -0.69636422,
                1.7319121e-16 0.70710677 -0.70710677,
                1.7319121e-16 0.70710677 -0.70710677,
                0.1227878 0.70710677 -0.69636422,
                0.24184476 0.70710677 -0.66446304,
                0.35355338 0.70710677 -0.61237246,
                0.45451948 0.70710677 -0.54167521,
                0.54167521 0.70710677 -0.45451948,
                0.61237246 0.70710677 -0.35355338,
                0.66446304 0.70710677 -0.24184476,
                0.69636422 0.70710677 -0.1227878,
                0.70710677 0.70710677 1.298934e-16,
                0.69636422 0.70710677 0.1227878,
                0.66446304 0.70710677 0.24184476,
                0.61237246 0.70710677 0.35355338,
                0.54167521 0.70710677 0.45451948,
                0.45451948 0.70710677 0.54167521,
                0.35355338 0.70710677 0.61237246,
                0.24184476 0.70710677 0.66446304,
                0.1227878 0.70710677 0.69636422,
                -8.6595606e-17 0.70710677 0.70710677,
                -8.6595606e-17 0.70710677 0.70710677,
                0.1227878 0.70710677 0.69636422,
                0.24184476 0.70710677 0.66446304,
                0.35355338 0.70710677 0.61237246,
                0.45451948 0.70710677 0.54167521,
                0.54167521 0.70710677 0.45451948,
                0.61237246 0.70710677 0.35355338,
                0.66446304 0.70710677 0.24184476,
                0.69636422 0.70710677 0.1227878,
                2.4492937e-16 -0 -1,
                2.4492937e-16 -0 -1,
                0.13339196 -0 -0.99106336,
                0.2632173 -0 -0.96473658,
                0.3863934 -0 -0.92233407,
                0.49988109 -0 -0.86609405,
                0.6056447 -0 -0.79573518,
                0.70386899 -0 -0.71032983,
                0.79160029 -0 -0.61103922,
                0.86602676 -0 -0.49999771,
                0.92497259 -0 -0.38003388,
                0.96710223 -0 -0.25438812,
                0.991947 -0 -0.12665348,
                1 -0 -9.1998245e-08,
                0.991947 -0 0.12665352,
                0.96710223 -0 0.25438809,
                0.92497259 -0 0.38003388,
                0.86602676 -0 0.49999771,
                0.79160029 -0 0.61103922,
                0.70386899 -0 0.71032983,
                0.60564476 -0 0.79573512,
                0.49988103 -0 0.86609411,
                0.38638929 -0 0.9223358,
                0.26320863 -0 0.96473897,
                0.13337851 -0 0.99106514,
                -5.9615616e-07 -0 1,
                -1.2246469e-16 -0 1,
                0.13337906 -0 0.99106508,
                0.26320904 -0 0.96473885,
                0.38638952 -0 0.92233568,
                0.49988103 -0 0.86609405,
                0.60564476 -0 0.79573518,
                0.70386899 -0 0.71032983,
                0.79160029 -0 0.61103922,
                0.86602676 -0 0.49999771,
                0.92497259 -0 0.38003388,
                0.96710223 -0 0.25438812,
                0.991947 -0 0.12665349,
                1 -0 1.8369701e-16,
                0.991947 -0 -0.12665349,
                0.96710223 -0 -0.25438812,
                0.92497259 -0 -0.38003388,
                0.86602676 -0 -0.49999771,
                0.79160029 -0 -0.61103922,
                0.70386899 -0 -0.71032983,
                0.60564476 -0 -0.79573518,
                0.49988103 -0 -0.86609405,
                0.38638952 -0 -0.92233568,
                0.26320904 -0 -0.96473885,
                0.13337906 -0 -0.99106508,
                2.4492937e-16 -0 -1,
                2.4492937e-16 -0 -1,
                0.13337998 -0 -0.99106497,
                0.26320964 -0 -0.96473867,
                0.38638979 -0 -0.92233557,
                0.49988103 -0 -0.86609405,
                0.60564476 -0 -0.79573518,
                0.70386899 -0 -0.71032983,
                0.79160029 -0 -0.61103922,
                0.86602676 -0 -0.49999771,
                0.92497259 -0 -0.38003388,
                0.96710223 -0 -0.25438812,
                0.991947 -0 -0.12665349,
                1 -0 -6.30284e-09,
                0.991947 -0 0.12665349,
                0.96710223 -0 0.25438812,
                0.92497259 -0 0.38003388,
                0.86602676 -0 0.49999771,
                0.79160029 -0 0.61103922,
                0.70386899 -0 0.71032983,
                0.60564476 -0 0.79573518,
                0.49988103 -0 0.86609405,
                0.38638952 -0 0.92233568,
                0.26320904 -0 0.96473885,
                0.13337904 -0 0.99106508,
                -1.0337327e-08 -0 1,
                -1.2246469e-16 -0 1,
                0.13337906 -0 0.99106508,
                0.26320904 -0 0.96473885,
                0.38638952 -0 0.92233568,
                0.49988103 -0 0.86609405,
                0.60564476 -0 0.79573518,
                0.70386899 -0 0.71032983,
                0.79160029 -0 0.61103922,
                0.86602676 -0 0.49999771,
                0.92497259 -0 0.38003388,
                0.96710223 -0 0.25438812,
                0.991947 -0 0.12665349,
                1 -0 1.8369701e-16,
                0.991947 -0 -0.12665349,
                0.96710223 -0 -0.25438812,
                0.92497259 -0 -0.38003388,
                0.86602676 -0 -0.49999771,
                0.79160029 -0 -0.61103922,
                0.70386899 -0 -0.71032983,
                0.60564476 -0 -0.79573518,
                0.49988103 -0 -0.86609405,
                0.38638952 -0 -0.92233568,
                0.26320904 -0 -0.96473885,
                0.13337906 -0 -0.99106508,
                2.4492937e-16 -0 -1,
                2.4492937e-16 -0 -1,
                0.13337906 -0 -0.99106508,
                0.26320904 -0 -0.96473885,
                0.38638952 -0 -0.92233568,
                0.49988103 -0 -0.86609405,
                0.60564476 -0 -0.79573518,
                0.70386899 -0 -0.71032983,
                0.79160029 -0 -0.61103922,
                0.86602676 -0 -0.49999771,
                0.92497259 -0 -0.38003388,
                0.96710223 -0 -0.25438812,
                0.991947 -0 -0.12665351,
                1 -0 5.8552704e-08,
                0.991947 -0 0.12665348,
                0.96710223 -0 0.25438812,
                0.92497259 -0 0.38003388,
                0.86602676 -0 0.49999771,
                0.79160029 -0 0.61103922,
                0.70386899 -0 0.71032983,
                0.6056447 -0 0.79573518,
                0.49988106 -0 0.86609405,
                0.38639185 -0 0.92233473,
                0.26321331 -0 0.96473765,
                0.13338456 -0 0.99106437,
                5.9073323e-06 -0 1,
                -1.2246469e-16 -0 1,
                0.13337906 -0 0.99106508,
                0.26320904 -0 0.96473885,
                0.38638952 -0 0.92233568,
                0.49988103 -0 0.86609405,
                0.60564476 -0 0.79573518,
                0.70386899 -0 0.71032983,
                0.79160029 -0 0.61103922,
                0.86602676 -0 0.49999771,
                0.92497259 -0 0.38003388,
                0.96710223 -0 0.25438812,
                0.991947 -0 0.12665349,
                1 -0 1.8369701e-16,
                0.991947 -0 -0.12665349,
                0.96710223 -0 -0.25438812,
                0.92497259 -0 -0.38003388,
                0.86602676 -0 -0.49999771,
                0.79160029 -0 -0.61103922,
                0.70386899 -0 -0.71032983,
                0.60564476 -0 -0.79573518,
                0.49988103 -0 -0.86609405,
                0.38638952 -0 -0.92233568,
                0.26320904 -0 -0.96473885,
                0.13337906 -0 -0.99106508,
                2.4492937e-16 -0 -1,
                2.4492937e-16 -0 -1,
                0.13337521 -0 -0.99106562,
                0.26320657 -0 -0.9647395,
                0.38638836 -0 -0.92233616,
                0.49988103 -0 -0.86609411,
                0.60564476 -0 -0.79573512,
                0.70386899 -0 -0.71032983,
                0.79160029 -0 -0.61103922,
                0.86602676 -0 -0.49999771,
                0.92497259 -0 -0.38003388,
                0.96710223 -0 -0.25438812,
                0.991947 -0 -0.12665351,
                1 -0 2.0787803e-08,
                0.991947 -0 0.12665349,
                0.96710223 -0 0.25438812,
                0.92497259 -0 0.38003388,
                0.86602676 -0 0.49999771,
                0.79160029 -0 0.61103922,
                0.70386899 -0 0.71032983,
                0.60564476 -0 0.79573518,
                0.49988103 -0 0.86609405,
                0.38638932 -0 0.9223358,
                0.26320869 -0 0.96473891,
                0.1333786 -0 0.99106514,
                -5.0031974e-07 -0 1,
                -1.2246469e-16 -0 1,
                0.13337906 -0 0.99106508,
                0.26320904 -0 0.96473885,
                0.38638952 -0 0.92233568,
                0.49988103 -0 0.86609405,
                0.60564476 -0 0.79573518,
                0.70386899 -0 0.71032983,
                0.79160029 -0 0.61103922,
                0.86602676 -0 0.49999771,
                0.92497259 -0 0.38003388,
                0.96710223 -0 0.25438812,
                0.991947 -0 0.12665349,
                1 -0 -7.0448138e-16,
                0.991947 -0 -0.12665349,
                0.96710223 -0 -0.25438812,
                0.92497259 -0 -0.38003388,
                0.86602676 -0 -0.49999771,
                0.79160029 -0 -0.61103922,
                0.70386899 -0 -0.71032983,
                0.60564476 -0 -0.79573518,
                0.49988103 -0 -0.86609405,
                0.38638952 -0 -0.92233568,
                0.26320904 -0 -0.96473885,
                0.13337906 -0 -0.99106508,
                2.4492937e-16 -0 -1,
                2.4492937e-16 -0 -1,
                0.13338113 -0 -0.99106485,
                0.26321039 -0 -0.96473849,
                0.38639015 -0 -0.92233545,
                0.49988103 -0 -0.86609405,
                0.60564476 -0 -0.79573518,
                0.70386899 -0 -0.71032983,
                0.79160029 -0 -0.61103922,
                0.86602676 -0 -0.49999771,
                0.92497259 -0 -0.38003388,
                0.96710223 -0 -0.25438812,
                0.991947 -0 -0.12665349,
                1 -0 -1.270003e-08,
                0.991947 -0 0.12665349,
                0.96710223 -0 0.25438812,
                0.92497259 -0 0.38003388,
                0.86602676 -0 0.49999771,
                0.79160029 -0 0.61103922,
                0.70386899 -0 0.71032983,
                0.60564476 -0 0.79573518,
                0.49988103 -0 0.86609405,
                0.38638958 -0 0.92233568,
                0.26320913 -0 0.96473879,
                0.13337916 -0 0.99106508,
                1.2008758e-07 -0 1,
                -1.2246469e-16 -0 1,
                0.13337906 -0 0.99106508,
                0.26320904 -0 0.96473885,
                0.38638952 -0 0.92233568,
                0.49988103 -0 0.86609405,
                0.60564476 -0 0.79573518,
                0.70386899 -0 0.71032983,
                0.79160029 -0 0.61103922,
                0.86602676 -0 0.49999771,
                0.92497259 -0 0.38003388,
                0.96710223 -0 0.25438812,
                0.991947 -0 0.12665349,
                1 -0 -7.0448138e-16,
                0.991947 -0 -0.12665349,
                0.96710223 -0 -0.25438812,
                0.92497259 -0 -0.38003388,
                0.86602676 -0 -0.49999771,
                0.79160029 -0 -0.61103922,
                0.70386899 -0 -0.71032983,
                0.60564476 -0 -0.79573518,
                0.49988103 -0 -0.86609405,
                0.38638952 -0 -0.92233568,
                0.26320904 -0 -0.96473885,
                0.13337906 -0 -0.99106508,
                2.4492937e-16 -0 -1,
                2.4492937e-16 -0 -1,
                0.13337913 -0 -0.99106508,
                0.2632091 -0 -0.96473879,
                0.38638955 -0 -0.92233568,
                0.49988103 -0 -0.86609405,
                0.60564476 -0 -0.79573518,
                0.70386899 -0 -0.71032983,
                0.79160029 -0 -0.61103922,
                0.86602676 -0 -0.49999771,
                0.92497259 -0 -0.38003388,
                0.96710223 -0 -0.25438812,
                0.991947 -0 -0.12665351,
                1 -0 1.7575516e-08,
                0.991947 -0 0.12665349,
                0.96710223 -0 0.25438812,
                0.92497259 -0 0.38003388,
                0.86602676 -0 0.49999771,
                0.79160029 -0 0.61103922,
                0.70386899 -0 0.71032983,
                0.60564476 -0 0.79573518,
                0.49988103 -0 0.86609405,
                0.38639024 -0 0.92233539,
                0.26321039 -0 0.96473849,
                0.13338079 -0 0.99106485,
                1.8702464e-06 -0 1,
                -1.2246469e-16 -0 1,
                0.13337906 -0 0.99106508,
                0.26320904 -0 0.96473885,
                0.38638952 -0 0.92233568,
                0.49988103 -0 0.86609405,
                0.60564476 -0 0.79573518,
                0.70386899 -0 0.71032983,
                0.79160029 -0 0.61103922,
                0.86602676 -0 0.49999771,
                0.92497259 -0 0.38003388,
                0.96710223 -0 0.25438812,
                0.991947 -0 0.12665349,
                1 -0 1.8369701e-16,
                0.991947 -0 -0.12665349,
                0.96710223 -0 -0.25438812,
                0.92497259 -0 -0.38003388,
                0.86602676 -0 -0.49999771,
                0.79160029 -0 -0.61103922,
                0.70386899 -0 -0.71032983,
                0.60564476 -0 -0.79573518,
                0.49988103 -0 -0.86609405,
                0.38638952 -0 -0.92233568,
                0.26320904 -0 -0.96473885,
                0.13337906 -0 -0.99106508,
                2.4492937e-16 -0 -1,
                2.4492937e-16 -0 -1,
                0.17364818 -0 -0.98480773,
                0.34202015 -0 -0.93969262,
                0.5 -0 -0.86602539,
                0.64278764 -0 -0.76604444,
                0.76604444 -0 -0.64278764,
                0.86602539 -0 -0.5,
                0.93969262 -0 -0.34202015,
                0.98480773 -0 -0.17364818,
                1 -0 1.8369701e-16,
                1 -0 1.8369701e-16,
                0.99195164 -0 0.12661748,
                0.96709692 -0 0.25440821,
                0.92497593 -0 0.38002568,
                0.86602539 -0 0.5,
                0.79159981 -0 0.61103988,
                0.70387238 -0 0.71032643,
                0.60563284 -0 0.79574424,
                0.50002962 -0 0.86600828,
                0.38632312 -0 0.92236352,
                0.2632246 -0 0.96473455,
                0.13337606 -0 0.9910655,
                -2.1545899e-08 -0 1,
                -1.2246469e-16 -0 1,
                0.13337906 -0 0.99106508,
                0.26320904 -0 0.96473885,
                0.38638952 -0 0.92233568,
                0.49988103 -0 0.86609405,
                0.60564476 -0 0.79573518,
                0.70386899 -0 0.71032983,
                0.79160029 -0 0.61103922,
                0.86602676 -0 0.49999771,
                0.92497259 -0 0.38003388,
                0.96710223 -0 0.25438812,
                0.991947 -0 0.12665349,
                1 -0 1.0718754e-15,
                0.991947 -0 -0.12665349,
                0.96710223 -0 -0.25438812,
                0.92497259 -0 -0.38003388,
                0.86602676 -0 -0.49999771,
                0.79160029 -0 -0.61103922,
                0.70386899 -0 -0.71032983,
                0.60564476 -0 -0.79573518,
                0.49988103 -0 -0.86609405,
                0.38638952 -0 -0.92233568,
                0.26320904 -0 -0.96473885,
                0.13337906 -0 -0.99106508,
                1 -0 1.8369701e-16,
                0.98480773 -0 0.17364818,
                0.93969262 -0 0.34202015,
                0.86602539 -0 0.5,
                0.76604444 -0 0.64278764,
                0.64278764 -0 0.76604444,
                0.5 -0 0.86602539,
                0.34202015 -0 0.93969262,
                0.17364818 -0 0.98480773,
                -1.2246469e-16 -0 1,
                -1.2246469e-16 -0 1,
                0.13337609 -0 0.9910655,
                0.2632246 -0 0.96473455,
                0.38632315 -0 0.92236352,
                0.50002962 -0 0.86600828,
                0.60563284 -0 0.79574424,
                0.70387238 -0 0.71032643,
                0.79159981 -0 0.61103988,
                0.86602539 -0 0.5,
                0.92497593 -0 0.38002568,
                0.96709692 -0 0.25440821,
                0.99195164 -0 0.12661748,
                -1.0337327e-08 -0 1,
                -0.13337907 -0 0.99106508,
                -0.26320904 -0 0.96473885,
                -0.38638952 -0 0.92233568,
                -0.49988103 -0 0.86609405,
                -0.60564476 -0 0.79573518,
                -0.70386899 -0 0.71032983,
                -0.79160029 -0 0.61103922,
                -0.86602676 -0 0.49999771,
                -0.92497259 -0 0.38003388,
                -0.96710223 -0 0.25438812,
                -0.991947 -0 0.12665348,
                -1 -0 8.6259114e-08,
                -0.991947 -0 -0.12665352,
                -0.96710223 -0 -0.25438809,
                -0.92497259 -0 -0.38003388,
                -0.86602676 -0 -0.49999771,
                -0.79160029 -0 -0.61103922,
                -0.70386899 -0 -0.71032983,
                -0.60564476 -0 -0.79573512,
                -0.49988097 -0 -0.86609411,
                -0.38638565 -0 -0.92233729,
                -0.26320079 -0 -0.96474105,
                -0.13336615 -0 -0.99106681,
                1.7437405e-05 -0 -1,
                -0 -0 -1,
                -0.13337906 -0 -0.99106508,
                -0.26320904 -0 -0.96473885,
                -0.38638952 -0 -0.92233568,
                -0.49988103 -0 -0.86609405,
                -0.60564476 -0 -0.79573518,
                -0.70386899 -0 -0.71032983,
                -0.79160029 -0 -0.61103922,
                -0.86602676 -0 -0.49999771,
                -0.92497259 -0 -0.38003388,
                -0.96710223 -0 -0.25438812,
                -0.991947 -0 -0.12665349,
                -1 -0 1.6081226e-16,
                -0.991947 -0 0.12665349,
                -0.96710223 -0 0.25438812,
                -0.92497259 -0 0.38003388,
                -0.86602676 -0 0.49999771,
                -0.79160029 -0 0.61103922,
                -0.70386899 -0 0.71032983,
                -0.60564476 -0 0.79573518,
                -0.49988103 -0 0.86609405,
                -0.38638952 -0 0.92233568,
                -0.26320904 -0 0.96473885,
                -0.13337906 -0 0.99106508,
                -1.2246469e-16 -0 1,
                5.9073323e-06 -0 1,
                -0.13337356 -0 0.99106586,
                -0.26320478 -0 0.96473998,
                -0.3863872 -0 0.9223367,
                -0.499881 -0 0.86609411,
                -0.60564476 -0 0.79573512,
                -0.70386899 -0 0.71032983,
                -0.79160029 -0 0.61103922,
                -0.86602676 -0 0.49999771,
                -0.92497259 -0 0.38003388,
                -0.96710223 -0 0.25438809,
                -0.991947 -0 0.12665351,
                -1 -0 -5.2304081e-08,
                -0.991947 -0 -0.12665349,
                -0.96710223 -0 -0.25438812,
                -0.92497259 -0 -0.38003388,
                -0.86602676 -0 -0.49999771,
                -0.79160029 -0 -0.61103922,
                -0.70386899 -0 -0.71032983,
                -0.60564476 -0 -0.79573518,
                -0.49988103 -0 -0.86609405,
                -0.38638926 -0 -0.9223358,
                -0.26320845 -0 -0.96473897,
                -0.13337813 -0 -0.9910652,
                1.2548676e-06 -0 -1,
                -0 -0 -1,
                -0.13337906 -0 -0.99106508,
                -0.26320904 -0 -0.96473885,
                -0.38638952 -0 -0.92233568,
                -0.49988103 -0 -0.86609405,
                -0.60564476 -0 -0.79573518,
                -0.70386899 -0 -0.71032983,
                -0.79160029 -0 -0.61103922,
                -0.86602676 -0 -0.49999771,
                -0.92497259 -0 -0.38003388,
                -0.96710223 -0 -0.25438812,
                -0.991947 -0 -0.12665349,
                -1 -0 1.6081226e-16,
                -0.991947 -0 0.12665349,
                -0.96710223 -0 0.25438812,
                -0.92497259 -0 0.38003388,
                -0.86602676 -0 0.49999771,
                -0.79160029 -0 0.61103922,
                -0.70386899 -0 0.71032983,
                -0.60564476 -0 0.79573518,
                -0.49988103 -0 0.86609405,
                -0.38638952 -0 0.92233568,
                -0.26320904 -0 0.96473885,
                -0.13337906 -0 0.99106508,
                -1.2246469e-16 -0 1,
                -5.0031974e-07 -0 1,
                -0.13337952 -0 0.99106503,
                -0.2632094 -0 0.96473873,
                -0.3863897 -0 0.92233562,
                -0.49988103 -0 0.86609405,
                -0.60564476 -0 0.79573518,
                -0.70386899 -0 0.71032983,
                -0.79160029 -0 0.61103922,
                -0.86602676 -0 0.49999771,
                -0.92497259 -0 0.38003388,
                -0.96710223 -0 0.25438812,
                -0.991947 -0 0.12665349,
                -1 -0 4.8429514e-09,
                -0.991947 -0 -0.12665349,
                -0.96710223 -0 -0.25438812,
                -0.92497259 -0 -0.38003388,
                -0.86602676 -0 -0.49999771,
                -0.79160029 -0 -0.61103922,
                -0.70386899 -0 -0.71032983,
                -0.60564476 -0 -0.79573518,
                -0.49988103 -0 -0.86609405,
                -0.38638952 -0 -0.92233568,
                -0.26320904 -0 -0.96473885,
                -0.13337906 -0 -0.99106508,
                -0 -0 -1,
                -0 -0 -1,
                -0.13337906 -0 -0.99106508,
                -0.26320904 -0 -0.96473885,
                -0.38638952 -0 -0.92233568,
                -0.49988103 -0 -0.86609405,
                -0.60564476 -0 -0.79573518,
                -0.70386899 -0 -0.71032983,
                -0.79160029 -0 -0.61103922,
                -0.86602676 -0 -0.49999771,
                -0.92497259 -0 -0.38003388,
                -0.96710223 -0 -0.25438812,
                -0.991947 -0 -0.12665349,
                -1 -0 1.6081226e-16,
                -0.991947 -0 0.12665349,
                -0.96710223 -0 0.25438812,
                -0.92497259 -0 0.38003388,
                -0.86602676 -0 0.49999771,
                -0.79160029 -0 0.61103922,
                -0.70386899 -0 0.71032983,
                -0.60564476 -0 0.79573518,
                -0.49988103 -0 0.86609405,
                -0.38638952 -0 0.92233568,
                -0.26320904 -0 0.96473885,
                -0.13337906 -0 0.99106508,
                -1.2246469e-16 -0 1,
                1.2008758e-07 -0 1,
                -0.13337894 -0 0.99106508,
                -0.26320896 -0 0.96473885,
                -0.38638946 -0 0.92233574,
                -0.49988103 -0 0.86609405,
                -0.60564476 -0 0.79573518,
                -0.70386899 -0 0.71032983,
                -0.79160029 -0 0.61103922,
                -0.86602676 -0 0.49999771,
                -0.92497259 -0 0.38003388,
                -0.96710223 -0 0.25438812,
                -0.991947 -0 0.12665351,
                -1 -0 -2.6858014e-08,
                -0.991947 -0 -0.12665349,
                -0.96710223 -0 -0.25438812,
                -0.92497259 -0 -0.38003388,
                -0.86602676 -0 -0.49999771,
                -0.79160029 -0 -0.61103922,
                -0.70386899 -0 -0.71032983,
                -0.60564476 -0 -0.79573518,
                -0.49988106 -0 -0.86609405,
                -0.38639069 -0 -0.92233521,
                -0.26321152 -0 -0.96473813,
                -0.1333829 -0 -0.99106461,
                -5.1949874e-06 -0 -1,
                -0 -0 -1,
                -0.13337906 -0 -0.99106508,
                -0.26320904 -0 -0.96473885,
                -0.38638952 -0 -0.92233568,
                -0.49988103 -0 -0.86609405,
                -0.60564476 -0 -0.79573518,
                -0.70386899 -0 -0.71032983,
                -0.79160029 -0 -0.61103922,
                -0.86602676 -0 -0.49999771,
                -0.92497259 -0 -0.38003388,
                -0.96710223 -0 -0.25438812,
                -0.991947 -0 -0.12665349,
                -1 -0 3.8285688e-16,
                -0.991947 -0 0.12665349,
                -0.96710223 -0 0.25438812,
                -0.92497259 -0 0.38003388,
                -0.86602676 -0 0.49999771,
                -0.79160029 -0 0.61103922,
                -0.70386899 -0 0.71032983,
                -0.60564476 -0 0.79573518,
                -0.49988103 -0 0.86609405,
                -0.38638952 -0 0.92233568,
                -0.26320904 -0 0.96473885,
                -0.13337906 -0 0.99106508,
                -1.2246469e-16 -0 1,
                1.8702464e-06 -0 1,
                -0.13337733 -0 0.99106532,
                -0.26320773 -0 0.9647392,
                -0.38638881 -0 0.92233598,
                -0.49988103 -0 0.86609411,
                -0.60564476 -0 0.79573512,
                -0.70386899 -0 0.71032983,
                -0.79160029 -0 0.61103922,
                -0.86602676 -0 0.49999771,
                -0.92497259 -0 0.38003388,
                -0.96710223 -0 0.25438812,
                -0.991947 -0 0.12665349,
                -1 -0 -4.2340247e-09,
                -0.991947 -0 -0.12665349,
                -0.96710223 -0 -0.25438812,
                -0.92497259 -0 -0.38003388,
                -0.86602676 -0 -0.49999771,
                -0.79160029 -0 -0.61103922,
                -0.70386899 -0 -0.71032983,
                -0.60564476 -0 -0.79573518,
                -0.49988103 -0 -0.86609405,
                -0.3863889 -0 -0.92233598,
                -0.2632077 -0 -0.9647392,
                -0.13337697 -0 -0.99106538,
                2.8066729e-06 -0 -1,
                -0 -0 -1,
                -0.13337906 -0 -0.99106508,
                -0.26320904 -0 -0.96473885,
                -0.38638952 -0 -0.92233568,
                -0.49988103 -0 -0.86609405,
                -0.60564476 -0 -0.79573518,
                -0.70386899 -0 -0.71032983,
                -0.79160029 -0 -0.61103922,
                -0.86602676 -0 -0.49999771,
                -0.92497259 -0 -0.38003388,
                -0.96710223 -0 -0.25438812,
                -0.991947 -0 -0.12665349,
                -1 -0 3.8285688e-16,
                -0.991947 -0 0.12665349,
                -0.96710223 -0 0.25438812,
                -0.92497259 -0 0.38003388,
                -0.86602676 -0 0.49999771,
                -0.79160029 -0 0.61103922,
                -0.70386899 -0 0.71032983,
                -0.60564476 -0 0.79573518,
                -0.49988103 -0 0.86609405,
                -0.38638952 -0 0.92233568,
                -0.26320904 -0 0.96473885,
                -0.13337906 -0 0.99106508,
                -1.2246469e-16 -0 1,
                -2.1545899e-08 -0 1,
                -0.13337907 -0 0.99106508,
                -0.26320907 -0 0.96473885,
                -0.38638952 -0 0.92233568,
                -0.49988103 -0 0.86609405,
                -0.60564476 -0 0.79573518,
                -0.70386899 -0 0.71032983,
                -0.79160029 -0 0.61103922,
                -0.86602676 -0 0.49999771,
                -0.92497259 -0 0.38003388,
                -0.96710223 -0 0.25438812,
                -0.991947 -0 0.12665349,
                -1 -0 7.4961654e-10,
                -0.991947 -0 -0.12665349,
                -0.96710223 -0 -0.25438812,
                -0.92497259 -0 -0.38003388,
                -0.86602676 -0 -0.49999771,
                -0.79160029 -0 -0.61103922,
                -0.70386899 -0 -0.71032983,
                -0.60564476 -0 -0.79573518,
                -0.49988103 -0 -0.86609405,
                -0.38638949 -0 -0.92233568,
                -0.26320899 -0 -0.96473885,
                -0.13337898 -0 -0.99106508,
                1.019939e-07 -0 -1,
                -0 -0 -1,
                -0.13337906 -0 -0.99106508,
                -0.26320904 -0 -0.96473885,
                -0.38638952 -0 -0.92233568,
                -0.49988103 -0 -0.86609405,
                -0.60564476 -0 -0.79573518,
                -0.70386899 -0 -0.71032983,
                -0.79160029 -0 -0.61103922,
                -0.86602676 -0 -0.49999771,
                -0.92497259 -0 -0.38003388,
                -0.96710223 -0 -0.25438812,
                -0.991947 -0 -0.12665349,
                -1 -0 -6.1232343e-17,
                -0.991947 -0 0.12665349,
                -0.96710223 -0 0.25438812,
                -0.92497259 -0 0.38003388,
                -0.86602676 -0 0.49999771,
                -0.79160029 -0 0.61103922,
                -0.70386899 -0 0.71032983,
                -0.60564476 -0 0.79573518,
                -0.49988103 -0 0.86609405,
                -0.38638952 -0 0.92233568,
                -0.26320904 -0 0.96473885,
                -0.13337906 -0 0.99106508,
                -1.2246469e-16 -0 1,
                -1.2246469e-16 -0 1,
                -0.17364818 -0 0.98480773,
                -0.34202015 -0 0.93969262,
                -0.5 -0 0.86602539,
                -0.64278764 -0 0.76604444,
                -0.76604444 -0 0.64278764,
                -0.86602539 -0 0.5,
                -0.93969262 -0 0.34202015,
                -0.98480773 -0 0.17364818,
                -1 -0 -6.1232343e-17,
                -0.98480773 -0 -0.17364818,
                -0.93969262 -0 -0.34202015,
                -0.86602539 -0 -0.5,
                -0.76604444 -0 -0.64278764,
                -0.64278764 -0 -0.76604444,
                -0.5 -0 -0.86602539,
                -0.34202015 -0 -0.93969262,
                -0.17364818 -0 -0.98480773,
                -0 -0 -1,
                -0 -0 -1,
                -0.13337906 -0 -0.99106508,
                -0.26320904 -0 -0.96473885,
                -0.38638952 -0 -0.92233568,
                -0.49988103 -0 -0.86609405,
                -0.60564476 -0 -0.79573518,
                -0.70386899 -0 -0.71032983,
                -0.79160029 -0 -0.61103922,
                -0.86602676 -0 -0.49999771,
                -0.92497259 -0 -0.38003388,
                -0.96710223 -0 -0.25438812,
                -0.991947 -0 -0.12665349,
                -1 -0 -6.1232343e-17,
                -0.991947 -0 0.12665349,
                -0.96710223 -0 0.25438812,
                -0.92497259 -0 0.38003388,
                -0.86602676 -0 0.49999771,
                -0.79160029 -0 0.61103922,
                -0.70386899 -0 0.71032983,
                -0.60564476 -0 0.79573518,
                -0.49988103 -0 0.86609405,
                -0.38638952 -0 0.92233568,
                -0.26320904 -0 0.96473885,
                -0.13337906 -0 0.99106508,
                -1.2246469e-16 -0 1,
                0.44623587 0.86524504 0.22852686,
                0.4740794 0.86525321 0.16305096,
                0.49205905 0.86529166 0.095646217,
                0.50035149 0.86535603 0.028413765,
                0.49966159 0.86543924 -0.036785893,
                0.4906348 0.86536062 -0.10212022,
                0.47271881 0.86529821 -0.16672122,
                0.44608349 0.86525804 -0.22877519,
                0.41138852 0.86524415 -0.28655207,
                0.36973155 0.86525804 -0.33856633,
                0.32253715 0.86529821 -0.38370407,
                0.27140871 0.86536062 -0.42129368,
                0.21797328 0.86543924 -0.45111257,
                0.15687869 0.86536062 -0.47596231,
                0.091974594 0.86529821 -0.4927471,
                0.02491663 0.86525804 -0.50070721,
                -0.042467114 0.86524415 -0.49954894,
                -0.10834128 0.86525804 -0.48948008,
                -0.1710289 0.86529821 -0.4711774,
                -0.22914666 0.86536062 -0.44569367,
                -0.2816883 0.86543924 -0.41432667,
                -0.33375609 0.86536062 -0.37384209,
                -0.38074422 0.86529821 -0.32602587,
                -0.42116687 0.86525804 -0.27193207,
                -0.45385563 0.86524415 -0.21299687,
                -0.47807282 0.86525804 -0.15091373,
                -0.49356607 0.86529821 -0.087473325,
                -0.50055534 0.86536062 -0.0244,
                -0.49966159 0.86543924 0.036785893,
                -0.4906348 0.86536062 0.10212022,
                -0.47271881 0.86529821 0.16672122,
                -0.44608349 0.86525804 0.22877519,
                -0.41138852 0.86524415 0.28655207,
                -0.36973155 0.86525804 0.33856633,
                -0.32253715 0.86529821 0.38370407,
                -0.27140871 0.86536062 0.42129368,
                -0.21797328 0.86543924 0.45111257,
                -0.15687869 0.86536062 0.47596231,
                -0.091974594 0.86529821 0.4927471,
                -0.02491663 0.86525804 0.50070721,
                0.042467114 0.86524415 0.49954894,
                0.10834128 0.86525804 0.48948008,
                0.1710289 0.86529821 0.4711774,
                0.22914666 0.86536062 0.44569367,
                0.2816883 0.86543924 0.41432667,
                0.33375609 0.86536062 0.37384209,
                0.38074422 0.86529821 0.32602587,
                0.42116687 0.86525804 0.27193207,
                0.45385563 0.86524415 0.21299687,
                0.47807282 0.86525804 0.15091373,
                0.49356607 0.86529821 0.087473325,
                0.50055534 0.86536062 0.0244,
                0.49966159 0.86543924 -0.036785893,
                0.4906348 0.86536062 -0.10212022,
                0.47271881 0.86529821 -0.16672122,
                0.44608349 0.86525804 -0.22877519,
                0.41138852 0.86524415 -0.28655207,
                0.36973155 0.86525804 -0.33856633,
                0.32253715 0.86529821 -0.38370407,
                0.27140871 0.86536062 -0.42129368,
                0.21797328 0.86543924 -0.45111257,
                0.15687869 0.86536062 -0.47596231,
                0.091974594 0.86529821 -0.4927471,
                0.02491663 0.86525804 -0.50070721,
                -0.042467114 0.86524415 -0.49954894,
                -0.10834128 0.86525804 -0.48948008,
                -0.1710289 0.86529821 -0.4711774,
                -0.22914666 0.86536062 -0.44569367,
                -0.2816883 0.86543924 -0.41432667,
                -0.33375609 0.86536062 -0.37384209,
                -0.38074422 0.86529821 -0.32602587,
                -0.42116687 0.86525804 -0.27193207,
                -0.45385563 0.86524415 -0.21299687,
                -0.47807282 0.86525804 -0.15091373,
                -0.49356607 0.86529821 -0.087473325,
                -0.50055534 0.86536062 -0.0244,
                -0.49966159 0.86543924 0.036785893,
                -0.4906348 0.86536062 0.10212022,
                -0.47271881 0.86529821 0.16672122,
                -0.44608349 0.86525804 0.22877519,
                -0.41138852 0.86524415 0.28655207,
                -0.36973155 0.86525804 0.33856633,
                -0.32253715 0.86529821 0.38370407,
                -0.27140871 0.86536062 0.42129368,
                -0.21797328 0.86543924 0.45111257,
                -0.15687869 0.86536062 0.47596231,
                -0.091974594 0.86529821 0.4927471,
                -0.02491663 0.86525804 0.50070721,
                0.042467114 0.86524415 0.49954894,
                0.10834128 0.86525804 0.48948008,
                0.1710289 0.86529821 0.4711774,
                0.22914666 0.86536062 0.44569367,
                0.2816883 0.86543924 0.41432667,
                0.33375609 0.86536062 0.37384209,
                0.38074422 0.86529821 0.32602587,
                0.42116687 0.86525804 0.27193207,
                0.45385563 0.86524415 0.21299687,
                0.47807282 0.86525804 0.15091373,
                0.49356607 0.86529821 0.087473325,
                0.50055534 0.86536062 0.0244,
                0.49966159 0.86543924 -0.036785893,
                0.4906348 0.86536062 -0.10212022,
                0.47271881 0.86529821 -0.16672122,
                0.44608349 0.86525804 -0.22877519,
                0.41138852 0.86524415 -0.28655207,
                0.36973155 0.86525804 -0.33856633,
                0.32253715 0.86529821 -0.38370407,
                0.27140871 0.86536062 -0.42129368,
                0.21797328 0.86543924 -0.45111257,
                0.15687869 0.86536062 -0.47596231,
                0.091974594 0.86529821 -0.4927471,
                0.02491663 0.86525804 -0.50070721,
                -0.042467114 0.86524415 -0.49954894,
                -0.10834128 0.86525804 -0.48948008,
                -0.1710289 0.86529821 -0.4711774,
                -0.22914666 0.86536062 -0.44569367,
                -0.2816883 0.86543924 -0.41432667,
                -0.33375609 0.86536062 -0.37384209,
                -0.38074422 0.86529821 -0.32602587,
                -0.42116687 0.86525804 -0.27193207,
                -0.45385563 0.86524415 -0.21299687,
                -0.47807282 0.86525804 -0.15091373,
                -0.49356607 0.86529821 -0.087473325,
                -0.50055534 0.86536062 -0.0244,
                -0.49966159 0.86543924 0.036785893,
                -0.4906348 0.86536062 0.10212022,
                -0.47271881 0.86529821 0.16672122,
                -0.44608349 0.86525804 0.22877519,
                -0.41138852 0.86524415 0.28655207,
                -0.36973155 0.86525804 0.33856633,
                -0.32253715 0.86529821 0.38370407,
                -0.27140871 0.86536062 0.42129368,
                -0.21797328 0.86543924 0.45111257,
                -0.15687869 0.86536062 0.47596231,
                -0.091974594 0.86529821 0.4927471,
                -0.02491663 0.86525804 0.50070721,
                0.042467114 0.86524415 0.49954894,
                0.10834128 0.86525804 0.48948008,
                0.1710289 0.86529821 0.4711774,
                0.22914666 0.86536062 0.44569367,
                0.2816883 0.86543924 0.41432667,
                0.33375609 0.86536062 0.37384209,
                0.38074422 0.86529821 0.32602587,
                0.42116687 0.86525804 0.27193207,
                0.45385563 0.86524415 0.21299687,
                0.47807282 0.86525804 0.15091373,
                0.49356607 0.86529821 0.087473325,
                0.50055534 0.86536062 0.0244,
                0.49966159 0.86543924 -0.036785893,
                0.4906348 0.86536062 -0.10212022,
                0.47271881 0.86529821 -0.16672122,
                0.44608349 0.86525804 -0.22877519,
                0.41138852 0.86524415 -0.28655207,
                0.36973155 0.86525804 -0.33856633,
                0.32253715 0.86529821 -0.38370407,
                0.27140871 0.86536062 -0.42129368,
                0.21797328 0.86543924 -0.45111257,
                0.15687869 0.86536062 -0.47596231,
                0.091974594 0.86529821 -0.4927471,
                0.02491663 0.86525804 -0.50070721,
                -0.042467114 0.86524415 -0.49954894,
                -0.10834128 0.86525804 -0.48948008,
                -0.1710289 0.86529821 -0.4711774,
                -0.22914666 0.86536062 -0.44569367,
                -0.2816883 0.86543924 -0.41432667,
                -0.33375609 0.86536062 -0.37384209,
                -0.38074422 0.86529821 -0.32602587,
                -0.42116687 0.86525804 -0.27193207,
                -0.45385563 0.86524415 -0.21299687,
                -0.47807282 0.86525804 -0.15091373,
                -0.49356607 0.86529821 -0.087473325,
                -0.50055534 0.86536062 -0.0244,
                -0.49966159 0.86543924 0.036785893,
                -0.4906348 0.86536062 0.10212022,
                -0.47271881 0.86529821 0.16672122,
                -0.44608349 0.86525804 0.22877519,
                -0.41138852 0.86524415 0.28655207,
                -0.36973155 0.86525804 0.33856633,
                -0.32253715 0.86529821 0.38370407,
                -0.27140871 0.86536062 0.42129368,
                -0.21797328 0.86543924 0.45111257,
                -0.15687869 0.86536062 0.47596231,
                -0.091974594 0.86529821 0.4927471,
                -0.02491663 0.86525804 0.50070721,
                0.042467114 0.86524415 0.49954894,
                0.10834128 0.86525804 0.48948008,
                0.1710289 0.86529821 0.4711774,
                0.22914666 0.86536062 0.44569367,
                0.2816883 0.86543924 0.41432667,
                0.33375609 0.86536062 0.37384209,
                0.38074422 0.86529821 0.32602587,
                0.42116687 0.86525804 0.27193207,
                0.45385563 0.86524415 0.21299687,
                0.47807282 0.86525804 0.15091373,
                0.49356607 0.86529821 0.087473325,
                0.50055534 0.86536062 0.0244,
                0.49966159 0.86543924 -0.036785893,
                0.4906348 0.86536062 -0.10212022,
                0.47271881 0.86529821 -0.16672122,
                0.44608349 0.86525804 -0.22877519,
                0.41138852 0.86524415 -0.28655207,
                0.36973155 0.86525804 -0.33856633,
                0.32253715 0.86529821 -0.38370407,
                0.27140871 0.86536062 -0.42129368,
                0.21797328 0.86543924 -0.45111257,
                0.15687869 0.86536062 -0.47596231,
                0.091974594 0.86529821 -0.4927471,
                0.02491663 0.86525804 -0.50070721,
                -0.042467114 0.86524415 -0.49954894,
                -0.10834128 0.86525804 -0.48948008,
                -0.1710289 0.86529821 -0.4711774,
                -0.22914666 0.86536062 -0.44569367,
                -0.2816883 0.86543924 -0.41432667,
                -0.33375609 0.86536062 -0.37384209,
                -0.38074422 0.86529821 -0.32602587,
                -0.42116687 0.86525804 -0.27193207,
                -0.45385563 0.86524415 -0.21299687,
                -0.47807282 0.86525804 -0.15091373,
                -0.49356607 0.86529821 -0.087473325,
                -0.50055534 0.86536062 -0.0244,
                -0.49966159 0.86543924 0.036785893,
                -0.4906348 0.86536062 0.10212022,
                -0.47271881 0.86529821 0.16672122,
                -0.44608349 0.86525804 0.22877519,
                -0.41138852 0.86524415 0.28655207,
                -0.36973155 0.86525804 0.33856633,
                -0.32253715 0.86529821 0.38370407,
                -0.27140871 0.86536062 0.42129368,
                -0.21797328 0.86543924 0.45111257,
                -0.15687869 0.86536062 0.47596231,
                -0.091974594 0.86529821 0.4927471,
                -0.02491663 0.86525804 0.50070721,
                0.042467114 0.86524415 0.49954894,
                0.10834128 0.86525804 0.48948008,
                0.1710289 0.86529821 0.4711774,
                0.22914666 0.86536062 0.44569367,
                0.2816883 0.86543924 0.41432667,
                0.33375609 0.86536062 0.37384209,
                0.38074422 0.86529821 0.32602587,
                0.42116687 0.86525804 0.27193207,
                0.45385563 0.86524415 0.21299687,
                0.47807282 0.86525804 0.15091373,
                0.49356607 0.86529821 0.087473325,
                0.50055534 0.86536062 0.0244,
                0.49966159 0.86543924 -0.036785893,
                0.4906348 0.86536062 -0.10212022,
                0.47271881 0.86529821 -0.16672122,
                0.44608349 0.86525804 -0.22877519,
                0.41138852 0.86524415 -0.28655207,
                0.36973155 0.86525804 -0.33856633,
                0.32253715 0.86529821 -0.38370407,
                0.27140871 0.86536062 -0.42129368,
                0.21797328 0.86543924 -0.45111257,
                0.15687869 0.86536062 -0.47596231,
                0.091974594 0.86529821 -0.4927471,
                0.02491663 0.86525804 -0.50070721,
                -0.042467114 0.86524415 -0.49954894,
                -0.10834128 0.86525804 -0.48948008,
                -0.1710289 0.86529821 -0.4711774,
                -0.22914666 0.86536062 -0.44569367,
                -0.2816883 0.86543924 -0.41432667,
                -0.33375609 0.86536062 -0.37384209,
                -0.38074422 0.86529821 -0.32602587,
                -0.42116687 0.86525804 -0.27193207,
                -0.45385563 0.86524415 -0.21299687,
                -0.47807282 0.86525804 -0.15091373,
                -0.49356607 0.86529821 -0.087473325,
                -0.50055534 0.86536062 -0.0244,
                -0.49966159 0.86543924 0.036785893,
                -0.4906348 0.86536062 0.10212022,
                -0.47271881 0.86529821 0.16672122,
                -0.44608349 0.86525804 0.22877519,
                -0.41138852 0.86524415 0.28655207,
                -0.36973155 0.86525804 0.33856633,
                -0.32253715 0.86529821 0.38370407,
                -0.27140871 0.86536062 0.42129368,
                -0.21797328 0.86543924 0.45111257,
                -0.15687869 0.86536062 0.47596231,
                -0.091974594 0.86529821 0.4927471,
                -0.02491663 0.86525804 0.50070721,
                0.042467114 0.86524415 0.49954894,
                0.10834128 0.86525804 0.48948008,
                0.1710289 0.86529821 0.4711774,
                0.22914666 0.86536062 0.44569367,
                0.2816883 0.86543924 0.41432667,
                0.33375609 0.86536062 0.37384209,
                0.38074422 0.86529821 0.32602587,
                0.42116687 0.86525804 0.27193207,
                0.45385563 0.86524415 0.21299687,
                0.47807282 0.86525804 0.15091373,
                0.49356607 0.86529821 0.087473325,
                0.50055534 0.86536062 0.0244,
                0.49966159 0.86543924 -0.036785893,
                0.4906348 0.86536062 -0.10212022,
                0.47271881 0.86529821 -0.16672122,
                0.44608349 0.86525804 -0.22877519,
                0.41138852 0.86524415 -0.28655207,
                0.36973155 0.86525804 -0.33856633,
                0.32253715 0.86529821 -0.38370407,
                0.27140871 0.86536062 -0.42129368,
                0.21797328 0.86543924 -0.45111257,
                0.15687869 0.86536062 -0.47596231,
                0.091974594 0.86529821 -0.4927471,
                0.02491663 0.86525804 -0.50070721,
                -0.042467114 0.86524415 -0.49954894,
                -0.10834128 0.86525804 -0.48948008,
                -0.1710289 0.86529821 -0.4711774,
                -0.22914666 0.86536062 -0.44569367,
                -0.2816883 0.86543924 -0.41432667,
                -0.33375609 0.86536062 -0.37384209,
                -0.38074422 0.86529821 -0.32602587,
                -0.42116687 0.86525804 -0.27193207,
                -0.45385563 0.86524415 -0.21299687,
                -0.47807282 0.86525804 -0.15091373,
                -0.49356607 0.86529821 -0.087473325,
                -0.50055534 0.86536062 -0.0244,
                -0.49966159 0.86543924 0.036785893,
                -0.4906348 0.86536062 0.10212022,
                -0.47271881 0.86529821 0.16672122,
                -0.44608349 0.86525804 0.22877519,
                -0.41138852 0.86524415 0.28655207,
                -0.36973155 0.86525804 0.33856633,
                -0.32253715 0.86529821 0.38370407,
                -0.27140871 0.86536062 0.42129368,
                -0.21797328 0.86543924 0.45111257,
                -0.15687869 0.86536062 0.47596231,
                -0.091974594 0.86529821 0.4927471,
                -0.02491663 0.86525804 0.50070721,
                0.042467114 0.86524415 0.49954894,
                0.10834128 0.86525804 0.48948008,
                0.1710289 0.86529821 0.4711774,
                0.22914666 0.86536062 0.44569367,
                0.2816883 0.86543924 0.41432667,
                0.33375609 0.86536062 0.37384209,
                0.38074422 0.86529821 0.32602587,
                0.42116687 0.86525804 0.27193207,
                0.45385563 0.86524415 0.21299687,
                0.47807282 0.86525804 0.15091373,
                0.49356607 0.86529821 0.087473325,
                0.50055534 0.86536062 0.0244,
                0.49966159 0.86543924 -0.036785893,
                0.49974817 0.8655892 -0.031734008,
                0.49997166 0.86553067 0.029748393,
                0.49223879 0.86548424 0.092940867,
                0.4759818 0.86545432 0.15630144,
                0.45104057 0.865444 0.21810347,
                0.41772592 0.86545432 0.27657527,
                0.37682402 0.86548424 0.33006167,
                0.32953504 0.86553067 0.37717807,
                0.27735654 0.8655892 0.41692761,
                0.22422297 0.86553067 0.44786236,
                0.16563025 0.86548424 0.47276175,
                0.10262989 0.86545432 0.49036306,
                0.036637127 0.865444 0.49966431,
                -0.030658258 0.86545432 0.50004888,
                -0.09742979 0.86548424 0.49136999,
                -0.16187826 0.86553067 0.47397476,
                -0.22239164 0.8655892 0.44866163,
                -0.2757487 0.86553067 0.41811398,
                -0.32660854 0.86548424 0.37982088,
                -0.37335193 0.86545432 0.33406162,
                -0.41440344 0.865444 0.28156084,
                -0.44838417 0.86545432 0.22347361,
                -0.4742538 0.86548424 0.16130833,
                -0.4914133 0.86553067 0.096796691,
                -0.49974817 0.8655892 0.031734008,
                -0.49997166 0.86553067 -0.029748393,
                -0.49223879 0.86548424 -0.092940867,
                -0.4759818 0.86545432 -0.15630144,
                -0.45104057 0.865444 -0.21810347,
                -0.41772592 0.86545432 -0.27657527,
                -0.37682402 0.86548424 -0.33006167,
                -0.32953504 0.86553067 -0.37717807,
                -0.27735654 0.8655892 -0.41692761,
                -0.22422297 0.86553067 -0.44786236,
                -0.16563025 0.86548424 -0.47276175,
                -0.10262989 0.86545432 -0.49036306,
                -0.036637127 0.865444 -0.49966431,
                0.030658258 0.86545432 -0.50004888,
                0.09742979 0.86548424 -0.49136999,
                0.16187826 0.86553067 -0.47397476,
                0.22239164 0.8655892 -0.44866163,
                0.2757487 0.86553067 -0.41811398,
                0.32660854 0.86548424 -0.37982088,
                0.37335193 0.86545432 -0.33406162,
                0.41440344 0.865444 -0.28156084,
                0.44838417 0.86545432 -0.22347361,
                0.4742538 0.86548424 -0.16130833,
                0.4914133 0.86553067 -0.096796691,
                0.49974817 0.8655892 -0.031734008,
                0.49997166 0.86553067 0.029748393,
                0.49223879 0.86548424 0.092940867,
                0.4759818 0.86545432 0.15630144,
                0.45104057 0.865444 0.21810347,
                0.41772592 0.86545432 0.27657527,
                0.37682402 0.86548424 0.33006167,
                0.32953504 0.86553067 0.37717807,
                0.27735654 0.8655892 0.41692761,
                0.22422297 0.86553067 0.44786236,
                0.16563025 0.86548424 0.47276175,
                0.10262989 0.86545432 0.49036306,
                0.036637127 0.865444 0.49966431,
                -0.030658258 0.86545432 0.50004888,
                -0.09742979 0.86548424 0.49136999,
                -0.16187826 0.86553067 0.47397476,
                -0.22239164 0.8655892 0.44866163,
                -0.2757487 0.86553067 0.41811398,
                -0.32660854 0.86548424 0.37982088,
                -0.37335193 0.86545432 0.33406162,
                -0.41440344 0.865444 0.28156084,
                -0.44838417 0.86545432 0.22347361,
                -0.4742538 0.86548424 0.16130833,
                -0.4914133 0.86553067 0.096796691,
                -0.49974817 0.8655892 0.031734008,
                -0.49997166 0.86553067 -0.029748393,
                -0.49223879 0.86548424 -0.092940867,
                -0.4759818 0.86545432 -0.15630144,
                -0.45104057 0.865444 -0.21810347,
                -0.41772592 0.86545432 -0.27657527,
                -0.37682402 0.86548424 -0.33006167,
                -0.32953504 0.86553067 -0.37717807,
                -0.27735654 0.8655892 -0.41692761,
                -0.22422297 0.86553067 -0.44786236,
                -0.16563025 0.86548424 -0.47276175,
                -0.10262989 0.86545432 -0.49036306,
                -0.036637127 0.865444 -0.49966431,
                0.030658258 0.86545432 -0.50004888,
                0.09742979 0.86548424 -0.49136999,
                0.16187826 0.86553067 -0.47397476,
                0.22239164 0.8655892 -0.44866163,
                0.2757487 0.86553067 -0.41811398,
                0.32660854 0.86548424 -0.37982088,
                0.37335193 0.86545432 -0.33406162,
                0.41440344 0.865444 -0.28156084,
                0.44838417 0.86545432 -0.22347361,
                0.4742538 0.86548424 -0.16130833,
                0.4914133 0.86553067 -0.096796691,
                0.49974817 0.8655892 -0.031734008,
                0.49997166 0.86553067 0.029748393,
                0.49223879 0.86548424 0.092940867,
                0.4759818 0.86545432 0.15630144,
                0.45104057 0.865444 0.21810347,
                0.41772592 0.86545432 0.27657527,
                0.37682402 0.86548424 0.33006167,
                0.32953504 0.86553067 0.37717807,
                0.27735654 0.8655892 0.41692761,
                0.22422297 0.86553067 0.44786236,
                0.16563025 0.86548424 0.47276175,
                0.10262989 0.86545432 0.49036306,
                0.036637127 0.865444 0.49966431,
                -0.030658258 0.86545432 0.50004888,
                -0.09742979 0.86548424 0.49136999,
                -0.16187826 0.86553067 0.47397476,
                -0.22239164 0.8655892 0.44866163,
                -0.2757487 0.86553067 0.41811398,
                -0.32660854 0.86548424 0.37982088,
                -0.37335193 0.86545432 0.33406162,
                -0.41440344 0.865444 0.28156084,
                -0.44838417 0.86545432 0.22347361,
                -0.4742538 0.86548424 0.16130833,
                -0.4914133 0.86553067 0.096796691,
                -0.49974817 0.8655892 0.031734008,
                -0.49997166 0.86553067 -0.029748393,
                -0.49223879 0.86548424 -0.092940867,
                -0.4759818 0.86545432 -0.15630144,
                -0.45104057 0.865444 -0.21810347,
                -0.41772592 0.86545432 -0.27657527,
                -0.37682402 0.86548424 -0.33006167,
                -0.32953504 0.86553067 -0.37717807,
                -0.27735654 0.8655892 -0.41692761,
                -0.22422297 0.86553067 -0.44786236,
                -0.16563025 0.86548424 -0.47276175,
                -0.10262989 0.86545432 -0.49036306,
                -0.036637127 0.865444 -0.49966431,
                0.030658258 0.86545432 -0.50004888,
                0.09742979 0.86548424 -0.49136999,
                0.16187826 0.86553067 -0.47397476,
                0.22239164 0.8655892 -0.44866163,
                0.2757487 0.86553067 -0.41811398,
                0.32660854 0.86548424 -0.37982088,
                0.37335193 0.86545432 -0.33406162,
                0.41440344 0.865444 -0.28156084,
                0.44838417 0.86545432 -0.22347361,
                0.4742538 0.86548424 -0.16130833,
                0.4914133 0.86553067 -0.096796691,
                0.49974817 0.8655892 -0.031734008,
                0.49997166 0.86553067 0.029748393,
                0.49223879 0.86548424 0.092940867,
                0.4759818 0.86545432 0.15630144,
                0.45104057 0.865444 0.21810347,
                0.41772592 0.86545432 0.27657527,
                0.37682402 0.86548424 0.33006167,
                0.32953504 0.86553067 0.37717807,
                0.27735654 0.8655892 0.41692761,
                0.22422297 0.86553067 0.44786236,
                0.16563025 0.86548424 0.47276175,
                0.10262989 0.86545432 0.49036306,
                0.036637127 0.865444 0.49966431,
                -0.030658258 0.86545432 0.50004888,
                -0.09742979 0.86548424 0.49136999,
                -0.16187826 0.86553067 0.47397476,
                -0.22239164 0.8655892 0.44866163,
                -0.2757487 0.86553067 0.41811398,
                -0.32660854 0.86548424 0.37982088,
                -0.37335193 0.86545432 0.33406162,
                -0.41440344 0.865444 0.28156084,
                -0.44838417 0.86545432 0.22347361,
                -0.4742538 0.86548424 0.16130833,
                -0.4914133 0.86553067 0.096796691,
                -0.49974817 0.8655892 0.031734008,
                -0.49997166 0.86553067 -0.029748393,
                -0.49223879 0.86548424 -0.092940867,
                -0.4759818 0.86545432 -0.15630144,
                -0.45104057 0.865444 -0.21810347,
                -0.41772592 0.86545432 -0.27657527,
                -0.37682402 0.86548424 -0.33006167,
                -0.32953504 0.86553067 -0.37717807,
                -0.27735654 0.8655892 -0.41692761,
                -0.22422297 0.86553067 -0.44786236,
                -0.16563025 0.86548424 -0.47276175,
                -0.10262989 0.86545432 -0.49036306,
                -0.036637127 0.865444 -0.49966431,
                0.030658258 0.86545432 -0.50004888,
                0.09742979 0.86548424 -0.49136999,
                0.16187826 0.86553067 -0.47397476,
                0.22239164 0.8655892 -0.44866163,
                0.2757487 0.86553067 -0.41811398,
                0.32660854 0.86548424 -0.37982088,
                0.37335193 0.86545432 -0.33406162,
                0.41440344 0.865444 -0.28156084,
                0.44838417 0.86545432 -0.22347361,
                0.4742538 0.86548424 -0.16130833,
                0.4914133 0.86553067 -0.096796691,
                0.49974817 0.8655892 -0.031734008,
                0.49997166 0.86553067 0.029748393,
                0.49223879 0.86548424 0.092940867,
                0.4759818 0.86545432 0.15630144,
                0.45104057 0.865444 0.21810347,
                0.41772592 0.86545432 0.27657527,
                0.37682402 0.86548424 0.33006167,
                0.32953504 0.86553067 0.37717807,
                0.27735654 0.8655892 0.41692761,
                0.22422297 0.86553067 0.44786236,
                0.16563025 0.86548424 0.47276175,
                0.10262989 0.86545432 0.49036306,
                0.036637127 0.865444 0.49966431,
                -0.030658258 0.86545432 0.50004888,
                -0.09742979 0.86548424 0.49136999,
                -0.16187826 0.86553067 0.47397476,
                -0.22239164 0.8655892 0.44866163,
                -0.2757487 0.86553067 0.41811398,
                -0.32660854 0.86548424 0.37982088,
                -0.37335193 0.86545432 0.33406162,
                -0.41440344 0.865444 0.28156084,
                -0.44838417 0.86545432 0.22347361,
                -0.4742538 0.86548424 0.16130833,
                -0.4914133 0.86553067 0.096796691,
                -0.49974817 0.8655892 0.031734008,
                -0.49997166 0.86553067 -0.029748393,
                -0.49223879 0.86548424 -0.092940867,
                -0.4759818 0.86545432 -0.15630144,
                -0.45104057 0.865444 -0.21810347,
                -0.41772592 0.86545432 -0.27657527,
                -0.37682402 0.86548424 -0.33006167,
                -0.32953504 0.86553067 -0.37717807,
                -0.27735654 0.8655892 -0.41692761,
                -0.22422297 0.86553067 -0.44786236,
                -0.16563025 0.86548424 -0.47276175,
                -0.10262989 0.86545432 -0.49036306,
                -0.036637127 0.865444 -0.49966431,
                0.030658258 0.86545432 -0.50004888,
                0.09742979 0.86548424 -0.49136999,
                0.16187826 0.86553067 -0.47397476,
                0.22239164 0.8655892 -0.44866163,
                0.2757487 0.86553067 -0.41811398,
                0.32660854 0.86548424 -0.37982088,
                0.37335193 0.86545432 -0.33406162,
                0.41440344 0.865444 -0.28156084,
                0.44838417 0.86545432 -0.22347361,
                0.4742538 0.86548424 -0.16130833,
                0.4914133 0.86553067 -0.096796691,
                0.49974817 0.8655892 -0.031734008,
                0.49997166 0.86553067 0.029748393,
                0.49223879 0.86548424 0.092940867,
                0.4759818 0.86545432 0.15630144,
                0.45104057 0.865444 0.21810347,
                0.41772592 0.86545432 0.27657527,
                0.37682402 0.86548424 0.33006167,
                0.32953504 0.86553067 0.37717807,
                0.27735654 0.8655892 0.41692761,
                0.22422297 0.86553067 0.44786236,
                0.16563025 0.86548424 0.47276175,
                0.10262989 0.86545432 0.49036306,
                0.036637127 0.865444 0.49966431,
                -0.030658258 0.86545432 0.50004888,
                -0.09742979 0.86548424 0.49136999,
                -0.16187826 0.86553067 0.47397476,
                -0.22239164 0.8655892 0.44866163,
                -0.2757487 0.86553067 0.41811398,
                -0.32660854 0.86548424 0.37982088,
                -0.37335193 0.86545432 0.33406162,
                -0.41440344 0.865444 0.28156084,
                -0.44838417 0.86545432 0.22347361,
                -0.4742538 0.86548424 0.16130833,
                -0.4914133 0.86553067 0.096796691,
                -0.49974817 0.8655892 0.031734008,
                -0.49997166 0.86553067 -0.029748393,
                -0.49223879 0.86548424 -0.092940867,
                -0.4759818 0.86545432 -0.15630144,
                -0.45104057 0.865444 -0.21810347,
                -0.41772592 0.86545432 -0.27657527,
                -0.37682402 0.86548424 -0.33006167,
                -0.32953504 0.86553067 -0.37717807,
                -0.27735654 0.8655892 -0.41692761,
                -0.22422297 0.86553067 -0.44786236,
                -0.16563025 0.86548424 -0.47276175,
                -0.10262989 0.86545432 -0.49036306,
                -0.036637127 0.865444 -0.49966431,
                0.030658258 0.86545432 -0.50004888,
                0.09742979 0.86548424 -0.49136999,
                0.16187826 0.86553067 -0.47397476,
                0.22239164 0.8655892 -0.44866163,
                0.2757487 0.86553067 -0.41811398,
                0.32660854 0.86548424 -0.37982088,
                0.37335193 0.86545432 -0.33406162,
                0.41440344 0.865444 -0.28156084,
                0.44838417 0.86545432 -0.22347361,
                0.4742538 0.86548424 -0.16130833,
                0.4914133 0.86553067 -0.096796691,
                0.49974817 0.8655892 -0.031734008,
                0.49997166 0.86553067 0.029748393,
                0.49223879 0.86548424 0.092940867,
                0.4759818 0.86545432 0.15630144,
                0.45104057 0.865444 0.21810347,
                0.41772592 0.86545432 0.27657527,
                0.37682402 0.86548424 0.33006167,
                0.32953504 0.86553067 0.37717807,
                0.27735654 0.8655892 0.41692761,
                0.22422297 0.86553067 0.44786236,
                0.16563025 0.86548424 0.47276175,
                0.10262989 0.86545432 0.49036306,
                0.036637127 0.865444 0.49966431,
                -0.030658258 0.86545432 0.50004888,
                -0.09742979 0.86548424 0.49136999,
                -0.16187826 0.86553067 0.47397476,
                -0.22239164 0.8655892 0.44866163,
                -0.2757487 0.86553067 0.41811398,
                -0.32660854 0.86548424 0.37982088,
                -0.37335193 0.86545432 0.33406162,
                -0.41440344 0.865444 0.28156084,
                -0.44838417 0.86545432 0.22347361,
                -0.4742538 0.86548424 0.16130833,
                -0.4914133 0.86553067 0.096796691,
                -0.49974817 0.8655892 0.031734008,
                -0.49997166 0.86553067 -0.029748393,
                -0.49223879 0.86548424 -0.092940867,
                -0.4759818 0.86545432 -0.15630144,
                -0.45104057 0.865444 -0.21810347,
                -0.41772592 0.86545432 -0.27657527,
                -0.37682402 0.86548424 -0.33006167,
                -0.32953504 0.86553067 -0.37717807,
                -0.27735654 0.8655892 -0.41692761,
                -0.22422297 0.86553067 -0.44786236,
                -0.16563025 0.86548424 -0.47276175,
                -0.10262989 0.86545432 -0.49036306,
                -0.036637127 0.865444 -0.49966431,
                0.030658258 0.86545432 -0.50004888,
                0.09742979 0.86548424 -0.49136999,
                0.16187826 0.86553067 -0.47397476,
                0.22239164 0.8655892 -0.44866163,
                0.2757487 0.86553067 -0.41811398,
                0.32660854 0.86548424 -0.37982088,
                0.37335193 0.86545432 -0.33406162,
                0.41440344 0.865444 -0.28156084,
                0.44838417 0.86545432 -0.22347361,
                0.4742538 0.86548424 -0.16130833,
                0.4914133 0.86553067 -0.096796691,
                0.49974817 0.8655892 -0.031734008,
                0.49997166 0.86553067 0.029748393,
                0.49223879 0.86548424 0.092940867,
                0.4759818 0.86545432 0.15630144,
                0.45104057 0.865444 0.21810347,
                0.41772592 0.86545432 0.27657527,
                0.37682402 0.86548424 0.33006167,
                0.32953504 0.86553067 0.37717807,
                0.27735654 0.8655892 0.41692761,
                0.22422297 0.86553067 0.44786236,
                0.16563025 0.86548424 0.47276175,
                0.10262989 0.86545432 0.49036306,
                0.036637127 0.865444 0.49966431,
                -0.030658258 0.86545432 0.50004888,
                -0.09742979 0.86548424 0.49136999,
                -0.16187826 0.86553067 0.47397476,
                -0.22239162 0.8655892 0.44866163,
                -0.26564628 0.8655411 0.42458287,
                -0.30746949 0.86550027 0.39543876,
                -0.34701386 0.86546916 0.36130953,
                -0.38342613 0.86544973 0.32246104,
                -0.34557801 0.86546022 0.3627044,
                -0.30375755 0.86548531 0.39832968,
                -0.25631097 0.86552596 0.43031323,
                -0.20442854 0.8655405 0.45721835,
                -0.14700255 0.86547619 0.47889581,
                -0.087214716 0.86542213 0.49339452,
                -0.025993878 0.86538196 0.50043815,
                0.035633508 0.86535883 0.49988434,
                0.096804731 0.86535472 0.49172154,
                0.15662248 0.86537135 0.4760271,
                0.21403353 0.8654092 0.45305252,
                0.26810271 0.86546665 0.42318845,
                0.321026 0.86541736 0.38470128,
                0.36946791 0.86534142 0.33864096,
                0.41145325 0.86528236 0.28634366,
                0.53367507 -0 -0.84568959,
                0.5 -0 -0.86602539,
                0.3863219 -0 -0.922364,
                0.26322451 -0 -0.96473461,
                0.13337609 -0 -0.9910655,
                -2.7460001e-16 0 -1,
                -0.13337609 0 -0.9910655,
                -0.26322451 0 -0.96473461,
                -0.3863219 0 -0.922364,
                -0.5 0 -0.86602539,
                -0.60562974 0 -0.79574662,
                -0.70387238 0 -0.71032643,
                -0.79159987 0 -0.61103982,
                -0.86602539 0 -0.5,
                -0.92497593 0 -0.38002566,
                -0.96709692 0 -0.25440818,
                -0.99195164 0 -0.12661742,
                -1 -0 4.6338753e-16,
                -0.99195164 -0 0.12661742,
                -0.96709692 -0 0.25440818,
                -0.92497593 -0 0.38002566,
                -0.86602539 -0 0.5,
                -0.79159987 -0 0.61103982,
                -0.70387238 -0 0.71032643,
                -0.60562974 -0 0.79574662,
                -0.5 -0 0.86602539,
                -0.3863219 -0 0.922364,
                -0.26322451 -0 0.96473461,
                -0.13337609 -0 0.9910655,
                2.0595001e-16 -0 1,
                0.13337609 -0 0.9910655,
                0.26322451 -0 0.96473461,
                0.3863219 -0 0.922364,
                0.5 -0 0.86602539,
                0.60562974 -0 0.79574662,
                0.70387238 -0 0.71032643,
                0.79159987 -0 0.61103982,
                0.86602539 -0 0.5,
                0.92497593 -0 0.38002566,
                0.96709692 -0 0.25440818,
                0.99195164 -0 0.12661742,
                1 -0 3.6041252e-16,
                0.99195164 -0 -0.12661742,
                0.96709692 -0 -0.25440818,
                0.92497593 -0 -0.38002566,
                0.86602539 -0 -0.5,
                0.79159987 -0 -0.61103982,
                0.70387238 -0 -0.71032643,
                0.60562974 -0 -0.79574662,
                0.5 -0 -0.86602539,
                0.3863219 -0 -0.922364,
                0.26322451 -0 -0.96473461,
                0.13337609 -0 -0.9910655,
                -2.7460001e-16 0 -1,
                -0.13337609 0 -0.9910655,
                -0.26322451 0 -0.96473461,
                -0.3863219 0 -0.922364,
                -0.5 0 -0.86602539,
                -0.60562974 0 -0.79574662,
                -0.70387238 0 -0.71032643,
                -0.79159987 0 -0.61103982,
                -0.86602539 0 -0.5,
                -0.92497593 0 -0.38002566,
                -0.96709692 0 -0.25440818,
                -0.99195164 0 -0.12661742,
                -1 -0 4.6338753e-16,
                -0.99195164 -0 0.12661742,
                -0.96709692 -0 0.25440818,
                -0.92497593 -0 0.38002566,
                -0.86602539 -0 0.5,
                -0.79159987 -0 0.61103982,
                -0.70387238 -0 0.71032643,
                -0.60562974 -0 0.79574662,
                -0.5 -0 0.86602539,
                -0.3863219 -0 0.922364,
                -0.26322451 -0 0.96473461,
                -0.13337609 -0 0.9910655,
                2.0595001e-16 -0 1,
                0.13337609 -0 0.9910655,
                0.26322451 -0 0.96473461,
                0.3863219 -0 0.922364,
                0.5 -0 0.86602539,
                0.60562974 -0 0.79574662,
                0.70387238 -0 0.71032643,
                0.79159987 -0 0.61103982,
                0.86602539 -0 0.5,
                0.92497593 -0 0.38002566,
                0.96709692 -0 0.25440818,
                0.99195164 -0 0.12661742,
                1 -0 3.6041252e-16,
                0.99195164 -0 -0.12661742,
                0.96709692 -0 -0.25440818,
                0.92497593 -0 -0.38002566,
                0.86602539 -0 -0.5,
                0.79159987 -0 -0.61103982,
                0.70387238 -0 -0.71032643,
                0.60562974 -0 -0.79574662,
                0.5 -0 -0.86602539,
                0.3863219 -0 -0.922364,
                0.26322451 -0 -0.96473461,
                0.13337609 -0 -0.9910655,
                -2.7460001e-16 0 -1,
                -0.13337609 0 -0.9910655,
                -0.26322451 0 -0.96473461,
                -0.3863219 0 -0.922364,
                -0.5 0 -0.86602539,
                -0.60562974 0 -0.79574662,
                -0.70387238 0 -0.71032643,
                -0.79159987 0 -0.61103982,
                -0.86602539 0 -0.5,
                -0.92497593 0 -0.38002566,
                -0.96709692 0 -0.25440818,
                -0.99195164 0 -0.12661742,
                -1 -0 4.6338753e-16,
                -0.99195164 -0 0.12661742,
                -0.96709692 -0 0.25440818,
                -0.92497593 -0 0.38002566,
                -0.86602539 -0 0.5,
                -0.79159987 -0 0.61103982,
                -0.70387238 -0 0.71032643,
                -0.60562974 -0 0.79574662,
                -0.5 -0 0.86602539,
                -0.3863219 -0 0.922364,
                -0.26322451 -0 0.96473461,
                -0.13337609 -0 0.9910655,
                2.0595001e-16 -0 1,
                0.13337609 -0 0.9910655,
                0.26322451 -0 0.96473461,
                0.3863219 -0 0.922364,
                0.5 -0 0.86602539,
                0.60562974 -0 0.79574662,
                0.70387238 -0 0.71032643,
                0.79159987 -0 0.61103982,
                0.86602539 -0 0.5,
                0.92497593 -0 0.38002566,
                0.96709692 -0 0.25440818,
                0.99195164 -0 0.12661742,
                1 -0 3.6041252e-16,
                0.99195164 -0 -0.12661742,
                0.96709692 -0 -0.25440818,
                0.92497593 -0 -0.38002566,
                0.86602539 -0 -0.5,
                0.79159987 -0 -0.61103982,
                0.70387238 -0 -0.71032643,
                0.60562974 -0 -0.79574662,
                0.5 -0 -0.86602539,
                0.3863219 -0 -0.922364,
                0.26322451 -0 -0.96473461,
                0.13337609 -0 -0.9910655,
                -3.0892501e-16 0 -1,
                -0.13337609 0 -0.9910655,
                -0.26322451 0 -0.96473461,
                -0.3863219 0 -0.922364,
                -0.5 0 -0.86602539,
                -0.60562974 0 -0.79574662,
                -0.70387238 0 -0.71032643,
                -0.79159987 0 -0.61103982,
                -0.86602539 0 -0.5,
                -0.92497593 0 -0.38002566,
                -0.96709692 0 -0.25440818,
                -0.99195164 0 -0.12661742,
                -1 -0 5.6636249e-16,
                -0.99195164 -0 0.12661742,
                -0.96709692 -0 0.25440818,
                -0.92497593 -0 0.38002566,
                -0.86602539 -0 0.5,
                -0.79159987 -0 0.61103982,
                -0.70387238 -0 0.71032643,
                -0.60562974 -0 0.79574662,
                -0.5 -0 0.86602539,
                -0.3863219 -0 0.922364,
                -0.26322451 -0 0.96473461,
                -0.13337609 -0 0.9910655,
                2.0595001e-16 -0 1,
                0.13337609 -0 0.9910655,
                0.26322451 -0 0.96473461,
                0.3863219 -0 0.922364,
                0.5 -0 0.86602539,
                0.60562974 -0 0.79574662,
                0.70387238 -0 0.71032643,
                0.79159987 -0 0.61103982,
                0.86602539 -0 0.5,
                0.92497593 -0 0.38002566,
                0.96709692 -0 0.25440818,
                0.99195164 -0 0.12661742,
                1 -0 3.0892501e-16,
                0.99195164 -0 -0.12661742,
                0.96709692 -0 -0.25440818,
                0.92497593 -0 -0.38002566,
                0.86602539 -0 -0.5,
                0.79159987 -0 -0.61103982,
                0.70387238 -0 -0.71032643,
                0.60562974 -0 -0.79574662,
                0.5 -0 -0.86602539,
                0.3863219 -0 -0.922364,
                0.26322451 -0 -0.96473461,
                0.13337609 -0 -0.9910655,
                -3.0892501e-16 0 -1,
                -0.13337609 0 -0.9910655,
                -0.26322451 0 -0.96473461,
                -0.3863219 0 -0.922364,
                -0.5 0 -0.86602539,
                -0.60562974 0 -0.79574662,
                -0.70387238 0 -0.71032643,
                -0.79159987 0 -0.61103982,
                -0.86602539 0 -0.5,
                -0.92497593 0 -0.38002566,
                -0.96709692 0 -0.25440818,
                -0.99195164 0 -0.12661742,
                -1 -0 5.6636249e-16,
                -0.99195164 -0 0.12661742,
                -0.96709692 -0 0.25440818,
                -0.92497593 -0 0.38002566,
                -0.86602539 -0 0.5,
                -0.79159987 -0 0.61103982,
                -0.70387238 -0 0.71032643,
                -0.60562974 -0 0.79574662,
                -0.5 -0 0.86602539,
                -0.3863219 -0 0.922364,
                -0.26322451 -0 0.96473461,
                -0.13337609 -0 0.9910655,
                2.0595001e-16 -0 1,
                0.13337609 -0 0.9910655,
                0.26322451 -0 0.96473461,
                0.3863219 -0 0.922364,
                0.5 -0 0.86602539,
                0.60562974 -0 0.79574662,
                0.70387238 -0 0.71032643,
                0.79159987 -0 0.61103982,
                0.86602539 -0 0.5,
                0.92497593 -0 0.38002566,
                0.96709692 -0 0.25440818,
                0.99195164 -0 0.12661742,
                1 -0 3.0892501e-16,
                0.99195164 -0 -0.12661742,
                0.96709692 -0 -0.25440818,
                0.92497593 -0 -0.38002566,
                0.86602539 -0 -0.5,
                0.79159987 -0 -0.61103982,
                0.70387238 -0 -0.71032643,
                0.60562974 -0 -0.79574662,
                0.5 -0 -0.86602539,
                0.3863219 -0 -0.922364,
                0.26322451 -0 -0.96473461,
                0.13337609 -0 -0.9910655,
                -3.0892501e-16 0 -1,
                -0.13337609 0 -0.9910655,
                -0.26322451 0 -0.96473461,
                -0.3863219 0 -0.922364,
                -0.5 0 -0.86602539,
                -0.60562974 0 -0.79574662,
                -0.70387238 0 -0.71032643,
                -0.79159987 0 -0.61103982,
                -0.86602539 0 -0.5,
                -0.92497593 0 -0.38002566,
                -0.96709692 0 -0.25440818,
                -0.99195164 0 -0.12661742,
                -1 -0 4.1190003e-16,
                -0.99195164 -0 0.12661742,
                -0.96709692 -0 0.25440818,
                -0.92497593 -0 0.38002566,
                -0.86602539 -0 0.5,
                -0.79159987 -0 0.61103982,
                -0.70387238 -0 0.71032643,
                -0.60562974 -0 0.79574662,
                -0.5 -0 0.86602539,
                -0.3863219 -0 0.922364,
                -0.26322451 -0 0.96473461,
                -0.13337609 -0 0.9910655,
                2.40275e-16 -0 1,
                0.13337609 -0 0.9910655,
                0.26322451 -0 0.96473461,
                0.3863219 -0 0.922364,
                0.5 -0 0.86602539,
                0.60562974 -0 0.79574662,
                0.70387238 -0 0.71032643,
                0.79159987 -0 0.61103982,
                0.86602539 -0 0.5,
                0.92497593 -0 0.38002566,
                0.96709692 -0 0.25440818,
                0.99195164 -0 0.12661742,
                1 -0 3.6041252e-16,
                0.99195164 -0 -0.12661742,
                0.96709692 -0 -0.25440818,
                0.92497593 -0 -0.38002566,
                0.86602539 -0 -0.5,
                0.79159987 -0 -0.61103982,
                0.70387238 -0 -0.71032643,
                0.60562974 -0 -0.79574662,
                0.5 -0 -0.86602539,
                0.3863219 -0 -0.922364,
                0.26322451 -0 -0.96473461,
                0.13337609 -0 -0.9910655,
                -3.0892501e-16 0 -1,
                -0.13337609 0 -0.9910655,
                -0.26322451 0 -0.96473461,
                -0.3863219 0 -0.922364,
                -0.5 0 -0.86602539,
                -0.60562974 0 -0.79574662,
                -0.70387238 0 -0.71032643,
                -0.79159987 0 -0.61103982,
                -0.86602539 0 -0.5,
                -0.92497593 0 -0.38002566,
                -0.96709692 0 -0.25440818,
                -0.99195164 0 -0.12661742,
                -1 -0 3.6041252e-16,
                -0.99195164 -0 0.12661742,
                -0.96709692 -0 0.25440818,
                -0.92497593 -0 0.38002566,
                -0.86602539 -0 0.5,
                -0.79159987 -0 0.61103982,
                -0.70387238 -0 0.71032643,
                -0.60562974 -0 0.79574662,
                -0.5 -0 0.86602539,
                -0.3863219 -0 0.922364,
                -0.26322451 -0 0.96473461,
                -0.13337609 -0 0.9910655,
                1.7162501e-16 -0 1,
                0.13337609 -0 0.9910655,
                0.26322451 -0 0.96473461,
                0.3863219 -0 0.922364,
                0.5 -0 0.86602539,
                0.60562974 -0 0.79574662,
                0.70387238 -0 0.71032643,
                0.79159987 -0 0.61103982,
                0.86602539 -0 0.5,
                0.92497593 -0 0.38002566,
                0.96709692 -0 0.25440818,
                0.99195164 -0 0.12661742,
                1 -0 3.6041252e-16,
                1 -0 3.0892501e-16,
                0.99195164 -0 0.12661742,
                0.96709692 -0 0.25440818,
                0.92497593 -0 0.38002566,
                0.86602539 -0 0.5,
                0.79159987 -0 0.61103982,
                0.70387238 -0 0.71032643,
                0.60562974 -0 0.79574662,
                0.5 -0 0.86602539,
                0.3863219 -0 0.922364,
                0.26322451 -0 0.96473461,
                0.13337609 -0 0.9910655,
                1.7162501e-16 -0 1,
                -0.13337609 -0 0.9910655,
                -0.26322451 -0 0.96473461,
                -0.3863219 -0 0.922364,
                -0.5 -0 0.86602539,
                -0.60562974 -0 0.79574662,
                -0.70387238 -0 0.71032643,
                -0.79159987 -0 0.61103982,
                -0.86602539 -0 0.5,
                -0.92497593 -0 0.38002566,
                -0.96709692 -0 0.25440818,
                -0.99195164 -0 0.12661742,
                -1 -0 3.6041252e-16,
                -0.99195164 0 -0.12661742,
                -0.96709692 0 -0.25440818,
                -0.92497593 0 -0.38002566,
                -0.86602539 0 -0.5,
                -0.79159987 0 -0.61103982,
                -0.70387238 0 -0.71032643,
                -0.60562974 0 -0.79574662,
                -0.5 0 -0.86602539,
                -0.3863219 0 -0.922364,
                -0.26322451 0 -0.96473461,
                -0.13337609 0 -0.9910655,
                -3.0892501e-16 0 -1,
                0.13337609 -0 -0.9910655,
                0.26322451 -0 -0.96473461,
                0.3863219 -0 -0.922364,
                0.5 -0 -0.86602539,
                0.60562974 -0 -0.79574662,
                0.70387238 -0 -0.71032643,
                0.79159987 -0 -0.61103982,
                0.86602539 -0 -0.5,
                0.92497593 -0 -0.38002566,
                0.96709692 -0 -0.25440818,
                0.99195164 -0 -0.12661742,
                1 -0 -5.6636249e-16,
                0.99195164 -0 0.12661742,
                0.96709692 -0 0.25440818,
                0.92497593 -0 0.38002566,
                0.86602539 -0 0.5,
                0.79159987 -0 0.61103982,
                0.70387238 -0 0.71032643,
                0.60562974 -0 0.79574662,
                0.5 -0 0.86602539,
                0.3863219 -0 0.922364,
                0.26322451 -0 0.96473461,
                0.13337609 -0 0.9910655,
                2.40275e-16 -0 1,
                -0.13337609 -0 0.9910655,
                -0.26322451 -0 0.96473461,
                -0.3863219 -0 0.922364,
                -0.5 -0 0.86602539,
                -0.60562974 -0 0.79574662,
                -0.70387238 -0 0.71032643,
                -0.79159987 -0 0.61103982,
                -0.86602539 -0 0.5,
                -0.92497593 -0 0.38002566,
                -0.96709692 -0 0.25440818,
                -0.99195164 -0 0.12661742,
                -1 0 -8.7528753e-16,
                -0.99195164 0 -0.12661742,
                -0.96709692 0 -0.25440818,
                -0.92497593 0 -0.38002566,
                -0.86602539 0 -0.5,
                -0.79159987 0 -0.61103982,
                -0.70387238 0 -0.71032643,
                -0.60562974 0 -0.79574662,
                -0.5 0 -0.86602539,
                -0.3863219 0 -0.922364,
                -0.26322451 0 -0.96473461,
                -0.13337609 0 -0.9910655,
                -3.0892501e-16 0 -1,
                0.13337609 -0 -0.9910655,
                0.26322451 -0 -0.96473461,
                0.3863219 -0 -0.922364,
                0.5 -0 -0.86602539,
                0.60562974 -0 -0.79574662,
                0.70387238 -0 -0.71032643,
                0.79159987 -0 -0.61103982,
                0.86602539 -0 -0.5,
                0.92497593 -0 -0.38002566,
                0.96709692 -0 -0.25440818,
                0.99195164 -0 -0.12661742,
                1 -0 3.0892501e-16,
                0.99195164 -0 0.12661742,
                0.96709692 -0 0.25440818,
                0.92497593 -0 0.38002566,
                0.86602539 -0 0.5,
                0.79159987 -0 0.61103982,
                0.70387238 -0 0.71032643,
                0.60562974 -0 0.79574662,
                0.5 -0 0.86602539,
                0.3863219 -0 0.922364,
                0.26322451 -0 0.96473461,
                0.13337609 -0 0.9910655,
                2.0595001e-16 -0 1,
                -0.13337609 -0 0.9910655,
                -0.26322451 -0 0.96473461,
                -0.3863219 -0 0.922364,
                -0.5 -0 0.86602539,
                -0.60562974 -0 0.79574662,
                -0.70387238 -0 0.71032643,
                -0.79159987 -0 0.61103982,
                -0.86602539 -0 0.5,
                -0.92497593 -0 0.38002566,
                -0.96709692 -0 0.25440818,
                -0.99195164 -0 0.12661742,
                -1 -0 2.0595001e-16,
                -0.99195164 0 -0.12661742,
                -0.96709692 0 -0.25440818,
                -0.92497593 0 -0.38002566,
                -0.86602539 0 -0.5,
                -0.79159987 0 -0.61103982,
                -0.70387238 0 -0.71032643,
                -0.60562974 0 -0.79574662,
                -0.5 0 -0.86602539,
                -0.3863219 0 -0.922364,
                -0.26322451 0 -0.96473461,
                -0.13337609 0 -0.9910655,
                -3.0892501e-16 0 -1,
                0.13337609 -0 -0.9910655,
                0.26322451 -0 -0.96473461,
                0.3863219 -0 -0.922364,
                0.5 -0 -0.86602539,
                0.60562974 -0 -0.79574662,
                0.70387238 -0 -0.71032643,
                0.79159987 -0 -0.61103982,
                0.86602539 -0 -0.5,
                0.92497593 -0 -0.38002566,
                0.96709692 -0 -0.25440818,
                0.99195164 -0 -0.12661742,
                1 -0 2.986275e-15,
                0.99195164 -0 0.12661742,
                0.96709692 -0 0.25440818,
                0.92497593 -0 0.38002566,
                0.86602539 -0 0.5,
                0.79159987 -0 0.61103982,
                0.70387238 -0 0.71032643,
                0.60562974 -0 0.79574662,
                0.5 -0 0.86602539,
                0.3863219 -0 0.922364,
                0.26322451 -0 0.96473461,
                0.13337609 -0 0.9910655,
                2.0595001e-16 -0 1,
                -0.13337609 -0 0.9910655,
                -0.26322451 -0 0.96473461,
                -0.3863219 -0 0.922364,
                -0.5 -0 0.86602539,
                -0.60562974 -0 0.79574662,
                -0.70387238 -0 0.71032643,
                -0.79159987 -0 0.61103982,
                -0.86602539 -0 0.5,
                -0.92497593 -0 0.38002566,
                -0.96709692 -0 0.25440818,
                -0.99195164 -0 0.12661742,
                -1 -0 2.0595001e-16,
                -0.99195164 0 -0.12661742,
                -0.96709692 0 -0.25440818,
                -0.92497593 0 -0.38002566,
                -0.86602539 0 -0.5,
                -0.79159987 0 -0.61103982,
                -0.70387238 0 -0.71032643,
                -0.60562974 0 -0.79574662,
                -0.5 0 -0.86602539,
                -0.3863219 0 -0.922364,
                -0.26322451 0 -0.96473461,
                -0.13337609 0 -0.9910655,
                -3.0892501e-16 0 -1,
                0.13337609 -0 -0.9910655,
                0.26322451 -0 -0.96473461,
                0.3863219 -0 -0.922364,
                0.5 -0 -0.86602539,
                0.60562974 -0 -0.79574662,
                0.70387238 -0 -0.71032643,
                0.79159987 -0 -0.61103982,
                0.86602539 -0 -0.5,
                0.92497593 -0 -0.38002566,
                0.96709692 -0 -0.25440818,
                0.99195164 -0 -0.12661742,
                1 -0 -7.7231252e-16,
                0.99195164 -0 0.12661742,
                0.96709692 -0 0.25440818,
                0.92497593 -0 0.38002566,
                0.86602539 -0 0.5,
                0.79159987 -0 0.61103982,
                0.70387238 -0 0.71032643,
                0.60562974 -0 0.79574662,
                0.5 -0 0.86602539,
                0.3863219 -0 0.922364,
                0.26322451 -0 0.96473461,
                0.13337609 -0 0.9910655,
                2.0595001e-16 -0 1,
                -0.13337609 -0 0.9910655,
                -0.26322451 -0 0.96473461,
                -0.3863219 -0 0.922364,
                -0.5 -0 0.86602539,
                -0.60562974 -0 0.79574662,
                -0.70387238 -0 0.71032643,
                -0.79159987 -0 0.61103982,
                -0.86602539 -0 0.5,
                -0.92497593 -0 0.38002566,
                -0.96709692 -0 0.25440818,
                -0.99195164 -0 0.12661742,
                -1 -0 4.6338753e-16,
                -0.99195164 0 -0.12661742,
                -0.96709692 0 -0.25440818,
                -0.92497593 0 -0.38002566,
                -0.86602539 0 -0.5,
                -0.79159987 0 -0.61103982,
                -0.70387238 0 -0.71032643,
                -0.60562974 0 -0.79574662,
                -0.5 0 -0.86602539,
                -0.3863219 0 -0.922364,
                -0.26322451 0 -0.96473461,
                -0.13337609 0 -0.9910655,
                -2.7460001e-16 0 -1,
                0.13337609 -0 -0.9910655,
                0.26322451 -0 -0.96473461,
                0.3863219 -0 -0.922364,
                0.5 -0 -0.86602539,
                0.60562974 -0 -0.79574662,
                0.70387238 -0 -0.71032643,
                0.79159987 -0 -0.61103982,
                0.86602539 -0 -0.5,
                0.92497593 -0 -0.38002566,
                0.96709692 -0 -0.25440818,
                0.99195164 -0 -0.12661742,
                1 -0 3.6041252e-16,
                0.99195164 -0 0.12661742,
                0.96709692 -0 0.25440818,
                0.92497593 -0 0.38002566,
                0.86602539 -0 0.5,
                0.79159987 -0 0.61103982,
                0.70387238 -0 0.71032643,
                0.60562974 -0 0.79574662,
                0.5 -0 0.86602539,
                0.3863219 -0 0.922364,
                0.26322451 -0 0.96473461,
                0.13337609 -0 0.9910655,
                2.0595001e-16 -0 1,
                -0.13337609 -0 0.9910655,
                -0.26322451 -0 0.96473461,
                -0.3863219 -0 0.922364,
                -0.5 -0 0.86602539,
                -0.60562974 -0 0.79574662,
                -0.70387238 -0 0.71032643,
                -0.79159987 -0 0.61103982,
                -0.86602539 -0 0.5,
                -0.92497593 -0 0.38002566,
                -0.96709692 -0 0.25440818,
                -0.99195164 -0 0.12661742,
                -1 -0 4.6338753e-16,
                -0.99195164 0 -0.12661742,
                -0.96709692 0 -0.25440818,
                -0.92497593 0 -0.38002566,
                -0.86602539 0 -0.5,
                -0.79159987 0 -0.61103982,
                -0.70387238 0 -0.71032643,
                -0.60562974 0 -0.79574662,
                -0.5 0 -0.86602539,
                -0.3863219 0 -0.922364,
                -0.26322451 0 -0.96473461,
                -0.13337609 0 -0.9910655,
                -2.7460001e-16 0 -1,
                0.13337609 -0 -0.9910655,
                0.26322451 -0 -0.96473461,
                0.3863219 -0 -0.922364,
                0.5 -0 -0.86602539,
                0.60562974 -0 -0.79574662,
                0.70387238 -0 -0.71032643,
                0.79159987 -0 -0.61103982,
                0.86602539 -0 -0.5,
                0.92497593 -0 -0.38002566,
                0.96709692 -0 -0.25440818,
                0.99195164 -0 -0.12661742,
                1 -0 5.6636252e-15,
                0.99195164 -0 0.12661742,
                0.96709692 -0 0.25440818,
                0.92497593 -0 0.38002566,
                0.86602539 -0 0.5,
                0.79159987 -0 0.61103982,
                0.70387238 -0 0.71032643,
                0.60562974 -0 0.79574662,
                0.5 -0 0.86602539,
                0.3863219 -0 0.922364,
                0.26322451 -0 0.96473461,
                0.13337609 -0 0.9910655,
                2.0595001e-16 -0 1,
                -0.13337609 -0 0.9910655,
                -0.26322451 -0 0.96473461,
                -0.3863219 -0 0.922364,
                -0.5 -0 0.86602539,
                -0.60562974 -0 0.79574662,
                -0.70387238 -0 0.71032643,
                -0.79159987 -0 0.61103982,
                -0.86602539 -0 0.5,
                -0.92497593 -0 0.38002566,
                -0.96709692 -0 0.25440818,
                -0.99195164 -0 0.12661742,
                -1 -0 4.6338753e-16,
                -0.99195164 0 -0.12661742,
                -0.96709692 0 -0.25440818,
                -0.92497593 0 -0.38002566,
                -0.86602539 0 -0.5,
                -0.79159987 0 -0.61103982,
                -0.70387238 0 -0.71032643,
                -0.60562974 0 -0.79574662,
                -0.5 0 -0.86602539,
                -0.3863219 0 -0.922364,
                -0.26322451 0 -0.96473461,
                -0.13337609 0 -0.9910655,
                -2.7460001e-16 0 -1,
                0.13337609 -0 -0.9910655,
                0.26322451 -0 -0.96473461,
                0.3863219 -0 -0.922364,
                0.5 -0 -0.86602539,
                0.60562974 -0 -0.79574662,
                0.70387238 -0 -0.71032643,
                0.79159987 -0 -0.61103982,
                0.86602539 -0 -0.5,
                0.92497593 -0 -0.38002566,
                0.96709692 -0 -0.25440818,
                0.99195164 -0 -0.12661742,
                1 -0 3.6041252e-16,
                0.99086827 -0 0.13483348,
                0.9626475 -0 0.27075788,
                0.91488487 -0 0.40371481,
                0.84828699 -0 0.52953678,
                0.89620417 -0 0.44364184,
                0.93532783 -0 0.35378221,
                0.96542579 -0 0.26067793,
                0.98628527 -0 0.16504955,
                0.99768287 -0 0.068035617,
                0.99956775 -0 -0.029400161,
                0.99193418 -0 -0.12675424,
                0.97472429 -0 -0.22341128,
                0.94811296 -0 -0.31793362,
                0.9125883 -0 -0.4088797,
                0.86844778 -0 -0.49578062,
                0.8159526 -0 -0.57811886,
                0.75564563 -0 -0.65498066,
                0.68821335 -0 -0.72550833,
                0.61408633 -0 -0.78923887,
                -0.48594022 -0.86551136 -0.12145863,
                -0.49493438 -0.86554778 -0.076596439,
                -0.49974817 -0.8655892 -0.031734008,
                -0.49997166 -0.86553067 0.029748393,
                -0.49223879 -0.86548424 0.092940867,
                -0.4759818 -0.86545432 0.15630144,
                -0.45104057 -0.865444 0.21810347,
                -0.41772592 -0.86545432 0.27657527,
                -0.37682402 -0.86548424 0.33006167,
                -0.32953504 -0.86553067 0.37717807,
                -0.27735654 -0.8655892 0.41692761,
                -0.22422309 -0.86553067 0.4478623,
                -0.16563052 -0.86548424 0.47276166,
                -0.10263032 -0.86545432 0.49036297,
                -0.03663772 -0.865444 0.49966428,
                0.030657815 -0.86545432 0.50004894,
                0.097429499 -0.86548424 0.49137005,
                0.16187812 -0.86553067 0.47397479,
                0.22239164 -0.8655892 0.44866163,
                0.2757487 -0.86553067 0.41811398,
                0.32660854 -0.86548424 0.37982088,
                0.37335193 -0.86545432 0.33406162,
                0.41440344 -0.865444 0.28156084,
                0.44838417 -0.86545432 0.22347361,
                0.4742538 -0.86548424 0.16130833,
                0.4914133 -0.86553067 0.096796691,
                0.49974817 -0.8655892 0.031734008,
                0.49997166 -0.86553067 -0.029748393,
                0.49223879 -0.86548424 -0.092940867,
                0.4759818 -0.86545432 -0.15630144,
                0.45104057 -0.865444 -0.21810347,
                0.41772592 -0.86545432 -0.27657527,
                0.37682402 -0.86548424 -0.33006167,
                0.32953504 -0.86553067 -0.37717807,
                0.27735654 -0.8655892 -0.41692761,
                0.22422479 -0.86553067 -0.44786143,
                0.16563421 -0.86548424 -0.47276035,
                0.10263621 -0.86545432 -0.49036172,
                0.036645841 -0.865444 -0.49966368,
                -0.030651685 -0.86545432 -0.50004929,
                -0.097425498 -0.86548424 -0.49137086,
                -0.16187622 -0.86553067 -0.47397545,
                -0.22239164 -0.8655892 -0.44866163,
                -0.2757487 -0.86553067 -0.41811398,
                -0.32660854 -0.86548424 -0.37982088,
                -0.37335193 -0.86545432 -0.33406162,
                -0.41440344 -0.865444 -0.28156084,
                -0.44838417 -0.86545432 -0.22347361,
                -0.4742538 -0.86548424 -0.16130833,
                -0.4914133 -0.86553067 -0.096796691,
                -0.49974817 -0.8655892 -0.031734008,
                -0.49997166 -0.86553067 0.029748393,
                -0.49223879 -0.86548424 0.092940867,
                -0.4759818 -0.86545432 0.15630144,
                -0.45104057 -0.865444 0.21810347,
                -0.41772592 -0.86545432 0.27657527,
                -0.37682402 -0.86548424 0.33006167,
                -0.32953504 -0.86553067 0.37717807,
                -0.27735654 -0.8655892 0.41692761,
                -0.22422297 -0.86553067 0.44786236,
                -0.16563025 -0.86548424 0.47276175,
                -0.10262989 -0.86545432 0.49036306,
                -0.036637135 -0.865444 0.49966431,
                0.030658253 -0.86545432 0.50004888,
                0.097429782 -0.86548424 0.49136999,
                0.16187826 -0.86553067 0.47397476,
                0.22239164 -0.8655892 0.44866163,
                0.2757487 -0.86553067 0.41811398,
                0.32660854 -0.86548424 0.37982088,
                0.37335193 -0.86545432 0.33406162,
                0.41440344 -0.865444 0.28156084,
                0.44838417 -0.86545432 0.22347361,
                0.4742538 -0.86548424 0.16130833,
                0.4914133 -0.86553067 0.096796691,
                0.49974817 -0.8655892 0.031734008,
                0.49997166 -0.86553067 -0.029748393,
                0.49223879 -0.86548424 -0.092940867,
                0.4759818 -0.86545432 -0.15630144,
                0.45104057 -0.865444 -0.21810347,
                0.41772592 -0.86545432 -0.27657527,
                0.37682402 -0.86548424 -0.33006167,
                0.32953504 -0.86553067 -0.37717807,
                0.27735654 -0.8655892 -0.41692761,
                0.22422311 -0.86553067 -0.4478623,
                0.16563053 -0.86548424 -0.47276163,
                0.10263034 -0.86545432 -0.49036297,
                0.036637757 -0.865444 -0.49966428,
                -0.030657785 -0.86545432 -0.50004894,
                -0.097429477 -0.86548424 -0.49137005,
                -0.16187811 -0.86553067 -0.47397479,
                -0.22239164 -0.8655892 -0.44866163,
                -0.2757487 -0.86553067 -0.41811398,
                -0.32660854 -0.86548424 -0.37982088,
                -0.37335193 -0.86545432 -0.33406162,
                -0.41440344 -0.865444 -0.28156084,
                -0.44838417 -0.86545432 -0.22347361,
                -0.4742538 -0.86548424 -0.16130833,
                -0.4914133 -0.86553067 -0.096796691,
                -0.49974817 -0.8655892 -0.031734008,
                -0.49997166 -0.86553067 0.029748393,
                -0.49223879 -0.86548424 0.092940867,
                -0.4759818 -0.86545432 0.15630144,
                -0.45104057 -0.865444 0.21810347,
                -0.41772592 -0.86545432 0.27657527,
                -0.37682402 -0.86548424 0.33006167,
                -0.32953504 -0.86553067 0.37717807,
                -0.27735654 -0.8655892 0.41692761,
                -0.22422187 -0.86553067 0.44786292,
                -0.16562821 -0.86548424 0.4727625,
                -0.1026272 -0.86545426 0.49036369,
                -0.036634173 -0.86544389 0.49966466,
                0.030661067 -0.86545426 0.50004876,
                0.097432002 -0.86548424 0.49136961,
                0.16187948 -0.86553067 0.47397435,
                0.22239162 -0.8655892 0.44866163,
                0.2757487 -0.86553067 0.41811398,
                0.32660854 -0.86548424 0.37982088,
                0.37335193 -0.86545432 0.33406162,
                0.41440344 -0.865444 0.28156084,
                0.44838417 -0.86545432 0.22347361,
                0.4742538 -0.86548424 0.16130833,
                0.4914133 -0.86553067 0.096796691,
                0.49974817 -0.8655892 0.031734008,
                0.49997166 -0.86553067 -0.029748393,
                0.49223879 -0.86548424 -0.092940867,
                0.4759818 -0.86545432 -0.15630144,
                0.45104057 -0.865444 -0.21810347,
                0.41772592 -0.86545432 -0.27657527,
                0.37682402 -0.86548424 -0.33006167,
                0.32953504 -0.86553067 -0.37717807,
                0.27735654 -0.8655892 -0.41692761,
                0.22422297 -0.86553067 -0.44786236,
                0.16563025 -0.86548424 -0.47276175,
                0.10262989 -0.86545432 -0.49036306,
                0.036637127 -0.865444 -0.49966431,
                -0.030658262 -0.86545432 -0.50004888,
                -0.09742979 -0.86548424 -0.49136999,
                -0.16187826 -0.86553067 -0.47397476,
                -0.22239164 -0.8655892 -0.44866163,
                -0.2757487 -0.86553067 -0.41811398,
                -0.32660854 -0.86548424 -0.37982088,
                -0.37335193 -0.86545432 -0.33406162,
                -0.41440344 -0.865444 -0.28156084,
                -0.44838417 -0.86545432 -0.22347361,
                -0.4742538 -0.86548424 -0.16130833,
                -0.4914133 -0.86553067 -0.096796691,
                -0.49974817 -0.8655892 -0.031734008,
                -0.49997166 -0.86553067 0.029748393,
                -0.49223879 -0.86548424 0.092940867,
                -0.4759818 -0.86545432 0.15630144,
                -0.45104057 -0.865444 0.21810347,
                -0.41772592 -0.86545432 0.27657527,
                -0.37682402 -0.86548424 0.33006167,
                -0.32953504 -0.86553067 0.37717807,
                -0.27735654 -0.8655892 0.41692761,
                -0.22422308 -0.86553067 0.4478623,
                -0.16563047 -0.86548424 0.47276166,
                -0.10263024 -0.86545432 0.49036297,
                -0.036637623 -0.865444 0.49966428,
                0.030657886 -0.86545432 0.50004894,
                0.097429544 -0.86548424 0.49137005,
                0.16187814 -0.86553067 0.47397479,
                0.22239164 -0.8655892 0.44866163,
                0.2757487 -0.86553067 0.41811398,
                0.32660854 -0.86548424 0.37982088,
                0.37335193 -0.86545432 0.33406162,
                0.41440344 -0.865444 0.28156084,
                0.44838417 -0.86545432 0.22347361,
                0.4742538 -0.86548424 0.16130833,
                0.4914133 -0.86553067 0.096796691,
                0.49974817 -0.8655892 0.031734008,
                0.49997166 -0.86553067 -0.029748393,
                0.49223879 -0.86548424 -0.092940867,
                0.4759818 -0.86545432 -0.15630144,
                0.45104057 -0.865444 -0.21810347,
                0.41772592 -0.86545432 -0.27657527,
                0.37682402 -0.86548424 -0.33006167,
                0.32953504 -0.86553067 -0.37717807,
                0.27735654 -0.8655892 -0.41692761,
                0.22422242 -0.86553067 -0.44786263,
                0.16562907 -0.86548424 -0.47276217,
                0.102628 -0.86545432 -0.49036345,
                0.036634531 -0.865444 -0.49966452,
                -0.030660218 -0.86545432 -0.50004876,
                -0.097431064 -0.86548424 -0.49136975,
                -0.16187887 -0.86553067 -0.47397456,
                -0.22239164 -0.8655892 -0.44866163,
                -0.2757487 -0.86553067 -0.41811398,
                -0.32660854 -0.86548424 -0.37982088,
                -0.37335193 -0.86545432 -0.33406162,
                -0.41440344 -0.865444 -0.28156084,
                -0.44838417 -0.86545432 -0.22347361,
                -0.4742538 -0.86548424 -0.16130833,
                -0.4914133 -0.86553067 -0.096796691,
                -0.49974817 -0.8655892 -0.031734008,
                -0.49997166 -0.86553067 0.029748393,
                -0.49223879 -0.86548424 0.092940867,
                -0.4759818 -0.86545432 0.15630144,
                -0.45104057 -0.865444 0.21810347,
                -0.41772592 -0.86545432 0.27657527,
                -0.37682402 -0.86548424 0.33006167,
                -0.32953504 -0.86553067 0.37717807,
                -0.27735654 -0.8655892 0.41692761,
                -0.22422294 -0.86553067 0.44786239,
                -0.16563021 -0.86548424 0.47276175,
                -0.10262983 -0.86545432 0.49036306,
                -0.036637068 -0.865444 0.49966434,
                0.030658316 -0.86545432 0.50004888,
                0.097429834 -0.86548424 0.49136999,
                0.16187829 -0.86553067 0.47397473,
                0.22239164 -0.8655892 0.44866163,
                0.2757487 -0.86553067 0.41811398,
                0.32660854 -0.86548424 0.37982088,
                0.37335193 -0.86545432 0.33406162,
                0.41440344 -0.865444 0.28156084,
                0.44838417 -0.86545432 0.22347361,
                0.4742538 -0.86548424 0.16130833,
                0.4914133 -0.86553067 0.096796691,
                0.49974817 -0.8655892 0.031734008,
                0.49997166 -0.86553067 -0.029748393,
                0.49223879 -0.86548424 -0.092940867,
                0.4759818 -0.86545432 -0.15630144,
                0.45104057 -0.865444 -0.21810347,
                0.41772592 -0.86545432 -0.27657527,
                0.37682402 -0.86548424 -0.33006167,
                0.32953504 -0.86553067 -0.37717807,
                0.27735654 -0.8655892 -0.41692761,
                0.22422327 -0.86553067 -0.44786221,
                0.16563089 -0.86548424 -0.47276151,
                0.10263091 -0.86545432 -0.49036285,
                0.036638532 -0.865444 -0.49966422,
                -0.0306572 -0.86545432 -0.50004894,
                -0.097429097 -0.86548424 -0.49137014,
                -0.16187793 -0.86553067 -0.47397485,
                -0.22239164 -0.8655892 -0.44866163,
                -0.2757487 -0.86553067 -0.41811398,
                -0.32660854 -0.86548424 -0.37982088,
                -0.37335193 -0.86545432 -0.33406162,
                -0.41440344 -0.865444 -0.28156084,
                -0.44838417 -0.86545432 -0.22347361,
                -0.4742538 -0.86548424 -0.16130833,
                -0.4914133 -0.86553067 -0.096796691,
                -0.49974817 -0.8655892 -0.031734008,
                -0.49997166 -0.86553067 0.029748393,
                -0.49223879 -0.86548424 0.092940867,
                -0.4759818 -0.86545432 0.15630144,
                -0.45104057 -0.865444 0.21810347,
                -0.41772592 -0.86545432 0.27657527,
                -0.37682402 -0.86548424 0.33006167,
                -0.32953504 -0.86553067 0.37717807,
                -0.27735654 -0.8655892 0.41692761,
                -0.22422263 -0.86553067 0.44786254,
                -0.16562961 -0.86548424 0.47276199,
                -0.10262904 -0.86545432 0.49036327,
                -0.036636192 -0.86544394 0.49966443,
                0.030659139 -0.86545432 0.50004888,
                0.097430475 -0.86548424 0.49136987,
                0.16187865 -0.86553067 0.47397462,
                0.22239164 -0.8655892 0.44866163,
                0.2757487 -0.86553067 0.41811398,
                0.32660854 -0.86548424 0.37982088,
                0.37335193 -0.86545432 0.33406162,
                0.41440344 -0.865444 0.28156084,
                0.44838417 -0.86545432 0.22347361,
                0.4742538 -0.86548424 0.16130833,
                0.4914133 -0.86553067 0.096796691,
                0.49974817 -0.8655892 0.031734008,
                0.49997166 -0.86553067 -0.029748393,
                0.49223879 -0.86548424 -0.092940867,
                0.4759818 -0.86545432 -0.15630144,
                0.45104057 -0.865444 -0.21810347,
                0.41772592 -0.86545432 -0.27657527,
                0.37682402 -0.86548424 -0.33006167,
                0.32953504 -0.86553067 -0.37717807,
                0.27735654 -0.8655892 -0.41692761,
                0.22422299 -0.86553067 -0.44786236,
                0.16563028 -0.86548424 -0.47276172,
                0.10262992 -0.86545432 -0.49036306,
                0.03663718 -0.865444 -0.49966431,
                -0.030658219 -0.86545432 -0.50004888,
                -0.09742976 -0.86548424 -0.49137002,
                -0.16187824 -0.86553067 -0.47397476,
                -0.22239164 -0.8655892 -0.44866163,
                -0.2757487 -0.86553067 -0.41811398,
                -0.32660854 -0.86548424 -0.37982088,
                -0.37335193 -0.86545432 -0.33406162,
                -0.41440344 -0.865444 -0.28156084,
                -0.44838417 -0.86545432 -0.22347361,
                -0.4742538 -0.86548424 -0.16130833,
                -0.4914133 -0.86553067 -0.096796691,
                -0.49974817 -0.8655892 -0.031734008,
                -0.49997166 -0.86553067 0.029748393,
                -0.49223879 -0.86548424 0.092940867,
                -0.4759818 -0.86545432 0.15630144,
                -0.45104057 -0.865444 0.21810347,
                -0.41772592 -0.86545432 0.27657527,
                -0.37682402 -0.86548424 0.33006167,
                -0.32953504 -0.86553067 0.37717807,
                -0.27735654 -0.8655892 0.41692761,
                -0.22422297 -0.86553067 0.44786236,
                -0.16563027 -0.86548424 0.47276175,
                -0.1026299 -0.86545432 0.49036306,
                -0.036637146 -0.865444 0.49966431,
                0.030658245 -0.86545432 0.50004888,
                0.097429775 -0.86548424 0.49136999,
                0.16187826 -0.86553067 0.47397476,
                0.22239164 -0.8655892 0.44866163,
                0.2757487 -0.86553067 0.41811398,
                0.32660854 -0.86548424 0.37982088,
                0.37335193 -0.86545432 0.33406162,
                0.41440344 -0.865444 0.28156084,
                0.44838417 -0.86545432 0.22347361,
                0.4742538 -0.86548424 0.16130833,
                0.4914133 -0.86553067 0.096796691,
                0.49974817 -0.8655892 0.031734008,
                0.49966159 -0.86543924 0.036785893,
                0.4906348 -0.86536062 0.10212022,
                0.47271881 -0.86529821 0.16672122,
                0.44608349 -0.86525804 0.22877519,
                0.41138852 -0.86524415 0.28655207,
                0.36973155 -0.86525804 0.33856633,
                0.32253715 -0.86529821 0.38370407,
                0.27140871 -0.86536062 0.42129368,
                0.21797328 -0.86543924 0.45111257,
                0.15687869 -0.86536062 0.47596231,
                0.091974594 -0.86529821 0.4927471,
                0.02491663 -0.86525804 0.50070721,
                -0.042467114 -0.86524415 0.49954894,
                -0.10834128 -0.86525804 0.48948008,
                -0.1710289 -0.86529821 0.4711774,
                -0.22914666 -0.86536062 0.44569367,
                -0.2816883 -0.86543924 0.41432667,
                -0.33375609 -0.86536062 0.37384209,
                -0.38074422 -0.86529821 0.32602587,
                -0.42116687 -0.86525804 0.27193207,
                -0.45385563 -0.86524415 0.21299687,
                -0.47807282 -0.86525804 0.15091373,
                -0.49356607 -0.86529821 0.087473325,
                -0.50055534 -0.86536062 0.0244,
                -0.49966159 -0.86543924 -0.036785893,
                -0.4906348 -0.86536062 -0.10212022,
                -0.47271881 -0.86529821 -0.16672122,
                -0.44608349 -0.86525804 -0.22877519,
                -0.41138852 -0.86524415 -0.28655207,
                -0.36973155 -0.86525804 -0.33856633,
                -0.32253715 -0.86529821 -0.38370407,
                -0.27140871 -0.86536062 -0.42129368,
                -0.21797328 -0.86543924 -0.45111257,
                -0.15687869 -0.86536062 -0.47596231,
                -0.091974594 -0.86529821 -0.4927471,
                -0.02491663 -0.86525804 -0.50070721,
                0.042467114 -0.86524415 -0.49954894,
                0.10834128 -0.86525804 -0.48948008,
                0.1710289 -0.86529821 -0.4711774,
                0.22914666 -0.86536062 -0.44569367,
                0.2816883 -0.86543924 -0.41432667,
                0.33375609 -0.86536062 -0.37384209,
                0.38074422 -0.86529821 -0.32602587,
                0.42116687 -0.86525804 -0.27193207,
                0.45385563 -0.86524415 -0.21299687,
                0.47807282 -0.86525804 -0.15091373,
                0.49356607 -0.86529821 -0.087473325,
                0.50055534 -0.86536062 -0.0244,
                0.49966159 -0.86543924 0.036785893,
                0.4906348 -0.86536062 0.10212022,
                0.47271881 -0.86529821 0.16672122,
                0.44608349 -0.86525804 0.22877519,
                0.41138852 -0.86524415 0.28655207,
                0.36973155 -0.86525804 0.33856633,
                0.32253715 -0.86529821 0.38370407,
                0.27140871 -0.86536062 0.42129368,
                0.21797328 -0.86543924 0.45111257,
                0.15687869 -0.86536062 0.47596231,
                0.091974594 -0.86529821 0.4927471,
                0.02491663 -0.86525804 0.50070721,
                -0.042467114 -0.86524415 0.49954894,
                -0.10834128 -0.86525804 0.48948008,
                -0.1710289 -0.86529821 0.4711774,
                -0.22914666 -0.86536062 0.44569367,
                -0.2816883 -0.86543924 0.41432667,
                -0.33375609 -0.86536062 0.37384209,
                -0.38074422 -0.86529821 0.32602587,
                -0.42116687 -0.86525804 0.27193207,
                -0.45385563 -0.86524415 0.21299687,
                -0.47807282 -0.86525804 0.15091373,
                -0.49356607 -0.86529821 0.087473325,
                -0.50055534 -0.86536062 0.0244,
                -0.49966159 -0.86543924 -0.036785893,
                -0.4906348 -0.86536062 -0.10212022,
                -0.47271881 -0.86529821 -0.16672122,
                -0.44608349 -0.86525804 -0.22877519,
                -0.41138852 -0.86524415 -0.28655207,
                -0.36973155 -0.86525804 -0.33856633,
                -0.32253715 -0.86529821 -0.38370407,
                -0.27140871 -0.86536062 -0.42129368,
                -0.21797328 -0.86543924 -0.45111257,
                -0.15687869 -0.86536062 -0.47596231,
                -0.091974594 -0.86529821 -0.4927471,
                -0.02491663 -0.86525804 -0.50070721,
                0.042467114 -0.86524415 -0.49954894,
                0.10834128 -0.86525804 -0.48948008,
                0.1710289 -0.86529821 -0.4711774,
                0.22914666 -0.86536062 -0.44569367,
                0.2816883 -0.86543924 -0.41432667,
                0.33375609 -0.86536062 -0.37384209,
                0.38074422 -0.86529821 -0.32602587,
                0.42116687 -0.86525804 -0.27193207,
                0.45385563 -0.86524415 -0.21299687,
                0.47807282 -0.86525804 -0.15091373,
                0.49356607 -0.86529821 -0.087473325,
                0.50055534 -0.86536062 -0.0244,
                0.49966159 -0.86543924 0.036785893,
                0.4906348 -0.86536062 0.10212022,
                0.47271881 -0.86529821 0.16672122,
                0.44608349 -0.86525804 0.22877519,
                0.41138852 -0.86524415 0.28655207,
                0.36973155 -0.86525804 0.33856633,
                0.32253715 -0.86529821 0.38370407,
                0.27140871 -0.86536062 0.42129368,
                0.21797328 -0.86543924 0.45111257,
                0.15687869 -0.86536062 0.47596231,
                0.091974594 -0.86529821 0.4927471,
                0.02491663 -0.86525804 0.50070721,
                -0.042467114 -0.86524415 0.49954894,
                -0.10834128 -0.86525804 0.48948008,
                -0.1710289 -0.86529821 0.4711774,
                -0.22914666 -0.86536062 0.44569367,
                -0.2816883 -0.86543924 0.41432667,
                -0.33375609 -0.86536062 0.37384209,
                -0.38074422 -0.86529821 0.32602587,
                -0.42116687 -0.86525804 0.27193207,
                -0.45385563 -0.86524415 0.21299687,
                -0.47807282 -0.86525804 0.15091373,
                -0.49356607 -0.86529821 0.087473325,
                -0.50055534 -0.86536062 0.0244,
                -0.49966159 -0.86543924 -0.036785893,
                -0.4906348 -0.86536062 -0.10212022,
                -0.47271881 -0.86529821 -0.16672122,
                -0.44608349 -0.86525804 -0.22877519,
                -0.41138852 -0.86524415 -0.28655207,
                -0.36973155 -0.86525804 -0.33856633,
                -0.32253715 -0.86529821 -0.38370407,
                -0.27140871 -0.86536062 -0.42129368,
                -0.21797328 -0.86543924 -0.45111257,
                -0.15687869 -0.86536062 -0.47596231,
                -0.091974594 -0.86529821 -0.4927471,
                -0.02491663 -0.86525804 -0.50070721,
                0.042467114 -0.86524415 -0.49954894,
                0.10834128 -0.86525804 -0.48948008,
                0.1710289 -0.86529821 -0.4711774,
                0.22914666 -0.86536062 -0.44569367,
                0.2816883 -0.86543924 -0.41432667,
                0.33375609 -0.86536062 -0.37384209,
                0.38074422 -0.86529821 -0.32602587,
                0.42116687 -0.86525804 -0.27193207,
                0.45385563 -0.86524415 -0.21299687,
                0.47807282 -0.86525804 -0.15091373,
                0.49356607 -0.86529821 -0.087473325,
                0.50055534 -0.86536062 -0.0244,
                0.49966159 -0.86543924 0.036785893,
                0.4906348 -0.86536062 0.10212022,
                0.47271881 -0.86529821 0.16672122,
                0.44608349 -0.86525804 0.22877519,
                0.41138852 -0.86524415 0.28655207,
                0.36973155 -0.86525804 0.33856633,
                0.32253715 -0.86529821 0.38370407,
                0.27140871 -0.86536062 0.42129368,
                0.21797328 -0.86543924 0.45111257,
                0.15687869 -0.86536062 0.47596231,
                0.091974594 -0.86529821 0.4927471,
                0.02491663 -0.86525804 0.50070721,
                -0.042467114 -0.86524415 0.49954894,
                -0.10834128 -0.86525804 0.48948008,
                -0.1710289 -0.86529821 0.4711774,
                -0.22914666 -0.86536062 0.44569367,
                -0.2816883 -0.86543924 0.41432667,
                -0.33375609 -0.86536062 0.37384209,
                -0.38074422 -0.86529821 0.32602587,
                -0.42116687 -0.86525804 0.27193207,
                -0.45385563 -0.86524415 0.21299687,
                -0.47807282 -0.86525804 0.15091373,
                -0.49356607 -0.86529821 0.087473325,
                -0.50055534 -0.86536062 0.0244,
                -0.49966159 -0.86543924 -0.036785893,
                -0.4906348 -0.86536062 -0.10212022,
                -0.47271881 -0.86529821 -0.16672122,
                -0.44608349 -0.86525804 -0.22877519,
                -0.41138852 -0.86524415 -0.28655207,
                -0.36973155 -0.86525804 -0.33856633,
                -0.32253715 -0.86529821 -0.38370407,
                -0.27140871 -0.86536062 -0.42129368,
                -0.21797328 -0.86543924 -0.45111257,
                -0.15687869 -0.86536062 -0.47596231,
                -0.091974594 -0.86529821 -0.4927471,
                -0.02491663 -0.86525804 -0.50070721,
                0.042467114 -0.86524415 -0.49954894,
                0.10834128 -0.86525804 -0.48948008,
                0.1710289 -0.86529821 -0.4711774,
                0.22914666 -0.86536062 -0.44569367,
                0.2816883 -0.86543924 -0.41432667,
                0.33375609 -0.86536062 -0.37384209,
                0.38074422 -0.86529821 -0.32602587,
                0.42116687 -0.86525804 -0.27193207,
                0.45385563 -0.86524415 -0.21299687,
                0.47807282 -0.86525804 -0.15091373,
                0.49356607 -0.86529821 -0.087473325,
                0.50055534 -0.86536062 -0.0244,
                0.49966159 -0.86543924 0.036785893,
                0.4906348 -0.86536062 0.10212022,
                0.47271881 -0.86529821 0.16672122,
                0.44608349 -0.86525804 0.22877519,
                0.41138852 -0.86524415 0.28655207,
                0.36973155 -0.86525804 0.33856633,
                0.32253715 -0.86529821 0.38370407,
                0.27140871 -0.86536062 0.42129368,
                0.21797328 -0.86543924 0.45111257,
                0.15687869 -0.86536062 0.47596231,
                0.091974594 -0.86529821 0.4927471,
                0.02491663 -0.86525804 0.50070721,
                -0.042467114 -0.86524415 0.49954894,
                -0.10834128 -0.86525804 0.48948008,
                -0.1710289 -0.86529821 0.4711774,
                -0.22914666 -0.86536062 0.44569367,
                -0.2816883 -0.86543924 0.41432667,
                -0.33375609 -0.86536062 0.37384209,
                -0.38074422 -0.86529821 0.32602587,
                -0.42116687 -0.86525804 0.27193207,
                -0.45385563 -0.86524415 0.21299687,
                -0.47807282 -0.86525804 0.15091373,
                -0.49356607 -0.86529821 0.087473325,
                -0.50055534 -0.86536062 0.0244,
                -0.49966159 -0.86543924 -0.036785893,
                -0.4906348 -0.86536062 -0.10212022,
                -0.47271881 -0.86529821 -0.16672122,
                -0.44608349 -0.86525804 -0.22877519,
                -0.41138852 -0.86524415 -0.28655207,
                -0.36973155 -0.86525804 -0.33856633,
                -0.32253715 -0.86529821 -0.38370407,
                -0.27140871 -0.86536062 -0.42129368,
                -0.21797328 -0.86543924 -0.45111257,
                -0.15687869 -0.86536062 -0.47596231,
                -0.091974594 -0.86529821 -0.4927471,
                -0.02491663 -0.86525804 -0.50070721,
                0.042467114 -0.86524415 -0.49954894,
                0.10834128 -0.86525804 -0.48948008,
                0.1710289 -0.86529821 -0.4711774,
                0.22914666 -0.86536062 -0.44569367,
                0.2816883 -0.86543924 -0.41432667,
                0.33375609 -0.86536062 -0.37384209,
                0.38074422 -0.86529821 -0.32602587,
                0.42116687 -0.86525804 -0.27193207,
                0.45385563 -0.86524415 -0.21299687,
                0.47807282 -0.86525804 -0.15091373,
                0.49356607 -0.86529821 -0.087473325,
                0.50055534 -0.86536062 -0.0244,
                0.49966159 -0.86543924 0.036785893,
                0.4906348 -0.86536062 0.10212022,
                0.47271881 -0.86529821 0.16672122,
                0.44608349 -0.86525804 0.22877519,
                0.41138852 -0.86524415 0.28655207,
                0.36973155 -0.86525804 0.33856633,
                0.32253715 -0.86529821 0.38370407,
                0.27140871 -0.86536062 0.42129368,
                0.21797328 -0.86543924 0.45111257,
                0.15687869 -0.86536062 0.47596231,
                0.091974594 -0.86529821 0.4927471,
                0.02491663 -0.86525804 0.50070721,
                -0.042467114 -0.86524415 0.49954894,
                -0.10834128 -0.86525804 0.48948008,
                -0.1710289 -0.86529821 0.4711774,
                -0.22914666 -0.86536062 0.44569367,
                -0.2816883 -0.86543924 0.41432667,
                -0.33375609 -0.86536062 0.37384209,
                -0.38074422 -0.86529821 0.32602587,
                -0.42116687 -0.86525804 0.27193207,
                -0.45385563 -0.86524415 0.21299687,
                -0.47807282 -0.86525804 0.15091373,
                -0.49356607 -0.86529821 0.087473325,
                -0.50055534 -0.86536062 0.0244,
                -0.49966159 -0.86543924 -0.036785893,
                -0.4906348 -0.86536062 -0.10212022,
                -0.47271881 -0.86529821 -0.16672122,
                -0.44608349 -0.86525804 -0.22877519,
                -0.41138852 -0.86524415 -0.28655207,
                -0.36973155 -0.86525804 -0.33856633,
                -0.32253715 -0.86529821 -0.38370407,
                -0.27140871 -0.86536062 -0.42129368,
                -0.21797328 -0.86543924 -0.45111257,
                -0.15687869 -0.86536062 -0.47596231,
                -0.091974594 -0.86529821 -0.4927471,
                -0.02491663 -0.86525804 -0.50070721,
                0.042467114 -0.86524415 -0.49954894,
                0.10834128 -0.86525804 -0.48948008,
                0.1710289 -0.86529821 -0.4711774,
                0.22914666 -0.86536062 -0.44569367,
                0.2816883 -0.86543924 -0.41432667,
                0.33375609 -0.86536062 -0.37384209,
                0.38074422 -0.86529821 -0.32602587,
                0.42116687 -0.86525804 -0.27193207,
                0.45385563 -0.86524415 -0.21299687,
                0.47807282 -0.86525804 -0.15091373,
                0.49356607 -0.86529821 -0.087473325,
                0.50055534 -0.86536062 -0.0244,
                0.49966159 -0.86543924 0.036785893,
                0.4906348 -0.86536062 0.10212022,
                0.47271881 -0.86529821 0.16672122,
                0.44608349 -0.86525804 0.22877519,
                0.41138852 -0.86524415 0.28655207,
                0.36973155 -0.86525804 0.33856633,
                0.32253715 -0.86529821 0.38370407,
                0.27140871 -0.86536062 0.42129368,
                0.21797328 -0.86543924 0.45111257,
                0.15687869 -0.86536062 0.47596231,
                0.091974594 -0.86529821 0.4927471,
                0.02491663 -0.86525804 0.50070721,
                -0.042467114 -0.86524415 0.49954894,
                -0.10834128 -0.86525804 0.48948008,
                -0.1710289 -0.86529821 0.4711774,
                -0.22914666 -0.86536062 0.44569367,
                -0.2816883 -0.86543924 0.41432667,
                -0.33375609 -0.86536062 0.37384209,
                -0.38074422 -0.86529821 0.32602587,
                -0.42116687 -0.86525804 0.27193207,
                -0.45385563 -0.86524415 0.21299687,
                -0.47807282 -0.86525804 0.15091373,
                -0.49356607 -0.86529821 0.087473325,
                -0.50055534 -0.86536062 0.0244,
                -0.49966159 -0.86543924 -0.036785893,
                -0.4906348 -0.86536062 -0.10212022,
                -0.47271881 -0.86529821 -0.16672122,
                -0.44608349 -0.86525804 -0.22877519,
                -0.41138852 -0.86524415 -0.28655207,
                -0.36973155 -0.86525804 -0.33856633,
                -0.32253715 -0.86529821 -0.38370407,
                -0.27140871 -0.86536062 -0.42129368,
                -0.21797328 -0.86543924 -0.45111257,
                -0.15687869 -0.86536062 -0.47596231,
                -0.091974594 -0.86529821 -0.4927471,
                -0.02491663 -0.86525804 -0.50070721,
                0.042467114 -0.86524415 -0.49954894,
                0.10834128 -0.86525804 -0.48948008,
                0.1710289 -0.86529821 -0.4711774,
                0.22914666 -0.86536062 -0.44569367,
                0.2816883 -0.86543924 -0.41432667,
                0.29843977 -0.86541331 -0.40248421,
                0.24360098 -0.86539322 -0.43789628,
                0.18643638 -0.86534089 -0.4652167,
                0.12588066 -0.86531174 -0.48516968,
                0.063372284 -0.86530668 -0.49722061,
                -0.00019553525 -0.86532432 -0.50121236,
                -0.063784868 -0.86536247 -0.4970707,
                -0.12598231 -0.86541736 -0.48495486,
                -0.18636288 -0.86548555 -0.46497706,
                -0.2419485 -0.86550617 -0.43858859,
                -0.29155785 -0.86545801 -0.40740207,
                -0.33739823 -0.865426 -0.37040558,
                -0.37846485 -0.8654114 -0.32837093,
                -0.41432711 -0.86541396 -0.28176537,
                -0.44451424 -0.86543286 -0.23115596,
                -0.4684177 -0.865466 -0.17763297,
                -0 -1 -0,
                -0 -1 -0,
                -0 -1 -0,
                -0 -1 -0,
                -0 -1 -0,
                -0 -1 -0,
                -0 -1 -0,
                -0 -1 -0,
                -0 -1 -0,
                -0 -1 -0,
                -0 -1 -0,
                -0 -1 -0,
                -0 -1 -0,
                -0 -1 -0,
                -0 -1 -0,
                -0 -1 -0,
                -0 -1 -0,
                -0 -1 -0,
                -0 -1 -0,
                -0 -1 -0,
                -0 -1 -0,
                -0 -1 -0,
                -0 -1 -0,
                -0 -1 -0,
                -0 -1 -0,
                -0 -1 -0,
                -0 -1 -0,
                -0 -1 -0,
                -0 -1 -0,
                -0 -1 -0,
                -0 -1 -0,
                -0 -1 -0,
                -0 -1 -0,
                -0 -1 -0,
                -0 -1 -0,
                -0 -1 -0,
                -0 -1 -0,
                -0 -1 -0,
                -0 -1 -0,
                -0 -1 -0,
                -0 -1 -0,
                -0 -1 -0,
                -0 -1 -0,
                -0 -1 -0,
                -0 -1 -0,
                -0 -1 -0,
                -0 -1 -0,
                -0 -1 -0,
                -0 -1 -0,
                -0 -1 -0,
                -0 -1 -0,
                -0 -1 -0,
                -0 -1 -0,
                -0 -1 -0,
                -0 -1 -0,
                -0 -1 -0,
                -0 -1 -0,
                -0 -1 -0,
                -0 -1 -0,
                -0 -1 -0,
                -0 -1 -0,
                -0 -1 -0,
                -0 -1 -0,
                -0 -1 -0,
                -0 -1 -0,
                -0 -1 -0,
                -0 -1 -0,
                -0 -1 -0,
                -0 -1 -0,
                -0 -1 -0,
                -0 -1 -0,
                -0 -1 -0,
                -0 -1 -0,
                -0 -1 -0,
                -0 -1 -0,
                -0 -1 -0,
                -0 -1 -0,
                -0 -1 -0,
                -0 -1 -0,
                -0 -1 -0,
                -0 -1 -0,
                1 0 -1.2390882e-16,
                1 0 -1.2390882e-16,
                1 0 -1.2390882e-16,
                1 0 -1.2390882e-16,
                1 0 -1.2390882e-16,
                1 0 -1.2390882e-16,
                1 0 -1.2390882e-16,
                1 0 -1.2390882e-16,
                1 0 -1.2390882e-16,
                1 0 -1.2390882e-16,
                1 0 -1.2390882e-16,
                1 0 -1.2390882e-16,
                0 0 1,
                0 0 1,
                0 0 1,
                0 0 1,
                0 0 1,
                0 0 1,
                0 0 1,
                0 0 1,
                0 0 1,
                0 0 1,
                0 0 1,
                0 0 1,
                -1 0 1.2390882e-16,
                -1 0 1.2390882e-16,
                -1 0 1.2390882e-16,
                -1 0 1.2390882e-16,
                -1 0 1.2390882e-16,
                -1 0 1.2390882e-16,
                -1 0 1.2390882e-16,
                -1 0 1.2390882e-16,
                -1 0 1.2390882e-16,
                -1 0 1.2390882e-16,
                -1 0 1.2390882e-16,
                -1 0 1.2390882e-16,
                0 0 -1,
                0 0 -1,
                0 0 -1,
                0 0 -1,
                0 0 -1,
                0 0 -1,
                0 0 -1,
                0 0 -1,
                0 0 -1,
                0 0 -1,
                0 0 -1,
                0 0 -1,
                0 1 0,
                0 1 0,
                0 1 0,
                0 1 0,
                0 1 0,
                0 1 0,
                0 1 0,
                0 1 0,
                0 1 0,
                0 1 0,
                0 1 0,
                0 1 0,
                0 1 0,
                0 1 0,
                0 1 0,
                0 1 0,
                0 1 0,
                0 1 0,
                0 1 0,
                0 1 0,
                0 1 0,
                0 1 0,
                0 1 0,
                0 1 0,
                0 1 0,
                0 1 0,
                0 1 0,
                0 1 0,
                0 1 0,
                0 1 0,
                0 1 0,
                0 1 0,
                0 1 0,
                0 1 0,
                0 1 0,
                0 1 0,
                0 1 0,
                0 1 0,
                0 1 0,
                0 1 0,
                -5.9615616e-07 -0 1,
                -0.13337669 -0 0.99106544,
                -0.26322573 -0 0.96473426,
                -0.38632038 -0 0.92236465,
                -0.4999809 -0 0.86603642,
                -0.6056307 -0 0.79574585,
                -0.70387232 -0 0.71032649,
                -0.79159987 -0 0.61103982,
                -0.86602539 -0 0.5,
                -0.92497599 -0 0.38002557,
                -0.96709734 -0 0.25440654,
                -0.99195218 -0 0.1266131,
                -1 -0 5.3953754e-05,
                -0.99620038 -0 -0.087090619,
                -0.98453516 -0 -0.17518704,
                -0.99987847 -0 -0.015590289,
                -0.98951834 -0 0.14440723,
                -0.95372111 -0 0.30069253,
                -0.89340705 -0 0.44924808,
                -0.8101266 -0 0.58625501,
                -0.74250871 -0 0.6698364,
                -0.66721302 -0 0.74486691,
                -0.5858196 -0 0.81044149,
                -0.50001234 -0 0.8660183,
                -0.38632175 -0 0.92236406,
                -0.26322451 -0 0.96473461,
                -0.13337609 -0 0.9910655,
                -1.2246469e-16 -0 1,
                1 -0 0,
                1 -0 0,
                1 -0 0,
                1 -0 0,
                0 -0 -1,
                0 -0 -1,
                0 -0 -1,
                0 -0 -1,
                1 -0 0,
                1 -0 0,
                1 -0 0,
                1 -0 0,
                -0 -0 1,
                -0 -0 1,
                -0 -0 1,
                -0 -0 1,
                -0 -0 1,
                -0 -0 1,
                -0 -0 1,
                -0 -0 1,
                -1 -0 0,
                -1 -0 0,
                -1 -0 0,
                -1 -0 0,
                -1 -0 -0,
                -1 -0 -0,
                -1 -0 -0,
                -1 -0 -0,
                0 -0 -1,
                0 -0 -1,
                0 -0 -1,
                0 -0 -1,
                -1 -0 -1.9189419e-16,
                -1 -0 -1.9189419e-16,
                -1 -0 -1.9189419e-16,
                -1 -0 -1.9189419e-16,
                0 -0 -1,
                0 -0 -1,
                0 -0 -1,
                0 -0 -1,
                1 -0 -1.9189419e-16,
                1 -0 -1.9189419e-16,
                1 -0 -1.9189419e-16,
                1 -0 -1.9189419e-16,
                0 -1 0,
                0 -1 0,
                0 -1 0,
                0 -1 0,
                1.9189419e-16 -0 1,
                1.9189419e-16 -0 1,
                1.9189419e-16 -0 1,
                1.9189419e-16 -0 1,
                -1 -0 -0,
                -1 -0 -0,
                -1 -0 -0,
                -1 -0 -0,
                1.9189419e-16 -0 -1,
                1.9189419e-16 -0 -1,
                1.9189419e-16 -0 -1,
                1.9189419e-16 -0 -1,
                -0 -1 -0,
                -0 -1 -0,
                -0 -1 -0,
                -0 -1 -0,
                0 -0 -1,
                0 -0 -1,
                0 -0 -1,
                0 -0 -1,
                1 -0 -0,
                1 -0 -0,
                1 -0 -0,
                1 -0 -0,
                -0 -0 1,
                -0 -0 1,
                -0 -0 1,
                -0 -0 1,
                -0 -1 -0,
                -0 -1 -0,
                -0 -1 -0,
                -0 -1 -0,
                -1 -0 0,
                -1 -0 0,
                -1 -0 0,
                -1 -0 0,
                1 -0 -0,
                1 -0 -0,
                1 -0 -0,
                1 -0 -0,
                -0 -0 1,
                -0 -0 1,
                -0 -0 1,
                -0 -0 1,
                -0 -1 -0,
                -0 -1 -0,
                -0 -1 -0,
                -0 -1 -0,
                0 -0.70710677 0.70710677,
                0 -0.70710677 0.70710677,
                0 -0.70710677 0.70710677,
                -0.70710677 -0.70710677 8.7616764e-17,
                -0.70710677 -0.70710677 8.7616764e-17,
                -0.70710677 -0.70710677 8.7616764e-17,
                0.70710677 -0.70710677 0,
                0.70710677 -0.70710677 0,
                0.70710677 -0.70710677 0,
                0 -0.70710677 -0.70710677,
                0 -0.70710677 -0.70710677,
                0 -0.70710677 -0.70710677,
                -0 -0.70710677 0.70710677,
                -0 -0.70710677 0.70710677,
                -0 -0.70710677 0.70710677,
                -0.70710677 -0.70710677 -0,
                -0.70710677 -0.70710677 -0,
                -0.70710677 -0.70710677 -0,
                0.70710677 -0.70710677 -8.7616764e-17,
                0.70710677 -0.70710677 -8.7616764e-17,
                0.70710677 -0.70710677 -8.7616764e-17,
                -0 -0.70710677 -0.70710677,
                -0 -0.70710677 -0.70710677,
                -0 -0.70710677 -0.70710677,
                -0 -0.70710677 0.70710677,
                -0 -0.70710677 0.70710677,
                -0 -0.70710677 0.70710677,
                -0.70710677 -0.70710677 0,
                -0.70710677 -0.70710677 0,
                -0.70710677 -0.70710677 0,
                0.70710677 -0.70710677 -8.7616764e-17,
                0.70710677 -0.70710677 -8.7616764e-17,
                0.70710677 -0.70710677 -8.7616764e-17,
                -0 -0.70710677 -0.70710677,
                -0 -0.70710677 -0.70710677,
                -0 -0.70710677 -0.70710677,
                -0 -0.70710677 0.70710677,
                -0 -0.70710677 0.70710677,
                -0 -0.70710677 0.70710677,
                -0.70710677 -0.70710677 8.7616764e-17,
                -0.70710677 -0.70710677 8.7616764e-17,
                -0.70710677 -0.70710677 8.7616764e-17,
                0.70710677 -0.70710677 0,
                0.70710677 -0.70710677 0,
                0.70710677 -0.70710677 0,
                -0 -0.70710677 -0.70710677,
                -0 -0.70710677 -0.70710677,
                -0 -0.70710677 -0.70710677,
                -8.6595606e-17 0.70710677 0.70710677,
                -0.1227878 0.70710677 0.69636422,
                -0.24184476 0.70710677 0.66446304,
                -0.35355338 0.70710677 0.61237246,
                -0.45451948 0.70710677 0.54167521,
                -0.54167521 0.70710677 0.45451948,
                -0.61237246 0.70710677 0.35355338,
                -0.66446304 0.70710677 0.24184476,
                -0.69636422 0.70710677 0.1227878,
                -0.70710677 0.70710677 -4.3297803e-17,
                -0.69636422 0.70710677 -0.1227878,
                -0.66446304 0.70710677 -0.24184476,
                -0.61237246 0.70710677 -0.35355338,
                -0.54167521 0.70710677 -0.45451948,
                -0.45451948 0.70710677 -0.54167521,
                -0.35355338 0.70710677 -0.61237246,
                -0.24184476 0.70710677 -0.66446304,
                -0.1227878 0.70710677 -0.69636422,
                -0 0.70710677 -0.70710677,
                -0 0.70710677 -0.70710677,
                -0.1227878 0.70710677 -0.69636422,
                -0.24184476 0.70710677 -0.66446304,
                -0.35355338 0.70710677 -0.61237246,
                -0.45451948 0.70710677 -0.54167521,
                -0.54167521 0.70710677 -0.45451948,
                -0.61237246 0.70710677 -0.35355338,
                -0.66446304 0.70710677 -0.24184476,
                -0.69636422 0.70710677 -0.1227878,
                -0.70710677 0.70710677 -4.3297803e-17,
                -0.69636422 0.70710677 0.1227878,
                -0.66446304 0.70710677 0.24184476,
                -0.61237246 0.70710677 0.35355338,
                -0.54167521 0.70710677 0.45451948,
                -0.45451948 0.70710677 0.54167521,
                -0.35355338 0.70710677 0.61237246,
                -0.24184476 0.70710677 0.66446304,
                -0.1227878 0.70710677 0.69636422,
                -8.6595606e-17 0.70710677 0.70710677,
                0 -0 1,
                0 -0 1,
                0 -0 1,
                0 -0 1

              ]
            }
            coordIndex [
              122 109 108 -1 
              121 110 109 -1 
              120 111 110 -1 
              119 112 111 -1 
              118 113 112 -1 
              117 114 113 -1 
              116 115 114 -1 
              2 1 115 -1 
              123 108 0 -1 
              116 2 115 -1 
              117 116 114 -1 
              118 117 113 -1 
              119 118 112 -1 
              120 119 111 -1 
              121 120 110 -1 
              122 121 109 -1 
              123 122 108 -1 
              124 123 0 -1 
              125 124 0 -1 
              140 125 0 -1 
              139 126 125 -1 
              138 127 126 -1 
              137 128 127 -1 
              133 4 132 -1 
              135 130 129 -1 
              134 131 130 -1 
              133 132 131 -1 
              4 3 132 -1 
              136 129 128 -1 
              134 133 131 -1 
              135 134 130 -1 
              136 135 129 -1 
              137 136 128 -1 
              138 137 127 -1 
              139 138 126 -1 
              140 139 125 -1 
              141 6 5 -1 
              164 141 5 -1 
              164 142 141 -1 
              168 146 145 -1 
              169 147 146 -1 
              172 150 149 -1 
              174 152 151 -1 
              175 153 152 -1 
              176 154 153 -1 
              177 155 154 -1 
              178 156 155 -1 
              179 157 156 -1 
              180 158 157 -1 
              181 159 158 -1 
              182 160 159 -1 
              183 161 160 -1 
              184 162 161 -1 
              185 163 162 -1 
              186 7 163 -1 
              186 8 7 -1 
              173 151 150 -1 
              185 186 163 -1 
              184 185 162 -1 
              183 184 161 -1 
              182 183 160 -1 
              181 182 159 -1 
              180 181 158 -1 
              171 149 148 -1 
              179 180 157 -1 
              178 179 156 -1 
              170 148 147 -1 
              177 178 155 -1 
              176 177 154 -1 
              175 176 153 -1 
              174 175 152 -1 
              173 174 151 -1 
              167 145 144 -1 
              172 173 150 -1 
              171 172 149 -1 
              166 144 143 -1 
              170 171 148 -1 
              169 170 147 -1 
              165 143 142 -1 
              168 169 146 -1 
              167 168 145 -1 
              166 167 144 -1 
              165 166 143 -1 
              164 165 142 -1 
              187 10 9 -1 
              210 187 9 -1 
              210 188 187 -1 
              214 192 191 -1 
              215 193 192 -1 
              218 196 195 -1 
              221 199 198 -1 
              223 201 200 -1 
              224 202 201 -1 
              225 203 202 -1 
              226 204 203 -1 
              227 205 204 -1 
              228 206 205 -1 
              209 208 231 -1 
              11 209 232 -1 
              229 207 206 -1 
              230 208 207 -1 
              222 200 199 -1 
              232 12 11 -1 
              220 198 197 -1 
              231 232 209 -1 
              219 197 196 -1 
              230 231 208 -1 
              229 230 207 -1 
              228 229 206 -1 
              227 228 205 -1 
              226 227 204 -1 
              217 195 194 -1 
              225 226 203 -1 
              224 225 202 -1 
              216 194 193 -1 
              223 224 201 -1 
              222 223 200 -1 
              221 222 199 -1 
              220 221 198 -1 
              219 220 197 -1 
              213 191 190 -1 
              218 219 196 -1 
              217 218 195 -1 
              212 190 189 -1 
              216 217 194 -1 
              215 216 193 -1 
              211 189 188 -1 
              214 215 192 -1 
              213 214 191 -1 
              212 213 190 -1 
              211 212 189 -1 
              210 211 188 -1 
              233 14 13 -1 
              256 233 13 -1 
              256 234 233 -1 
              260 238 237 -1 
              261 239 238 -1 
              269 247 246 -1 
              272 250 249 -1 
              273 251 250 -1 
              274 252 251 -1 
              275 253 252 -1 
              15 255 278 -1 
              276 254 253 -1 
              277 255 254 -1 
              271 249 248 -1 
              278 16 15 -1 
              270 248 247 -1 
              277 278 255 -1 
              268 246 245 -1 
              276 277 254 -1 
              267 245 244 -1 
              275 276 253 -1 
              266 244 243 -1 
              274 275 252 -1 
              265 243 242 -1 
              273 274 251 -1 
              264 242 241 -1 
              272 273 250 -1 
              263 241 240 -1 
              271 272 249 -1 
              270 271 248 -1 
              262 240 239 -1 
              269 270 247 -1 
              268 269 246 -1 
              267 268 245 -1 
              266 267 244 -1 
              265 266 243 -1 
              259 237 236 -1 
              264 265 242 -1 
              263 264 241 -1 
              258 236 235 -1 
              262 263 240 -1 
              261 262 239 -1 
              257 235 234 -1 
              260 261 238 -1 
              259 260 237 -1 
              258 259 236 -1 
              257 258 235 -1 
              256 257 234 -1 
              279 18 17 -1 
              302 279 17 -1 
              302 280 279 -1 
              306 284 283 -1 
              307 285 284 -1 
              315 293 292 -1 
              319 297 296 -1 
              320 298 297 -1 
              321 299 298 -1 
              322 300 299 -1 
              323 301 300 -1 
              324 19 301 -1 
              318 296 295 -1 
              324 20 19 -1 
              317 295 294 -1 
              323 324 301 -1 
              316 294 293 -1 
              322 323 300 -1 
              314 292 291 -1 
              321 322 299 -1 
              313 291 290 -1 
              320 321 298 -1 
              312 290 289 -1 
              319 320 297 -1 
              311 289 288 -1 
              318 319 296 -1 
              310 288 287 -1 
              317 318 295 -1 
              309 287 286 -1 
              316 317 294 -1 
              308 286 285 -1 
              315 316 293 -1 
              314 315 292 -1 
              313 314 291 -1 
              312 313 290 -1 
              311 312 289 -1 
              305 283 282 -1 
              310 311 288 -1 
              309 310 287 -1 
              304 282 281 -1 
              308 309 286 -1 
              307 308 285 -1 
              303 281 280 -1 
              306 307 284 -1 
              305 306 283 -1 
              304 305 282 -1 
              303 304 281 -1 
              302 303 280 -1 
              325 22 21 -1 
              348 325 21 -1 
              348 326 325 -1 
              352 330 329 -1 
              353 331 330 -1 
              359 337 336 -1 
              365 343 342 -1 
              366 344 343 -1 
              367 345 344 -1 
              368 346 345 -1 
              369 347 346 -1 
              370 23 347 -1 
              364 342 341 -1 
              370 24 23 -1 
              363 341 340 -1 
              369 370 347 -1 
              362 340 339 -1 
              368 369 346 -1 
              361 339 338 -1 
              367 368 345 -1 
              360 338 337 -1 
              366 367 344 -1 
              358 336 335 -1 
              365 366 343 -1 
              357 335 334 -1 
              364 365 342 -1 
              356 334 333 -1 
              363 364 341 -1 
              355 333 332 -1 
              362 363 340 -1 
              354 332 331 -1 
              361 362 339 -1 
              360 361 338 -1 
              359 360 337 -1 
              358 359 336 -1 
              357 358 335 -1 
              351 329 328 -1 
              356 357 334 -1 
              355 356 333 -1 
              350 328 327 -1 
              354 355 332 -1 
              353 354 331 -1 
              349 327 326 -1 
              352 353 330 -1 
              351 352 329 -1 
              350 351 328 -1 
              349 350 327 -1 
              348 349 326 -1 
              371 26 25 -1 
              394 371 25 -1 
              394 372 371 -1 
              398 376 375 -1 
              400 378 377 -1 
              408 386 385 -1 
              412 390 389 -1 
              413 391 390 -1 
              414 392 391 -1 
              415 393 392 -1 
              416 27 393 -1 
              411 389 388 -1 
              416 28 27 -1 
              410 388 387 -1 
              415 416 393 -1 
              409 387 386 -1 
              414 415 392 -1 
              407 385 384 -1 
              413 414 391 -1 
              406 384 383 -1 
              412 413 390 -1 
              405 383 382 -1 
              411 412 389 -1 
              404 382 381 -1 
              410 411 388 -1 
              403 381 380 -1 
              409 410 387 -1 
              402 380 379 -1 
              408 409 386 -1 
              401 379 378 -1 
              407 408 385 -1 
              399 377 376 -1 
              406 407 384 -1 
              405 406 383 -1 
              404 405 382 -1 
              403 404 381 -1 
              397 375 374 -1 
              402 403 380 -1 
              401 402 379 -1 
              396 374 373 -1 
              400 401 378 -1 
              399 400 377 -1 
              395 373 372 -1 
              398 399 376 -1 
              397 398 375 -1 
              396 397 374 -1 
              395 396 373 -1 
              394 395 372 -1 
              428 1 29 -1 
              428 115 1 -1 
              433 111 112 -1 
              434 110 111 -1 
              436 109 110 -1 
              437 108 109 -1 
              30 0 108 -1 
              441 419 418 -1 
              446 424 423 -1 
              447 425 424 -1 
              448 426 425 -1 
              449 427 426 -1 
              450 31 427 -1 
              445 423 422 -1 
              450 32 31 -1 
              444 422 421 -1 
              449 450 427 -1 
              443 421 420 -1 
              448 449 426 -1 
              442 420 419 -1 
              447 448 425 -1 
              440 418 417 -1 
              446 447 424 -1 
              439 417 30 -1 
              445 446 423 -1 
              444 445 422 -1 
              443 444 421 -1 
              442 443 420 -1 
              438 30 108 -1 
              441 442 419 -1 
              440 441 418 -1 
              439 440 417 -1 
              438 439 30 -1 
              437 438 108 -1 
              432 112 113 -1 
              436 437 109 -1 
              435 436 110 -1 
              434 435 110 -1 
              430 113 114 -1 
              433 434 111 -1 
              429 114 115 -1 
              432 433 112 -1 
              431 432 113 -1 
              430 431 113 -1 
              429 430 114 -1 
              428 429 115 -1 
              456 136 137 -1 
              457 135 136 -1 
              459 134 135 -1 
              460 133 134 -1 
              461 4 133 -1 
              455 137 138 -1 
              461 33 4 -1 
              453 138 139 -1 
              460 461 133 -1 
              459 460 134 -1 
              452 139 140 -1 
              458 459 135 -1 
              457 458 135 -1 
              456 457 136 -1 
              455 456 137 -1 
              454 455 138 -1 
              453 454 138 -1 
              452 453 139 -1 
              451 140 0 -1 
              451 452 140 -1 
              465 489 488 -1 
              467 491 490 -1 
              471 495 494 -1 
              474 498 497 -1 
              478 502 501 -1 
              5 6 484 -1 
              484 6 507 -1 
              482 506 505 -1 
              483 507 506 -1 
              481 505 504 -1 
              483 484 507 -1 
              480 504 503 -1 
              482 483 506 -1 
              479 503 502 -1 
              481 482 505 -1 
              477 501 500 -1 
              480 481 504 -1 
              476 500 499 -1 
              479 480 503 -1 
              475 499 498 -1 
              478 479 502 -1 
              473 497 496 -1 
              477 478 501 -1 
              472 496 495 -1 
              476 477 500 -1 
              470 494 493 -1 
              475 476 499 -1 
              469 493 492 -1 
              474 475 498 -1 
              468 492 491 -1 
              473 474 497 -1 
              466 490 489 -1 
              472 473 496 -1 
              464 488 487 -1 
              471 472 495 -1 
              463 487 486 -1 
              470 471 494 -1 
              462 486 485 -1 
              469 470 493 -1 
              12 485 11 -1 
              468 469 492 -1 
              467 468 491 -1 
              466 467 490 -1 
              465 466 489 -1 
              464 465 488 -1 
              463 464 487 -1 
              462 463 486 -1 
              12 462 485 -1 
              16 508 15 -1 
              535 513 512 -1 
              541 519 518 -1 
              546 524 523 -1 
              552 530 529 -1 
              553 10 530 -1 
              551 529 528 -1 
              553 9 10 -1 
              550 528 527 -1 
              552 553 530 -1 
              549 527 526 -1 
              551 552 529 -1 
              548 526 525 -1 
              550 551 528 -1 
              547 525 524 -1 
              549 550 527 -1 
              545 523 522 -1 
              548 549 526 -1 
              544 522 521 -1 
              547 548 525 -1 
              543 521 520 -1 
              546 547 524 -1 
              542 520 519 -1 
              545 546 523 -1 
              540 518 517 -1 
              544 545 522 -1 
              539 517 516 -1 
              543 544 521 -1 
              538 516 515 -1 
              542 543 520 -1 
              537 515 514 -1 
              541 542 519 -1 
              536 514 513 -1 
              540 541 518 -1 
              534 512 511 -1 
              539 540 517 -1 
              533 511 510 -1 
              538 539 516 -1 
              532 510 509 -1 
              537 538 515 -1 
              531 509 508 -1 
              536 537 514 -1 
              535 536 513 -1 
              534 535 512 -1 
              533 534 511 -1 
              532 533 510 -1 
              531 532 509 -1 
              16 531 508 -1 
              557 581 580 -1 
              563 587 586 -1 
              571 595 594 -1 
              575 599 598 -1 
              576 14 599 -1 
              574 598 597 -1 
              576 13 14 -1 
              573 597 596 -1 
              575 576 599 -1 
              572 596 595 -1 
              574 575 598 -1 
              570 594 593 -1 
              573 574 597 -1 
              569 593 592 -1 
              572 573 596 -1 
              568 592 591 -1 
              571 572 595 -1 
              567 591 590 -1 
              570 571 594 -1 
              566 590 589 -1 
              569 570 593 -1 
              565 589 588 -1 
              568 569 592 -1 
              564 588 587 -1 
              567 568 591 -1 
              562 586 585 -1 
              566 567 590 -1 
              561 585 584 -1 
              565 566 589 -1 
              560 584 583 -1 
              564 565 588 -1 
              559 583 582 -1 
              563 564 587 -1 
              558 582 581 -1 
              562 563 586 -1 
              556 580 579 -1 
              561 562 585 -1 
              555 579 578 -1 
              560 561 584 -1 
              554 578 577 -1 
              559 560 583 -1 
              20 577 19 -1 
              558 559 582 -1 
              557 558 581 -1 
              556 557 580 -1 
              555 556 579 -1 
              554 555 578 -1 
              20 554 577 -1 
              601 625 624 -1 
              609 633 632 -1 
              619 643 642 -1 
              621 645 644 -1 
              622 18 645 -1 
              620 644 643 -1 
              622 17 18 -1 
              618 642 641 -1 
              621 622 645 -1 
              617 641 640 -1 
              620 621 644 -1 
              616 640 639 -1 
              619 620 643 -1 
              615 639 638 -1 
              618 619 642 -1 
              614 638 637 -1 
              617 618 641 -1 
              613 637 636 -1 
              616 617 640 -1 
              612 636 635 -1 
              615 616 639 -1 
              611 635 634 -1 
              614 615 638 -1 
              610 634 633 -1 
              613 614 637 -1 
              608 632 631 -1 
              612 613 636 -1 
              607 631 630 -1 
              611 612 635 -1 
              606 630 629 -1 
              610 611 634 -1 
              605 629 628 -1 
              609 610 633 -1 
              604 628 627 -1 
              608 609 632 -1 
              603 627 626 -1 
              607 608 631 -1 
              602 626 625 -1 
              606 607 630 -1 
              600 624 623 -1 
              605 606 629 -1 
              24 623 23 -1 
              604 605 628 -1 
              603 604 627 -1 
              602 603 626 -1 
              601 602 625 -1 
              600 601 624 -1 
              24 600 623 -1 
              646 670 669 -1 
              656 680 679 -1 
              666 690 689 -1 
              667 691 690 -1 
              668 22 691 -1 
              665 689 688 -1 
              668 21 22 -1 
              664 688 687 -1 
              667 668 691 -1 
              663 687 686 -1 
              666 667 690 -1 
              662 686 685 -1 
              665 666 689 -1 
              661 685 684 -1 
              664 665 688 -1 
              660 684 683 -1 
              663 664 687 -1 
              659 683 682 -1 
              662 663 686 -1 
              658 682 681 -1 
              661 662 685 -1 
              657 681 680 -1 
              660 661 684 -1 
              655 679 678 -1 
              659 660 683 -1 
              654 678 677 -1 
              658 659 682 -1 
              653 677 676 -1 
              657 658 681 -1 
              652 676 675 -1 
              656 657 680 -1 
              651 675 674 -1 
              655 656 679 -1 
              650 674 673 -1 
              654 655 678 -1 
              649 673 672 -1 
              653 654 677 -1 
              648 672 671 -1 
              652 653 676 -1 
              647 671 670 -1 
              651 652 675 -1 
              28 669 27 -1 
              650 651 674 -1 
              649 650 673 -1 
              648 649 672 -1 
              647 648 671 -1 
              646 647 670 -1 
              28 646 669 -1 
              32 715 31 -1 
              703 727 726 -1 
              712 736 735 -1 
              713 737 736 -1 
              714 26 737 -1 
              711 735 734 -1 
              714 25 26 -1 
              710 734 733 -1 
              713 714 737 -1 
              709 733 732 -1 
              712 713 736 -1 
              708 732 731 -1 
              711 712 735 -1 
              707 731 730 -1 
              710 711 734 -1 
              706 730 729 -1 
              709 710 733 -1 
              705 729 728 -1 
              708 709 732 -1 
              704 728 727 -1 
              707 708 731 -1 
              702 726 725 -1 
              706 707 730 -1 
              701 725 724 -1 
              705 706 729 -1 
              700 724 723 -1 
              704 705 728 -1 
              699 723 722 -1 
              703 704 727 -1 
              698 722 721 -1 
              702 703 726 -1 
              697 721 720 -1 
              701 702 725 -1 
              696 720 719 -1 
              700 701 724 -1 
              695 719 718 -1 
              699 700 723 -1 
              694 718 717 -1 
              698 699 722 -1 
              693 717 716 -1 
              697 698 721 -1 
              692 716 715 -1 
              696 697 720 -1 
              695 696 719 -1 
              694 695 718 -1 
              693 694 717 -1 
              692 693 716 -1 
              32 692 715 -1 
              754 765 766 -1 
              755 764 765 -1 
              756 763 764 -1 
              758 762 763 -1 
              759 761 762 -1 
              760 1 761 -1 
              752 766 767 -1 
              760 29 1 -1 
              751 767 768 -1 
              759 760 761 -1 
              758 759 762 -1 
              750 768 769 -1 
              757 758 763 -1 
              748 769 770 -1 
              756 757 763 -1 
              747 770 771 -1 
              755 756 764 -1 
              746 771 772 -1 
              754 755 765 -1 
              753 754 766 -1 
              744 772 773 -1 
              752 753 766 -1 
              743 773 774 -1 
              751 752 767 -1 
              742 774 775 -1 
              750 751 768 -1 
              749 750 769 -1 
              740 775 776 -1 
              748 749 769 -1 
              739 776 777 -1 
              747 748 770 -1 
              746 747 771 -1 
              738 777 4 -1 
              745 746 772 -1 
              744 745 772 -1 
              743 744 773 -1 
              742 743 774 -1 
              741 742 775 -1 
              740 741 775 -1 
              739 740 776 -1 
              738 739 777 -1 
              33 738 4 -1 
              370 932 933 -1 
              369 931 932 -1 
              368 930 931 -1 
              367 929 930 -1 
              366 928 929 -1 
              365 927 928 -1 
              364 926 927 -1 
              363 925 926 -1 
              362 924 925 -1 
              361 923 924 -1 
              360 922 923 -1 
              359 921 922 -1 
              358 920 921 -1 
              357 919 920 -1 
              356 918 919 -1 
              355 917 918 -1 
              354 916 917 -1 
              353 915 916 -1 
              352 914 915 -1 
              351 913 914 -1 
              350 912 913 -1 
              349 911 912 -1 
              348 910 911 -1 
              21 909 910 -1 
              668 908 909 -1 
              667 907 908 -1 
              666 906 907 -1 
              665 905 906 -1 
              664 904 905 -1 
              663 903 904 -1 
              662 902 903 -1 
              661 901 902 -1 
              660 900 901 -1 
              659 899 900 -1 
              658 898 899 -1 
              657 897 898 -1 
              656 896 897 -1 
              655 895 896 -1 
              654 894 895 -1 
              653 893 894 -1 
              652 892 893 -1 
              651 891 892 -1 
              650 890 891 -1 
              649 889 890 -1 
              648 888 889 -1 
              647 887 888 -1 
              646 886 887 -1 
              28 885 886 -1 
              416 884 885 -1 
              415 883 884 -1 
              414 882 883 -1 
              413 881 882 -1 
              412 880 881 -1 
              411 879 880 -1 
              410 878 879 -1 
              409 877 878 -1 
              408 876 877 -1 
              407 875 876 -1 
              406 874 875 -1 
              405 873 874 -1 
              404 872 873 -1 
              403 871 872 -1 
              402 870 871 -1 
              401 869 870 -1 
              400 868 869 -1 
              399 867 868 -1 
              398 866 867 -1 
              397 865 866 -1 
              396 864 865 -1 
              395 863 864 -1 
              394 862 863 -1 
              25 861 862 -1 
              714 860 861 -1 
              713 859 860 -1 
              712 858 859 -1 
              711 857 858 -1 
              710 856 857 -1 
              709 855 856 -1 
              708 854 855 -1 
              707 853 854 -1 
              706 852 853 -1 
              705 851 852 -1 
              704 850 851 -1 
              703 849 850 -1 
              702 848 849 -1 
              701 847 848 -1 
              700 846 847 -1 
              699 845 846 -1 
              698 844 845 -1 
              697 843 844 -1 
              696 842 843 -1 
              695 841 842 -1 
              694 840 841 -1 
              693 839 840 -1 
              692 838 839 -1 
              835 836 449 -1 
              834 835 448 -1 
              833 834 447 -1 
              832 833 446 -1 
              831 832 445 -1 
              830 831 444 -1 
              829 830 443 -1 
              828 829 442 -1 
              827 828 441 -1 
              826 827 440 -1 
              825 826 439 -1 
              824 825 438 -1 
              823 824 437 -1 
              822 823 436 -1 
              821 822 435 -1 
              820 821 434 -1 
              819 820 433 -1 
              818 819 432 -1 
              817 818 431 -1 
              816 817 430 -1 
              815 816 429 -1 
              814 815 428 -1 
              813 814 29 -1 
              812 813 760 -1 
              811 812 759 -1 
              810 811 758 -1 
              809 810 757 -1 
              808 809 756 -1 
              807 808 755 -1 
              806 807 754 -1 
              805 806 753 -1 
              804 805 752 -1 
              803 804 751 -1 
              802 803 750 -1 
              801 802 749 -1 
              800 801 748 -1 
              799 800 747 -1 
              798 799 746 -1 
              797 798 745 -1 
              796 797 744 -1 
              795 796 743 -1 
              794 795 742 -1 
              793 794 741 -1 
              792 793 740 -1 
              791 792 739 -1 
              790 791 738 -1 
              789 790 33 -1 
              788 789 461 -1 
              787 788 460 -1 
              786 787 459 -1 
              785 786 458 -1 
              784 785 457 -1 
              783 784 456 -1 
              782 783 455 -1 
              781 782 454 -1 
              780 781 453 -1 
              779 780 452 -1 
              778 779 451 -1 
              34 778 0 -1 
              32 837 838 -1 
              450 836 837 -1 
              451 0 778 -1 
              452 451 779 -1 
              453 452 780 -1 
              454 453 781 -1 
              455 454 782 -1 
              456 455 783 -1 
              457 456 784 -1 
              458 457 785 -1 
              459 458 786 -1 
              460 459 787 -1 
              461 460 788 -1 
              33 461 789 -1 
              738 33 790 -1 
              739 738 791 -1 
              740 739 792 -1 
              741 740 793 -1 
              742 741 794 -1 
              743 742 795 -1 
              744 743 796 -1 
              745 744 797 -1 
              746 745 798 -1 
              747 746 799 -1 
              748 747 800 -1 
              749 748 801 -1 
              750 749 802 -1 
              751 750 803 -1 
              752 751 804 -1 
              753 752 805 -1 
              754 753 806 -1 
              755 754 807 -1 
              756 755 808 -1 
              757 756 809 -1 
              758 757 810 -1 
              759 758 811 -1 
              760 759 812 -1 
              29 760 813 -1 
              428 29 814 -1 
              429 428 815 -1 
              430 429 816 -1 
              431 430 817 -1 
              432 431 818 -1 
              433 432 819 -1 
              434 433 820 -1 
              435 434 821 -1 
              436 435 822 -1 
              437 436 823 -1 
              438 437 824 -1 
              439 438 825 -1 
              440 439 826 -1 
              441 440 827 -1 
              442 441 828 -1 
              443 442 829 -1 
              444 443 830 -1 
              445 444 831 -1 
              446 445 832 -1 
              447 446 833 -1 
              448 447 834 -1 
              449 448 835 -1 
              450 449 836 -1 
              32 450 837 -1 
              692 32 838 -1 
              693 692 839 -1 
              694 693 840 -1 
              695 694 841 -1 
              696 695 842 -1 
              697 696 843 -1 
              698 697 844 -1 
              699 698 845 -1 
              700 699 846 -1 
              701 700 847 -1 
              702 701 848 -1 
              703 702 849 -1 
              704 703 850 -1 
              705 704 851 -1 
              706 705 852 -1 
              707 706 853 -1 
              708 707 854 -1 
              709 708 855 -1 
              710 709 856 -1 
              711 710 857 -1 
              712 711 858 -1 
              713 712 859 -1 
              714 713 860 -1 
              25 714 861 -1 
              394 25 862 -1 
              395 394 863 -1 
              396 395 864 -1 
              397 396 865 -1 
              398 397 866 -1 
              399 398 867 -1 
              400 399 868 -1 
              401 400 869 -1 
              402 401 870 -1 
              403 402 871 -1 
              404 403 872 -1 
              405 404 873 -1 
              406 405 874 -1 
              407 406 875 -1 
              408 407 876 -1 
              409 408 877 -1 
              410 409 878 -1 
              411 410 879 -1 
              412 411 880 -1 
              413 412 881 -1 
              414 413 882 -1 
              415 414 883 -1 
              416 415 884 -1 
              28 416 885 -1 
              646 28 886 -1 
              647 646 887 -1 
              648 647 888 -1 
              649 648 889 -1 
              650 649 890 -1 
              651 650 891 -1 
              652 651 892 -1 
              653 652 893 -1 
              654 653 894 -1 
              655 654 895 -1 
              656 655 896 -1 
              657 656 897 -1 
              658 657 898 -1 
              659 658 899 -1 
              660 659 900 -1 
              661 660 901 -1 
              662 661 902 -1 
              663 662 903 -1 
              664 663 904 -1 
              665 664 905 -1 
              666 665 906 -1 
              667 666 907 -1 
              668 667 908 -1 
              21 668 909 -1 
              348 21 910 -1 
              349 348 911 -1 
              350 349 912 -1 
              351 350 913 -1 
              352 351 914 -1 
              353 352 915 -1 
              354 353 916 -1 
              355 354 917 -1 
              356 355 918 -1 
              357 356 919 -1 
              358 357 920 -1 
              359 358 921 -1 
              360 359 922 -1 
              361 360 923 -1 
              362 361 924 -1 
              363 362 925 -1 
              364 363 926 -1 
              365 364 927 -1 
              366 365 928 -1 
              367 366 929 -1 
              368 367 930 -1 
              369 368 931 -1 
              370 369 932 -1 
              24 370 933 -1 
              1122 1121 1120 -1 
              600 24 933 -1 
              934 600 933 -1 
              601 600 934 -1 
              601 934 935 -1 
              602 601 935 -1 
              936 602 935 -1 
              603 602 936 -1 
              603 936 937 -1 
              604 603 937 -1 
              938 604 937 -1 
              605 604 938 -1 
              605 938 939 -1 
              606 605 939 -1 
              940 606 939 -1 
              607 606 940 -1 
              607 940 941 -1 
              608 607 941 -1 
              942 608 941 -1 
              609 608 942 -1 
              609 942 943 -1 
              610 609 943 -1 
              944 610 943 -1 
              611 610 944 -1 
              611 944 945 -1 
              612 611 945 -1 
              946 612 945 -1 
              613 612 946 -1 
              613 946 947 -1 
              614 613 947 -1 
              948 614 947 -1 
              615 614 948 -1 
              615 948 949 -1 
              616 615 949 -1 
              950 616 949 -1 
              617 616 950 -1 
              617 950 951 -1 
              618 617 951 -1 
              952 618 951 -1 
              619 618 952 -1 
              619 952 953 -1 
              620 619 953 -1 
              954 620 953 -1 
              621 620 954 -1 
              621 954 955 -1 
              622 621 955 -1 
              956 622 955 -1 
              17 622 956 -1 
              17 956 957 -1 
              302 17 957 -1 
              958 302 957 -1 
              303 302 958 -1 
              303 958 959 -1 
              304 303 959 -1 
              960 304 959 -1 
              305 304 960 -1 
              305 960 961 -1 
              306 305 961 -1 
              962 306 961 -1 
              307 306 962 -1 
              307 962 963 -1 
              308 307 963 -1 
              964 308 963 -1 
              309 308 964 -1 
              309 964 965 -1 
              310 309 965 -1 
              966 310 965 -1 
              311 310 966 -1 
              311 966 967 -1 
              312 311 967 -1 
              968 312 967 -1 
              313 312 968 -1 
              313 968 969 -1 
              314 313 969 -1 
              970 314 969 -1 
              315 314 970 -1 
              315 970 971 -1 
              316 315 971 -1 
              972 316 971 -1 
              317 316 972 -1 
              317 972 973 -1 
              318 317 973 -1 
              974 318 973 -1 
              319 318 974 -1 
              319 974 975 -1 
              320 319 975 -1 
              976 320 975 -1 
              321 320 976 -1 
              321 976 977 -1 
              322 321 977 -1 
              978 322 977 -1 
              323 322 978 -1 
              323 978 979 -1 
              324 323 979 -1 
              980 324 979 -1 
              20 324 980 -1 
              20 980 981 -1 
              554 20 981 -1 
              982 554 981 -1 
              555 554 982 -1 
              555 982 983 -1 
              556 555 983 -1 
              984 556 983 -1 
              557 556 984 -1 
              557 984 985 -1 
              558 557 985 -1 
              986 558 985 -1 
              559 558 986 -1 
              559 986 987 -1 
              560 559 987 -1 
              988 560 987 -1 
              561 560 988 -1 
              561 988 989 -1 
              562 561 989 -1 
              990 562 989 -1 
              563 562 990 -1 
              563 990 991 -1 
              564 563 991 -1 
              992 564 991 -1 
              565 564 992 -1 
              565 992 993 -1 
              566 565 993 -1 
              994 566 993 -1 
              567 566 994 -1 
              567 994 995 -1 
              568 567 995 -1 
              996 568 995 -1 
              569 568 996 -1 
              569 996 997 -1 
              570 569 997 -1 
              998 570 997 -1 
              571 570 998 -1 
              571 998 999 -1 
              572 571 999 -1 
              1000 572 999 -1 
              573 572 1000 -1 
              573 1000 1001 -1 
              574 573 1001 -1 
              1002 574 1001 -1 
              575 574 1002 -1 
              575 1002 1003 -1 
              576 575 1003 -1 
              1004 576 1003 -1 
              13 576 1004 -1 
              13 1004 1005 -1 
              256 13 1005 -1 
              1006 256 1005 -1 
              257 256 1006 -1 
              257 1006 1007 -1 
              258 257 1007 -1 
              1008 258 1007 -1 
              259 258 1008 -1 
              259 1008 1009 -1 
              260 259 1009 -1 
              1010 260 1009 -1 
              261 260 1010 -1 
              261 1010 1011 -1 
              262 261 1011 -1 
              1012 262 1011 -1 
              263 262 1012 -1 
              263 1012 1013 -1 
              264 263 1013 -1 
              1014 264 1013 -1 
              265 264 1014 -1 
              265 1014 1015 -1 
              266 265 1015 -1 
              1016 266 1015 -1 
              267 266 1016 -1 
              267 1016 1017 -1 
              268 267 1017 -1 
              1018 268 1017 -1 
              269 268 1018 -1 
              269 1018 1019 -1 
              270 269 1019 -1 
              1020 270 1019 -1 
              271 270 1020 -1 
              271 1020 1021 -1 
              272 271 1021 -1 
              1022 272 1021 -1 
              273 272 1022 -1 
              273 1022 1023 -1 
              274 273 1023 -1 
              1024 274 1023 -1 
              275 274 1024 -1 
              275 1024 1025 -1 
              276 275 1025 -1 
              1026 276 1025 -1 
              277 276 1026 -1 
              277 1026 1027 -1 
              278 277 1027 -1 
              1028 278 1027 -1 
              16 278 1028 -1 
              16 1028 1029 -1 
              531 16 1029 -1 
              1030 531 1029 -1 
              532 531 1030 -1 
              532 1030 1031 -1 
              533 532 1031 -1 
              1032 533 1031 -1 
              534 533 1032 -1 
              534 1032 1033 -1 
              535 534 1033 -1 
              1034 535 1033 -1 
              536 535 1034 -1 
              536 1034 1035 -1 
              537 536 1035 -1 
              1036 537 1035 -1 
              538 537 1036 -1 
              538 1036 1037 -1 
              539 538 1037 -1 
              1038 539 1037 -1 
              540 539 1038 -1 
              540 1038 1039 -1 
              541 540 1039 -1 
              1040 541 1039 -1 
              542 541 1040 -1 
              542 1040 1041 -1 
              543 542 1041 -1 
              1042 543 1041 -1 
              544 543 1042 -1 
              544 1042 1043 -1 
              545 544 1043 -1 
              1044 545 1043 -1 
              546 545 1044 -1 
              546 1044 1045 -1 
              547 546 1045 -1 
              1046 547 1045 -1 
              548 547 1046 -1 
              548 1046 1047 -1 
              549 548 1047 -1 
              1048 549 1047 -1 
              550 549 1048 -1 
              550 1048 1049 -1 
              551 550 1049 -1 
              1050 551 1049 -1 
              552 551 1050 -1 
              552 1050 1051 -1 
              553 552 1051 -1 
              1052 553 1051 -1 
              9 553 1052 -1 
              9 1052 1053 -1 
              210 9 1053 -1 
              1054 210 1053 -1 
              211 210 1054 -1 
              211 1054 1055 -1 
              212 211 1055 -1 
              1056 212 1055 -1 
              213 212 1056 -1 
              213 1056 1057 -1 
              214 213 1057 -1 
              1058 214 1057 -1 
              215 214 1058 -1 
              215 1058 1059 -1 
              216 215 1059 -1 
              1060 216 1059 -1 
              217 216 1060 -1 
              217 1060 1061 -1 
              218 217 1061 -1 
              1062 218 1061 -1 
              219 218 1062 -1 
              219 1062 1063 -1 
              220 219 1063 -1 
              1064 220 1063 -1 
              221 220 1064 -1 
              221 1064 1065 -1 
              222 221 1065 -1 
              1066 222 1065 -1 
              223 222 1066 -1 
              223 1066 1067 -1 
              224 223 1067 -1 
              1068 224 1067 -1 
              225 224 1068 -1 
              225 1068 1069 -1 
              226 225 1069 -1 
              1070 226 1069 -1 
              227 226 1070 -1 
              227 1070 1071 -1 
              228 227 1071 -1 
              1072 228 1071 -1 
              229 228 1072 -1 
              229 1072 1073 -1 
              230 229 1073 -1 
              1074 230 1073 -1 
              231 230 1074 -1 
              231 1074 1075 -1 
              232 231 1075 -1 
              1076 232 1075 -1 
              12 232 1076 -1 
              12 1076 1077 -1 
              462 12 1077 -1 
              1078 462 1077 -1 
              463 462 1078 -1 
              463 1078 1079 -1 
              464 463 1079 -1 
              1080 464 1079 -1 
              465 464 1080 -1 
              465 1080 1081 -1 
              466 465 1081 -1 
              1082 466 1081 -1 
              467 466 1082 -1 
              467 1082 1083 -1 
              468 467 1083 -1 
              1084 468 1083 -1 
              469 468 1084 -1 
              469 1084 1085 -1 
              470 469 1085 -1 
              1086 470 1085 -1 
              471 470 1086 -1 
              471 1086 1087 -1 
              472 471 1087 -1 
              1088 472 1087 -1 
              473 472 1088 -1 
              473 1088 1089 -1 
              474 473 1089 -1 
              1090 474 1089 -1 
              475 474 1090 -1 
              475 1090 1091 -1 
              476 475 1091 -1 
              1092 476 1091 -1 
              477 476 1092 -1 
              477 1092 1093 -1 
              478 477 1093 -1 
              1094 478 1093 -1 
              479 478 1094 -1 
              479 1094 1095 -1 
              480 479 1095 -1 
              1096 480 1095 -1 
              481 480 1096 -1 
              481 1096 1097 -1 
              482 481 1097 -1 
              1098 482 1097 -1 
              483 482 1098 -1 
              483 1098 1099 -1 
              484 483 1099 -1 
              1100 484 1099 -1 
              5 484 1100 -1 
              5 1100 1101 -1 
              164 5 1101 -1 
              1102 164 1101 -1 
              165 164 1102 -1 
              165 1102 1103 -1 
              166 165 1103 -1 
              1104 166 1103 -1 
              167 166 1104 -1 
              167 1104 1105 -1 
              168 167 1105 -1 
              1106 168 1105 -1 
              169 168 1106 -1 
              169 1106 1107 -1 
              170 169 1107 -1 
              1108 170 1107 -1 
              171 170 1108 -1 
              171 1108 1109 -1 
              172 171 1109 -1 
              1110 172 1109 -1 
              173 172 1110 -1 
              173 1110 1111 -1 
              174 173 1111 -1 
              1112 174 1111 -1 
              175 174 1112 -1 
              175 1112 1113 -1 
              176 175 1113 -1 
              1114 176 1113 -1 
              177 176 1114 -1 
              177 1114 1115 -1 
              1138 1137 179 -1 
              35 1138 179 -1 
              178 177 1115 -1 
              1116 178 1115 -1 
              179 178 1116 -1 
              179 1116 35 -1 
              181 1136 1135 -1 
              1137 1136 181 -1 
              180 179 1137 -1 
              181 180 1137 -1 
              183 1134 1133 -1 
              1135 1134 183 -1 
              182 181 1135 -1 
              183 182 1135 -1 
              185 1132 1131 -1 
              1133 1132 185 -1 
              184 183 1133 -1 
              185 184 1133 -1 
              1130 1129 8 -1 
              1131 1130 8 -1 
              186 185 1131 -1 
              8 186 1131 -1 
              1128 1127 1118 -1 
              1129 1128 1118 -1 
              1129 1117 8 -1 
              1118 1117 1129 -1 
              1120 1126 1125 -1 
              1127 1126 1120 -1 
              1127 1119 1118 -1 
              1120 1119 1127 -1 
              1122 1124 36 -1 
              36 1123 1122 -1 
              1125 1124 1122 -1 
              1122 1120 1125 -1 
              918 1294 1295 -1 
              917 1293 1294 -1 
              916 1292 1293 -1 
              915 1291 1292 -1 
              914 1290 1291 -1 
              913 1289 1290 -1 
              912 1288 1289 -1 
              911 1287 1288 -1 
              910 1286 1287 -1 
              909 1285 1286 -1 
              908 1284 1285 -1 
              907 1283 1284 -1 
              906 1282 1283 -1 
              905 1281 1282 -1 
              904 1280 1281 -1 
              903 1279 1280 -1 
              902 1278 1279 -1 
              901 1277 1278 -1 
              900 1276 1277 -1 
              899 1275 1276 -1 
              898 1274 1275 -1 
              897 1273 1274 -1 
              896 1272 1273 -1 
              895 1271 1272 -1 
              894 1270 1271 -1 
              893 1269 1270 -1 
              892 1268 1269 -1 
              891 1267 1268 -1 
              890 1266 1267 -1 
              889 1265 1266 -1 
              888 1264 1265 -1 
              887 1263 1264 -1 
              886 1262 1263 -1 
              885 1261 1262 -1 
              884 1260 1261 -1 
              883 1259 1260 -1 
              882 1258 1259 -1 
              881 1257 1258 -1 
              880 1256 1257 -1 
              879 1255 1256 -1 
              878 1254 1255 -1 
              877 1253 1254 -1 
              876 1252 1253 -1 
              875 1251 1252 -1 
              874 1250 1251 -1 
              873 1249 1250 -1 
              872 1248 1249 -1 
              871 1247 1248 -1 
              870 1246 1247 -1 
              869 1245 1246 -1 
              868 1244 1245 -1 
              867 1243 1244 -1 
              866 1242 1243 -1 
              865 1241 1242 -1 
              864 1240 1241 -1 
              863 1239 1240 -1 
              862 1238 1239 -1 
              861 1237 1238 -1 
              860 1236 1237 -1 
              859 1235 1236 -1 
              858 1234 1235 -1 
              857 1233 1234 -1 
              856 1232 1233 -1 
              855 1231 1232 -1 
              854 1230 1231 -1 
              853 1229 1230 -1 
              852 1228 1229 -1 
              851 1227 1228 -1 
              850 1226 1227 -1 
              849 1225 1226 -1 
              848 1224 1225 -1 
              847 1223 1224 -1 
              846 1222 1223 -1 
              845 1221 1222 -1 
              844 1220 1221 -1 
              843 1219 1220 -1 
              842 1218 1219 -1 
              841 1217 1218 -1 
              840 1216 1217 -1 
              839 1215 1216 -1 
              838 1214 1215 -1 
              837 1213 1214 -1 
              836 1212 1213 -1 
              835 1211 1212 -1 
              1208 1209 832 -1 
              1207 1208 831 -1 
              1206 1207 830 -1 
              1205 1206 829 -1 
              1204 1205 828 -1 
              1203 1204 827 -1 
              1202 1203 826 -1 
              1201 1202 825 -1 
              1200 1201 824 -1 
              1199 1200 823 -1 
              1198 1199 822 -1 
              1197 1198 821 -1 
              1196 1197 820 -1 
              1195 1196 819 -1 
              1194 1195 818 -1 
              1193 1194 817 -1 
              1192 1193 816 -1 
              1191 1192 815 -1 
              1190 1191 814 -1 
              1189 1190 813 -1 
              1188 1189 812 -1 
              1187 1188 811 -1 
              1186 1187 810 -1 
              1185 1186 809 -1 
              1184 1185 808 -1 
              1183 1184 807 -1 
              1182 1183 806 -1 
              1181 1182 805 -1 
              1180 1181 804 -1 
              1179 1180 803 -1 
              1178 1179 802 -1 
              1177 1178 801 -1 
              1176 1177 800 -1 
              1175 1176 799 -1 
              1174 1175 798 -1 
              1173 1174 797 -1 
              1172 1173 796 -1 
              1171 1172 795 -1 
              1170 1171 794 -1 
              1169 1170 793 -1 
              1168 1169 792 -1 
              1167 1168 791 -1 
              1166 1167 790 -1 
              1165 1166 789 -1 
              1164 1165 788 -1 
              1163 1164 787 -1 
              1162 1163 786 -1 
              1161 1162 785 -1 
              1160 1161 784 -1 
              1159 1160 783 -1 
              1158 1159 782 -1 
              1157 1158 781 -1 
              1156 1157 780 -1 
              1155 1156 779 -1 
              1154 1155 778 -1 
              38 1154 34 -1 
              834 1210 1211 -1 
              833 1209 1210 -1 
              778 34 1154 -1 
              779 778 1155 -1 
              780 779 1156 -1 
              781 780 1157 -1 
              782 781 1158 -1 
              783 782 1159 -1 
              784 783 1160 -1 
              785 784 1161 -1 
              786 785 1162 -1 
              787 786 1163 -1 
              788 787 1164 -1 
              789 788 1165 -1 
              790 789 1166 -1 
              791 790 1167 -1 
              792 791 1168 -1 
              793 792 1169 -1 
              794 793 1170 -1 
              795 794 1171 -1 
              796 795 1172 -1 
              797 796 1173 -1 
              798 797 1174 -1 
              799 798 1175 -1 
              800 799 1176 -1 
              801 800 1177 -1 
              802 801 1178 -1 
              803 802 1179 -1 
              804 803 1180 -1 
              805 804 1181 -1 
              806 805 1182 -1 
              807 806 1183 -1 
              808 807 1184 -1 
              809 808 1185 -1 
              810 809 1186 -1 
              811 810 1187 -1 
              812 811 1188 -1 
              813 812 1189 -1 
              814 813 1190 -1 
              815 814 1191 -1 
              816 815 1192 -1 
              817 816 1193 -1 
              818 817 1194 -1 
              819 818 1195 -1 
              820 819 1196 -1 
              821 820 1197 -1 
              822 821 1198 -1 
              823 822 1199 -1 
              824 823 1200 -1 
              825 824 1201 -1 
              826 825 1202 -1 
              827 826 1203 -1 
              828 827 1204 -1 
              829 828 1205 -1 
              830 829 1206 -1 
              831 830 1207 -1 
              832 831 1208 -1 
              833 832 1209 -1 
              834 833 1210 -1 
              835 834 1211 -1 
              836 835 1212 -1 
              837 836 1213 -1 
              838 837 1214 -1 
              839 838 1215 -1 
              840 839 1216 -1 
              841 840 1217 -1 
              842 841 1218 -1 
              843 842 1219 -1 
              844 843 1220 -1 
              845 844 1221 -1 
              846 845 1222 -1 
              847 846 1223 -1 
              848 847 1224 -1 
              849 848 1225 -1 
              850 849 1226 -1 
              851 850 1227 -1 
              852 851 1228 -1 
              853 852 1229 -1 
              854 853 1230 -1 
              855 854 1231 -1 
              856 855 1232 -1 
              857 856 1233 -1 
              858 857 1234 -1 
              859 858 1235 -1 
              860 859 1236 -1 
              861 860 1237 -1 
              862 861 1238 -1 
              863 862 1239 -1 
              864 863 1240 -1 
              865 864 1241 -1 
              866 865 1242 -1 
              867 866 1243 -1 
              868 867 1244 -1 
              869 868 1245 -1 
              870 869 1246 -1 
              871 870 1247 -1 
              872 871 1248 -1 
              873 872 1249 -1 
              874 873 1250 -1 
              875 874 1251 -1 
              876 875 1252 -1 
              877 876 1253 -1 
              878 877 1254 -1 
              879 878 1255 -1 
              880 879 1256 -1 
              881 880 1257 -1 
              882 881 1258 -1 
              883 882 1259 -1 
              884 883 1260 -1 
              885 884 1261 -1 
              886 885 1262 -1 
              887 886 1263 -1 
              888 887 1264 -1 
              889 888 1265 -1 
              890 889 1266 -1 
              891 890 1267 -1 
              892 891 1268 -1 
              893 892 1269 -1 
              894 893 1270 -1 
              895 894 1271 -1 
              896 895 1272 -1 
              897 896 1273 -1 
              898 897 1274 -1 
              899 898 1275 -1 
              900 899 1276 -1 
              901 900 1277 -1 
              902 901 1278 -1 
              903 902 1279 -1 
              904 903 1280 -1 
              905 904 1281 -1 
              906 905 1282 -1 
              907 906 1283 -1 
              908 907 1284 -1 
              909 908 1285 -1 
              910 909 1286 -1 
              911 910 1287 -1 
              912 911 1288 -1 
              913 912 1289 -1 
              914 913 1290 -1 
              915 914 1291 -1 
              916 915 1292 -1 
              917 916 1293 -1 
              918 917 1294 -1 
              919 918 1295 -1 
              1139 1116 1115 -1 
              1139 35 1116 -1 
              1153 1481 37 -1 
              920 919 1295 -1 
              1296 920 1295 -1 
              921 920 1296 -1 
              921 1296 1297 -1 
              922 921 1297 -1 
              1298 922 1297 -1 
              923 922 1298 -1 
              923 1298 1299 -1 
              924 923 1299 -1 
              1300 924 1299 -1 
              925 924 1300 -1 
              925 1300 1301 -1 
              926 925 1301 -1 
              1302 926 1301 -1 
              927 926 1302 -1 
              927 1302 1303 -1 
              928 927 1303 -1 
              1304 928 1303 -1 
              929 928 1304 -1 
              929 1304 1305 -1 
              930 929 1305 -1 
              1306 930 1305 -1 
              931 930 1306 -1 
              931 1306 1307 -1 
              932 931 1307 -1 
              1308 932 1307 -1 
              933 932 1308 -1 
              933 1308 1309 -1 
              934 933 1309 -1 
              1310 934 1309 -1 
              935 934 1310 -1 
              935 1310 1311 -1 
              936 935 1311 -1 
              1312 936 1311 -1 
              937 936 1312 -1 
              937 1312 1313 -1 
              938 937 1313 -1 
              1314 938 1313 -1 
              939 938 1314 -1 
              939 1314 1315 -1 
              940 939 1315 -1 
              1316 940 1315 -1 
              941 940 1316 -1 
              941 1316 1317 -1 
              942 941 1317 -1 
              1318 942 1317 -1 
              943 942 1318 -1 
              943 1318 1319 -1 
              944 943 1319 -1 
              1320 944 1319 -1 
              945 944 1320 -1 
              945 1320 1321 -1 
              946 945 1321 -1 
              1322 946 1321 -1 
              947 946 1322 -1 
              947 1322 1323 -1 
              948 947 1323 -1 
              1324 948 1323 -1 
              949 948 1324 -1 
              949 1324 1325 -1 
              950 949 1325 -1 
              1326 950 1325 -1 
              951 950 1326 -1 
              951 1326 1327 -1 
              952 951 1327 -1 
              1328 952 1327 -1 
              953 952 1328 -1 
              953 1328 1329 -1 
              954 953 1329 -1 
              1330 954 1329 -1 
              955 954 1330 -1 
              955 1330 1331 -1 
              956 955 1331 -1 
              1332 956 1331 -1 
              957 956 1332 -1 
              957 1332 1333 -1 
              958 957 1333 -1 
              1334 958 1333 -1 
              959 958 1334 -1 
              959 1334 1335 -1 
              960 959 1335 -1 
              1336 960 1335 -1 
              961 960 1336 -1 
              961 1336 1337 -1 
              962 961 1337 -1 
              1338 962 1337 -1 
              963 962 1338 -1 
              963 1338 1339 -1 
              964 963 1339 -1 
              1340 964 1339 -1 
              965 964 1340 -1 
              965 1340 1341 -1 
              966 965 1341 -1 
              1342 966 1341 -1 
              967 966 1342 -1 
              967 1342 1343 -1 
              968 967 1343 -1 
              1344 968 1343 -1 
              969 968 1344 -1 
              969 1344 1345 -1 
              970 969 1345 -1 
              1346 970 1345 -1 
              971 970 1346 -1 
              971 1346 1347 -1 
              972 971 1347 -1 
              1348 972 1347 -1 
              973 972 1348 -1 
              973 1348 1349 -1 
              974 973 1349 -1 
              1350 974 1349 -1 
              975 974 1350 -1 
              975 1350 1351 -1 
              976 975 1351 -1 
              1352 976 1351 -1 
              977 976 1352 -1 
              977 1352 1353 -1 
              978 977 1353 -1 
              1354 978 1353 -1 
              979 978 1354 -1 
              979 1354 1355 -1 
              980 979 1355 -1 
              1356 980 1355 -1 
              981 980 1356 -1 
              981 1356 1357 -1 
              982 981 1357 -1 
              1358 982 1357 -1 
              983 982 1358 -1 
              983 1358 1359 -1 
              984 983 1359 -1 
              1360 984 1359 -1 
              985 984 1360 -1 
              985 1360 1361 -1 
              986 985 1361 -1 
              1362 986 1361 -1 
              987 986 1362 -1 
              987 1362 1363 -1 
              988 987 1363 -1 
              1364 988 1363 -1 
              989 988 1364 -1 
              989 1364 1365 -1 
              990 989 1365 -1 
              1366 990 1365 -1 
              991 990 1366 -1 
              991 1366 1367 -1 
              992 991 1367 -1 
              1368 992 1367 -1 
              993 992 1368 -1 
              993 1368 1369 -1 
              994 993 1369 -1 
              1370 994 1369 -1 
              995 994 1370 -1 
              995 1370 1371 -1 
              996 995 1371 -1 
              1372 996 1371 -1 
              997 996 1372 -1 
              997 1372 1373 -1 
              998 997 1373 -1 
              1374 998 1373 -1 
              999 998 1374 -1 
              999 1374 1375 -1 
              1000 999 1375 -1 
              1376 1000 1375 -1 
              1001 1000 1376 -1 
              1001 1376 1377 -1 
              1002 1001 1377 -1 
              1378 1002 1377 -1 
              1003 1002 1378 -1 
              1003 1378 1379 -1 
              1004 1003 1379 -1 
              1380 1004 1379 -1 
              1005 1004 1380 -1 
              1005 1380 1381 -1 
              1006 1005 1381 -1 
              1382 1006 1381 -1 
              1007 1006 1382 -1 
              1007 1382 1383 -1 
              1008 1007 1383 -1 
              1384 1008 1383 -1 
              1009 1008 1384 -1 
              1009 1384 1385 -1 
              1010 1009 1385 -1 
              1386 1010 1385 -1 
              1011 1010 1386 -1 
              1011 1386 1387 -1 
              1012 1011 1387 -1 
              1388 1012 1387 -1 
              1013 1012 1388 -1 
              1013 1388 1389 -1 
              1014 1013 1389 -1 
              1390 1014 1389 -1 
              1015 1014 1390 -1 
              1015 1390 1391 -1 
              1016 1015 1391 -1 
              1392 1016 1391 -1 
              1017 1016 1392 -1 
              1017 1392 1393 -1 
              1018 1017 1393 -1 
              1394 1018 1393 -1 
              1019 1018 1394 -1 
              1019 1394 1395 -1 
              1020 1019 1395 -1 
              1396 1020 1395 -1 
              1021 1020 1396 -1 
              1021 1396 1397 -1 
              1022 1021 1397 -1 
              1398 1022 1397 -1 
              1023 1022 1398 -1 
              1023 1398 1399 -1 
              1024 1023 1399 -1 
              1400 1024 1399 -1 
              1025 1024 1400 -1 
              1025 1400 1401 -1 
              1026 1025 1401 -1 
              1402 1026 1401 -1 
              1027 1026 1402 -1 
              1027 1402 1403 -1 
              1028 1027 1403 -1 
              1404 1028 1403 -1 
              1029 1028 1404 -1 
              1029 1404 1405 -1 
              1030 1029 1405 -1 
              1406 1030 1405 -1 
              1031 1030 1406 -1 
              1031 1406 1407 -1 
              1032 1031 1407 -1 
              1408 1032 1407 -1 
              1033 1032 1408 -1 
              1033 1408 1409 -1 
              1034 1033 1409 -1 
              1410 1034 1409 -1 
              1035 1034 1410 -1 
              1035 1410 1411 -1 
              1036 1035 1411 -1 
              1412 1036 1411 -1 
              1037 1036 1412 -1 
              1037 1412 1413 -1 
              1038 1037 1413 -1 
              1414 1038 1413 -1 
              1039 1038 1414 -1 
              1039 1414 1415 -1 
              1040 1039 1415 -1 
              1416 1040 1415 -1 
              1041 1040 1416 -1 
              1041 1416 1417 -1 
              1042 1041 1417 -1 
              1418 1042 1417 -1 
              1043 1042 1418 -1 
              1043 1418 1419 -1 
              1044 1043 1419 -1 
              1420 1044 1419 -1 
              1045 1044 1420 -1 
              1045 1420 1421 -1 
              1046 1045 1421 -1 
              1422 1046 1421 -1 
              1047 1046 1422 -1 
              1047 1422 1423 -1 
              1048 1047 1423 -1 
              1424 1048 1423 -1 
              1049 1048 1424 -1 
              1049 1424 1425 -1 
              1050 1049 1425 -1 
              1426 1050 1425 -1 
              1051 1050 1426 -1 
              1051 1426 1427 -1 
              1052 1051 1427 -1 
              1428 1052 1427 -1 
              1053 1052 1428 -1 
              1053 1428 1429 -1 
              1054 1053 1429 -1 
              1430 1054 1429 -1 
              1055 1054 1430 -1 
              1055 1430 1431 -1 
              1056 1055 1431 -1 
              1432 1056 1431 -1 
              1057 1056 1432 -1 
              1057 1432 1433 -1 
              1058 1057 1433 -1 
              1434 1058 1433 -1 
              1059 1058 1434 -1 
              1059 1434 1435 -1 
              1060 1059 1435 -1 
              1436 1060 1435 -1 
              1061 1060 1436 -1 
              1061 1436 1437 -1 
              1062 1061 1437 -1 
              1438 1062 1437 -1 
              1063 1062 1438 -1 
              1063 1438 1439 -1 
              1064 1063 1439 -1 
              1440 1064 1439 -1 
              1065 1064 1440 -1 
              1065 1440 1441 -1 
              1066 1065 1441 -1 
              1442 1066 1441 -1 
              1067 1066 1442 -1 
              1067 1442 1443 -1 
              1068 1067 1443 -1 
              1444 1068 1443 -1 
              1069 1068 1444 -1 
              1069 1444 1445 -1 
              1070 1069 1445 -1 
              1446 1070 1445 -1 
              1071 1070 1446 -1 
              1071 1446 1447 -1 
              1072 1071 1447 -1 
              1448 1072 1447 -1 
              1073 1072 1448 -1 
              1073 1448 1449 -1 
              1074 1073 1449 -1 
              1450 1074 1449 -1 
              1075 1074 1450 -1 
              1075 1450 1451 -1 
              1076 1075 1451 -1 
              1452 1076 1451 -1 
              1077 1076 1452 -1 
              1077 1452 1453 -1 
              1078 1077 1453 -1 
              1454 1078 1453 -1 
              1079 1078 1454 -1 
              1079 1454 1455 -1 
              1080 1079 1455 -1 
              1456 1080 1455 -1 
              1081 1080 1456 -1 
              1081 1456 1457 -1 
              1082 1081 1457 -1 
              1458 1082 1457 -1 
              1083 1082 1458 -1 
              1083 1458 1459 -1 
              1084 1083 1459 -1 
              1460 1084 1459 -1 
              1085 1084 1460 -1 
              1085 1460 1461 -1 
              1086 1085 1461 -1 
              1462 1086 1461 -1 
              1087 1086 1462 -1 
              1087 1462 1463 -1 
              1088 1087 1463 -1 
              1464 1088 1463 -1 
              1089 1088 1464 -1 
              1089 1464 1465 -1 
              1090 1089 1465 -1 
              1466 1090 1465 -1 
              1091 1090 1466 -1 
              1091 1466 1467 -1 
              1092 1091 1467 -1 
              1468 1092 1467 -1 
              1093 1092 1468 -1 
              1093 1468 1469 -1 
              1094 1093 1469 -1 
              1470 1094 1469 -1 
              1095 1094 1470 -1 
              1095 1470 1471 -1 
              1096 1095 1471 -1 
              1472 1096 1471 -1 
              1097 1096 1472 -1 
              1097 1472 1473 -1 
              1098 1097 1473 -1 
              1474 1098 1473 -1 
              1099 1098 1474 -1 
              1099 1474 1475 -1 
              1100 1099 1475 -1 
              1476 1100 1475 -1 
              1101 1100 1476 -1 
              1101 1476 1477 -1 
              1102 1101 1477 -1 
              1478 1102 1477 -1 
              1103 1102 1478 -1 
              1103 1478 1479 -1 
              1481 1153 1152 -1 
              1104 1103 1479 -1 
              1480 1104 1479 -1 
              1105 1104 1480 -1 
              1105 1480 1481 -1 
              1107 1151 1150 -1 
              1107 1150 1149 -1 
              1152 1151 1107 -1 
              1152 1105 1481 -1 
              1152 1106 1105 -1 
              1107 1106 1152 -1 
              1147 1146 1109 -1 
              1148 1147 1109 -1 
              1149 1148 1109 -1 
              1108 1107 1149 -1 
              1109 1108 1149 -1 
              1145 1144 1111 -1 
              1146 1145 1111 -1 
              1110 1109 1146 -1 
              1111 1110 1146 -1 
              1113 1143 1142 -1 
              1113 1142 1141 -1 
              1144 1143 1113 -1 
              1112 1111 1144 -1 
              1113 1112 1144 -1 
              1115 1140 1139 -1 
              1141 1140 1115 -1 
              1114 1113 1141 -1 
              1115 1114 1141 -1 
              15 508 509 -1 
              252 253 254 -1 
              1281 642 643 -1 
              1280 641 642 -1 
              1279 640 641 -1 
              1278 639 640 -1 
              1277 638 639 -1 
              1276 637 638 -1 
              1275 636 637 -1 
              1274 635 636 -1 
              1273 634 635 -1 
              1272 633 634 -1 
              1271 632 633 -1 
              1270 631 632 -1 
              1269 630 631 -1 
              1268 629 630 -1 
              1267 628 629 -1 
              1266 627 628 -1 
              1265 626 627 -1 
              1265 625 626 -1 
              1264 624 625 -1 
              1263 623 624 -1 
              1262 23 623 -1 
              1260 347 23 -1 
              1259 346 347 -1 
              1258 345 346 -1 
              1257 344 345 -1 
              1256 343 344 -1 
              1255 342 343 -1 
              1254 341 342 -1 
              1253 340 341 -1 
              1252 339 340 -1 
              1251 338 339 -1 
              1250 337 338 -1 
              1249 336 337 -1 
              1248 335 336 -1 
              1247 334 335 -1 
              1246 333 334 -1 
              1245 332 333 -1 
              1244 331 332 -1 
              1243 330 331 -1 
              1242 329 330 -1 
              1241 328 329 -1 
              1240 327 328 -1 
              1239 326 327 -1 
              1238 325 326 -1 
              1237 22 325 -1 
              1236 691 22 -1 
              1235 690 691 -1 
              1234 689 690 -1 
              1233 688 689 -1 
              1232 687 688 -1 
              1231 686 687 -1 
              1230 685 686 -1 
              1229 684 685 -1 
              1228 683 684 -1 
              1227 682 683 -1 
              1226 681 682 -1 
              1225 680 681 -1 
              1224 679 680 -1 
              1223 678 679 -1 
              1222 677 678 -1 
              1221 676 677 -1 
              1220 675 676 -1 
              1219 674 675 -1 
              1218 673 674 -1 
              670 671 672 -1 
              27 669 670 -1 
              390 391 392 -1 
              1207 388 389 -1 
              1206 387 388 -1 
              1205 386 387 -1 
              384 385 1203 -1 
              383 384 1202 -1 
              382 383 1201 -1 
              381 382 1200 -1 
              380 381 1199 -1 
              379 380 1198 -1 
              378 379 1197 -1 
              377 378 1196 -1 
              376 377 1195 -1 
              375 376 1194 -1 
              374 375 1193 -1 
              373 374 1192 -1 
              372 373 1191 -1 
              371 372 1190 -1 
              26 371 1189 -1 
              737 26 1188 -1 
              736 737 1187 -1 
              735 736 1186 -1 
              734 735 1185 -1 
              733 734 1184 -1 
              732 733 1183 -1 
              731 732 1182 -1 
              730 731 1181 -1 
              729 730 1180 -1 
              728 729 1179 -1 
              727 728 1178 -1 
              726 727 1177 -1 
              725 726 1176 -1 
              724 725 1175 -1 
              723 724 1174 -1 
              722 723 1173 -1 
              721 722 1172 -1 
              720 721 1171 -1 
              719 720 1170 -1 
              718 719 1169 -1 
              717 718 1168 -1 
              716 717 1167 -1 
              715 716 1166 -1 
              31 715 1165 -1 
              427 31 1164 -1 
              426 427 1163 -1 
              425 426 1162 -1 
              424 425 1161 -1 
              423 424 1160 -1 
              422 423 1159 -1 
              421 422 1158 -1 
              420 421 1157 -1 
              419 420 1156 -1 
              418 419 1155 -1 
              417 418 1154 -1 
              30 417 38 -1 
              1204 385 386 -1 
              1154 38 417 -1 
              1155 1154 418 -1 
              1156 1155 419 -1 
              1157 1156 420 -1 
              1158 1157 421 -1 
              1159 1158 422 -1 
              1160 1159 423 -1 
              1161 1160 424 -1 
              1162 1161 425 -1 
              1163 1162 426 -1 
              1164 1163 427 -1 
              1165 1164 31 -1 
              1166 1165 715 -1 
              1167 1166 716 -1 
              1168 1167 717 -1 
              1169 1168 718 -1 
              1170 1169 719 -1 
              1171 1170 720 -1 
              1172 1171 721 -1 
              1173 1172 722 -1 
              1174 1173 723 -1 
              1175 1174 724 -1 
              1176 1175 725 -1 
              1177 1176 726 -1 
              1178 1177 727 -1 
              1179 1178 728 -1 
              1180 1179 729 -1 
              1181 1180 730 -1 
              1182 1181 731 -1 
              1183 1182 732 -1 
              1184 1183 733 -1 
              1185 1184 734 -1 
              1186 1185 735 -1 
              1187 1186 736 -1 
              1188 1187 737 -1 
              1189 1188 26 -1 
              1190 1189 371 -1 
              1191 1190 372 -1 
              1192 1191 373 -1 
              1193 1192 374 -1 
              1194 1193 375 -1 
              1195 1194 376 -1 
              1196 1195 377 -1 
              1197 1196 378 -1 
              1198 1197 379 -1 
              1199 1198 380 -1 
              1200 1199 381 -1 
              1201 1200 382 -1 
              1202 1201 383 -1 
              1203 1202 384 -1 
              1204 1203 385 -1 
              1205 1204 386 -1 
              1206 1205 387 -1 
              1207 1206 388 -1 
              1208 1207 389 -1 
              1212 1211 27 -1 
              1213 1212 27 -1 
              1214 1213 27 -1 
              1215 1214 27 -1 
              1218 1217 673 -1 
              1219 1218 674 -1 
              1220 1219 675 -1 
              1221 1220 676 -1 
              1222 1221 677 -1 
              1223 1222 678 -1 
              1224 1223 679 -1 
              1225 1224 680 -1 
              1226 1225 681 -1 
              1227 1226 682 -1 
              1228 1227 683 -1 
              1229 1228 684 -1 
              1230 1229 685 -1 
              1231 1230 686 -1 
              1232 1231 687 -1 
              1233 1232 688 -1 
              1234 1233 689 -1 
              1235 1234 690 -1 
              1236 1235 691 -1 
              1237 1236 22 -1 
              1238 1237 325 -1 
              1239 1238 326 -1 
              1240 1239 327 -1 
              1241 1240 328 -1 
              1242 1241 329 -1 
              1243 1242 330 -1 
              1244 1243 331 -1 
              1245 1244 332 -1 
              1246 1245 333 -1 
              1247 1246 334 -1 
              1248 1247 335 -1 
              1249 1248 336 -1 
              1250 1249 337 -1 
              1251 1250 338 -1 
              1252 1251 339 -1 
              1253 1252 340 -1 
              1254 1253 341 -1 
              1255 1254 342 -1 
              1256 1255 343 -1 
              1257 1256 344 -1 
              1258 1257 345 -1 
              1259 1258 346 -1 
              1260 1259 347 -1 
              1261 1260 23 -1 
              1262 1261 23 -1 
              1263 1262 623 -1 
              1264 1263 624 -1 
              1265 1264 625 -1 
              1266 1265 627 -1 
              1267 1266 628 -1 
              1268 1267 629 -1 
              1269 1268 630 -1 
              1270 1269 631 -1 
              1271 1270 632 -1 
              1272 1271 633 -1 
              1273 1272 634 -1 
              1274 1273 635 -1 
              1275 1274 636 -1 
              1276 1275 637 -1 
              1277 1276 638 -1 
              1278 1277 639 -1 
              1279 1278 640 -1 
              1280 1279 641 -1 
              1281 1280 642 -1 
              1282 1281 643 -1 
              1495 1480 1479 -1 
              1495 1481 1480 -1 
              1495 37 1481 -1 
              1509 1493 1494 -1 
              1509 1494 39 -1 
              390 1208 389 -1 
              1209 1208 390 -1 
              392 393 27 -1 
              392 27 1211 -1 
              392 1209 390 -1 
              392 1210 1209 -1 
              1211 1210 392 -1 
              1217 672 673 -1 
              670 1217 1216 -1 
              670 672 1217 -1 
              670 1216 1215 -1 
              1215 27 670 -1 
              1283 1282 643 -1 
              1283 643 644 -1 
              1284 1283 644 -1 
              645 1284 644 -1 
              1285 1284 645 -1 
              1285 645 18 -1 
              1286 1285 18 -1 
              279 1286 18 -1 
              1287 1286 279 -1 
              1287 279 280 -1 
              1288 1287 280 -1 
              1289 281 282 -1 
              281 1288 280 -1 
              1289 1288 281 -1 
              1290 1289 282 -1 
              1291 283 284 -1 
              283 1290 282 -1 
              1291 1290 283 -1 
              1292 1291 284 -1 
              1293 285 286 -1 
              285 1292 284 -1 
              1293 1292 285 -1 
              1294 1293 286 -1 
              1295 287 288 -1 
              287 1294 286 -1 
              1295 1294 287 -1 
              1296 1295 288 -1 
              289 1296 288 -1 
              1297 1296 289 -1 
              1297 289 290 -1 
              1298 1297 290 -1 
              291 1298 290 -1 
              1299 1298 291 -1 
              1299 291 292 -1 
              1300 1299 292 -1 
              293 1300 292 -1 
              1301 1300 293 -1 
              1301 293 294 -1 
              1302 1301 294 -1 
              295 1302 294 -1 
              1303 1302 295 -1 
              1303 295 296 -1 
              1304 1303 296 -1 
              297 1304 296 -1 
              1305 1304 297 -1 
              1305 297 298 -1 
              1306 1305 298 -1 
              1307 299 300 -1 
              299 1306 298 -1 
              1307 1306 299 -1 
              1308 1307 300 -1 
              1309 301 19 -1 
              301 1308 300 -1 
              1309 1308 301 -1 
              1310 1309 19 -1 
              1311 577 578 -1 
              577 1310 19 -1 
              1311 1310 577 -1 
              1312 1311 578 -1 
              1313 579 580 -1 
              579 1312 578 -1 
              1313 1312 579 -1 
              1314 1313 580 -1 
              581 1314 580 -1 
              1315 1314 581 -1 
              1315 581 582 -1 
              1316 1315 582 -1 
              583 1316 582 -1 
              1317 1316 583 -1 
              1317 583 584 -1 
              1318 1317 584 -1 
              585 1318 584 -1 
              1319 1318 585 -1 
              1319 585 586 -1 
              1320 1319 586 -1 
              587 1320 586 -1 
              1321 1320 587 -1 
              1321 587 588 -1 
              1322 1321 588 -1 
              589 1322 588 -1 
              1323 1322 589 -1 
              1323 589 590 -1 
              1324 1323 590 -1 
              1325 591 592 -1 
              591 1324 590 -1 
              1325 1324 591 -1 
              1326 1325 592 -1 
              1327 593 594 -1 
              593 1326 592 -1 
              1327 1326 593 -1 
              1328 1327 594 -1 
              1329 595 596 -1 
              595 1328 594 -1 
              1329 1328 595 -1 
              1330 1329 596 -1 
              1331 597 598 -1 
              597 1330 596 -1 
              1331 1330 597 -1 
              1332 1331 598 -1 
              1333 599 14 -1 
              599 1332 598 -1 
              1333 1332 599 -1 
              1334 1333 14 -1 
              1335 233 234 -1 
              233 1334 14 -1 
              1335 1334 233 -1 
              1336 1335 234 -1 
              1337 235 236 -1 
              235 1336 234 -1 
              1337 1336 235 -1 
              1338 1337 236 -1 
              1339 237 238 -1 
              237 1338 236 -1 
              1339 1338 237 -1 
              1340 1339 238 -1 
              1341 239 240 -1 
              239 1340 238 -1 
              1341 1340 239 -1 
              1342 1341 240 -1 
              241 1342 240 -1 
              1343 1342 241 -1 
              1343 241 242 -1 
              1344 1343 242 -1 
              243 1344 242 -1 
              1345 1344 243 -1 
              1345 243 244 -1 
              1346 1345 244 -1 
              1347 245 246 -1 
              245 1346 244 -1 
              1347 1346 245 -1 
              1348 1347 246 -1 
              1349 247 248 -1 
              247 1348 246 -1 
              1349 1348 247 -1 
              1350 1349 248 -1 
              1351 249 250 -1 
              249 1350 248 -1 
              1351 1350 249 -1 
              1352 1351 250 -1 
              1353 1352 252 -1 
              251 1352 250 -1 
              252 1352 251 -1 
              254 255 15 -1 
              254 1353 252 -1 
              254 1354 1353 -1 
              1355 1354 254 -1 
              15 1355 254 -1 
              15 1356 1355 -1 
              1357 1356 15 -1 
              509 510 511 -1 
              1358 1357 15 -1 
              1359 1358 15 -1 
              1359 15 509 -1 
              1360 1359 509 -1 
              1361 1360 509 -1 
              1361 509 511 -1 
              1362 1361 511 -1 
              1363 512 513 -1 
              512 1362 511 -1 
              1363 1362 512 -1 
              1364 1363 513 -1 
              1365 514 515 -1 
              514 1364 513 -1 
              1365 1364 514 -1 
              1366 1365 515 -1 
              1367 516 517 -1 
              516 1366 515 -1 
              1367 1366 516 -1 
              1368 1367 517 -1 
              1369 518 519 -1 
              518 1368 517 -1 
              1369 1368 518 -1 
              1370 1369 519 -1 
              520 1370 519 -1 
              1371 1370 520 -1 
              1371 520 521 -1 
              1372 1371 521 -1 
              522 1372 521 -1 
              1373 1372 522 -1 
              1373 522 523 -1 
              1374 1373 523 -1 
              524 1374 523 -1 
              1375 1374 524 -1 
              1375 524 525 -1 
              1376 1375 525 -1 
              526 1376 525 -1 
              1377 1376 526 -1 
              1377 526 527 -1 
              1378 1377 527 -1 
              528 1378 527 -1 
              1379 1378 528 -1 
              1379 528 529 -1 
              1380 1379 529 -1 
              530 1380 529 -1 
              1381 1380 530 -1 
              1381 530 10 -1 
              1382 1381 10 -1 
              187 1382 10 -1 
              1383 1382 187 -1 
              1383 187 188 -1 
              1384 1383 188 -1 
              189 1384 188 -1 
              1385 1384 189 -1 
              1385 189 190 -1 
              1386 1385 190 -1 
              191 1386 190 -1 
              1387 1386 191 -1 
              1387 191 192 -1 
              1388 1387 192 -1 
              193 1388 192 -1 
              1389 1388 193 -1 
              1389 193 194 -1 
              1390 1389 194 -1 
              195 1390 194 -1 
              1391 1390 195 -1 
              1391 195 196 -1 
              1392 1391 196 -1 
              197 1392 196 -1 
              1393 1392 197 -1 
              1393 197 198 -1 
              1394 1393 198 -1 
              199 1394 198 -1 
              1395 1394 199 -1 
              1395 199 200 -1 
              1396 1395 200 -1 
              201 1396 200 -1 
              1397 1396 201 -1 
              1397 201 202 -1 
              1398 1397 202 -1 
              203 1398 202 -1 
              1399 1398 203 -1 
              1399 203 204 -1 
              1400 1399 204 -1 
              205 1400 204 -1 
              1401 1400 205 -1 
              1401 205 206 -1 
              1402 1401 206 -1 
              207 1402 206 -1 
              1403 1402 207 -1 
              1403 207 208 -1 
              1404 1403 208 -1 
              1405 209 11 -1 
              209 1404 208 -1 
              1405 1404 209 -1 
              1406 1405 11 -1 
              1407 485 486 -1 
              485 1406 11 -1 
              1407 1406 485 -1 
              1408 1407 486 -1 
              487 1408 486 -1 
              1409 1408 487 -1 
              1409 487 488 -1 
              1410 1409 488 -1 
              489 1410 488 -1 
              1411 1410 489 -1 
              1411 489 490 -1 
              1412 1411 490 -1 
              491 1412 490 -1 
              1413 1412 491 -1 
              1413 491 492 -1 
              1414 1413 492 -1 
              493 1414 492 -1 
              1415 1414 493 -1 
              1415 493 494 -1 
              1416 1415 494 -1 
              495 1416 494 -1 
              1417 1416 495 -1 
              1417 495 496 -1 
              1418 1417 496 -1 
              497 1418 496 -1 
              1419 1418 497 -1 
              1419 497 498 -1 
              1420 1419 498 -1 
              499 1420 498 -1 
              1421 1420 499 -1 
              1421 499 500 -1 
              1422 1421 500 -1 
              501 1422 500 -1 
              1423 1422 501 -1 
              1423 501 502 -1 
              1424 1423 502 -1 
              503 1424 502 -1 
              1425 1424 503 -1 
              1425 503 504 -1 
              1426 1425 504 -1 
              505 1426 504 -1 
              1427 1426 505 -1 
              1427 505 506 -1 
              1428 1427 506 -1 
              507 1428 506 -1 
              1429 1428 507 -1 
              1429 507 6 -1 
              1430 1429 6 -1 
              141 1430 6 -1 
              1431 1430 141 -1 
              1431 141 142 -1 
              1432 1431 142 -1 
              143 1432 142 -1 
              1433 1432 143 -1 
              1433 143 144 -1 
              1434 1433 144 -1 
              145 1434 144 -1 
              1435 1434 145 -1 
              1435 145 146 -1 
              1436 1435 146 -1 
              147 1436 146 -1 
              1437 1436 147 -1 
              1437 147 148 -1 
              1438 1437 148 -1 
              149 1438 148 -1 
              1439 1438 149 -1 
              1439 149 150 -1 
              1440 1439 150 -1 
              151 1440 150 -1 
              1441 1440 151 -1 
              1441 151 152 -1 
              1442 1441 152 -1 
              153 1442 152 -1 
              1443 1442 153 -1 
              1443 153 154 -1 
              1444 1443 154 -1 
              155 1444 154 -1 
              1445 1444 155 -1 
              1445 155 156 -1 
              1446 1445 156 -1 
              157 1446 156 -1 
              1447 1446 157 -1 
              1447 157 158 -1 
              1448 1447 158 -1 
              159 1448 158 -1 
              1449 1448 159 -1 
              1449 159 160 -1 
              1450 1449 160 -1 
              1451 161 162 -1 
              161 1450 160 -1 
              1451 1450 161 -1 
              1452 1451 162 -1 
              1453 163 7 -1 
              163 1452 162 -1 
              1453 1452 163 -1 
              1454 1453 7 -1 
              1482 1454 7 -1 
              1455 1454 1482 -1 
              1455 1482 1483 -1 
              1456 1455 1483 -1 
              1457 1484 1485 -1 
              1484 1456 1483 -1 
              1457 1456 1484 -1 
              1458 1457 1485 -1 
              1486 1458 1485 -1 
              1459 1458 1486 -1 
              1459 1486 1487 -1 
              1460 1459 1487 -1 
              1461 1488 1489 -1 
              1488 1460 1487 -1 
              1461 1460 1488 -1 
              1462 1461 1489 -1 
              1463 1490 1491 -1 
              1490 1462 1489 -1 
              1463 1462 1490 -1 
              1464 1463 1491 -1 
              1492 1464 1491 -1 
              1465 1464 1492 -1 
              1465 1492 1493 -1 
              1467 1508 1507 -1 
              1509 1508 1467 -1 
              1509 1465 1493 -1 
              1509 1466 1465 -1 
              1467 1466 1509 -1 
              1506 1505 1469 -1 
              1507 1506 1469 -1 
              1468 1467 1507 -1 
              1469 1468 1507 -1 
              1504 1503 1471 -1 
              1505 1504 1471 -1 
              1470 1469 1505 -1 
              1471 1470 1505 -1 
              1473 1502 1501 -1 
              1473 1501 1500 -1 
              1503 1502 1473 -1 
              1472 1471 1503 -1 
              1473 1472 1503 -1 
              1475 1499 1498 -1 
              1500 1499 1475 -1 
              1474 1473 1500 -1 
              1475 1474 1500 -1 
              1497 1496 1477 -1 
              1498 1497 1477 -1 
              1476 1475 1498 -1 
              1477 1476 1498 -1 
              1496 1495 1479 -1 
              1478 1477 1496 -1 
              1479 1478 1496 -1 
              52 55 1504 -1 
              66 67 41 -1 
              40 66 41 -1 
              64 65 66 -1 
              63 64 66 -1 
              40 1136 66 -1 
              60 61 62 -1 
              59 60 62 -1 
              1151 59 62 -1 
              57 58 59 -1 
              56 57 59 -1 
              53 54 55 -1 
              52 53 55 -1 
              50 51 52 -1 
              49 50 52 -1 
              46 47 48 -1 
              45 46 48 -1 
              43 44 45 -1 
              42 43 45 -1 
              1506 49 52 -1 
              1510 49 39 -1 
              1509 39 49 -1 
              1508 1509 49 -1 
              1507 1508 49 -1 
              1499 55 56 -1 
              1506 1507 49 -1 
              1505 1506 52 -1 
              1504 1505 52 -1 
              1503 1504 55 -1 
              1502 1503 55 -1 
              1501 1502 55 -1 
              1500 1501 55 -1 
              1499 1500 55 -1 
              1498 1499 56 -1 
              1152 56 59 -1 
              1497 1498 56 -1 
              1496 1497 56 -1 
              1495 1496 56 -1 
              37 1495 56 -1 
              1144 62 63 -1 
              1153 37 56 -1 
              1152 1153 56 -1 
              1151 1152 59 -1 
              1150 1151 62 -1 
              1149 1150 62 -1 
              1148 1149 62 -1 
              1147 1148 62 -1 
              1146 1147 62 -1 
              1145 1146 62 -1 
              1144 1145 62 -1 
              1143 1144 63 -1 
              1142 1143 63 -1 
              1137 63 66 -1 
              1141 1142 63 -1 
              1140 1141 63 -1 
              1139 1140 63 -1 
              35 1139 63 -1 
              1138 35 63 -1 
              1131 40 42 -1 
              1137 1138 63 -1 
              1136 1137 66 -1 
              1135 1136 40 -1 
              1134 1135 40 -1 
              1133 1134 40 -1 
              1132 1133 40 -1 
              1131 1132 40 -1 
              1130 1131 42 -1 
              1125 42 45 -1 
              1129 1130 42 -1 
              36 45 48 -1 
              1128 1129 42 -1 
              1127 1128 42 -1 
              1126 1127 42 -1 
              1125 1126 42 -1 
              1124 1125 45 -1 
              36 1124 45 -1 
              1513 36 48 -1 
              1512 1513 48 -1 
              1510 48 49 -1 
              1511 1512 48 -1 
              1510 1511 48 -1 
              69 70 46 -1 
              69 46 68 -1 
              47 46 70 -1 
              51 71 72 -1 
              50 70 71 -1 
              51 72 73 -1 
              50 71 51 -1 
              75 50 74 -1 
              47 70 50 -1 
              47 50 75 -1 
              72 71 53 -1 
              72 53 76 -1 
              54 53 71 -1 
              58 77 78 -1 
              57 71 77 -1 
              58 78 79 -1 
              57 77 58 -1 
              81 57 80 -1 
              54 71 57 -1 
              54 57 81 -1 
              65 83 82 -1 
              65 82 84 -1 
              64 83 65 -1 
              61 83 64 -1 
              86 64 85 -1 
              61 64 86 -1 
              77 83 61 -1 
              78 77 60 -1 
              78 60 87 -1 
              77 61 60 -1 
              82 83 67 -1 
              82 67 88 -1 
              41 67 83 -1 
              44 70 69 -1 
              43 83 70 -1 
              44 69 89 -1 
              43 70 44 -1 
              91 43 90 -1 
              41 83 43 -1 
              41 43 91 -1 
              77 71 2 -1 
              77 2 116 -1 
              77 116 117 -1 
              77 117 118 -1 
              77 118 119 -1 
              77 119 120 -1 
              77 120 121 -1 
              83 77 124 -1 
              77 122 123 -1 
              77 123 124 -1 
              83 124 125 -1 
              83 125 126 -1 
              83 126 127 -1 
              130 83 129 -1 
              131 83 130 -1 
              132 83 131 -1 
              70 83 3 -1 
              83 132 3 -1 
              1515 70 1514 -1 
              1516 70 1515 -1 
              1517 70 1516 -1 
              1518 70 1517 -1 
              1519 70 1518 -1 
              1520 70 1519 -1 
              1521 70 1520 -1 
              71 70 1522 -1 
              70 1521 1522 -1 
              71 1522 1523 -1 
              71 1523 1524 -1 
              71 1524 1525 -1 
              1527 71 1526 -1 
              1528 71 1527 -1 
              1529 71 1528 -1 
              1530 2 71 -1 
              1530 71 1529 -1 
              71 1525 1526 -1 
              70 3 1514 -1 
              83 127 128 -1 
              83 128 129 -1 
              77 121 122 -1 
              1117 1483 1482 -1 
              1119 1485 1484 -1 
              1121 1486 1485 -1 
              1122 1487 1486 -1 
              1123 1488 1487 -1 
              36 1489 1488 -1 
              1513 1490 1489 -1 
              1512 1491 1490 -1 
              1511 1492 1491 -1 
              1510 1494 1493 -1 
              1511 1493 1492 -1 
              1510 39 1494 -1 
              1118 1484 1483 -1 
              1511 1510 1493 -1 
              8 1482 7 -1 
              1512 1511 1491 -1 
              1513 1512 1490 -1 
              36 1513 1489 -1 
              1123 36 1488 -1 
              1122 1123 1487 -1 
              1121 1122 1486 -1 
              1120 1121 1485 -1 
              1119 1120 1485 -1 
              1118 1119 1484 -1 
              1117 1118 1483 -1 
              8 1117 1482 -1 
              59 58 92 -1 
              79 92 58 -1 
              60 59 87 -1 
              92 87 59 -1 
              67 66 88 -1 
              93 88 66 -1 
              66 65 93 -1 
              84 93 65 -1 
              46 45 68 -1 
              94 68 45 -1 
              45 44 94 -1 
              89 94 44 -1 
              53 52 76 -1 
              95 76 52 -1 
              52 51 95 -1 
              73 95 51 -1 
              96 80 57 -1 
              56 96 57 -1 
              97 96 56 -1 
              55 97 56 -1 
              81 97 55 -1 
              54 81 55 -1 
              97 80 96 -1 
              81 80 97 -1 
              98 74 50 -1 
              49 98 50 -1 
              99 98 49 -1 
              48 99 49 -1 
              75 99 48 -1 
              47 75 48 -1 
              98 99 75 -1 
              74 98 75 -1 
              100 85 64 -1 
              63 100 64 -1 
              101 100 63 -1 
              62 101 63 -1 
              86 101 62 -1 
              61 86 62 -1 
              100 101 86 -1 
              85 100 86 -1 
              91 102 40 -1 
              41 91 40 -1 
              103 90 43 -1 
              42 103 43 -1 
              102 103 42 -1 
              40 102 42 -1 
              90 103 102 -1 
              91 90 102 -1 
              84 104 93 -1 
              84 82 104 -1 
              93 104 88 -1 
              82 88 104 -1 
              68 94 105 -1 
              94 89 105 -1 
              68 105 69 -1 
              69 105 89 -1 
              72 76 106 -1 
              95 106 76 -1 
              106 73 72 -1 
              73 106 95 -1 
              79 78 107 -1 
              78 87 107 -1 
              79 107 92 -1 
              92 107 87 -1 
              777 1514 3 -1 
              776 1515 1514 -1 
              775 1516 1515 -1 
              773 1518 1517 -1 
              772 1519 1518 -1 
              771 1520 1519 -1 
              770 1521 1520 -1 
              769 1522 1521 -1 
              767 1524 1523 -1 
              766 1525 1524 -1 
              1528 1527 763 -1 
              1 1530 761 -1 
              2 1530 1 -1 
              762 1529 1528 -1 
              761 1530 1529 -1 
              765 1526 1525 -1 
              764 1527 1526 -1 
              768 1523 1522 -1 
              762 761 1529 -1 
              774 1517 1516 -1 
              763 762 1528 -1 
              764 763 1527 -1 
              765 764 1526 -1 
              766 765 1525 -1 
              767 766 1524 -1 
              768 767 1523 -1 
              769 768 1522 -1 
              770 769 1521 -1 
              771 770 1520 -1 
              772 771 1519 -1 
              773 772 1518 -1 
              774 773 1517 -1 
              775 774 1516 -1 
              776 775 1515 -1 
              777 776 1514 -1 
              4 777 3 -1 
              0 30 34 -1 
              38 34 30 -1 
            ]
            normalIndex [
              17 2 1 -1 
              16 3 2 -1 
              15 4 3 -1 
              14 5 4 -1 
              13 6 5 -1 
              12 7 6 -1 
              11 8 7 -1 
              10 9 8 -1 
              18 1 0 -1 
              11 10 8 -1 
              12 11 7 -1 
              13 12 6 -1 
              14 13 5 -1 
              15 14 4 -1 
              16 15 3 -1 
              17 16 2 -1 
              18 17 1 -1 
              19 18 0 -1 
              20 19 0 -1 
              37 20 0 -1 
              36 21 20 -1 
              35 22 21 -1 
              34 23 22 -1 
              30 29 27 -1 
              32 25 24 -1 
              31 26 25 -1 
              30 27 26 -1 
              29 28 27 -1 
              33 24 23 -1 
              31 30 26 -1 
              32 31 25 -1 
              33 32 24 -1 
              34 33 23 -1 
              35 34 22 -1 
              36 35 21 -1 
              37 36 20 -1 
              40 39 38 -1 
              87 40 38 -1 
              87 41 40 -1 
              83 45 44 -1 
              82 46 45 -1 
              79 49 48 -1 
              77 51 50 -1 
              76 52 51 -1 
              75 53 52 -1 
              74 54 53 -1 
              73 55 54 -1 
              72 56 55 -1 
              71 57 56 -1 
              70 58 57 -1 
              69 59 58 -1 
              68 60 59 -1 
              67 61 60 -1 
              66 62 61 -1 
              65 63 62 -1 
              65 64 63 -1 
              78 50 49 -1 
              66 65 62 -1 
              67 66 61 -1 
              68 67 60 -1 
              69 68 59 -1 
              70 69 58 -1 
              71 70 57 -1 
              80 48 47 -1 
              72 71 56 -1 
              73 72 55 -1 
              81 47 46 -1 
              74 73 54 -1 
              75 74 53 -1 
              76 75 52 -1 
              77 76 51 -1 
              78 77 50 -1 
              84 44 43 -1 
              79 78 49 -1 
              80 79 48 -1 
              85 43 42 -1 
              81 80 47 -1 
              82 81 46 -1 
              86 42 41 -1 
              83 82 45 -1 
              84 83 44 -1 
              85 84 43 -1 
              86 85 42 -1 
              87 86 41 -1 
              90 89 88 -1 
              137 90 88 -1 
              137 91 90 -1 
              133 95 94 -1 
              132 96 95 -1 
              129 99 98 -1 
              126 102 101 -1 
              124 104 103 -1 
              123 105 104 -1 
              122 106 105 -1 
              121 107 106 -1 
              120 108 107 -1 
              119 109 108 -1 
              112 111 116 -1 
              113 112 115 -1 
              118 110 109 -1 
              117 111 110 -1 
              125 103 102 -1 
              115 114 113 -1 
              127 101 100 -1 
              116 115 112 -1 
              128 100 99 -1 
              117 116 111 -1 
              118 117 110 -1 
              119 118 109 -1 
              120 119 108 -1 
              121 120 107 -1 
              130 98 97 -1 
              122 121 106 -1 
              123 122 105 -1 
              131 97 96 -1 
              124 123 104 -1 
              125 124 103 -1 
              126 125 102 -1 
              127 126 101 -1 
              128 127 100 -1 
              134 94 93 -1 
              129 128 99 -1 
              130 129 98 -1 
              135 93 92 -1 
              131 130 97 -1 
              132 131 96 -1 
              136 92 91 -1 
              133 132 95 -1 
              134 133 94 -1 
              135 134 93 -1 
              136 135 92 -1 
              137 136 91 -1 
              140 139 138 -1 
              187 140 138 -1 
              187 141 140 -1 
              183 145 144 -1 
              182 146 145 -1 
              174 154 153 -1 
              171 157 156 -1 
              170 158 157 -1 
              169 159 158 -1 
              168 160 159 -1 
              163 162 165 -1 
              167 161 160 -1 
              166 162 161 -1 
              172 156 155 -1 
              165 164 163 -1 
              173 155 154 -1 
              166 165 162 -1 
              175 153 152 -1 
              167 166 161 -1 
              176 152 151 -1 
              168 167 160 -1 
              177 151 150 -1 
              169 168 159 -1 
              178 150 149 -1 
              170 169 158 -1 
              179 149 148 -1 
              171 170 157 -1 
              180 148 147 -1 
              172 171 156 -1 
              173 172 155 -1 
              181 147 146 -1 
              174 173 154 -1 
              175 174 153 -1 
              176 175 152 -1 
              177 176 151 -1 
              178 177 150 -1 
              184 144 143 -1 
              179 178 149 -1 
              180 179 148 -1 
              185 143 142 -1 
              181 180 147 -1 
              182 181 146 -1 
              186 142 141 -1 
              183 182 145 -1 
              184 183 144 -1 
              185 184 143 -1 
              186 185 142 -1 
              187 186 141 -1 
              190 189 188 -1 
              237 190 188 -1 
              237 191 190 -1 
              233 195 194 -1 
              232 196 195 -1 
              224 204 203 -1 
              220 208 207 -1 
              219 209 208 -1 
              218 210 209 -1 
              217 211 210 -1 
              216 212 211 -1 
              215 213 212 -1 
              221 207 206 -1 
              215 214 213 -1 
              222 206 205 -1 
              216 215 212 -1 
              223 205 204 -1 
              217 216 211 -1 
              225 203 202 -1 
              218 217 210 -1 
              226 202 201 -1 
              219 218 209 -1 
              227 201 200 -1 
              220 219 208 -1 
              228 200 199 -1 
              221 220 207 -1 
              229 199 198 -1 
              222 221 206 -1 
              230 198 197 -1 
              223 222 205 -1 
              231 197 196 -1 
              224 223 204 -1 
              225 224 203 -1 
              226 225 202 -1 
              227 226 201 -1 
              228 227 200 -1 
              234 194 193 -1 
              229 228 199 -1 
              230 229 198 -1 
              235 193 192 -1 
              231 230 197 -1 
              232 231 196 -1 
              236 192 191 -1 
              233 232 195 -1 
              234 233 194 -1 
              235 234 193 -1 
              236 235 192 -1 
              237 236 191 -1 
              240 239 238 -1 
              287 240 238 -1 
              287 241 240 -1 
              283 245 244 -1 
              282 246 245 -1 
              276 252 251 -1 
              270 258 257 -1 
              269 259 258 -1 
              268 260 259 -1 
              267 261 260 -1 
              266 262 261 -1 
              265 263 262 -1 
              271 257 256 -1 
              265 264 263 -1 
              272 256 255 -1 
              266 265 262 -1 
              273 255 254 -1 
              267 266 261 -1 
              274 254 253 -1 
              268 267 260 -1 
              275 253 252 -1 
              269 268 259 -1 
              277 251 250 -1 
              270 269 258 -1 
              278 250 249 -1 
              271 270 257 -1 
              279 249 248 -1 
              272 271 256 -1 
              280 248 247 -1 
              273 272 255 -1 
              281 247 246 -1 
              274 273 254 -1 
              275 274 253 -1 
              276 275 252 -1 
              277 276 251 -1 
              278 277 250 -1 
              284 244 243 -1 
              279 278 249 -1 
              280 279 248 -1 
              285 243 242 -1 
              281 280 247 -1 
              282 281 246 -1 
              286 242 241 -1 
              283 282 245 -1 
              284 283 244 -1 
              285 284 243 -1 
              286 285 242 -1 
              287 286 241 -1 
              290 289 288 -1 
              337 290 288 -1 
              337 291 290 -1 
              333 295 294 -1 
              331 297 296 -1 
              323 305 304 -1 
              319 309 308 -1 
              318 310 309 -1 
              317 311 310 -1 
              316 312 311 -1 
              315 313 312 -1 
              320 308 307 -1 
              315 314 313 -1 
              321 307 306 -1 
              316 315 312 -1 
              322 306 305 -1 
              317 316 311 -1 
              324 304 303 -1 
              318 317 310 -1 
              325 303 302 -1 
              319 318 309 -1 
              326 302 301 -1 
              320 319 308 -1 
              327 301 300 -1 
              321 320 307 -1 
              328 300 299 -1 
              322 321 306 -1 
              329 299 298 -1 
              323 322 305 -1 
              330 298 297 -1 
              324 323 304 -1 
              332 296 295 -1 
              325 324 303 -1 
              326 325 302 -1 
              327 326 301 -1 
              328 327 300 -1 
              334 294 293 -1 
              329 328 299 -1 
              330 329 298 -1 
              335 293 292 -1 
              331 330 297 -1 
              332 331 296 -1 
              336 292 291 -1 
              333 332 295 -1 
              334 333 294 -1 
              335 334 293 -1 
              336 335 292 -1 
              337 336 291 -1 
              385 339 338 -1 
              385 340 339 -1 
              380 344 343 -1 
              379 345 344 -1 
              377 346 345 -1 
              376 347 346 -1 
              349 348 347 -1 
              372 352 351 -1 
              367 357 356 -1 
              366 358 357 -1 
              365 359 358 -1 
              364 360 359 -1 
              363 361 360 -1 
              368 356 355 -1 
              363 362 361 -1 
              369 355 354 -1 
              364 363 360 -1 
              370 354 353 -1 
              365 364 359 -1 
              371 353 352 -1 
              366 365 358 -1 
              373 351 350 -1 
              367 366 357 -1 
              374 350 349 -1 
              368 367 356 -1 
              369 368 355 -1 
              370 369 354 -1 
              371 370 353 -1 
              375 349 347 -1 
              372 371 352 -1 
              373 372 351 -1 
              374 373 350 -1 
              375 374 349 -1 
              376 375 347 -1 
              381 343 342 -1 
              377 376 346 -1 
              378 377 345 -1 
              379 378 345 -1 
              383 342 341 -1 
              380 379 344 -1 
              384 341 340 -1 
              381 380 343 -1 
              382 381 342 -1 
              383 382 342 -1 
              384 383 341 -1 
              385 384 340 -1 
              402 391 390 -1 
              401 392 391 -1 
              399 393 392 -1 
              398 394 393 -1 
              397 395 394 -1 
              403 390 389 -1 
              397 396 395 -1 
              405 389 388 -1 
              398 397 394 -1 
              399 398 393 -1 
              406 388 387 -1 
              400 399 392 -1 
              401 400 392 -1 
              402 401 391 -1 
              403 402 390 -1 
              404 403 389 -1 
              405 404 389 -1 
              406 405 388 -1 
              407 387 386 -1 
              407 406 387 -1 
              453 413 412 -1 
              451 415 414 -1 
              447 419 418 -1 
              444 422 421 -1 
              440 426 425 -1 
              433 432 434 -1 
              434 432 431 -1 
              436 430 429 -1 
              435 431 430 -1 
              437 429 428 -1 
              435 434 431 -1 
              438 428 427 -1 
              436 435 430 -1 
              439 427 426 -1 
              437 436 429 -1 
              441 425 424 -1 
              438 437 428 -1 
              442 424 423 -1 
              439 438 427 -1 
              443 423 422 -1 
              440 439 426 -1 
              445 421 420 -1 
              441 440 425 -1 
              446 420 419 -1 
              442 441 424 -1 
              448 418 417 -1 
              443 442 423 -1 
              449 417 416 -1 
              444 443 422 -1 
              450 416 415 -1 
              445 444 421 -1 
              452 414 413 -1 
              446 445 420 -1 
              454 412 411 -1 
              447 446 419 -1 
              455 411 410 -1 
              448 447 418 -1 
              456 410 409 -1 
              449 448 417 -1 
              457 409 408 -1 
              450 449 416 -1 
              451 450 415 -1 
              452 451 414 -1 
              453 452 413 -1 
              454 453 412 -1 
              455 454 411 -1 
              456 455 410 -1 
              457 456 409 -1 
              507 459 458 -1 
              502 464 463 -1 
              496 470 469 -1 
              491 475 474 -1 
              485 481 480 -1 
              484 482 481 -1 
              486 480 479 -1 
              484 483 482 -1 
              487 479 478 -1 
              485 484 481 -1 
              488 478 477 -1 
              486 485 480 -1 
              489 477 476 -1 
              487 486 479 -1 
              490 476 475 -1 
              488 487 478 -1 
              492 474 473 -1 
              489 488 477 -1 
              493 473 472 -1 
              490 489 476 -1 
              494 472 471 -1 
              491 490 475 -1 
              495 471 470 -1 
              492 491 474 -1 
              497 469 468 -1 
              493 492 473 -1 
              498 468 467 -1 
              494 493 472 -1 
              499 467 466 -1 
              495 494 471 -1 
              500 466 465 -1 
              496 495 470 -1 
              501 465 464 -1 
              497 496 469 -1 
              503 463 462 -1 
              498 497 468 -1 
              504 462 461 -1 
              499 498 467 -1 
              505 461 460 -1 
              500 499 466 -1 
              506 460 459 -1 
              501 500 465 -1 
              502 501 464 -1 
              503 502 463 -1 
              504 503 462 -1 
              505 504 461 -1 
              506 505 460 -1 
              507 506 459 -1 
              553 513 512 -1 
              547 519 518 -1 
              539 527 526 -1 
              535 531 530 -1 
              534 532 531 -1 
              536 530 529 -1 
              534 533 532 -1 
              537 529 528 -1 
              535 534 531 -1 
              538 528 527 -1 
              536 535 530 -1 
              540 526 525 -1 
              537 536 529 -1 
              541 525 524 -1 
              538 537 528 -1 
              542 524 523 -1 
              539 538 527 -1 
              543 523 522 -1 
              540 539 526 -1 
              544 522 521 -1 
              541 540 525 -1 
              545 521 520 -1 
              542 541 524 -1 
              546 520 519 -1 
              543 542 523 -1 
              548 518 517 -1 
              544 543 522 -1 
              549 517 516 -1 
              545 544 521 -1 
              550 516 515 -1 
              546 545 520 -1 
              551 515 514 -1 
              547 546 519 -1 
              552 514 513 -1 
              548 547 518 -1 
              554 512 511 -1 
              549 548 517 -1 
              555 511 510 -1 
              550 549 516 -1 
              556 510 509 -1 
              551 550 515 -1 
              557 509 508 -1 
              552 551 514 -1 
              553 552 513 -1 
              554 553 512 -1 
              555 554 511 -1 
              556 555 510 -1 
              557 556 509 -1 
              605 561 560 -1 
              597 569 568 -1 
              587 579 578 -1 
              585 581 580 -1 
              584 582 581 -1 
              586 580 579 -1 
              584 583 582 -1 
              588 578 577 -1 
              585 584 581 -1 
              589 577 576 -1 
              586 585 580 -1 
              590 576 575 -1 
              587 586 579 -1 
              591 575 574 -1 
              588 587 578 -1 
              592 574 573 -1 
              589 588 577 -1 
              593 573 572 -1 
              590 589 576 -1 
              594 572 571 -1 
              591 590 575 -1 
              595 571 570 -1 
              592 591 574 -1 
              596 570 569 -1 
              593 592 573 -1 
              598 568 567 -1 
              594 593 572 -1 
              599 567 566 -1 
              595 594 571 -1 
              600 566 565 -1 
              596 595 570 -1 
              601 565 564 -1 
              597 596 569 -1 
              602 564 563 -1 
              598 597 568 -1 
              603 563 562 -1 
              599 598 567 -1 
              604 562 561 -1 
              600 599 566 -1 
              606 560 559 -1 
              601 600 565 -1 
              607 559 558 -1 
              602 601 564 -1 
              603 602 563 -1 
              604 603 562 -1 
              605 604 561 -1 
              606 605 560 -1 
              607 606 559 -1 
              656 610 609 -1 
              646 620 619 -1 
              636 630 629 -1 
              635 631 630 -1 
              634 632 631 -1 
              637 629 628 -1 
              634 633 632 -1 
              638 628 627 -1 
              635 634 631 -1 
              639 627 626 -1 
              636 635 630 -1 
              640 626 625 -1 
              637 636 629 -1 
              641 625 624 -1 
              638 637 628 -1 
              642 624 623 -1 
              639 638 627 -1 
              643 623 622 -1 
              640 639 626 -1 
              644 622 621 -1 
              641 640 625 -1 
              645 621 620 -1 
              642 641 624 -1 
              647 619 618 -1 
              643 642 623 -1 
              648 618 617 -1 
              644 643 622 -1 
              649 617 616 -1 
              645 644 621 -1 
              650 616 615 -1 
              646 645 620 -1 
              651 615 614 -1 
              647 646 619 -1 
              652 614 613 -1 
              648 647 618 -1 
              653 613 612 -1 
              649 648 617 -1 
              654 612 611 -1 
              650 649 616 -1 
              655 611 610 -1 
              651 650 615 -1 
              657 609 608 -1 
              652 651 614 -1 
              653 652 613 -1 
              654 653 612 -1 
              655 654 611 -1 
              656 655 610 -1 
              657 656 609 -1 
              707 659 658 -1 
              695 671 670 -1 
              686 680 679 -1 
              685 681 680 -1 
              684 682 681 -1 
              687 679 678 -1 
              684 683 682 -1 
              688 678 677 -1 
              685 684 681 -1 
              689 677 676 -1 
              686 685 680 -1 
              690 676 675 -1 
              687 686 679 -1 
              691 675 674 -1 
              688 687 678 -1 
              692 674 673 -1 
              689 688 677 -1 
              693 673 672 -1 
              690 689 676 -1 
              694 672 671 -1 
              691 690 675 -1 
              696 670 669 -1 
              692 691 674 -1 
              697 669 668 -1 
              693 692 673 -1 
              698 668 667 -1 
              694 693 672 -1 
              699 667 666 -1 
              695 694 671 -1 
              700 666 665 -1 
              696 695 670 -1 
              701 665 664 -1 
              697 696 669 -1 
              702 664 663 -1 
              698 697 668 -1 
              703 663 662 -1 
              699 698 667 -1 
              704 662 661 -1 
              700 699 666 -1 
              705 661 660 -1 
              701 700 665 -1 
              706 660 659 -1 
              702 701 664 -1 
              703 702 663 -1 
              704 703 662 -1 
              705 704 661 -1 
              706 705 660 -1 
              707 706 659 -1 
              734 721 720 -1 
              733 722 721 -1 
              732 723 722 -1 
              730 724 723 -1 
              729 725 724 -1 
              728 726 725 -1 
              736 720 719 -1 
              728 727 726 -1 
              737 719 718 -1 
              729 728 725 -1 
              730 729 724 -1 
              738 718 717 -1 
              731 730 723 -1 
              740 717 716 -1 
              732 731 723 -1 
              741 716 715 -1 
              733 732 722 -1 
              742 715 714 -1 
              734 733 721 -1 
              735 734 720 -1 
              744 714 713 -1 
              736 735 720 -1 
              745 713 712 -1 
              737 736 719 -1 
              746 712 711 -1 
              738 737 718 -1 
              739 738 717 -1 
              748 711 710 -1 
              740 739 717 -1 
              749 710 709 -1 
              741 740 716 -1 
              742 741 715 -1 
              750 709 708 -1 
              743 742 714 -1 
              744 743 714 -1 
              745 744 713 -1 
              746 745 712 -1 
              747 746 711 -1 
              748 747 711 -1 
              749 748 710 -1 
              750 749 709 -1 
              751 750 708 -1 
              1248 937 936 -1 
              1247 938 937 -1 
              1246 939 938 -1 
              1245 940 939 -1 
              1244 941 940 -1 
              1243 942 941 -1 
              1242 943 942 -1 
              1241 944 943 -1 
              1240 945 944 -1 
              1239 946 945 -1 
              1238 947 946 -1 
              1237 948 947 -1 
              1236 949 948 -1 
              1235 950 949 -1 
              1234 951 950 -1 
              1233 952 951 -1 
              1232 953 952 -1 
              1231 954 953 -1 
              1230 955 954 -1 
              1229 956 955 -1 
              1228 957 956 -1 
              1227 958 957 -1 
              1226 959 958 -1 
              1225 960 959 -1 
              1224 961 960 -1 
              1223 962 961 -1 
              1222 963 962 -1 
              1221 964 963 -1 
              1220 965 964 -1 
              1219 966 965 -1 
              1218 967 966 -1 
              1217 968 967 -1 
              1216 969 968 -1 
              1215 970 969 -1 
              1214 971 970 -1 
              1213 972 971 -1 
              1212 973 972 -1 
              1211 974 973 -1 
              1210 975 974 -1 
              1209 976 975 -1 
              1208 977 976 -1 
              1207 978 977 -1 
              1206 979 978 -1 
              1205 980 979 -1 
              1204 981 980 -1 
              1203 982 981 -1 
              1202 983 982 -1 
              1201 984 983 -1 
              1200 985 984 -1 
              1199 986 985 -1 
              1198 987 986 -1 
              1197 988 987 -1 
              1196 989 988 -1 
              1195 990 989 -1 
              1194 991 990 -1 
              1193 992 991 -1 
              1192 993 992 -1 
              1191 994 993 -1 
              1190 995 994 -1 
              1189 996 995 -1 
              1188 997 996 -1 
              1187 998 997 -1 
              1186 999 998 -1 
              1185 1000 999 -1 
              1184 1001 1000 -1 
              1183 1002 1001 -1 
              1182 1003 1002 -1 
              1181 1004 1003 -1 
              1180 1005 1004 -1 
              1179 1006 1005 -1 
              1178 1007 1006 -1 
              1177 1008 1007 -1 
              1176 1009 1008 -1 
              1175 1010 1009 -1 
              1174 1011 1010 -1 
              1173 1012 1011 -1 
              1172 1013 1012 -1 
              1171 1014 1013 -1 
              1170 1015 1014 -1 
              1169 1016 1015 -1 
              1168 1017 1016 -1 
              1167 1018 1017 -1 
              1166 1019 1018 -1 
              1165 1020 1019 -1 
              1164 1021 1020 -1 
              1163 1022 1021 -1 
              1162 1023 1022 -1 
              1161 1024 1023 -1 
              1160 1025 1024 -1 
              1159 1026 1025 -1 
              1158 1027 1026 -1 
              1157 1028 1027 -1 
              1156 1029 1028 -1 
              1155 1030 1029 -1 
              1154 1031 1030 -1 
              1034 1033 1151 -1 
              1035 1034 1150 -1 
              1036 1035 1149 -1 
              1037 1036 1148 -1 
              1038 1037 1147 -1 
              1039 1038 1146 -1 
              1040 1039 1145 -1 
              1041 1040 1144 -1 
              1042 1041 1143 -1 
              1043 1042 1142 -1 
              1044 1043 1141 -1 
              1045 1044 1140 -1 
              1046 1045 1139 -1 
              1047 1046 1138 -1 
              1048 1047 1137 -1 
              1049 1048 1136 -1 
              1050 1049 1135 -1 
              1051 1050 1134 -1 
              1052 1051 1133 -1 
              1053 1052 1132 -1 
              1054 1053 1131 -1 
              1055 1054 1130 -1 
              1056 1055 1129 -1 
              1057 1056 1128 -1 
              1058 1057 1127 -1 
              1059 1058 1126 -1 
              1060 1059 1125 -1 
              1061 1060 1124 -1 
              1062 1061 1123 -1 
              1063 1062 1122 -1 
              1064 1063 1121 -1 
              1065 1064 1120 -1 
              1066 1065 1119 -1 
              1067 1066 1118 -1 
              1068 1067 1117 -1 
              1069 1068 1116 -1 
              1070 1069 1115 -1 
              1071 1070 1114 -1 
              1072 1071 1113 -1 
              1073 1072 1112 -1 
              1074 1073 1111 -1 
              1075 1074 1110 -1 
              1076 1075 1109 -1 
              1077 1076 1108 -1 
              1078 1077 1107 -1 
              1079 1078 1106 -1 
              1080 1079 1105 -1 
              1081 1080 1104 -1 
              1082 1081 1103 -1 
              1083 1082 1102 -1 
              1084 1083 1101 -1 
              1085 1084 1100 -1 
              1086 1085 1099 -1 
              1087 1086 1098 -1 
              1088 1087 1097 -1 
              1089 1088 1096 -1 
              1090 1089 1095 -1 
              1091 1090 1094 -1 
              1092 1091 1093 -1 
              1153 1032 1031 -1 
              1152 1033 1032 -1 
              1094 1093 1091 -1 
              1095 1094 1090 -1 
              1096 1095 1089 -1 
              1097 1096 1088 -1 
              1098 1097 1087 -1 
              1099 1098 1086 -1 
              1100 1099 1085 -1 
              1101 1100 1084 -1 
              1102 1101 1083 -1 
              1103 1102 1082 -1 
              1104 1103 1081 -1 
              1105 1104 1080 -1 
              1106 1105 1079 -1 
              1107 1106 1078 -1 
              1108 1107 1077 -1 
              1109 1108 1076 -1 
              1110 1109 1075 -1 
              1111 1110 1074 -1 
              1112 1111 1073 -1 
              1113 1112 1072 -1 
              1114 1113 1071 -1 
              1115 1114 1070 -1 
              1116 1115 1069 -1 
              1117 1116 1068 -1 
              1118 1117 1067 -1 
              1119 1118 1066 -1 
              1120 1119 1065 -1 
              1121 1120 1064 -1 
              1122 1121 1063 -1 
              1123 1122 1062 -1 
              1124 1123 1061 -1 
              1125 1124 1060 -1 
              1126 1125 1059 -1 
              1127 1126 1058 -1 
              1128 1127 1057 -1 
              1129 1128 1056 -1 
              1130 1129 1055 -1 
              1131 1130 1054 -1 
              1132 1131 1053 -1 
              1133 1132 1052 -1 
              1134 1133 1051 -1 
              1135 1134 1050 -1 
              1136 1135 1049 -1 
              1137 1136 1048 -1 
              1138 1137 1047 -1 
              1139 1138 1046 -1 
              1140 1139 1045 -1 
              1141 1140 1044 -1 
              1142 1141 1043 -1 
              1143 1142 1042 -1 
              1144 1143 1041 -1 
              1145 1144 1040 -1 
              1146 1145 1039 -1 
              1147 1146 1038 -1 
              1148 1147 1037 -1 
              1149 1148 1036 -1 
              1150 1149 1035 -1 
              1151 1150 1034 -1 
              1152 1151 1033 -1 
              1153 1152 1032 -1 
              1154 1153 1031 -1 
              1155 1154 1030 -1 
              1156 1155 1029 -1 
              1157 1156 1028 -1 
              1158 1157 1027 -1 
              1159 1158 1026 -1 
              1160 1159 1025 -1 
              1161 1160 1024 -1 
              1162 1161 1023 -1 
              1163 1162 1022 -1 
              1164 1163 1021 -1 
              1165 1164 1020 -1 
              1166 1165 1019 -1 
              1167 1166 1018 -1 
              1168 1167 1017 -1 
              1169 1168 1016 -1 
              1170 1169 1015 -1 
              1171 1170 1014 -1 
              1172 1171 1013 -1 
              1173 1172 1012 -1 
              1174 1173 1011 -1 
              1175 1174 1010 -1 
              1176 1175 1009 -1 
              1177 1176 1008 -1 
              1178 1177 1007 -1 
              1179 1178 1006 -1 
              1180 1179 1005 -1 
              1181 1180 1004 -1 
              1182 1181 1003 -1 
              1183 1182 1002 -1 
              1184 1183 1001 -1 
              1185 1184 1000 -1 
              1186 1185 999 -1 
              1187 1186 998 -1 
              1188 1187 997 -1 
              1189 1188 996 -1 
              1190 1189 995 -1 
              1191 1190 994 -1 
              1192 1191 993 -1 
              1193 1192 992 -1 
              1194 1193 991 -1 
              1195 1194 990 -1 
              1196 1195 989 -1 
              1197 1196 988 -1 
              1198 1197 987 -1 
              1199 1198 986 -1 
              1200 1199 985 -1 
              1201 1200 984 -1 
              1202 1201 983 -1 
              1203 1202 982 -1 
              1204 1203 981 -1 
              1205 1204 980 -1 
              1206 1205 979 -1 
              1207 1206 978 -1 
              1208 1207 977 -1 
              1209 1208 976 -1 
              1210 1209 975 -1 
              1211 1210 974 -1 
              1212 1211 973 -1 
              1213 1212 972 -1 
              1214 1213 971 -1 
              1215 1214 970 -1 
              1216 1215 969 -1 
              1217 1216 968 -1 
              1218 1217 967 -1 
              1219 1218 966 -1 
              1220 1219 965 -1 
              1221 1220 964 -1 
              1222 1221 963 -1 
              1223 1222 962 -1 
              1224 1223 961 -1 
              1225 1224 960 -1 
              1226 1225 959 -1 
              1227 1226 958 -1 
              1228 1227 957 -1 
              1229 1228 956 -1 
              1230 1229 955 -1 
              1231 1230 954 -1 
              1232 1231 953 -1 
              1233 1232 952 -1 
              1234 1233 951 -1 
              1235 1234 950 -1 
              1236 1235 949 -1 
              1237 1236 948 -1 
              1238 1237 947 -1 
              1239 1238 946 -1 
              1240 1239 945 -1 
              1241 1240 944 -1 
              1242 1241 943 -1 
              1243 1242 942 -1 
              1244 1243 941 -1 
              1245 1244 940 -1 
              1246 1245 939 -1 
              1247 1246 938 -1 
              1248 1247 937 -1 
              1249 1248 936 -1 
              1447 1446 1445 -1 
              1250 1249 936 -1 
              935 1250 936 -1 
              1251 1250 935 -1 
              1251 935 934 -1 
              1252 1251 934 -1 
              933 1252 934 -1 
              1253 1252 933 -1 
              1253 933 932 -1 
              1254 1253 932 -1 
              931 1254 932 -1 
              1255 1254 931 -1 
              1255 931 930 -1 
              1256 1255 930 -1 
              929 1256 930 -1 
              1257 1256 929 -1 
              1257 929 928 -1 
              1258 1257 928 -1 
              927 1258 928 -1 
              1259 1258 927 -1 
              1259 927 926 -1 
              1260 1259 926 -1 
              925 1260 926 -1 
              1261 1260 925 -1 
              1261 925 924 -1 
              1262 1261 924 -1 
              923 1262 924 -1 
              1263 1262 923 -1 
              1263 923 922 -1 
              1264 1263 922 -1 
              921 1264 922 -1 
              1265 1264 921 -1 
              1265 921 920 -1 
              1266 1265 920 -1 
              919 1266 920 -1 
              1267 1266 919 -1 
              1267 919 918 -1 
              1268 1267 918 -1 
              917 1268 918 -1 
              1269 1268 917 -1 
              1269 917 916 -1 
              1270 1269 916 -1 
              915 1270 916 -1 
              1271 1270 915 -1 
              1271 915 914 -1 
              1272 1271 914 -1 
              913 1272 914 -1 
              1273 1272 913 -1 
              1273 913 912 -1 
              1274 1273 912 -1 
              911 1274 912 -1 
              1275 1274 911 -1 
              1275 911 910 -1 
              1276 1275 910 -1 
              909 1276 910 -1 
              1277 1276 909 -1 
              1277 909 908 -1 
              1278 1277 908 -1 
              907 1278 908 -1 
              1279 1278 907 -1 
              1279 907 906 -1 
              1280 1279 906 -1 
              905 1280 906 -1 
              1281 1280 905 -1 
              1281 905 904 -1 
              1282 1281 904 -1 
              903 1282 904 -1 
              1283 1282 903 -1 
              1283 903 902 -1 
              1284 1283 902 -1 
              901 1284 902 -1 
              1285 1284 901 -1 
              1285 901 900 -1 
              1286 1285 900 -1 
              899 1286 900 -1 
              1287 1286 899 -1 
              1287 899 898 -1 
              1288 1287 898 -1 
              897 1288 898 -1 
              1289 1288 897 -1 
              1289 897 896 -1 
              1290 1289 896 -1 
              895 1290 896 -1 
              1291 1290 895 -1 
              1291 895 894 -1 
              1292 1291 894 -1 
              893 1292 894 -1 
              1293 1292 893 -1 
              1293 893 892 -1 
              1294 1293 892 -1 
              891 1294 892 -1 
              1295 1294 891 -1 
              1295 891 890 -1 
              1296 1295 890 -1 
              889 1296 890 -1 
              1297 1296 889 -1 
              1297 889 888 -1 
              1298 1297 888 -1 
              887 1298 888 -1 
              1299 1298 887 -1 
              1299 887 886 -1 
              1300 1299 886 -1 
              885 1300 886 -1 
              1301 1300 885 -1 
              1301 885 884 -1 
              1302 1301 884 -1 
              883 1302 884 -1 
              1303 1302 883 -1 
              1303 883 882 -1 
              1304 1303 882 -1 
              881 1304 882 -1 
              1305 1304 881 -1 
              1305 881 880 -1 
              1306 1305 880 -1 
              879 1306 880 -1 
              1307 1306 879 -1 
              1307 879 878 -1 
              1308 1307 878 -1 
              877 1308 878 -1 
              1309 1308 877 -1 
              1309 877 876 -1 
              1310 1309 876 -1 
              875 1310 876 -1 
              1311 1310 875 -1 
              1311 875 874 -1 
              1312 1311 874 -1 
              873 1312 874 -1 
              1313 1312 873 -1 
              1313 873 872 -1 
              1314 1313 872 -1 
              871 1314 872 -1 
              1315 1314 871 -1 
              1315 871 870 -1 
              1316 1315 870 -1 
              869 1316 870 -1 
              1317 1316 869 -1 
              1317 869 868 -1 
              1318 1317 868 -1 
              867 1318 868 -1 
              1319 1318 867 -1 
              1319 867 866 -1 
              1320 1319 866 -1 
              865 1320 866 -1 
              1321 1320 865 -1 
              1321 865 864 -1 
              1322 1321 864 -1 
              863 1322 864 -1 
              1323 1322 863 -1 
              1323 863 862 -1 
              1324 1323 862 -1 
              861 1324 862 -1 
              1325 1324 861 -1 
              1325 861 860 -1 
              1326 1325 860 -1 
              859 1326 860 -1 
              1327 1326 859 -1 
              1327 859 858 -1 
              1328 1327 858 -1 
              857 1328 858 -1 
              1329 1328 857 -1 
              1329 857 856 -1 
              1330 1329 856 -1 
              855 1330 856 -1 
              1331 1330 855 -1 
              1331 855 854 -1 
              1332 1331 854 -1 
              853 1332 854 -1 
              1333 1332 853 -1 
              1333 853 852 -1 
              1334 1333 852 -1 
              851 1334 852 -1 
              1335 1334 851 -1 
              1335 851 850 -1 
              1336 1335 850 -1 
              849 1336 850 -1 
              1337 1336 849 -1 
              1337 849 848 -1 
              1338 1337 848 -1 
              847 1338 848 -1 
              1339 1338 847 -1 
              1339 847 846 -1 
              1340 1339 846 -1 
              845 1340 846 -1 
              1341 1340 845 -1 
              1341 845 844 -1 
              1342 1341 844 -1 
              843 1342 844 -1 
              1343 1342 843 -1 
              1343 843 842 -1 
              1344 1343 842 -1 
              841 1344 842 -1 
              1345 1344 841 -1 
              1345 841 840 -1 
              1346 1345 840 -1 
              839 1346 840 -1 
              1347 1346 839 -1 
              1347 839 838 -1 
              1348 1347 838 -1 
              837 1348 838 -1 
              1349 1348 837 -1 
              1349 837 836 -1 
              1350 1349 836 -1 
              835 1350 836 -1 
              1351 1350 835 -1 
              1351 835 834 -1 
              1352 1351 834 -1 
              833 1352 834 -1 
              1353 1352 833 -1 
              1353 833 832 -1 
              1354 1353 832 -1 
              831 1354 832 -1 
              1355 1354 831 -1 
              1355 831 830 -1 
              1356 1355 830 -1 
              829 1356 830 -1 
              1357 1356 829 -1 
              1357 829 828 -1 
              1358 1357 828 -1 
              827 1358 828 -1 
              1359 1358 827 -1 
              1359 827 826 -1 
              1360 1359 826 -1 
              825 1360 826 -1 
              1361 1360 825 -1 
              1361 825 824 -1 
              1362 1361 824 -1 
              823 1362 824 -1 
              1363 1362 823 -1 
              1363 823 822 -1 
              1364 1363 822 -1 
              821 1364 822 -1 
              1365 1364 821 -1 
              1365 821 820 -1 
              1366 1365 820 -1 
              819 1366 820 -1 
              1367 1366 819 -1 
              1367 819 818 -1 
              1368 1367 818 -1 
              817 1368 818 -1 
              1369 1368 817 -1 
              1369 817 816 -1 
              1370 1369 816 -1 
              815 1370 816 -1 
              1371 1370 815 -1 
              1371 815 814 -1 
              1372 1371 814 -1 
              813 1372 814 -1 
              1373 1372 813 -1 
              1373 813 812 -1 
              1374 1373 812 -1 
              811 1374 812 -1 
              1375 1374 811 -1 
              1375 811 810 -1 
              1376 1375 810 -1 
              809 1376 810 -1 
              1377 1376 809 -1 
              1377 809 808 -1 
              1378 1377 808 -1 
              807 1378 808 -1 
              1379 1378 807 -1 
              1379 807 806 -1 
              1380 1379 806 -1 
              805 1380 806 -1 
              1381 1380 805 -1 
              1381 805 804 -1 
              1382 1381 804 -1 
              803 1382 804 -1 
              1383 1382 803 -1 
              1383 803 802 -1 
              1384 1383 802 -1 
              801 1384 802 -1 
              1385 1384 801 -1 
              1385 801 800 -1 
              1386 1385 800 -1 
              799 1386 800 -1 
              1387 1386 799 -1 
              1387 799 798 -1 
              1388 1387 798 -1 
              797 1388 798 -1 
              1389 1388 797 -1 
              1389 797 796 -1 
              1390 1389 796 -1 
              795 1390 796 -1 
              1391 1390 795 -1 
              1391 795 794 -1 
              1392 1391 794 -1 
              793 1392 794 -1 
              1393 1392 793 -1 
              1393 793 792 -1 
              1394 1393 792 -1 
              791 1394 792 -1 
              1395 1394 791 -1 
              1395 791 790 -1 
              1396 1395 790 -1 
              789 1396 790 -1 
              1397 1396 789 -1 
              1397 789 788 -1 
              1398 1397 788 -1 
              787 1398 788 -1 
              1399 1398 787 -1 
              1399 787 786 -1 
              1400 1399 786 -1 
              785 1400 786 -1 
              1401 1400 785 -1 
              1401 785 784 -1 
              1402 1401 784 -1 
              783 1402 784 -1 
              1403 1402 783 -1 
              1403 783 782 -1 
              1404 1403 782 -1 
              781 1404 782 -1 
              1405 1404 781 -1 
              1405 781 780 -1 
              1406 1405 780 -1 
              779 1406 780 -1 
              1407 1406 779 -1 
              1407 779 778 -1 
              1408 1407 778 -1 
              777 1408 778 -1 
              1409 1408 777 -1 
              1409 777 776 -1 
              1410 1409 776 -1 
              775 1410 776 -1 
              1411 1410 775 -1 
              1411 775 774 -1 
              1412 1411 774 -1 
              773 1412 774 -1 
              1413 1412 773 -1 
              1413 773 772 -1 
              1414 1413 772 -1 
              771 1414 772 -1 
              1415 1414 771 -1 
              1415 771 770 -1 
              1416 1415 770 -1 
              769 1416 770 -1 
              1417 1416 769 -1 
              1417 769 768 -1 
              1418 1417 768 -1 
              767 1418 768 -1 
              1419 1418 767 -1 
              1419 767 766 -1 
              1420 1419 766 -1 
              765 1420 766 -1 
              1421 1420 765 -1 
              1421 765 764 -1 
              1422 1421 764 -1 
              763 1422 764 -1 
              1423 1422 763 -1 
              1423 763 762 -1 
              1424 1423 762 -1 
              761 1424 762 -1 
              1425 1424 761 -1 
              1425 761 760 -1 
              1426 1425 760 -1 
              759 1426 760 -1 
              1427 1426 759 -1 
              1427 759 758 -1 
              1428 1427 758 -1 
              757 1428 758 -1 
              1429 1428 757 -1 
              1429 757 756 -1 
              1430 1429 756 -1 
              755 1430 756 -1 
              1431 1430 755 -1 
              1431 755 754 -1 
              1464 1463 1433 -1 
              752 1464 1433 -1 
              1432 1431 754 -1 
              753 1432 754 -1 
              1433 1432 753 -1 
              1433 753 752 -1 
              1435 1462 1461 -1 
              1463 1462 1435 -1 
              1434 1433 1463 -1 
              1435 1434 1463 -1 
              1437 1460 1459 -1 
              1461 1460 1437 -1 
              1436 1435 1461 -1 
              1437 1436 1461 -1 
              1439 1458 1457 -1 
              1459 1458 1439 -1 
              1438 1437 1459 -1 
              1439 1438 1459 -1 
              1456 1455 1441 -1 
              1457 1456 1441 -1 
              1440 1439 1457 -1 
              1441 1440 1457 -1 
              1454 1453 1443 -1 
              1455 1454 1443 -1 
              1455 1442 1441 -1 
              1443 1442 1455 -1 
              1445 1452 1451 -1 
              1453 1452 1445 -1 
              1453 1444 1443 -1 
              1445 1444 1453 -1 
              1447 1450 1449 -1 
              1449 1448 1447 -1 
              1451 1450 1447 -1 
              1447 1445 1451 -1 
              1936 1653 1652 -1 
              1935 1654 1653 -1 
              1934 1655 1654 -1 
              1933 1656 1655 -1 
              1932 1657 1656 -1 
              1931 1658 1657 -1 
              1930 1659 1658 -1 
              1929 1660 1659 -1 
              1928 1661 1660 -1 
              1927 1662 1661 -1 
              1926 1663 1662 -1 
              1925 1664 1663 -1 
              1924 1665 1664 -1 
              1923 1666 1665 -1 
              1922 1667 1666 -1 
              1921 1668 1667 -1 
              1920 1669 1668 -1 
              1919 1670 1669 -1 
              1918 1671 1670 -1 
              1917 1672 1671 -1 
              1916 1673 1672 -1 
              1915 1674 1673 -1 
              1914 1675 1674 -1 
              1913 1676 1675 -1 
              1912 1677 1676 -1 
              1911 1678 1677 -1 
              1910 1679 1678 -1 
              1909 1680 1679 -1 
              1908 1681 1680 -1 
              1907 1682 1681 -1 
              1906 1683 1682 -1 
              1905 1684 1683 -1 
              1904 1685 1684 -1 
              1903 1686 1685 -1 
              1902 1687 1686 -1 
              1901 1688 1687 -1 
              1900 1689 1688 -1 
              1899 1690 1689 -1 
              1898 1691 1690 -1 
              1897 1692 1691 -1 
              1896 1693 1692 -1 
              1895 1694 1693 -1 
              1894 1695 1694 -1 
              1893 1696 1695 -1 
              1892 1697 1696 -1 
              1891 1698 1697 -1 
              1890 1699 1698 -1 
              1889 1700 1699 -1 
              1888 1701 1700 -1 
              1887 1702 1701 -1 
              1886 1703 1702 -1 
              1885 1704 1703 -1 
              1884 1705 1704 -1 
              1883 1706 1705 -1 
              1882 1707 1706 -1 
              1881 1708 1707 -1 
              1880 1709 1708 -1 
              1879 1710 1709 -1 
              1878 1711 1710 -1 
              1877 1712 1711 -1 
              1876 1713 1712 -1 
              1875 1714 1713 -1 
              1874 1715 1714 -1 
              1873 1716 1715 -1 
              1872 1717 1716 -1 
              1871 1718 1717 -1 
              1870 1719 1718 -1 
              1869 1720 1719 -1 
              1868 1721 1720 -1 
              1867 1722 1721 -1 
              1866 1723 1722 -1 
              1865 1724 1723 -1 
              1864 1725 1724 -1 
              1863 1726 1725 -1 
              1862 1727 1726 -1 
              1861 1728 1727 -1 
              1860 1729 1728 -1 
              1859 1730 1729 -1 
              1858 1731 1730 -1 
              1857 1732 1731 -1 
              1856 1733 1732 -1 
              1855 1734 1733 -1 
              1854 1735 1734 -1 
              1853 1736 1735 -1 
              1739 1738 1850 -1 
              1740 1739 1849 -1 
              1741 1740 1848 -1 
              1742 1741 1847 -1 
              1743 1742 1846 -1 
              1744 1743 1845 -1 
              1745 1744 1844 -1 
              1746 1745 1843 -1 
              1747 1746 1842 -1 
              1748 1747 1841 -1 
              1749 1748 1840 -1 
              1750 1749 1839 -1 
              1751 1750 1838 -1 
              1752 1751 1837 -1 
              1753 1752 1836 -1 
              1754 1753 1835 -1 
              1755 1754 1834 -1 
              1756 1755 1833 -1 
              1757 1756 1832 -1 
              1758 1757 1831 -1 
              1759 1758 1830 -1 
              1760 1759 1829 -1 
              1761 1760 1828 -1 
              1762 1761 1827 -1 
              1763 1762 1826 -1 
              1764 1763 1825 -1 
              1765 1764 1824 -1 
              1766 1765 1823 -1 
              1767 1766 1822 -1 
              1768 1767 1821 -1 
              1769 1768 1820 -1 
              1770 1769 1819 -1 
              1771 1770 1818 -1 
              1772 1771 1817 -1 
              1773 1772 1816 -1 
              1774 1773 1815 -1 
              1775 1774 1814 -1 
              1776 1775 1813 -1 
              1777 1776 1812 -1 
              1778 1777 1811 -1 
              1779 1778 1810 -1 
              1780 1779 1809 -1 
              1781 1780 1808 -1 
              1782 1781 1807 -1 
              1783 1782 1806 -1 
              1784 1783 1805 -1 
              1785 1784 1804 -1 
              1786 1785 1803 -1 
              1787 1786 1802 -1 
              1788 1787 1801 -1 
              1789 1788 1800 -1 
              1790 1789 1799 -1 
              1791 1790 1798 -1 
              1792 1791 1797 -1 
              1793 1792 1796 -1 
              1794 1793 1795 -1 
              1852 1737 1736 -1 
              1851 1738 1737 -1 
              1796 1795 1793 -1 
              1797 1796 1792 -1 
              1798 1797 1791 -1 
              1799 1798 1790 -1 
              1800 1799 1789 -1 
              1801 1800 1788 -1 
              1802 1801 1787 -1 
              1803 1802 1786 -1 
              1804 1803 1785 -1 
              1805 1804 1784 -1 
              1806 1805 1783 -1 
              1807 1806 1782 -1 
              1808 1807 1781 -1 
              1809 1808 1780 -1 
              1810 1809 1779 -1 
              1811 1810 1778 -1 
              1812 1811 1777 -1 
              1813 1812 1776 -1 
              1814 1813 1775 -1 
              1815 1814 1774 -1 
              1816 1815 1773 -1 
              1817 1816 1772 -1 
              1818 1817 1771 -1 
              1819 1818 1770 -1 
              1820 1819 1769 -1 
              1821 1820 1768 -1 
              1822 1821 1767 -1 
              1823 1822 1766 -1 
              1824 1823 1765 -1 
              1825 1824 1764 -1 
              1826 1825 1763 -1 
              1827 1826 1762 -1 
              1828 1827 1761 -1 
              1829 1828 1760 -1 
              1830 1829 1759 -1 
              1831 1830 1758 -1 
              1832 1831 1757 -1 
              1833 1832 1756 -1 
              1834 1833 1755 -1 
              1835 1834 1754 -1 
              1836 1835 1753 -1 
              1837 1836 1752 -1 
              1838 1837 1751 -1 
              1839 1838 1750 -1 
              1840 1839 1749 -1 
              1841 1840 1748 -1 
              1842 1841 1747 -1 
              1843 1842 1746 -1 
              1844 1843 1745 -1 
              1845 1844 1744 -1 
              1846 1845 1743 -1 
              1847 1846 1742 -1 
              1848 1847 1741 -1 
              1849 1848 1740 -1 
              1850 1849 1739 -1 
              1851 1850 1738 -1 
              1852 1851 1737 -1 
              1853 1852 1736 -1 
              1854 1853 1735 -1 
              1855 1854 1734 -1 
              1856 1855 1733 -1 
              1857 1856 1732 -1 
              1858 1857 1731 -1 
              1859 1858 1730 -1 
              1860 1859 1729 -1 
              1861 1860 1728 -1 
              1862 1861 1727 -1 
              1863 1862 1726 -1 
              1864 1863 1725 -1 
              1865 1864 1724 -1 
              1866 1865 1723 -1 
              1867 1866 1722 -1 
              1868 1867 1721 -1 
              1869 1868 1720 -1 
              1870 1869 1719 -1 
              1871 1870 1718 -1 
              1872 1871 1717 -1 
              1873 1872 1716 -1 
              1874 1873 1715 -1 
              1875 1874 1714 -1 
              1876 1875 1713 -1 
              1877 1876 1712 -1 
              1878 1877 1711 -1 
              1879 1878 1710 -1 
              1880 1879 1709 -1 
              1881 1880 1708 -1 
              1882 1881 1707 -1 
              1883 1882 1706 -1 
              1884 1883 1705 -1 
              1885 1884 1704 -1 
              1886 1885 1703 -1 
              1887 1886 1702 -1 
              1888 1887 1701 -1 
              1889 1888 1700 -1 
              1890 1889 1699 -1 
              1891 1890 1698 -1 
              1892 1891 1697 -1 
              1893 1892 1696 -1 
              1894 1893 1695 -1 
              1895 1894 1694 -1 
              1896 1895 1693 -1 
              1897 1896 1692 -1 
              1898 1897 1691 -1 
              1899 1898 1690 -1 
              1900 1899 1689 -1 
              1901 1900 1688 -1 
              1902 1901 1687 -1 
              1903 1902 1686 -1 
              1904 1903 1685 -1 
              1905 1904 1684 -1 
              1906 1905 1683 -1 
              1907 1906 1682 -1 
              1908 1907 1681 -1 
              1909 1908 1680 -1 
              1910 1909 1679 -1 
              1911 1910 1678 -1 
              1912 1911 1677 -1 
              1913 1912 1676 -1 
              1914 1913 1675 -1 
              1915 1914 1674 -1 
              1916 1915 1673 -1 
              1917 1916 1672 -1 
              1918 1917 1671 -1 
              1919 1918 1670 -1 
              1920 1919 1669 -1 
              1921 1920 1668 -1 
              1922 1921 1667 -1 
              1923 1922 1666 -1 
              1924 1923 1665 -1 
              1925 1924 1664 -1 
              1926 1925 1663 -1 
              1927 1926 1662 -1 
              1928 1927 1661 -1 
              1929 1928 1660 -1 
              1930 1929 1659 -1 
              1931 1930 1658 -1 
              1932 1931 1657 -1 
              1933 1932 1656 -1 
              1934 1933 1655 -1 
              1935 1934 1654 -1 
              1936 1935 1653 -1 
              1937 1936 1652 -1 
              2136 2134 2133 -1 
              2136 2135 2134 -1 
              2150 1466 1465 -1 
              1938 1937 1652 -1 
              1651 1938 1652 -1 
              1939 1938 1651 -1 
              1939 1651 1650 -1 
              1940 1939 1650 -1 
              1649 1940 1650 -1 
              1941 1940 1649 -1 
              1941 1649 1648 -1 
              1942 1941 1648 -1 
              1647 1942 1648 -1 
              1943 1942 1647 -1 
              1943 1647 1646 -1 
              1944 1943 1646 -1 
              1645 1944 1646 -1 
              1945 1944 1645 -1 
              1945 1645 1644 -1 
              1946 1945 1644 -1 
              1643 1946 1644 -1 
              1947 1946 1643 -1 
              1947 1643 1642 -1 
              1948 1947 1642 -1 
              1641 1948 1642 -1 
              1949 1948 1641 -1 
              1949 1641 1640 -1 
              1950 1949 1640 -1 
              1639 1950 1640 -1 
              1951 1950 1639 -1 
              1951 1639 1638 -1 
              1952 1951 1638 -1 
              1637 1952 1638 -1 
              1953 1952 1637 -1 
              1953 1637 1636 -1 
              1954 1953 1636 -1 
              1635 1954 1636 -1 
              1955 1954 1635 -1 
              1955 1635 1634 -1 
              1956 1955 1634 -1 
              1633 1956 1634 -1 
              1957 1956 1633 -1 
              1957 1633 1632 -1 
              1958 1957 1632 -1 
              1631 1958 1632 -1 
              1959 1958 1631 -1 
              1959 1631 1630 -1 
              1960 1959 1630 -1 
              1629 1960 1630 -1 
              1961 1960 1629 -1 
              1961 1629 1628 -1 
              1962 1961 1628 -1 
              1627 1962 1628 -1 
              1963 1962 1627 -1 
              1963 1627 1626 -1 
              1964 1963 1626 -1 
              1625 1964 1626 -1 
              1965 1964 1625 -1 
              1965 1625 1624 -1 
              1966 1965 1624 -1 
              1623 1966 1624 -1 
              1967 1966 1623 -1 
              1967 1623 1622 -1 
              1968 1967 1622 -1 
              1621 1968 1622 -1 
              1969 1968 1621 -1 
              1969 1621 1620 -1 
              1970 1969 1620 -1 
              1619 1970 1620 -1 
              1971 1970 1619 -1 
              1971 1619 1618 -1 
              1972 1971 1618 -1 
              1617 1972 1618 -1 
              1973 1972 1617 -1 
              1973 1617 1616 -1 
              1974 1973 1616 -1 
              1615 1974 1616 -1 
              1975 1974 1615 -1 
              1975 1615 1614 -1 
              1976 1975 1614 -1 
              1613 1976 1614 -1 
              1977 1976 1613 -1 
              1977 1613 1612 -1 
              1978 1977 1612 -1 
              1611 1978 1612 -1 
              1979 1978 1611 -1 
              1979 1611 1610 -1 
              1980 1979 1610 -1 
              1609 1980 1610 -1 
              1981 1980 1609 -1 
              1981 1609 1608 -1 
              1982 1981 1608 -1 
              1607 1982 1608 -1 
              1983 1982 1607 -1 
              1983 1607 1606 -1 
              1984 1983 1606 -1 
              1605 1984 1606 -1 
              1985 1984 1605 -1 
              1985 1605 1604 -1 
              1986 1985 1604 -1 
              1603 1986 1604 -1 
              1987 1986 1603 -1 
              1987 1603 1602 -1 
              1988 1987 1602 -1 
              1601 1988 1602 -1 
              1989 1988 1601 -1 
              1989 1601 1600 -1 
              1990 1989 1600 -1 
              1599 1990 1600 -1 
              1991 1990 1599 -1 
              1991 1599 1598 -1 
              1992 1991 1598 -1 
              1597 1992 1598 -1 
              1993 1992 1597 -1 
              1993 1597 1596 -1 
              1994 1993 1596 -1 
              1595 1994 1596 -1 
              1995 1994 1595 -1 
              1995 1595 1594 -1 
              1996 1995 1594 -1 
              1593 1996 1594 -1 
              1997 1996 1593 -1 
              1997 1593 1592 -1 
              1998 1997 1592 -1 
              1591 1998 1592 -1 
              1999 1998 1591 -1 
              1999 1591 1590 -1 
              2000 1999 1590 -1 
              1589 2000 1590 -1 
              2001 2000 1589 -1 
              2001 1589 1588 -1 
              2002 2001 1588 -1 
              1587 2002 1588 -1 
              2003 2002 1587 -1 
              2003 1587 1586 -1 
              2004 2003 1586 -1 
              1585 2004 1586 -1 
              2005 2004 1585 -1 
              2005 1585 1584 -1 
              2006 2005 1584 -1 
              1583 2006 1584 -1 
              2007 2006 1583 -1 
              2007 1583 1582 -1 
              2008 2007 1582 -1 
              1581 2008 1582 -1 
              2009 2008 1581 -1 
              2009 1581 1580 -1 
              2010 2009 1580 -1 
              1579 2010 1580 -1 
              2011 2010 1579 -1 
              2011 1579 1578 -1 
              2012 2011 1578 -1 
              1577 2012 1578 -1 
              2013 2012 1577 -1 
              2013 1577 1576 -1 
              2014 2013 1576 -1 
              1575 2014 1576 -1 
              2015 2014 1575 -1 
              2015 1575 1574 -1 
              2016 2015 1574 -1 
              1573 2016 1574 -1 
              2017 2016 1573 -1 
              2017 1573 1572 -1 
              2018 2017 1572 -1 
              1571 2018 1572 -1 
              2019 2018 1571 -1 
              2019 1571 1570 -1 
              2020 2019 1570 -1 
              1569 2020 1570 -1 
              2021 2020 1569 -1 
              2021 1569 1568 -1 
              2022 2021 1568 -1 
              1567 2022 1568 -1 
              2023 2022 1567 -1 
              2023 1567 1566 -1 
              2024 2023 1566 -1 
              1565 2024 1566 -1 
              2025 2024 1565 -1 
              2025 1565 1564 -1 
              2026 2025 1564 -1 
              1563 2026 1564 -1 
              2027 2026 1563 -1 
              2027 1563 1562 -1 
              2028 2027 1562 -1 
              1561 2028 1562 -1 
              2029 2028 1561 -1 
              2029 1561 1560 -1 
              2030 2029 1560 -1 
              1559 2030 1560 -1 
              2031 2030 1559 -1 
              2031 1559 1558 -1 
              2032 2031 1558 -1 
              1557 2032 1558 -1 
              2033 2032 1557 -1 
              2033 1557 1556 -1 
              2034 2033 1556 -1 
              1555 2034 1556 -1 
              2035 2034 1555 -1 
              2035 1555 1554 -1 
              2036 2035 1554 -1 
              1553 2036 1554 -1 
              2037 2036 1553 -1 
              2037 1553 1552 -1 
              2038 2037 1552 -1 
              1551 2038 1552 -1 
              2039 2038 1551 -1 
              2039 1551 1550 -1 
              2040 2039 1550 -1 
              1549 2040 1550 -1 
              2041 2040 1549 -1 
              2041 1549 1548 -1 
              2042 2041 1548 -1 
              1547 2042 1548 -1 
              2043 2042 1547 -1 
              2043 1547 1546 -1 
              2044 2043 1546 -1 
              1545 2044 1546 -1 
              2045 2044 1545 -1 
              2045 1545 1544 -1 
              2046 2045 1544 -1 
              1543 2046 1544 -1 
              2047 2046 1543 -1 
              2047 1543 1542 -1 
              2048 2047 1542 -1 
              1541 2048 1542 -1 
              2049 2048 1541 -1 
              2049 1541 1540 -1 
              2050 2049 1540 -1 
              1539 2050 1540 -1 
              2051 2050 1539 -1 
              2051 1539 1538 -1 
              2052 2051 1538 -1 
              1537 2052 1538 -1 
              2053 2052 1537 -1 
              2053 1537 1536 -1 
              2054 2053 1536 -1 
              1535 2054 1536 -1 
              2055 2054 1535 -1 
              2055 1535 1534 -1 
              2056 2055 1534 -1 
              1533 2056 1534 -1 
              2057 2056 1533 -1 
              2057 1533 1532 -1 
              2058 2057 1532 -1 
              1531 2058 1532 -1 
              2059 2058 1531 -1 
              2059 1531 1530 -1 
              2060 2059 1530 -1 
              1529 2060 1530 -1 
              2061 2060 1529 -1 
              2061 1529 1528 -1 
              2062 2061 1528 -1 
              1527 2062 1528 -1 
              2063 2062 1527 -1 
              2063 1527 1526 -1 
              2064 2063 1526 -1 
              1525 2064 1526 -1 
              2065 2064 1525 -1 
              2065 1525 1524 -1 
              2066 2065 1524 -1 
              1523 2066 1524 -1 
              2067 2066 1523 -1 
              2067 1523 1522 -1 
              2068 2067 1522 -1 
              1521 2068 1522 -1 
              2069 2068 1521 -1 
              2069 1521 1520 -1 
              2070 2069 1520 -1 
              1519 2070 1520 -1 
              2071 2070 1519 -1 
              2071 1519 1518 -1 
              2072 2071 1518 -1 
              1517 2072 1518 -1 
              2073 2072 1517 -1 
              2073 1517 1516 -1 
              2074 2073 1516 -1 
              1515 2074 1516 -1 
              2075 2074 1515 -1 
              2075 1515 1514 -1 
              2076 2075 1514 -1 
              1513 2076 1514 -1 
              2077 2076 1513 -1 
              2077 1513 1512 -1 
              2078 2077 1512 -1 
              1511 2078 1512 -1 
              2079 2078 1511 -1 
              2079 1511 1510 -1 
              2080 2079 1510 -1 
              1509 2080 1510 -1 
              2081 2080 1509 -1 
              2081 1509 1508 -1 
              2082 2081 1508 -1 
              1507 2082 1508 -1 
              2083 2082 1507 -1 
              2083 1507 1506 -1 
              2084 2083 1506 -1 
              1505 2084 1506 -1 
              2085 2084 1505 -1 
              2085 1505 1504 -1 
              2086 2085 1504 -1 
              1503 2086 1504 -1 
              2087 2086 1503 -1 
              2087 1503 1502 -1 
              2088 2087 1502 -1 
              1501 2088 1502 -1 
              2089 2088 1501 -1 
              2089 1501 1500 -1 
              2090 2089 1500 -1 
              1499 2090 1500 -1 
              2091 2090 1499 -1 
              2091 1499 1498 -1 
              2092 2091 1498 -1 
              1497 2092 1498 -1 
              2093 2092 1497 -1 
              2093 1497 1496 -1 
              2094 2093 1496 -1 
              1495 2094 1496 -1 
              2095 2094 1495 -1 
              2095 1495 1494 -1 
              2096 2095 1494 -1 
              1493 2096 1494 -1 
              2097 2096 1493 -1 
              2097 1493 1492 -1 
              2098 2097 1492 -1 
              1491 2098 1492 -1 
              2099 2098 1491 -1 
              2099 1491 1490 -1 
              2100 2099 1490 -1 
              1489 2100 1490 -1 
              2101 2100 1489 -1 
              2101 1489 1488 -1 
              2102 2101 1488 -1 
              1487 2102 1488 -1 
              2103 2102 1487 -1 
              2103 1487 1486 -1 
              2104 2103 1486 -1 
              1485 2104 1486 -1 
              2105 2104 1485 -1 
              2105 1485 1484 -1 
              2106 2105 1484 -1 
              1483 2106 1484 -1 
              2107 2106 1483 -1 
              2107 1483 1482 -1 
              2108 2107 1482 -1 
              1481 2108 1482 -1 
              2109 2108 1481 -1 
              2109 1481 1480 -1 
              2110 2109 1480 -1 
              1479 2110 1480 -1 
              2111 2110 1479 -1 
              2111 1479 1478 -1 
              2112 2111 1478 -1 
              1477 2112 1478 -1 
              2113 2112 1477 -1 
              2113 1477 1476 -1 
              2114 2113 1476 -1 
              1475 2114 1476 -1 
              2115 2114 1475 -1 
              2115 1475 1474 -1 
              2116 2115 1474 -1 
              1473 2116 1474 -1 
              2117 2116 1473 -1 
              2117 1473 1472 -1 
              2118 2117 1472 -1 
              1471 2118 1472 -1 
              2119 2118 1471 -1 
              2119 1471 1470 -1 
              2120 2119 1470 -1 
              1469 2120 1470 -1 
              2121 2120 1469 -1 
              2121 1469 1468 -1 
              1466 2150 2149 -1 
              2122 2121 1468 -1 
              1467 2122 1468 -1 
              2123 2122 1467 -1 
              2123 1467 1466 -1 
              2125 2148 2147 -1 
              2125 2147 2146 -1 
              2149 2148 2125 -1 
              2149 2123 1466 -1 
              2149 2124 2123 -1 
              2125 2124 2149 -1 
              2144 2143 2127 -1 
              2145 2144 2127 -1 
              2146 2145 2127 -1 
              2126 2125 2146 -1 
              2127 2126 2146 -1 
              2142 2141 2129 -1 
              2143 2142 2129 -1 
              2128 2127 2143 -1 
              2129 2128 2143 -1 
              2131 2140 2139 -1 
              2131 2139 2138 -1 
              2141 2140 2131 -1 
              2130 2129 2141 -1 
              2131 2130 2141 -1 
              2133 2137 2136 -1 
              2138 2137 2133 -1 
              2132 2131 2138 -1 
              2133 2132 2138 -1 
              2261 2260 2259 -1 
              2265 2264 2263 -1 
              2594 2337 2336 -1 
              2593 2338 2337 -1 
              2592 2339 2338 -1 
              2591 2340 2339 -1 
              2590 2341 2340 -1 
              2589 2342 2341 -1 
              2588 2343 2342 -1 
              2587 2344 2343 -1 
              2586 2345 2344 -1 
              2585 2346 2345 -1 
              2584 2347 2346 -1 
              2583 2348 2347 -1 
              2582 2349 2348 -1 
              2581 2350 2349 -1 
              2580 2351 2350 -1 
              2579 2352 2351 -1 
              2578 2353 2352 -1 
              2578 2354 2353 -1 
              2577 2355 2354 -1 
              2576 2356 2355 -1 
              2575 2357 2356 -1 
              2573 2358 2357 -1 
              2572 2359 2358 -1 
              2571 2360 2359 -1 
              2570 2361 2360 -1 
              2569 2362 2361 -1 
              2568 2363 2362 -1 
              2567 2364 2363 -1 
              2566 2365 2364 -1 
              2565 2366 2365 -1 
              2564 2367 2366 -1 
              2563 2368 2367 -1 
              2562 2369 2368 -1 
              2561 2370 2369 -1 
              2560 2371 2370 -1 
              2559 2372 2371 -1 
              2558 2373 2372 -1 
              2557 2374 2373 -1 
              2556 2375 2374 -1 
              2555 2376 2375 -1 
              2554 2377 2376 -1 
              2553 2378 2377 -1 
              2552 2379 2378 -1 
              2551 2380 2379 -1 
              2550 2381 2380 -1 
              2549 2382 2381 -1 
              2548 2383 2382 -1 
              2547 2384 2383 -1 
              2546 2385 2384 -1 
              2545 2386 2385 -1 
              2544 2387 2386 -1 
              2543 2388 2387 -1 
              2542 2389 2388 -1 
              2541 2390 2389 -1 
              2540 2391 2390 -1 
              2539 2392 2391 -1 
              2538 2393 2392 -1 
              2537 2394 2393 -1 
              2536 2395 2394 -1 
              2535 2396 2395 -1 
              2534 2397 2396 -1 
              2533 2398 2397 -1 
              2532 2399 2398 -1 
              2531 2400 2399 -1 
              2403 2402 2401 -1 
              2405 2404 2403 -1 
              2409 2408 2407 -1 
              2520 2411 2410 -1 
              2519 2412 2411 -1 
              2518 2413 2412 -1 
              2415 2414 2516 -1 
              2416 2415 2515 -1 
              2417 2416 2514 -1 
              2418 2417 2513 -1 
              2419 2418 2512 -1 
              2420 2419 2511 -1 
              2421 2420 2510 -1 
              2422 2421 2509 -1 
              2423 2422 2508 -1 
              2424 2423 2507 -1 
              2425 2424 2506 -1 
              2426 2425 2505 -1 
              2427 2426 2504 -1 
              2428 2427 2503 -1 
              2429 2428 2502 -1 
              2430 2429 2501 -1 
              2431 2430 2500 -1 
              2432 2431 2499 -1 
              2433 2432 2498 -1 
              2434 2433 2497 -1 
              2435 2434 2496 -1 
              2436 2435 2495 -1 
              2437 2436 2494 -1 
              2438 2437 2493 -1 
              2439 2438 2492 -1 
              2440 2439 2491 -1 
              2441 2440 2490 -1 
              2442 2441 2489 -1 
              2443 2442 2488 -1 
              2444 2443 2487 -1 
              2445 2444 2486 -1 
              2446 2445 2485 -1 
              2447 2446 2484 -1 
              2448 2447 2483 -1 
              2449 2448 2482 -1 
              2450 2449 2481 -1 
              2451 2450 2480 -1 
              2452 2451 2479 -1 
              2453 2452 2478 -1 
              2454 2453 2477 -1 
              2455 2454 2476 -1 
              2456 2455 2475 -1 
              2457 2456 2474 -1 
              2458 2457 2473 -1 
              2459 2458 2472 -1 
              2460 2459 2471 -1 
              2461 2460 2470 -1 
              2462 2461 2469 -1 
              2463 2462 2468 -1 
              2464 2463 2467 -1 
              2465 2464 2466 -1 
              2517 2414 2413 -1 
              2467 2466 2464 -1 
              2468 2467 2463 -1 
              2469 2468 2462 -1 
              2470 2469 2461 -1 
              2471 2470 2460 -1 
              2472 2471 2459 -1 
              2473 2472 2458 -1 
              2474 2473 2457 -1 
              2475 2474 2456 -1 
              2476 2475 2455 -1 
              2477 2476 2454 -1 
              2478 2477 2453 -1 
              2479 2478 2452 -1 
              2480 2479 2451 -1 
              2481 2480 2450 -1 
              2482 2481 2449 -1 
              2483 2482 2448 -1 
              2484 2483 2447 -1 
              2485 2484 2446 -1 
              2486 2485 2445 -1 
              2487 2486 2444 -1 
              2488 2487 2443 -1 
              2489 2488 2442 -1 
              2490 2489 2441 -1 
              2491 2490 2440 -1 
              2492 2491 2439 -1 
              2493 2492 2438 -1 
              2494 2493 2437 -1 
              2495 2494 2436 -1 
              2496 2495 2435 -1 
              2497 2496 2434 -1 
              2498 2497 2433 -1 
              2499 2498 2432 -1 
              2500 2499 2431 -1 
              2501 2500 2430 -1 
              2502 2501 2429 -1 
              2503 2502 2428 -1 
              2504 2503 2427 -1 
              2505 2504 2426 -1 
              2506 2505 2425 -1 
              2507 2506 2424 -1 
              2508 2507 2423 -1 
              2509 2508 2422 -1 
              2510 2509 2421 -1 
              2511 2510 2420 -1 
              2512 2511 2419 -1 
              2513 2512 2418 -1 
              2514 2513 2417 -1 
              2515 2514 2416 -1 
              2516 2515 2415 -1 
              2517 2516 2414 -1 
              2518 2517 2413 -1 
              2519 2518 2412 -1 
              2520 2519 2411 -1 
              2521 2520 2410 -1 
              2525 2524 2405 -1 
              2526 2525 2405 -1 
              2527 2526 2405 -1 
              2528 2527 2405 -1 
              2531 2530 2400 -1 
              2532 2531 2399 -1 
              2533 2532 2398 -1 
              2534 2533 2397 -1 
              2535 2534 2396 -1 
              2536 2535 2395 -1 
              2537 2536 2394 -1 
              2538 2537 2393 -1 
              2539 2538 2392 -1 
              2540 2539 2391 -1 
              2541 2540 2390 -1 
              2542 2541 2389 -1 
              2543 2542 2388 -1 
              2544 2543 2387 -1 
              2545 2544 2386 -1 
              2546 2545 2385 -1 
              2547 2546 2384 -1 
              2548 2547 2383 -1 
              2549 2548 2382 -1 
              2550 2549 2381 -1 
              2551 2550 2380 -1 
              2552 2551 2379 -1 
              2553 2552 2378 -1 
              2554 2553 2377 -1 
              2555 2554 2376 -1 
              2556 2555 2375 -1 
              2557 2556 2374 -1 
              2558 2557 2373 -1 
              2559 2558 2372 -1 
              2560 2559 2371 -1 
              2561 2560 2370 -1 
              2562 2561 2369 -1 
              2563 2562 2368 -1 
              2564 2563 2367 -1 
              2565 2564 2366 -1 
              2566 2565 2365 -1 
              2567 2566 2364 -1 
              2568 2567 2363 -1 
              2569 2568 2362 -1 
              2570 2569 2361 -1 
              2571 2570 2360 -1 
              2572 2571 2359 -1 
              2573 2572 2358 -1 
              2574 2573 2357 -1 
              2575 2574 2357 -1 
              2576 2575 2356 -1 
              2577 2576 2355 -1 
              2578 2577 2354 -1 
              2579 2578 2352 -1 
              2580 2579 2351 -1 
              2581 2580 2350 -1 
              2582 2581 2349 -1 
              2583 2582 2348 -1 
              2584 2583 2347 -1 
              2585 2584 2346 -1 
              2586 2585 2345 -1 
              2587 2586 2344 -1 
              2588 2587 2343 -1 
              2589 2588 2342 -1 
              2590 2589 2341 -1 
              2591 2590 2340 -1 
              2592 2591 2339 -1 
              2593 2592 2338 -1 
              2594 2593 2337 -1 
              2595 2594 2336 -1 
              2796 2793 2792 -1 
              2796 2794 2793 -1 
              2796 2795 2794 -1 
              2810 2153 2152 -1 
              2810 2152 2151 -1 
              2409 2521 2410 -1 
              2522 2521 2409 -1 
              2407 2406 2405 -1 
              2407 2405 2524 -1 
              2407 2522 2409 -1 
              2407 2523 2522 -1 
              2524 2523 2407 -1 
              2530 2401 2400 -1 
              2403 2530 2529 -1 
              2403 2401 2530 -1 
              2403 2529 2528 -1 
              2528 2405 2403 -1 
              2596 2595 2336 -1 
              2596 2336 2335 -1 
              2597 2596 2335 -1 
              2334 2597 2335 -1 
              2598 2597 2334 -1 
              2598 2334 2333 -1 
              2599 2598 2333 -1 
              2332 2599 2333 -1 
              2600 2599 2332 -1 
              2600 2332 2331 -1 
              2601 2600 2331 -1 
              2602 2330 2329 -1 
              2330 2601 2331 -1 
              2602 2601 2330 -1 
              2603 2602 2329 -1 
              2604 2328 2327 -1 
              2328 2603 2329 -1 
              2604 2603 2328 -1 
              2605 2604 2327 -1 
              2606 2326 2325 -1 
              2326 2605 2327 -1 
              2606 2605 2326 -1 
              2607 2606 2325 -1 
              2608 2324 2323 -1 
              2324 2607 2325 -1 
              2608 2607 2324 -1 
              2609 2608 2323 -1 
              2322 2609 2323 -1 
              2610 2609 2322 -1 
              2610 2322 2321 -1 
              2611 2610 2321 -1 
              2320 2611 2321 -1 
              2612 2611 2320 -1 
              2612 2320 2319 -1 
              2613 2612 2319 -1 
              2318 2613 2319 -1 
              2614 2613 2318 -1 
              2614 2318 2317 -1 
              2615 2614 2317 -1 
              2316 2615 2317 -1 
              2616 2615 2316 -1 
              2616 2316 2315 -1 
              2617 2616 2315 -1 
              2314 2617 2315 -1 
              2618 2617 2314 -1 
              2618 2314 2313 -1 
              2619 2618 2313 -1 
              2620 2312 2311 -1 
              2312 2619 2313 -1 
              2620 2619 2312 -1 
              2621 2620 2311 -1 
              2622 2310 2309 -1 
              2310 2621 2311 -1 
              2622 2621 2310 -1 
              2623 2622 2309 -1 
              2624 2308 2307 -1 
              2308 2623 2309 -1 
              2624 2623 2308 -1 
              2625 2624 2307 -1 
              2626 2306 2305 -1 
              2306 2625 2307 -1 
              2626 2625 2306 -1 
              2627 2626 2305 -1 
              2304 2627 2305 -1 
              2628 2627 2304 -1 
              2628 2304 2303 -1 
              2629 2628 2303 -1 
              2302 2629 2303 -1 
              2630 2629 2302 -1 
              2630 2302 2301 -1 
              2631 2630 2301 -1 
              2300 2631 2301 -1 
              2632 2631 2300 -1 
              2632 2300 2299 -1 
              2633 2632 2299 -1 
              2298 2633 2299 -1 
              2634 2633 2298 -1 
              2634 2298 2297 -1 
              2635 2634 2297 -1 
              2296 2635 2297 -1 
              2636 2635 2296 -1 
              2636 2296 2295 -1 
              2637 2636 2295 -1 
              2638 2294 2293 -1 
              2294 2637 2295 -1 
              2638 2637 2294 -1 
              2639 2638 2293 -1 
              2640 2292 2291 -1 
              2292 2639 2293 -1 
              2640 2639 2292 -1 
              2641 2640 2291 -1 
              2642 2290 2289 -1 
              2290 2641 2291 -1 
              2642 2641 2290 -1 
              2643 2642 2289 -1 
              2644 2288 2287 -1 
              2288 2643 2289 -1 
              2644 2643 2288 -1 
              2645 2644 2287 -1 
              2646 2286 2285 -1 
              2286 2645 2287 -1 
              2646 2645 2286 -1 
              2647 2646 2285 -1 
              2648 2284 2283 -1 
              2284 2647 2285 -1 
              2648 2647 2284 -1 
              2649 2648 2283 -1 
              2650 2282 2281 -1 
              2282 2649 2283 -1 
              2650 2649 2282 -1 
              2651 2650 2281 -1 
              2652 2280 2279 -1 
              2280 2651 2281 -1 
              2652 2651 2280 -1 
              2653 2652 2279 -1 
              2654 2278 2277 -1 
              2278 2653 2279 -1 
              2654 2653 2278 -1 
              2655 2654 2277 -1 
              2276 2655 2277 -1 
              2656 2655 2276 -1 
              2656 2276 2275 -1 
              2657 2656 2275 -1 
              2274 2657 2275 -1 
              2658 2657 2274 -1 
              2658 2274 2273 -1 
              2659 2658 2273 -1 
              2660 2272 2271 -1 
              2272 2659 2273 -1 
              2660 2659 2272 -1 
              2661 2660 2271 -1 
              2662 2270 2269 -1 
              2270 2661 2271 -1 
              2662 2661 2270 -1 
              2663 2662 2269 -1 
              2664 2268 2267 -1 
              2268 2663 2269 -1 
              2664 2663 2268 -1 
              2665 2664 2267 -1 
              2666 2665 2265 -1 
              2266 2665 2267 -1 
              2265 2665 2266 -1 
              2263 2262 2261 -1 
              2263 2666 2265 -1 
              2263 2667 2666 -1 
              2668 2667 2263 -1 
              2261 2668 2263 -1 
              2261 2669 2668 -1 
              2670 2669 2261 -1 
              2259 2258 2257 -1 
              2671 2670 2261 -1 
              2672 2671 2261 -1 
              2672 2261 2259 -1 
              2673 2672 2259 -1 
              2674 2673 2259 -1 
              2674 2259 2257 -1 
              2675 2674 2257 -1 
              2676 2256 2255 -1 
              2256 2675 2257 -1 
              2676 2675 2256 -1 
              2677 2676 2255 -1 
              2678 2254 2253 -1 
              2254 2677 2255 -1 
              2678 2677 2254 -1 
              2679 2678 2253 -1 
              2680 2252 2251 -1 
              2252 2679 2253 -1 
              2680 2679 2252 -1 
              2681 2680 2251 -1 
              2682 2250 2249 -1 
              2250 2681 2251 -1 
              2682 2681 2250 -1 
              2683 2682 2249 -1 
              2248 2683 2249 -1 
              2684 2683 2248 -1 
              2684 2248 2247 -1 
              2685 2684 2247 -1 
              2246 2685 2247 -1 
              2686 2685 2246 -1 
              2686 2246 2245 -1 
              2687 2686 2245 -1 
              2244 2687 2245 -1 
              2688 2687 2244 -1 
              2688 2244 2243 -1 
              2689 2688 2243 -1 
              2242 2689 2243 -1 
              2690 2689 2242 -1 
              2690 2242 2241 -1 
              2691 2690 2241 -1 
              2240 2691 2241 -1 
              2692 2691 2240 -1 
              2692 2240 2239 -1 
              2693 2692 2239 -1 
              2238 2693 2239 -1 
              2694 2693 2238 -1 
              2694 2238 2237 -1 
              2695 2694 2237 -1 
              2236 2695 2237 -1 
              2696 2695 2236 -1 
              2696 2236 2235 -1 
              2697 2696 2235 -1 
              2234 2697 2235 -1 
              2698 2697 2234 -1 
              2698 2234 2233 -1 
              2699 2698 2233 -1 
              2232 2699 2233 -1 
              2700 2699 2232 -1 
              2700 2232 2231 -1 
              2701 2700 2231 -1 
              2230 2701 2231 -1 
              2702 2701 2230 -1 
              2702 2230 2229 -1 
              2703 2702 2229 -1 
              2228 2703 2229 -1 
              2704 2703 2228 -1 
              2704 2228 2227 -1 
              2705 2704 2227 -1 
              2226 2705 2227 -1 
              2706 2705 2226 -1 
              2706 2226 2225 -1 
              2707 2706 2225 -1 
              2224 2707 2225 -1 
              2708 2707 2224 -1 
              2708 2224 2223 -1 
              2709 2708 2223 -1 
              2222 2709 2223 -1 
              2710 2709 2222 -1 
              2710 2222 2221 -1 
              2711 2710 2221 -1 
              2220 2711 2221 -1 
              2712 2711 2220 -1 
              2712 2220 2219 -1 
              2713 2712 2219 -1 
              2218 2713 2219 -1 
              2714 2713 2218 -1 
              2714 2218 2217 -1 
              2715 2714 2217 -1 
              2216 2715 2217 -1 
              2716 2715 2216 -1 
              2716 2216 2215 -1 
              2717 2716 2215 -1 
              2718 2214 2213 -1 
              2214 2717 2215 -1 
              2718 2717 2214 -1 
              2719 2718 2213 -1 
              2720 2212 2211 -1 
              2212 2719 2213 -1 
              2720 2719 2212 -1 
              2721 2720 2211 -1 
              2210 2721 2211 -1 
              2722 2721 2210 -1 
              2722 2210 2209 -1 
              2723 2722 2209 -1 
              2208 2723 2209 -1 
              2724 2723 2208 -1 
              2724 2208 2207 -1 
              2725 2724 2207 -1 
              2206 2725 2207 -1 
              2726 2725 2206 -1 
              2726 2206 2205 -1 
              2727 2726 2205 -1 
              2204 2727 2205 -1 
              2728 2727 2204 -1 
              2728 2204 2203 -1 
              2729 2728 2203 -1 
              2202 2729 2203 -1 
              2730 2729 2202 -1 
              2730 2202 2201 -1 
              2731 2730 2201 -1 
              2200 2731 2201 -1 
              2732 2731 2200 -1 
              2732 2200 2199 -1 
              2733 2732 2199 -1 
              2198 2733 2199 -1 
              2734 2733 2198 -1 
              2734 2198 2197 -1 
              2735 2734 2197 -1 
              2196 2735 2197 -1 
              2736 2735 2196 -1 
              2736 2196 2195 -1 
              2737 2736 2195 -1 
              2194 2737 2195 -1 
              2738 2737 2194 -1 
              2738 2194 2193 -1 
              2739 2738 2193 -1 
              2192 2739 2193 -1 
              2740 2739 2192 -1 
              2740 2192 2191 -1 
              2741 2740 2191 -1 
              2190 2741 2191 -1 
              2742 2741 2190 -1 
              2742 2190 2189 -1 
              2743 2742 2189 -1 
              2188 2743 2189 -1 
              2744 2743 2188 -1 
              2744 2188 2187 -1 
              2745 2744 2187 -1 
              2186 2745 2187 -1 
              2746 2745 2186 -1 
              2746 2186 2185 -1 
              2747 2746 2185 -1 
              2184 2747 2185 -1 
              2748 2747 2184 -1 
              2748 2184 2183 -1 
              2749 2748 2183 -1 
              2182 2749 2183 -1 
              2750 2749 2182 -1 
              2750 2182 2181 -1 
              2751 2750 2181 -1 
              2180 2751 2181 -1 
              2752 2751 2180 -1 
              2752 2180 2179 -1 
              2753 2752 2179 -1 
              2178 2753 2179 -1 
              2754 2753 2178 -1 
              2754 2178 2177 -1 
              2755 2754 2177 -1 
              2176 2755 2177 -1 
              2756 2755 2176 -1 
              2756 2176 2175 -1 
              2757 2756 2175 -1 
              2174 2757 2175 -1 
              2758 2757 2174 -1 
              2758 2174 2173 -1 
              2759 2758 2173 -1 
              2172 2759 2173 -1 
              2760 2759 2172 -1 
              2760 2172 2171 -1 
              2761 2760 2171 -1 
              2170 2761 2171 -1 
              2762 2761 2170 -1 
              2762 2170 2169 -1 
              2763 2762 2169 -1 
              2764 2168 2167 -1 
              2168 2763 2169 -1 
              2764 2763 2168 -1 
              2765 2764 2167 -1 
              2766 2166 2165 -1 
              2166 2765 2167 -1 
              2766 2765 2166 -1 
              2767 2766 2165 -1 
              2164 2767 2165 -1 
              2768 2767 2164 -1 
              2768 2164 2163 -1 
              2769 2768 2163 -1 
              2770 2162 2161 -1 
              2162 2769 2163 -1 
              2770 2769 2162 -1 
              2771 2770 2161 -1 
              2160 2771 2161 -1 
              2772 2771 2160 -1 
              2772 2160 2159 -1 
              2773 2772 2159 -1 
              2774 2158 2157 -1 
              2158 2773 2159 -1 
              2774 2773 2158 -1 
              2775 2774 2157 -1 
              2776 2156 2155 -1 
              2156 2775 2157 -1 
              2776 2775 2156 -1 
              2777 2776 2155 -1 
              2154 2777 2155 -1 
              2778 2777 2154 -1 
              2778 2154 2153 -1 
              2780 2809 2808 -1 
              2810 2809 2780 -1 
              2810 2778 2153 -1 
              2810 2779 2778 -1 
              2780 2779 2810 -1 
              2807 2806 2782 -1 
              2808 2807 2782 -1 
              2781 2780 2808 -1 
              2782 2781 2808 -1 
              2805 2804 2784 -1 
              2806 2805 2784 -1 
              2783 2782 2806 -1 
              2784 2783 2806 -1 
              2786 2803 2802 -1 
              2786 2802 2801 -1 
              2804 2803 2786 -1 
              2785 2784 2804 -1 
              2786 2785 2804 -1 
              2788 2800 2799 -1 
              2801 2800 2788 -1 
              2787 2786 2801 -1 
              2788 2787 2801 -1 
              2798 2797 2790 -1 
              2799 2798 2790 -1 
              2789 2788 2799 -1 
              2790 2789 2799 -1 
              2797 2796 2792 -1 
              2791 2790 2797 -1 
              2792 2791 2797 -1 
              2827 2824 2845 -1 
              2813 2812 2811 -1 
              2838 2813 2811 -1 
              2815 2814 2813 -1 
              2816 2815 2813 -1 
              2838 2874 2813 -1 
              2819 2818 2817 -1 
              2820 2819 2817 -1 
              2858 2820 2817 -1 
              2822 2821 2820 -1 
              2823 2822 2820 -1 
              2826 2825 2824 -1 
              2827 2826 2824 -1 
              2829 2828 2827 -1 
              2830 2829 2827 -1 
              2833 2832 2831 -1 
              2834 2833 2831 -1 
              2836 2835 2834 -1 
              2837 2836 2834 -1 
              2843 2830 2827 -1 
              2891 2830 2839 -1 
              2840 2839 2830 -1 
              2841 2840 2830 -1 
              2842 2841 2830 -1 
              2850 2824 2823 -1 
              2843 2842 2830 -1 
              2844 2843 2827 -1 
              2845 2844 2827 -1 
              2846 2845 2824 -1 
              2847 2846 2824 -1 
              2848 2847 2824 -1 
              2849 2848 2824 -1 
              2850 2849 2824 -1 
              2851 2850 2823 -1 
              2857 2823 2820 -1 
              2852 2851 2823 -1 
              2853 2852 2823 -1 
              2854 2853 2823 -1 
              2855 2854 2823 -1 
              2865 2817 2816 -1 
              2856 2855 2823 -1 
              2857 2856 2823 -1 
              2858 2857 2820 -1 
              2859 2858 2817 -1 
              2860 2859 2817 -1 
              2861 2860 2817 -1 
              2862 2861 2817 -1 
              2863 2862 2817 -1 
              2864 2863 2817 -1 
              2865 2864 2817 -1 
              2866 2865 2816 -1 
              2867 2866 2816 -1 
              2873 2816 2813 -1 
              2868 2867 2816 -1 
              2869 2868 2816 -1 
              2870 2869 2816 -1 
              2871 2870 2816 -1 
              2872 2871 2816 -1 
              2879 2838 2837 -1 
              2873 2872 2816 -1 
              2874 2873 2813 -1 
              2875 2874 2838 -1 
              2876 2875 2838 -1 
              2877 2876 2838 -1 
              2878 2877 2838 -1 
              2879 2878 2838 -1 
              2880 2879 2837 -1 
              2885 2837 2834 -1 
              2881 2880 2837 -1 
              2887 2834 2831 -1 
              2882 2881 2837 -1 
              2883 2882 2837 -1 
              2884 2883 2837 -1 
              2885 2884 2837 -1 
              2886 2885 2834 -1 
              2887 2886 2834 -1 
              2888 2887 2831 -1 
              2889 2888 2831 -1 
              2891 2831 2830 -1 
              2890 2889 2831 -1 
              2891 2890 2831 -1 
              2894 2895 2892 -1 
              2894 2892 2893 -1 
              2903 2892 2895 -1 
              2899 2896 2897 -1 
              2900 2895 2896 -1 
              2899 2897 2898 -1 
              2900 2896 2899 -1 
              2902 2900 2901 -1 
              2903 2895 2900 -1 
              2903 2900 2902 -1 
              2906 2907 2904 -1 
              2906 2904 2905 -1 
              2915 2904 2907 -1 
              2911 2908 2909 -1 
              2912 2907 2908 -1 
              2911 2909 2910 -1 
              2912 2908 2911 -1 
              2914 2912 2913 -1 
              2915 2907 2912 -1 
              2915 2912 2914 -1 
              2919 2916 2917 -1 
              2919 2917 2918 -1 
              2920 2916 2919 -1 
              2923 2916 2920 -1 
              2922 2920 2921 -1 
              2923 2920 2922 -1 
              2927 2916 2923 -1 
              2926 2927 2924 -1 
              2926 2924 2925 -1 
              2927 2923 2924 -1 
              2930 2931 2928 -1 
              2930 2928 2929 -1 
              2939 2928 2931 -1 
              2935 2932 2933 -1 
              2936 2931 2932 -1 
              2935 2933 2934 -1 
              2936 2932 2935 -1 
              2938 2936 2937 -1 
              2939 2931 2936 -1 
              2939 2936 2938 -1 
              2979 2976 2940 -1 
              2979 2940 2941 -1 
              2979 2941 2942 -1 
              2979 2942 2943 -1 
              2979 2943 2944 -1 
              2979 2944 2945 -1 
              2979 2945 2946 -1 
              2978 2979 2949 -1 
              2979 2947 2948 -1 
              2979 2948 2949 -1 
              2978 2949 2950 -1 
              2978 2950 2951 -1 
              2978 2951 2952 -1 
              2955 2978 2954 -1 
              2956 2978 2955 -1 
              2957 2978 2956 -1 
              2977 2978 2958 -1 
              2978 2957 2958 -1 
              2960 2977 2959 -1 
              2961 2977 2960 -1 
              2962 2977 2961 -1 
              2963 2977 2962 -1 
              2964 2977 2963 -1 
              2965 2977 2964 -1 
              2966 2977 2965 -1 
              2976 2977 2967 -1 
              2977 2966 2967 -1 
              2976 2967 2968 -1 
              2976 2968 2969 -1 
              2976 2969 2970 -1 
              2972 2976 2971 -1 
              2973 2976 2972 -1 
              2974 2976 2973 -1 
              2975 2940 2976 -1 
              2975 2976 2974 -1 
              2976 2970 2971 -1 
              2977 2958 2959 -1 
              2978 2952 2953 -1 
              2978 2953 2954 -1 
              2979 2946 2947 -1 
              3006 2982 2981 -1 
              3004 2984 2983 -1 
              3002 2985 2984 -1 
              3001 2986 2985 -1 
              3000 2987 2986 -1 
              2999 2988 2987 -1 
              2998 2989 2988 -1 
              2997 2990 2989 -1 
              2996 2991 2990 -1 
              2995 2993 2992 -1 
              2996 2992 2991 -1 
              2995 2994 2993 -1 
              3005 2983 2982 -1 
              2996 2995 2992 -1 
              3007 2981 2980 -1 
              2997 2996 2990 -1 
              2998 2997 2989 -1 
              2999 2998 2988 -1 
              3000 2999 2987 -1 
              3001 3000 2986 -1 
              3002 3001 2985 -1 
              3003 3002 2984 -1 
              3004 3003 2984 -1 
              3005 3004 2983 -1 
              3006 3005 2982 -1 
              3007 3006 2981 -1 
              3009 3008 3010 -1 
              3011 3010 3008 -1 
              3013 3012 3014 -1 
              3015 3014 3012 -1 
              3017 3016 3018 -1 
              3019 3018 3016 -1 
              3021 3020 3022 -1 
              3023 3022 3020 -1 
              3025 3024 3026 -1 
              3027 3026 3024 -1 
              3029 3028 3030 -1 
              3031 3030 3028 -1 
              3033 3032 3034 -1 
              3035 3034 3032 -1 
              3037 3036 3038 -1 
              3039 3038 3036 -1 
              3042 3041 3040 -1 
              3043 3042 3040 -1 
              3046 3045 3044 -1 
              3047 3046 3044 -1 
              3050 3049 3048 -1 
              3051 3050 3048 -1 
              3054 3052 3053 -1 
              3055 3052 3054 -1 
              3058 3057 3056 -1 
              3059 3058 3056 -1 
              3062 3061 3060 -1 
              3063 3062 3060 -1 
              3066 3065 3064 -1 
              3067 3066 3064 -1 
              3070 3069 3068 -1 
              3071 3070 3068 -1 
              3074 3073 3072 -1 
              3075 3074 3072 -1 
              3078 3077 3076 -1 
              3079 3078 3076 -1 
              3082 3081 3080 -1 
              3083 3082 3080 -1 
              3086 3085 3084 -1 
              3087 3086 3084 -1 
              3090 3089 3088 -1 
              3091 3090 3088 -1 
              3094 3093 3092 -1 
              3095 3094 3092 -1 
              3098 3097 3096 -1 
              3099 3098 3096 -1 
              3102 3101 3100 -1 
              3103 3102 3100 -1 
              3106 3104 3105 -1 
              3109 3108 3107 -1 
              3111 3112 3110 -1 
              3115 3114 3113 -1 
              3118 3117 3116 -1 
              3121 3120 3119 -1 
              3123 3124 3122 -1 
              3127 3125 3126 -1 
              3130 3129 3128 -1 
              3133 3131 3132 -1 
              3135 3134 3136 -1 
              3139 3137 3138 -1 
              3142 3141 3140 -1 
              3145 3144 3143 -1 
              3147 3148 3146 -1 
              3151 3149 3150 -1 
              3188 3153 3152 -1 
              3187 3154 3153 -1 
              3186 3155 3154 -1 
              3184 3157 3156 -1 
              3183 3158 3157 -1 
              3182 3159 3158 -1 
              3181 3160 3159 -1 
              3180 3161 3160 -1 
              3178 3163 3162 -1 
              3177 3164 3163 -1 
              3167 3166 3174 -1 
              3171 3169 3172 -1 
              3170 3169 3171 -1 
              3173 3168 3167 -1 
              3172 3169 3168 -1 
              3176 3165 3164 -1 
              3175 3166 3165 -1 
              3179 3162 3161 -1 
              3173 3172 3168 -1 
              3185 3156 3155 -1 
              3174 3173 3167 -1 
              3175 3174 3166 -1 
              3176 3175 3165 -1 
              3177 3176 3164 -1 
              3178 3177 3163 -1 
              3179 3178 3162 -1 
              3180 3179 3161 -1 
              3181 3180 3160 -1 
              3182 3181 3159 -1 
              3183 3182 3158 -1 
              3184 3183 3157 -1 
              3185 3184 3156 -1 
              3186 3185 3155 -1 
              3187 3186 3154 -1 
              3188 3187 3153 -1 
              3189 3188 3152 -1 
              3191 3192 3190 -1 
              3193 3190 3192 -1 
            ]
          }
        }
      ]
    }
  ]
}
